# delta state basis N l Lambda Sigma2 coeff
   0.030     1     1     0     0     0     1    -0.99998711
   0.030     1     2     1     1     0     1     0.00000000
   0.030     1     3     1     1     1    -1    -0.00000000
   0.030     1     4     1     1     1     1     0.00000000
   0.030     1     5     2     2     0     1    -0.00506837
   0.030     1     6     2     2     1    -1    -0.00030423
   0.030     1     7     2     0     0     1    -0.00000015
   0.030     1     8     2     2     1     1    -0.00000000
   0.030     1     9     2     2     2    -1    -0.00000000
   0.030     1    10     2     2     2     1     0.00000000
   0.030     1    11     3     3     0     1    -0.00000000
   0.030     1    12     3     3     1    -1     0.00000000
   0.030     1    13     3     1     0     1    -0.00000000
   0.030     1    14     3     1     1    -1     0.00000000
   0.030     1    15     3     3     1     1    -0.00000000
   0.030     1    16     3     3     2    -1    -0.00000000
   0.030     1    17     3     1     1     1     0.00000000
   0.030     1    18     3     3     2     1    -0.00000000
   0.030     1    19     3     3     3    -1    -0.00000000
   0.030     1    20     3     3     3     1     0.00000000
   0.030     1    21     4     4     0     1    -0.00001667
   0.030     1    22     4     4     1    -1    -0.00000194
   0.030     1    23     4     2     0     1    -0.00001416
   0.030     1    24     4     2     1    -1    -0.00000086
   0.030     1    25     4     0     0     1    -0.00001603
   0.030     1    26     4     4     1     1    -0.00000000
   0.030     1    27     4     4     2    -1    -0.00000000
   0.030     1    28     4     2     1     1    -0.00000000
   0.030     1    29     4     2     2    -1     0.00000000
   0.030     1    30     4     4     2     1    -0.00000000
   0.030     1    31     4     4     3    -1    -0.00000000
   0.030     1    32     4     2     2     1     0.00000000
   0.030     1    33     4     4     3     1    -0.00000000
   0.030     1    34     4     4     4    -1    -0.00000000
   0.030     1    35     4     4     4     1    -0.00000000
   0.030     1    36     5     5     0     1    -0.00000000
   0.030     1    37     5     5     1    -1     0.00000000
   0.030     1    38     5     3     0     1     0.00000000
   0.030     1    39     5     3     1    -1    -0.00000000
   0.030     1    40     5     1     0     1    -0.00000000
   0.030     1    41     5     1     1    -1    -0.00000000
   0.030     1    42     5     5     1     1    -0.00000000
   0.030     1    43     5     5     2    -1    -0.00000000
   0.030     1    44     5     3     1     1     0.00000000
   0.030     1    45     5     3     2    -1     0.00000000
   0.030     1    46     5     1     1     1     0.00000000
   0.030     1    47     5     5     2     1    -0.00000000
   0.030     1    48     5     5     3    -1    -0.00000000
   0.030     1    49     5     3     2     1     0.00000000
   0.030     1    50     5     3     3    -1     0.00000000
   0.030     1    51     5     5     3     1     0.00000000
   0.030     1    52     5     5     4    -1    -0.00000000
   0.030     1    53     5     3     3     1    -0.00000000
   0.030     1    54     5     5     4     1     0.00000000
   0.030     1    55     5     5     5    -1     0.00000000
   0.030     1    56     5     5     5     1     0.00000000
   0.030     1    57     6     6     0     1    -0.00000005
   0.030     1    58     6     6     1    -1    -0.00000001
   0.030     1    59     6     4     0     1    -0.00000009
   0.030     1    60     6     4     1    -1    -0.00000001
   0.030     1    61     6     2     0     1    -0.00000016
   0.030     1    62     6     2     1    -1    -0.00000001
   0.030     1    63     6     0     0     1    -0.00000005
   0.030     1    64     6     6     1     1    -0.00000000
   0.030     1    65     6     6     2    -1     0.00000000
   0.030     1    66     6     4     1     1    -0.00000000
   0.030     1    67     6     4     2    -1    -0.00000000
   0.030     1    68     6     2     1     1     0.00000000
   0.030     1    69     6     2     2    -1    -0.00000000
   0.030     1    70     6     6     2     1     0.00000000
   0.030     1    71     6     6     3    -1    -0.00000000
   0.030     1    72     6     4     2     1     0.00000000
   0.030     1    73     6     4     3    -1     0.00000000
   0.030     1    74     6     2     2     1    -0.00000000
   0.030     1    75     6     6     3     1     0.00000000
   0.030     1    76     6     6     4    -1    -0.00000000
   0.030     1    77     6     4     3     1    -0.00000000
   0.030     1    78     6     4     4    -1    -0.00000000
   0.030     1    79     6     6     4     1     0.00000000
   0.030     1    80     6     6     5    -1     0.00000000
   0.030     1    81     6     4     4     1    -0.00000000
   0.030     1    82     6     6     5     1    -0.00000000
   0.030     1    83     6     6     6    -1     0.00000000
   0.030     1    84     6     6     6     1     0.00000000
   0.030     1    85     7     7     0     1    -0.00000000
   0.030     1    86     7     7     1    -1     0.00000000
   0.030     1    87     7     5     0     1     0.00000000
   0.030     1    88     7     5     1    -1    -0.00000000
   0.030     1    89     7     3     0     1     0.00000000
   0.030     1    90     7     3     1    -1     0.00000000
   0.030     1    91     7     1     0     1     0.00000000
   0.030     1    92     7     1     1    -1    -0.00000000
   0.030     1    93     7     7     1     1     0.00000000
   0.030     1    94     7     7     2    -1     0.00000000
   0.030     1    95     7     5     1     1    -0.00000000
   0.030     1    96     7     5     2    -1     0.00000000
   0.030     1    97     7     3     1     1     0.00000000
   0.030     1    98     7     3     2    -1     0.00000000
   0.030     1    99     7     1     1     1    -0.00000000
   0.030     1   100     7     7     2     1    -0.00000000
   0.030     1   101     7     7     3    -1     0.00000000
   0.030     1   102     7     5     2     1     0.00000000
   0.030     1   103     7     5     3    -1     0.00000000
   0.030     1   104     7     3     2     1    -0.00000000
   0.030     1   105     7     3     3    -1    -0.00000000
   0.030     1   106     7     7     3     1     0.00000000
   0.030     1   107     7     7     4    -1    -0.00000000
   0.030     1   108     7     5     3     1    -0.00000000
   0.030     1   109     7     5     4    -1    -0.00000000
   0.030     1   110     7     3     3     1    -0.00000000
   0.030     1   111     7     7     4     1     0.00000000
   0.030     1   112     7     7     5    -1     0.00000000
   0.030     1   113     7     5     4     1     0.00000000
   0.030     1   114     7     5     5    -1    -0.00000000
   0.030     1   115     7     7     5     1     0.00000000
   0.030     1   116     7     7     6    -1     0.00000000
   0.030     1   117     7     5     5     1     0.00000000
   0.030     1   118     7     7     6     1     0.00000000
   0.030     1   119     7     7     7    -1     0.00000000
   0.030     1   120     7     7     7     1     0.00000000
   0.030     2     1     0     0     0     1     0.00000000
   0.030     2     2     1     1     0     1     0.86389686
   0.030     2     3     1     1     1    -1     0.50360352
   0.030     2     4     1     1     1     1     0.00000000
   0.030     2     5     2     2     0     1    -0.00000000
   0.030     2     6     2     2     1    -1     0.00000000
   0.030     2     7     2     0     0     1    -0.00000000
   0.030     2     8     2     2     1     1    -0.00000000
   0.030     2     9     2     2     2    -1     0.00000000
   0.030     2    10     2     2     2     1    -0.00000000
   0.030     2    11     3     3     0     1     0.00517267
   0.030     2    12     3     3     1    -1     0.00274418
   0.030     2    13     3     1     0     1     0.00544255
   0.030     2    14     3     1     1    -1    -0.00133680
   0.030     2    15     3     3     1     1     0.00000000
   0.030     2    16     3     3     2    -1    -0.00000000
   0.030     2    17     3     1     1     1     0.00000000
   0.030     2    18     3     3     2     1     0.00000000
   0.030     2    19     3     3     3    -1     0.00000000
   0.030     2    20     3     3     3     1     0.00000000
   0.030     2    21     4     4     0     1    -0.00000000
   0.030     2    22     4     4     1    -1     0.00000000
   0.030     2    23     4     2     0     1    -0.00000000
   0.030     2    24     4     2     1    -1     0.00000000
   0.030     2    25     4     0     0     1    -0.00000000
   0.030     2    26     4     4     1     1    -0.00000000
   0.030     2    27     4     4     2    -1     0.00000000
   0.030     2    28     4     2     1     1    -0.00000000
   0.030     2    29     4     2     2    -1    -0.00000000
   0.030     2    30     4     4     2     1    -0.00000000
   0.030     2    31     4     4     3    -1    -0.00000000
   0.030     2    32     4     2     2     1     0.00000000
   0.030     2    33     4     4     3     1     0.00000000
   0.030     2    34     4     4     4    -1     0.00000000
   0.030     2    35     4     4     4     1     0.00000000
   0.030     2    36     5     5     0     1     0.00002035
   0.030     2    37     5     5     1    -1     0.00001126
   0.030     2    38     5     3     0     1     0.00004525
   0.030     2    39     5     3     1    -1     0.00000232
   0.030     2    40     5     1     0     1     0.00004373
   0.030     2    41     5     1     1    -1     0.00001029
   0.030     2    42     5     5     1     1    -0.00000000
   0.030     2    43     5     5     2    -1    -0.00000000
   0.030     2    44     5     3     1     1    -0.00000000
   0.030     2    45     5     3     2    -1    -0.00000000
   0.030     2    46     5     1     1     1     0.00000000
   0.030     2    47     5     5     2     1    -0.00000000
   0.030     2    48     5     5     3    -1     0.00000000
   0.030     2    49     5     3     2     1    -0.00000000
   0.030     2    50     5     3     3    -1     0.00000000
   0.030     2    51     5     5     3     1     0.00000000
   0.030     2    52     5     5     4    -1     0.00000000
   0.030     2    53     5     3     3     1     0.00000000
   0.030     2    54     5     5     4     1     0.00000000
   0.030     2    55     5     5     5    -1    -0.00000000
   0.030     2    56     5     5     5     1     0.00000000
   0.030     2    57     6     6     0     1    -0.00000000
   0.030     2    58     6     6     1    -1    -0.00000000
   0.030     2    59     6     4     0     1    -0.00000000
   0.030     2    60     6     4     1    -1    -0.00000000
   0.030     2    61     6     2     0     1    -0.00000000
   0.030     2    62     6     2     1    -1     0.00000000
   0.030     2    63     6     0     0     1    -0.00000000
   0.030     2    64     6     6     1     1     0.00000000
   0.030     2    65     6     6     2    -1    -0.00000000
   0.030     2    66     6     4     1     1     0.00000000
   0.030     2    67     6     4     2    -1    -0.00000000
   0.030     2    68     6     2     1     1    -0.00000000
   0.030     2    69     6     2     2    -1     0.00000000
   0.030     2    70     6     6     2     1    -0.00000000
   0.030     2    71     6     6     3    -1    -0.00000000
   0.030     2    72     6     4     2     1     0.00000000
   0.030     2    73     6     4     3    -1    -0.00000000
   0.030     2    74     6     2     2     1    -0.00000000
   0.030     2    75     6     6     3     1     0.00000000
   0.030     2    76     6     6     4    -1    -0.00000000
   0.030     2    77     6     4     3     1     0.00000000
   0.030     2    78     6     4     4    -1    -0.00000000
   0.030     2    79     6     6     4     1     0.00000000
   0.030     2    80     6     6     5    -1     0.00000000
   0.030     2    81     6     4     4     1    -0.00000000
   0.030     2    82     6     6     5     1     0.00000000
   0.030     2    83     6     6     6    -1    -0.00000000
   0.030     2    84     6     6     6     1    -0.00000000
   0.030     2    85     7     7     0     1     0.00000006
   0.030     2    86     7     7     1    -1     0.00000004
   0.030     2    87     7     5     0     1     0.00000025
   0.030     2    88     7     5     1    -1     0.00000005
   0.030     2    89     7     3     0     1     0.00000040
   0.030     2    90     7     3     1    -1     0.00000008
   0.030     2    91     7     1     0     1     0.00000036
   0.030     2    92     7     1     1    -1    -0.00000001
   0.030     2    93     7     7     1     1     0.00000000
   0.030     2    94     7     7     2    -1    -0.00000000
   0.030     2    95     7     5     1     1     0.00000000
   0.030     2    96     7     5     2    -1     0.00000000
   0.030     2    97     7     3     1     1     0.00000000
   0.030     2    98     7     3     2    -1     0.00000000
   0.030     2    99     7     1     1     1     0.00000000
   0.030     2   100     7     7     2     1     0.00000000
   0.030     2   101     7     7     3    -1    -0.00000000
   0.030     2   102     7     5     2     1    -0.00000000
   0.030     2   103     7     5     3    -1     0.00000000
   0.030     2   104     7     3     2     1     0.00000000
   0.030     2   105     7     3     3    -1     0.00000000
   0.030     2   106     7     7     3     1    -0.00000000
   0.030     2   107     7     7     4    -1    -0.00000000
   0.030     2   108     7     5     3     1     0.00000000
   0.030     2   109     7     5     4    -1     0.00000000
   0.030     2   110     7     3     3     1     0.00000000
   0.030     2   111     7     7     4     1     0.00000000
   0.030     2   112     7     7     5    -1    -0.00000000
   0.030     2   113     7     5     4     1    -0.00000000
   0.030     2   114     7     5     5    -1     0.00000000
   0.030     2   115     7     7     5     1     0.00000000
   0.030     2   116     7     7     6    -1     0.00000000
   0.030     2   117     7     5     5     1     0.00000000
   0.030     2   118     7     7     6     1     0.00000000
   0.030     2   119     7     7     7    -1     0.00000000
   0.030     2   120     7     7     7     1     0.00000000
   0.030     3     1     0     0     0     1    -0.00000000
   0.030     3     2     1     1     0     1     0.00000000
   0.030     3     3     1     1     1    -1     0.00000000
   0.030     3     4     1     1     1     1    -0.99998302
   0.030     3     5     2     2     0     1    -0.00000000
   0.030     3     6     2     2     1    -1    -0.00000000
   0.030     3     7     2     0     0     1    -0.00000000
   0.030     3     8     2     2     1     1    -0.00000000
   0.030     3     9     2     2     2    -1     0.00000000
   0.030     3    10     2     2     2     1    -0.00000000
   0.030     3    11     3     3     0     1     0.00000000
   0.030     3    12     3     3     1    -1     0.00000000
   0.030     3    13     3     1     0     1     0.00000000
   0.030     3    14     3     1     1    -1    -0.00000000
   0.030     3    15     3     3     1     1    -0.00485020
   0.030     3    16     3     3     2    -1    -0.00039727
   0.030     3    17     3     1     1     1     0.00320487
   0.030     3    18     3     3     2     1     0.00000000
   0.030     3    19     3     3     3    -1    -0.00000000
   0.030     3    20     3     3     3     1     0.00000000
   0.030     3    21     4     4     0     1    -0.00000000
   0.030     3    22     4     4     1    -1    -0.00000000
   0.030     3    23     4     2     0     1    -0.00000000
   0.030     3    24     4     2     1    -1    -0.00000000
   0.030     3    25     4     0     0     1    -0.00000000
   0.030     3    26     4     4     1     1    -0.00000000
   0.030     3    27     4     4     2    -1     0.00000000
   0.030     3    28     4     2     1     1    -0.00000000
   0.030     3    29     4     2     2    -1    -0.00000000
   0.030     3    30     4     4     2     1    -0.00000000
   0.030     3    31     4     4     3    -1    -0.00000000
   0.030     3    32     4     2     2     1     0.00000000
   0.030     3    33     4     4     3     1     0.00000000
   0.030     3    34     4     4     4    -1     0.00000000
   0.030     3    35     4     4     4     1     0.00000000
   0.030     3    36     5     5     0     1     0.00000000
   0.030     3    37     5     5     1    -1    -0.00000000
   0.030     3    38     5     3     0     1     0.00000000
   0.030     3    39     5     3     1    -1     0.00000000
   0.030     3    40     5     1     0     1    -0.00000000
   0.030     3    41     5     1     1    -1     0.00000000
   0.030     3    42     5     5     1     1    -0.00001785
   0.030     3    43     5     5     2    -1    -0.00000252
   0.030     3    44     5     3     1     1     0.00000332
   0.030     3    45     5     3     2    -1     0.00000014
   0.030     3    46     5     1     1     1    -0.00001962
   0.030     3    47     5     5     2     1    -0.00000000
   0.030     3    48     5     5     3    -1    -0.00000000
   0.030     3    49     5     3     2     1    -0.00000000
   0.030     3    50     5     3     3    -1    -0.00000000
   0.030     3    51     5     5     3     1     0.00000000
   0.030     3    52     5     5     4    -1    -0.00000000
   0.030     3    53     5     3     3     1    -0.00000000
   0.030     3    54     5     5     4     1    -0.00000000
   0.030     3    55     5     5     5    -1     0.00000000
   0.030     3    56     5     5     5     1     0.00000000
   0.030     3    57     6     6     0     1    -0.00000000
   0.030     3    58     6     6     1    -1    -0.00000000
   0.030     3    59     6     4     0     1    -0.00000000
   0.030     3    60     6     4     1    -1    -0.00000000
   0.030     3    61     6     2     0     1    -0.00000000
   0.030     3    62     6     2     1    -1     0.00000000
   0.030     3    63     6     0     0     1    -0.00000000
   0.030     3    64     6     6     1     1     0.00000000
   0.030     3    65     6     6     2    -1    -0.00000000
   0.030     3    66     6     4     1     1     0.00000000
   0.030     3    67     6     4     2    -1    -0.00000000
   0.030     3    68     6     2     1     1    -0.00000000
   0.030     3    69     6     2     2    -1     0.00000000
   0.030     3    70     6     6     2     1    -0.00000000
   0.030     3    71     6     6     3    -1    -0.00000000
   0.030     3    72     6     4     2     1     0.00000000
   0.030     3    73     6     4     3    -1     0.00000000
   0.030     3    74     6     2     2     1    -0.00000000
   0.030     3    75     6     6     3     1     0.00000000
   0.030     3    76     6     6     4    -1    -0.00000000
   0.030     3    77     6     4     3     1    -0.00000000
   0.030     3    78     6     4     4    -1    -0.00000000
   0.030     3    79     6     6     4     1     0.00000000
   0.030     3    80     6     6     5    -1     0.00000000
   0.030     3    81     6     4     4     1    -0.00000000
   0.030     3    82     6     6     5     1     0.00000000
   0.030     3    83     6     6     6    -1     0.00000000
   0.030     3    84     6     6     6     1    -0.00000000
   0.030     3    85     7     7     0     1     0.00000000
   0.030     3    86     7     7     1    -1    -0.00000000
   0.030     3    87     7     5     0     1     0.00000000
   0.030     3    88     7     5     1    -1     0.00000000
   0.030     3    89     7     3     0     1    -0.00000000
   0.030     3    90     7     3     1    -1     0.00000000
   0.030     3    91     7     1     0     1    -0.00000000
   0.030     3    92     7     1     1    -1     0.00000000
   0.030     3    93     7     7     1     1    -0.00000005
   0.030     3    94     7     7     2    -1    -0.00000001
   0.030     3    95     7     5     1     1    -0.00000003
   0.030     3    96     7     5     2    -1    -0.00000000
   0.030     3    97     7     3     1     1    -0.00000011
   0.030     3    98     7     3     2    -1    -0.00000001
   0.030     3    99     7     1     1     1     0.00000006
   0.030     3   100     7     7     2     1     0.00000000
   0.030     3   101     7     7     3    -1     0.00000000
   0.030     3   102     7     5     2     1    -0.00000000
   0.030     3   103     7     5     3    -1     0.00000000
   0.030     3   104     7     3     2     1    -0.00000000
   0.030     3   105     7     3     3    -1     0.00000000
   0.030     3   106     7     7     3     1     0.00000000
   0.030     3   107     7     7     4    -1    -0.00000000
   0.030     3   108     7     5     3     1    -0.00000000
   0.030     3   109     7     5     4    -1     0.00000000
   0.030     3   110     7     3     3     1    -0.00000000
   0.030     3   111     7     7     4     1     0.00000000
   0.030     3   112     7     7     5    -1    -0.00000000
   0.030     3   113     7     5     4     1    -0.00000000
   0.030     3   114     7     5     5    -1    -0.00000000
   0.030     3   115     7     7     5     1     0.00000000
   0.030     3   116     7     7     6    -1     0.00000000
   0.030     3   117     7     5     5     1     0.00000000
   0.030     3   118     7     7     6     1     0.00000000
   0.030     3   119     7     7     7    -1     0.00000000
   0.030     3   120     7     7     7     1     0.00000000
   0.030     4     1     0     0     0     1     0.00000000
   0.030     4     2     1     1     0     1    -0.50359247
   0.030     4     3     1     1     1    -1     0.86391527
   0.030     4     4     1     1     1     1     0.00000000
   0.030     4     5     2     2     0     1     0.00000000
   0.030     4     6     2     2     1    -1    -0.00000000
   0.030     4     7     2     0     0     1     0.00000000
   0.030     4     8     2     2     1     1     0.00000000
   0.030     4     9     2     2     2    -1     0.00000000
   0.030     4    10     2     2     2     1    -0.00000000
   0.030     4    11     3     3     0     1    -0.00272880
   0.030     4    12     3     3     1    -1     0.00398443
   0.030     4    13     3     1     0     1    -0.00359932
   0.030     4    14     3     1     1    -1    -0.00295959
   0.030     4    15     3     3     1     1     0.00000000
   0.030     4    16     3     3     2    -1    -0.00000000
   0.030     4    17     3     1     1     1    -0.00000000
   0.030     4    18     3     3     2     1     0.00000000
   0.030     4    19     3     3     3    -1     0.00000000
   0.030     4    20     3     3     3     1     0.00000000
   0.030     4    21     4     4     0     1     0.00000000
   0.030     4    22     4     4     1    -1    -0.00000000
   0.030     4    23     4     2     0     1     0.00000000
   0.030     4    24     4     2     1    -1    -0.00000000
   0.030     4    25     4     0     0     1     0.00000000
   0.030     4    26     4     4     1     1     0.00000000
   0.030     4    27     4     4     2    -1     0.00000000
   0.030     4    28     4     2     1     1     0.00000000
   0.030     4    29     4     2     2    -1    -0.00000000
   0.030     4    30     4     4     2     1    -0.00000000
   0.030     4    31     4     4     3    -1    -0.00000000
   0.030     4    32     4     2     2     1     0.00000000
   0.030     4    33     4     4     3     1     0.00000000
   0.030     4    34     4     4     4    -1     0.00000000
   0.030     4    35     4     4     4     1     0.00000000
   0.030     4    36     5     5     0     1    -0.00000958
   0.030     4    37     5     5     1    -1     0.00001387
   0.030     4    38     5     3     0     1    -0.00002930
   0.030     4    39     5     3     1    -1    -0.00000563
   0.030     4    40     5     1     0     1    -0.00002770
   0.030     4    41     5     1     1    -1     0.00001667
   0.030     4    42     5     5     1     1     0.00000000
   0.030     4    43     5     5     2    -1     0.00000000
   0.030     4    44     5     3     1     1     0.00000000
   0.030     4    45     5     3     2    -1    -0.00000000
   0.030     4    46     5     1     1     1     0.00000000
   0.030     4    47     5     5     2     1    -0.00000000
   0.030     4    48     5     5     3    -1    -0.00000000
   0.030     4    49     5     3     2     1     0.00000000
   0.030     4    50     5     3     3    -1    -0.00000000
   0.030     4    51     5     5     3     1     0.00000000
   0.030     4    52     5     5     4    -1    -0.00000000
   0.030     4    53     5     3     3     1    -0.00000000
   0.030     4    54     5     5     4     1     0.00000000
   0.030     4    55     5     5     5    -1    -0.00000000
   0.030     4    56     5     5     5     1    -0.00000000
   0.030     4    57     6     6     0     1     0.00000000
   0.030     4    58     6     6     1    -1     0.00000000
   0.030     4    59     6     4     0     1     0.00000000
   0.030     4    60     6     4     1    -1     0.00000000
   0.030     4    61     6     2     0     1     0.00000000
   0.030     4    62     6     2     1    -1    -0.00000000
   0.030     4    63     6     0     0     1     0.00000000
   0.030     4    64     6     6     1     1    -0.00000000
   0.030     4    65     6     6     2    -1     0.00000000
   0.030     4    66     6     4     1     1    -0.00000000
   0.030     4    67     6     4     2    -1     0.00000000
   0.030     4    68     6     2     1     1     0.00000000
   0.030     4    69     6     2     2    -1     0.00000000
   0.030     4    70     6     6     2     1    -0.00000000
   0.030     4    71     6     6     3    -1    -0.00000000
   0.030     4    72     6     4     2     1    -0.00000000
   0.030     4    73     6     4     3    -1    -0.00000000
   0.030     4    74     6     2     2     1    -0.00000000
   0.030     4    75     6     6     3     1     0.00000000
   0.030     4    76     6     6     4    -1    -0.00000000
   0.030     4    77     6     4     3     1     0.00000000
   0.030     4    78     6     4     4    -1    -0.00000000
   0.030     4    79     6     6     4     1    -0.00000000
   0.030     4    80     6     6     5    -1     0.00000000
   0.030     4    81     6     4     4     1    -0.00000000
   0.030     4    82     6     6     5     1     0.00000000
   0.030     4    83     6     6     6    -1    -0.00000000
   0.030     4    84     6     6     6     1    -0.00000000
   0.030     4    85     7     7     0     1    -0.00000003
   0.030     4    86     7     7     1    -1     0.00000004
   0.030     4    87     7     5     0     1    -0.00000016
   0.030     4    88     7     5     1    -1    -0.00000000
   0.030     4    89     7     3     0     1    -0.00000025
   0.030     4    90     7     3     1    -1     0.00000007
   0.030     4    91     7     1     0     1    -0.00000024
   0.030     4    92     7     1     1    -1    -0.00000006
   0.030     4    93     7     7     1     1     0.00000000
   0.030     4    94     7     7     2    -1    -0.00000000
   0.030     4    95     7     5     1     1     0.00000000
   0.030     4    96     7     5     2    -1    -0.00000000
   0.030     4    97     7     3     1     1    -0.00000000
   0.030     4    98     7     3     2    -1    -0.00000000
   0.030     4    99     7     1     1     1    -0.00000000
   0.030     4   100     7     7     2     1     0.00000000
   0.030     4   101     7     7     3    -1     0.00000000
   0.030     4   102     7     5     2     1     0.00000000
   0.030     4   103     7     5     3    -1    -0.00000000
   0.030     4   104     7     3     2     1     0.00000000
   0.030     4   105     7     3     3    -1     0.00000000
   0.030     4   106     7     7     3     1    -0.00000000
   0.030     4   107     7     7     4    -1    -0.00000000
   0.030     4   108     7     5     3     1    -0.00000000
   0.030     4   109     7     5     4    -1     0.00000000
   0.030     4   110     7     3     3     1    -0.00000000
   0.030     4   111     7     7     4     1    -0.00000000
   0.030     4   112     7     7     5    -1     0.00000000
   0.030     4   113     7     5     4     1    -0.00000000
   0.030     4   114     7     5     5    -1    -0.00000000
   0.030     4   115     7     7     5     1    -0.00000000
   0.030     4   116     7     7     6    -1    -0.00000000
   0.030     4   117     7     5     5     1    -0.00000000
   0.030     4   118     7     7     6     1    -0.00000000
   0.030     4   119     7     7     7    -1    -0.00000000
   0.030     4   120     7     7     7     1    -0.00000000
   0.030     5     1     0     0     0     1    -0.00417576
   0.030     5     2     1     1     0     1    -0.00000000
   0.030     5     3     1     1     1    -1    -0.00000000
   0.030     5     4     1     1     1     1    -0.00000000
   0.030     5     5     2     2     0     1     0.78678229
   0.030     5     6     2     2     1    -1     0.61713095
   0.030     5     7     2     0     0     1     0.00078322
   0.030     5     8     2     2     1     1     0.00000000
   0.030     5     9     2     2     2    -1    -0.00000000
   0.030     5    10     2     2     2     1    -0.00000000
   0.030     5    11     3     3     0     1    -0.00000000
   0.030     5    12     3     3     1    -1     0.00000000
   0.030     5    13     3     1     0     1    -0.00000000
   0.030     5    14     3     1     1    -1     0.00000000
   0.030     5    15     3     3     1     1     0.00000000
   0.030     5    16     3     3     2    -1    -0.00000000
   0.030     5    17     3     1     1     1     0.00000000
   0.030     5    18     3     3     2     1    -0.00000000
   0.030     5    19     3     3     3    -1    -0.00000000
   0.030     5    20     3     3     3     1    -0.00000000
   0.030     5    21     4     4     0     1     0.00615823
   0.030     5    22     4     4     1    -1     0.00464221
   0.030     5    23     4     2     0     1     0.00444231
   0.030     5    24     4     2     1    -1     0.00190654
   0.030     5    25     4     0     0     1     0.00470286
   0.030     5    26     4     4     1     1    -0.00000000
   0.030     5    27     4     4     2    -1    -0.00000000
   0.030     5    28     4     2     1     1     0.00000000
   0.030     5    29     4     2     2    -1    -0.00000000
   0.030     5    30     4     4     2     1     0.00000000
   0.030     5    31     4     4     3    -1     0.00000000
   0.030     5    32     4     2     2     1    -0.00000000
   0.030     5    33     4     4     3     1     0.00000000
   0.030     5    34     4     4     4    -1     0.00000000
   0.030     5    35     4     4     4     1    -0.00000000
   0.030     5    36     5     5     0     1     0.00000000
   0.030     5    37     5     5     1    -1    -0.00000000
   0.030     5    38     5     3     0     1    -0.00000000
   0.030     5    39     5     3     1    -1    -0.00000000
   0.030     5    40     5     1     0     1     0.00000000
   0.030     5    41     5     1     1    -1     0.00000000
   0.030     5    42     5     5     1     1     0.00000000
   0.030     5    43     5     5     2    -1    -0.00000000
   0.030     5    44     5     3     1     1     0.00000000
   0.030     5    45     5     3     2    -1     0.00000000
   0.030     5    46     5     1     1     1     0.00000000
   0.030     5    47     5     5     2     1     0.00000000
   0.030     5    48     5     5     3    -1    -0.00000000
   0.030     5    49     5     3     2     1     0.00000000
   0.030     5    50     5     3     3    -1     0.00000000
   0.030     5    51     5     5     3     1    -0.00000000
   0.030     5    52     5     5     4    -1     0.00000000
   0.030     5    53     5     3     3     1    -0.00000000
   0.030     5    54     5     5     4     1     0.00000000
   0.030     5    55     5     5     5    -1     0.00000000
   0.030     5    56     5     5     5     1     0.00000000
   0.030     5    57     6     6     0     1     0.00002909
   0.030     5    58     6     6     1    -1     0.00002215
   0.030     5    59     6     4     0     1     0.00004927
   0.030     5    60     6     4     1    -1     0.00002644
   0.030     5    61     6     2     0     1     0.00007265
   0.030     5    62     6     2     1    -1     0.00001775
   0.030     5    63     6     0     0     1     0.00002364
   0.030     5    64     6     6     1     1    -0.00000000
   0.030     5    65     6     6     2    -1    -0.00000000
   0.030     5    66     6     4     1     1    -0.00000000
   0.030     5    67     6     4     2    -1    -0.00000000
   0.030     5    68     6     2     1     1     0.00000000
   0.030     5    69     6     2     2    -1    -0.00000000
   0.030     5    70     6     6     2     1    -0.00000000
   0.030     5    71     6     6     3    -1     0.00000000
   0.030     5    72     6     4     2     1    -0.00000000
   0.030     5    73     6     4     3    -1     0.00000000
   0.030     5    74     6     2     2     1    -0.00000000
   0.030     5    75     6     6     3     1     0.00000000
   0.030     5    76     6     6     4    -1    -0.00000000
   0.030     5    77     6     4     3     1     0.00000000
   0.030     5    78     6     4     4    -1     0.00000000
   0.030     5    79     6     6     4     1     0.00000000
   0.030     5    80     6     6     5    -1    -0.00000000
   0.030     5    81     6     4     4     1     0.00000000
   0.030     5    82     6     6     5     1    -0.00000000
   0.030     5    83     6     6     6    -1    -0.00000000
   0.030     5    84     6     6     6     1     0.00000000
   0.030     5    85     7     7     0     1    -0.00000000
   0.030     5    86     7     7     1    -1     0.00000000
   0.030     5    87     7     5     0     1     0.00000000
   0.030     5    88     7     5     1    -1    -0.00000000
   0.030     5    89     7     3     0     1    -0.00000000
   0.030     5    90     7     3     1    -1    -0.00000000
   0.030     5    91     7     1     0     1     0.00000000
   0.030     5    92     7     1     1    -1     0.00000000
   0.030     5    93     7     7     1     1     0.00000000
   0.030     5    94     7     7     2    -1    -0.00000000
   0.030     5    95     7     5     1     1     0.00000000
   0.030     5    96     7     5     2    -1    -0.00000000
   0.030     5    97     7     3     1     1    -0.00000000
   0.030     5    98     7     3     2    -1    -0.00000000
   0.030     5    99     7     1     1     1     0.00000000
   0.030     5   100     7     7     2     1     0.00000000
   0.030     5   101     7     7     3    -1    -0.00000000
   0.030     5   102     7     5     2     1    -0.00000000
   0.030     5   103     7     5     3    -1     0.00000000
   0.030     5   104     7     3     2     1    -0.00000000
   0.030     5   105     7     3     3    -1    -0.00000000
   0.030     5   106     7     7     3     1    -0.00000000
   0.030     5   107     7     7     4    -1    -0.00000000
   0.030     5   108     7     5     3     1    -0.00000000
   0.030     5   109     7     5     4    -1    -0.00000000
   0.030     5   110     7     3     3     1    -0.00000000
   0.030     5   111     7     7     4     1    -0.00000000
   0.030     5   112     7     7     5    -1     0.00000000
   0.030     5   113     7     5     4     1     0.00000000
   0.030     5   114     7     5     5    -1    -0.00000000
   0.030     5   115     7     7     5     1     0.00000000
   0.030     5   116     7     7     6    -1     0.00000000
   0.030     5   117     7     5     5     1     0.00000000
   0.030     5   118     7     7     6     1     0.00000000
   0.030     5   119     7     7     7    -1     0.00000000
   0.030     5   120     7     7     7     1     0.00000000
   0.030     6     1     0     0     0     1    -0.00000000
   0.030     6     2     1     1     0     1    -0.00000000
   0.030     6     3     1     1     1    -1     0.00000000
   0.030     6     4     1     1     1     1     0.00000000
   0.030     6     5     2     2     0     1    -0.00000000
   0.030     6     6     2     2     1    -1    -0.00000000
   0.030     6     7     2     0     0     1    -0.00000000
   0.030     6     8     2     2     1     1     0.91346881
   0.030     6     9     2     2     2    -1     0.40683847
   0.030     6    10     2     2     2     1     0.00000000
   0.030     6    11     3     3     0     1     0.00000000
   0.030     6    12     3     3     1    -1    -0.00000000
   0.030     6    13     3     1     0     1     0.00000000
   0.030     6    14     3     1     1    -1     0.00000000
   0.030     6    15     3     3     1     1     0.00000000
   0.030     6    16     3     3     2    -1    -0.00000000
   0.030     6    17     3     1     1     1     0.00000000
   0.030     6    18     3     3     2     1     0.00000000
   0.030     6    19     3     3     3    -1    -0.00000000
   0.030     6    20     3     3     3     1    -0.00000000
   0.030     6    21     4     4     0     1    -0.00000000
   0.030     6    22     4     4     1    -1    -0.00000000
   0.030     6    23     4     2     0     1    -0.00000000
   0.030     6    24     4     2     1    -1    -0.00000000
   0.030     6    25     4     0     0     1     0.00000000
   0.030     6    26     4     4     1     1     0.00640399
   0.030     6    27     4     4     2    -1     0.00251130
   0.030     6    28     4     2     1     1     0.00246192
   0.030     6    29     4     2     2    -1    -0.00195262
   0.030     6    30     4     4     2     1     0.00000000
   0.030     6    31     4     4     3    -1     0.00000000
   0.030     6    32     4     2     2     1    -0.00000000
   0.030     6    33     4     4     3     1     0.00000000
   0.030     6    34     4     4     4    -1     0.00000000
   0.030     6    35     4     4     4     1     0.00000000
   0.030     6    36     5     5     0     1    -0.00000000
   0.030     6    37     5     5     1    -1     0.00000000
   0.030     6    38     5     3     0     1     0.00000000
   0.030     6    39     5     3     1    -1    -0.00000000
   0.030     6    40     5     1     0     1     0.00000000
   0.030     6    41     5     1     1    -1    -0.00000000
   0.030     6    42     5     5     1     1     0.00000000
   0.030     6    43     5     5     2    -1    -0.00000000
   0.030     6    44     5     3     1     1     0.00000000
   0.030     6    45     5     3     2    -1    -0.00000000
   0.030     6    46     5     1     1     1     0.00000000
   0.030     6    47     5     5     2     1     0.00000000
   0.030     6    48     5     5     3    -1    -0.00000000
   0.030     6    49     5     3     2     1    -0.00000000
   0.030     6    50     5     3     3    -1     0.00000000
   0.030     6    51     5     5     3     1     0.00000000
   0.030     6    52     5     5     4    -1    -0.00000000
   0.030     6    53     5     3     3     1    -0.00000000
   0.030     6    54     5     5     4     1    -0.00000000
   0.030     6    55     5     5     5    -1    -0.00000000
   0.030     6    56     5     5     5     1     0.00000000
   0.030     6    57     6     6     0     1     0.00000000
   0.030     6    58     6     6     1    -1    -0.00000000
   0.030     6    59     6     4     0     1    -0.00000000
   0.030     6    60     6     4     1    -1    -0.00000000
   0.030     6    61     6     2     0     1     0.00000000
   0.030     6    62     6     2     1    -1     0.00000000
   0.030     6    63     6     0     0     1    -0.00000000
   0.030     6    64     6     6     1     1     0.00002867
   0.030     6    65     6     6     2    -1     0.00001196
   0.030     6    66     6     4     1     1     0.00003228
   0.030     6    67     6     4     2    -1    -0.00000232
   0.030     6    68     6     2     1     1     0.00002200
   0.030     6    69     6     2     2    -1     0.00001295
   0.030     6    70     6     6     2     1    -0.00000000
   0.030     6    71     6     6     3    -1    -0.00000000
   0.030     6    72     6     4     2     1    -0.00000000
   0.030     6    73     6     4     3    -1     0.00000000
   0.030     6    74     6     2     2     1     0.00000000
   0.030     6    75     6     6     3     1    -0.00000000
   0.030     6    76     6     6     4    -1     0.00000000
   0.030     6    77     6     4     3     1    -0.00000000
   0.030     6    78     6     4     4    -1    -0.00000000
   0.030     6    79     6     6     4     1     0.00000000
   0.030     6    80     6     6     5    -1     0.00000000
   0.030     6    81     6     4     4     1     0.00000000
   0.030     6    82     6     6     5     1    -0.00000000
   0.030     6    83     6     6     6    -1    -0.00000000
   0.030     6    84     6     6     6     1     0.00000000
   0.030     6    85     7     7     0     1     0.00000000
   0.030     6    86     7     7     1    -1    -0.00000000
   0.030     6    87     7     5     0     1     0.00000000
   0.030     6    88     7     5     1    -1    -0.00000000
   0.030     6    89     7     3     0     1    -0.00000000
   0.030     6    90     7     3     1    -1     0.00000000
   0.030     6    91     7     1     0     1     0.00000000
   0.030     6    92     7     1     1    -1     0.00000000
   0.030     6    93     7     7     1     1     0.00000000
   0.030     6    94     7     7     2    -1    -0.00000000
   0.030     6    95     7     5     1     1     0.00000000
   0.030     6    96     7     5     2    -1    -0.00000000
   0.030     6    97     7     3     1     1     0.00000000
   0.030     6    98     7     3     2    -1    -0.00000000
   0.030     6    99     7     1     1     1    -0.00000000
   0.030     6   100     7     7     2     1    -0.00000000
   0.030     6   101     7     7     3    -1     0.00000000
   0.030     6   102     7     5     2     1     0.00000000
   0.030     6   103     7     5     3    -1    -0.00000000
   0.030     6   104     7     3     2     1     0.00000000
   0.030     6   105     7     3     3    -1     0.00000000
   0.030     6   106     7     7     3     1    -0.00000000
   0.030     6   107     7     7     4    -1     0.00000000
   0.030     6   108     7     5     3     1    -0.00000000
   0.030     6   109     7     5     4    -1    -0.00000000
   0.030     6   110     7     3     3     1    -0.00000000
   0.030     6   111     7     7     4     1     0.00000000
   0.030     6   112     7     7     5    -1    -0.00000000
   0.030     6   113     7     5     4     1    -0.00000000
   0.030     6   114     7     5     5    -1    -0.00000000
   0.030     6   115     7     7     5     1     0.00000000
   0.030     6   116     7     7     6    -1     0.00000000
   0.030     6   117     7     5     5     1     0.00000000
   0.030     6   118     7     7     6     1     0.00000000
   0.030     6   119     7     7     7    -1     0.00000000
   0.030     6   120     7     7     7     1     0.00000000
   0.030     7     1     0     0     0     1     0.00000000
   0.030     7     2     1     1     0     1    -0.00000000
   0.030     7     3     1     1     1    -1    -0.00000000
   0.030     7     4     1     1     1     1    -0.00000000
   0.030     7     5     2     2     0     1     0.00000000
   0.030     7     6     2     2     1    -1     0.00000000
   0.030     7     7     2     0     0     1     0.00000000
   0.030     7     8     2     2     1     1    -0.00000000
   0.030     7     9     2     2     2    -1    -0.00000000
   0.030     7    10     2     2     2     1     0.99997139
   0.030     7    11     3     3     0     1    -0.00000000
   0.030     7    12     3     3     1    -1     0.00000000
   0.030     7    13     3     1     0     1     0.00000000
   0.030     7    14     3     1     1    -1    -0.00000000
   0.030     7    15     3     3     1     1    -0.00000000
   0.030     7    16     3     3     2    -1    -0.00000000
   0.030     7    17     3     1     1     1    -0.00000000
   0.030     7    18     3     3     2     1    -0.00000000
   0.030     7    19     3     3     3    -1     0.00000000
   0.030     7    20     3     3     3     1     0.00000000
   0.030     7    21     4     4     0     1     0.00000000
   0.030     7    22     4     4     1    -1    -0.00000000
   0.030     7    23     4     2     0     1     0.00000000
   0.030     7    24     4     2     1    -1    -0.00000000
   0.030     7    25     4     0     0     1    -0.00000000
   0.030     7    26     4     4     1     1    -0.00000000
   0.030     7    27     4     4     2    -1    -0.00000000
   0.030     7    28     4     2     1     1    -0.00000000
   0.030     7    29     4     2     2    -1    -0.00000000
   0.030     7    30     4     4     2     1     0.00495040
   0.030     7    31     4     4     3    -1     0.00051727
   0.030     7    32     4     2     2     1    -0.00569598
   0.030     7    33     4     4     3     1     0.00000000
   0.030     7    34     4     4     4    -1     0.00000000
   0.030     7    35     4     4     4     1     0.00000000
   0.030     7    36     5     5     0     1    -0.00000000
   0.030     7    37     5     5     1    -1    -0.00000000
   0.030     7    38     5     3     0     1    -0.00000000
   0.030     7    39     5     3     1    -1    -0.00000000
   0.030     7    40     5     1     0     1    -0.00000000
   0.030     7    41     5     1     1    -1    -0.00000000
   0.030     7    42     5     5     1     1    -0.00000000
   0.030     7    43     5     5     2    -1     0.00000000
   0.030     7    44     5     3     1     1     0.00000000
   0.030     7    45     5     3     2    -1     0.00000000
   0.030     7    46     5     1     1     1     0.00000000
   0.030     7    47     5     5     2     1    -0.00000000
   0.030     7    48     5     5     3    -1    -0.00000000
   0.030     7    49     5     3     2     1    -0.00000000
   0.030     7    50     5     3     3    -1    -0.00000000
   0.030     7    51     5     5     3     1    -0.00000000
   0.030     7    52     5     5     4    -1     0.00000000
   0.030     7    53     5     3     3     1     0.00000000
   0.030     7    54     5     5     4     1    -0.00000000
   0.030     7    55     5     5     5    -1     0.00000000
   0.030     7    56     5     5     5     1     0.00000000
   0.030     7    57     6     6     0     1     0.00000000
   0.030     7    58     6     6     1    -1    -0.00000000
   0.030     7    59     6     4     0     1    -0.00000000
   0.030     7    60     6     4     1    -1     0.00000000
   0.030     7    61     6     2     0     1     0.00000000
   0.030     7    62     6     2     1    -1    -0.00000000
   0.030     7    63     6     0     0     1     0.00000000
   0.030     7    64     6     6     1     1    -0.00000000
   0.030     7    65     6     6     2    -1    -0.00000000
   0.030     7    66     6     4     1     1    -0.00000000
   0.030     7    67     6     4     2    -1    -0.00000000
   0.030     7    68     6     2     1     1     0.00000000
   0.030     7    69     6     2     2    -1     0.00000000
   0.030     7    70     6     6     2     1     0.00001972
   0.030     7    71     6     6     3    -1     0.00000330
   0.030     7    72     6     4     2     1    -0.00001624
   0.030     7    73     6     4     3    -1    -0.00000138
   0.030     7    74     6     2     2     1     0.00003402
   0.030     7    75     6     6     3     1    -0.00000000
   0.030     7    76     6     6     4    -1    -0.00000000
   0.030     7    77     6     4     3     1     0.00000000
   0.030     7    78     6     4     4    -1    -0.00000000
   0.030     7    79     6     6     4     1     0.00000000
   0.030     7    80     6     6     5    -1     0.00000000
   0.030     7    81     6     4     4     1    -0.00000000
   0.030     7    82     6     6     5     1     0.00000000
   0.030     7    83     6     6     6    -1    -0.00000000
   0.030     7    84     6     6     6     1    -0.00000000
   0.030     7    85     7     7     0     1    -0.00000000
   0.030     7    86     7     7     1    -1     0.00000000
   0.030     7    87     7     5     0     1     0.00000000
   0.030     7    88     7     5     1    -1    -0.00000000
   0.030     7    89     7     3     0     1    -0.00000000
   0.030     7    90     7     3     1    -1     0.00000000
   0.030     7    91     7     1     0     1     0.00000000
   0.030     7    92     7     1     1    -1    -0.00000000
   0.030     7    93     7     7     1     1     0.00000000
   0.030     7    94     7     7     2    -1    -0.00000000
   0.030     7    95     7     5     1     1    -0.00000000
   0.030     7    96     7     5     2    -1     0.00000000
   0.030     7    97     7     3     1     1    -0.00000000
   0.030     7    98     7     3     2    -1     0.00000000
   0.030     7    99     7     1     1     1     0.00000000
   0.030     7   100     7     7     2     1    -0.00000000
   0.030     7   101     7     7     3    -1    -0.00000000
   0.030     7   102     7     5     2     1    -0.00000000
   0.030     7   103     7     5     3    -1    -0.00000000
   0.030     7   104     7     3     2     1     0.00000000
   0.030     7   105     7     3     3    -1    -0.00000000
   0.030     7   106     7     7     3     1     0.00000000
   0.030     7   107     7     7     4    -1    -0.00000000
   0.030     7   108     7     5     3     1    -0.00000000
   0.030     7   109     7     5     4    -1     0.00000000
   0.030     7   110     7     3     3     1     0.00000000
   0.030     7   111     7     7     4     1     0.00000000
   0.030     7   112     7     7     5    -1     0.00000000
   0.030     7   113     7     5     4     1    -0.00000000
   0.030     7   114     7     5     5    -1     0.00000000
   0.030     7   115     7     7     5     1     0.00000000
   0.030     7   116     7     7     6    -1     0.00000000
   0.030     7   117     7     5     5     1     0.00000000
   0.030     7   118     7     7     6     1     0.00000000
   0.030     7   119     7     7     7    -1     0.00000000
   0.030     7   120     7     7     7     1     0.00000000
   0.030     8     1     0     0     0     1     0.00000167
   0.030     8     2     1     1     0     1     0.00000000
   0.030     8     3     1     1     1    -1     0.00000000
   0.030     8     4     1     1     1     1     0.00000000
   0.030     8     5     2     2     0     1    -0.00033479
   0.030     8     6     2     2     1    -1    -0.00092514
   0.030     8     7     2     0     0     1     0.99993630
   0.030     8     8     2     2     1     1     0.00000000
   0.030     8     9     2     2     2    -1    -0.00000000
   0.030     8    10     2     2     2     1     0.00000000
   0.030     8    11     3     3     0     1     0.00000000
   0.030     8    12     3     3     1    -1    -0.00000000
   0.030     8    13     3     1     0     1     0.00000000
   0.030     8    14     3     1     1    -1     0.00000000
   0.030     8    15     3     3     1     1     0.00000000
   0.030     8    16     3     3     2    -1    -0.00000000
   0.030     8    17     3     1     1     1     0.00000000
   0.030     8    18     3     3     2     1    -0.00000000
   0.030     8    19     3     3     3    -1     0.00000000
   0.030     8    20     3     3     3     1     0.00000000
   0.030     8    21     4     4     0     1    -0.00000255
   0.030     8    22     4     4     1    -1    -0.00000645
   0.030     8    23     4     2     0     1     0.01122069
   0.030     8    24     4     2     1    -1     0.00072082
   0.030     8    25     4     0     0     1    -0.00000136
   0.030     8    26     4     4     1     1     0.00000000
   0.030     8    27     4     4     2    -1    -0.00000000
   0.030     8    28     4     2     1     1    -0.00000000
   0.030     8    29     4     2     2    -1     0.00000000
   0.030     8    30     4     4     2     1    -0.00000000
   0.030     8    31     4     4     3    -1    -0.00000000
   0.030     8    32     4     2     2     1     0.00000000
   0.030     8    33     4     4     3     1    -0.00000000
   0.030     8    34     4     4     4    -1    -0.00000000
   0.030     8    35     4     4     4     1    -0.00000000
   0.030     8    36     5     5     0     1     0.00000000
   0.030     8    37     5     5     1    -1     0.00000000
   0.030     8    38     5     3     0     1    -0.00000000
   0.030     8    39     5     3     1    -1    -0.00000000
   0.030     8    40     5     1     0     1    -0.00000000
   0.030     8    41     5     1     1    -1     0.00000000
   0.030     8    42     5     5     1     1    -0.00000000
   0.030     8    43     5     5     2    -1    -0.00000000
   0.030     8    44     5     3     1     1    -0.00000000
   0.030     8    45     5     3     2    -1    -0.00000000
   0.030     8    46     5     1     1     1     0.00000000
   0.030     8    47     5     5     2     1     0.00000000
   0.030     8    48     5     5     3    -1     0.00000000
   0.030     8    49     5     3     2     1    -0.00000000
   0.030     8    50     5     3     3    -1    -0.00000000
   0.030     8    51     5     5     3     1     0.00000000
   0.030     8    52     5     5     4    -1     0.00000000
   0.030     8    53     5     3     3     1     0.00000000
   0.030     8    54     5     5     4     1     0.00000000
   0.030     8    55     5     5     5    -1     0.00000000
   0.030     8    56     5     5     5     1     0.00000000
   0.030     8    57     6     6     0     1    -0.00000001
   0.030     8    58     6     6     1    -1    -0.00000003
   0.030     8    59     6     4     0     1     0.00007088
   0.030     8    60     6     4     1    -1     0.00000848
   0.030     8    61     6     2     0     1     0.00005040
   0.030     8    62     6     2     1    -1     0.00000315
   0.030     8    63     6     0     0     1     0.00006144
   0.030     8    64     6     6     1     1    -0.00000000
   0.030     8    65     6     6     2    -1     0.00000000
   0.030     8    66     6     4     1     1    -0.00000000
   0.030     8    67     6     4     2    -1    -0.00000000
   0.030     8    68     6     2     1     1     0.00000000
   0.030     8    69     6     2     2    -1    -0.00000000
   0.030     8    70     6     6     2     1     0.00000000
   0.030     8    71     6     6     3    -1     0.00000000
   0.030     8    72     6     4     2     1     0.00000000
   0.030     8    73     6     4     3    -1    -0.00000000
   0.030     8    74     6     2     2     1    -0.00000000
   0.030     8    75     6     6     3     1     0.00000000
   0.030     8    76     6     6     4    -1     0.00000000
   0.030     8    77     6     4     3     1    -0.00000000
   0.030     8    78     6     4     4    -1    -0.00000000
   0.030     8    79     6     6     4     1    -0.00000000
   0.030     8    80     6     6     5    -1    -0.00000000
   0.030     8    81     6     4     4     1    -0.00000000
   0.030     8    82     6     6     5     1    -0.00000000
   0.030     8    83     6     6     6    -1    -0.00000000
   0.030     8    84     6     6     6     1     0.00000000
   0.030     8    85     7     7     0     1     0.00000000
   0.030     8    86     7     7     1    -1    -0.00000000
   0.030     8    87     7     5     0     1    -0.00000000
   0.030     8    88     7     5     1    -1    -0.00000000
   0.030     8    89     7     3     0     1    -0.00000000
   0.030     8    90     7     3     1    -1     0.00000000
   0.030     8    91     7     1     0     1     0.00000000
   0.030     8    92     7     1     1    -1    -0.00000000
   0.030     8    93     7     7     1     1    -0.00000000
   0.030     8    94     7     7     2    -1     0.00000000
   0.030     8    95     7     5     1     1    -0.00000000
   0.030     8    96     7     5     2    -1    -0.00000000
   0.030     8    97     7     3     1     1     0.00000000
   0.030     8    98     7     3     2    -1     0.00000000
   0.030     8    99     7     1     1     1     0.00000000
   0.030     8   100     7     7     2     1     0.00000000
   0.030     8   101     7     7     3    -1     0.00000000
   0.030     8   102     7     5     2     1     0.00000000
   0.030     8   103     7     5     3    -1     0.00000000
   0.030     8   104     7     3     2     1    -0.00000000
   0.030     8   105     7     3     3    -1    -0.00000000
   0.030     8   106     7     7     3     1     0.00000000
   0.030     8   107     7     7     4    -1     0.00000000
   0.030     8   108     7     5     3     1    -0.00000000
   0.030     8   109     7     5     4    -1    -0.00000000
   0.030     8   110     7     3     3     1    -0.00000000
   0.030     8   111     7     7     4     1    -0.00000000
   0.030     8   112     7     7     5    -1    -0.00000000
   0.030     8   113     7     5     4     1     0.00000000
   0.030     8   114     7     5     5    -1    -0.00000000
   0.030     8   115     7     7     5     1     0.00000000
   0.030     8   116     7     7     6    -1     0.00000000
   0.030     8   117     7     5     5     1     0.00000000
   0.030     8   118     7     7     6     1     0.00000000
   0.030     8   119     7     7     7    -1     0.00000000
   0.030     8   120     7     7     7     1     0.00000000
   0.030     9     1     0     0     0     1     0.00288855
   0.030     9     2     1     1     0     1     0.00000000
   0.030     9     3     1     1     1    -1    -0.00000000
   0.030     9     4     1     1     1     1     0.00000000
   0.030     9     5     2     2     0     1    -0.61710467
   0.030     9     6     2     2     1    -1     0.78682463
   0.030     9     7     2     0     0     1     0.00056165
   0.030     9     8     2     2     1     1     0.00000000
   0.030     9     9     2     2     2    -1     0.00000000
   0.030     9    10     2     2     2     1    -0.00000000
   0.030     9    11     3     3     0     1    -0.00000000
   0.030     9    12     3     3     1    -1     0.00000000
   0.030     9    13     3     1     0     1    -0.00000000
   0.030     9    14     3     1     1    -1     0.00000000
   0.030     9    15     3     3     1     1    -0.00000000
   0.030     9    16     3     3     2    -1     0.00000000
   0.030     9    17     3     1     1     1    -0.00000000
   0.030     9    18     3     3     2     1    -0.00000000
   0.030     9    19     3     3     3    -1    -0.00000000
   0.030     9    20     3     3     3     1    -0.00000000
   0.030     9    21     4     4     0     1    -0.00430404
   0.030     9    22     4     4     1    -1     0.00506770
   0.030     9    23     4     2     0     1    -0.00372650
   0.030     9    24     4     2     1    -1     0.00212619
   0.030     9    25     4     0     0     1    -0.00418773
   0.030     9    26     4     4     1     1     0.00000000
   0.030     9    27     4     4     2    -1    -0.00000000
   0.030     9    28     4     2     1     1     0.00000000
   0.030     9    29     4     2     2    -1     0.00000000
   0.030     9    30     4     4     2     1     0.00000000
   0.030     9    31     4     4     3    -1     0.00000000
   0.030     9    32     4     2     2     1     0.00000000
   0.030     9    33     4     4     3     1    -0.00000000
   0.030     9    34     4     4     4    -1    -0.00000000
   0.030     9    35     4     4     4     1    -0.00000000
   0.030     9    36     5     5     0     1     0.00000000
   0.030     9    37     5     5     1    -1     0.00000000
   0.030     9    38     5     3     0     1    -0.00000000
   0.030     9    39     5     3     1    -1     0.00000000
   0.030     9    40     5     1     0     1    -0.00000000
   0.030     9    41     5     1     1    -1    -0.00000000
   0.030     9    42     5     5     1     1     0.00000000
   0.030     9    43     5     5     2    -1    -0.00000000
   0.030     9    44     5     3     1     1    -0.00000000
   0.030     9    45     5     3     2    -1     0.00000000
   0.030     9    46     5     1     1     1     0.00000000
   0.030     9    47     5     5     2     1     0.00000000
   0.030     9    48     5     5     3    -1     0.00000000
   0.030     9    49     5     3     2     1     0.00000000
   0.030     9    50     5     3     3    -1     0.00000000
   0.030     9    51     5     5     3     1    -0.00000000
   0.030     9    52     5     5     4    -1     0.00000000
   0.030     9    53     5     3     3     1    -0.00000000
   0.030     9    54     5     5     4     1     0.00000000
   0.030     9    55     5     5     5    -1     0.00000000
   0.030     9    56     5     5     5     1     0.00000000
   0.030     9    57     6     6     0     1    -0.00001803
   0.030     9    58     6     6     1    -1     0.00002076
   0.030     9    59     6     4     0     1    -0.00003817
   0.030     9    60     6     4     1    -1     0.00002526
   0.030     9    61     6     2     0     1    -0.00006352
   0.030     9    62     6     2     1    -1     0.00001612
   0.030     9    63     6     0     0     1    -0.00002112
   0.030     9    64     6     6     1     1     0.00000000
   0.030     9    65     6     6     2    -1    -0.00000000
   0.030     9    66     6     4     1     1     0.00000000
   0.030     9    67     6     4     2    -1     0.00000000
   0.030     9    68     6     2     1     1     0.00000000
   0.030     9    69     6     2     2    -1     0.00000000
   0.030     9    70     6     6     2     1     0.00000000
   0.030     9    71     6     6     3    -1     0.00000000
   0.030     9    72     6     4     2     1    -0.00000000
   0.030     9    73     6     4     3    -1     0.00000000
   0.030     9    74     6     2     2     1    -0.00000000
   0.030     9    75     6     6     3     1     0.00000000
   0.030     9    76     6     6     4    -1    -0.00000000
   0.030     9    77     6     4     3     1     0.00000000
   0.030     9    78     6     4     4    -1    -0.00000000
   0.030     9    79     6     6     4     1     0.00000000
   0.030     9    80     6     6     5    -1    -0.00000000
   0.030     9    81     6     4     4     1     0.00000000
   0.030     9    82     6     6     5     1    -0.00000000
   0.030     9    83     6     6     6    -1    -0.00000000
   0.030     9    84     6     6     6     1     0.00000000
   0.030     9    85     7     7     0     1    -0.00000000
   0.030     9    86     7     7     1    -1    -0.00000000
   0.030     9    87     7     5     0     1    -0.00000000
   0.030     9    88     7     5     1    -1    -0.00000000
   0.030     9    89     7     3     0     1     0.00000000
   0.030     9    90     7     3     1    -1    -0.00000000
   0.030     9    91     7     1     0     1     0.00000000
   0.030     9    92     7     1     1    -1     0.00000000
   0.030     9    93     7     7     1     1    -0.00000000
   0.030     9    94     7     7     2    -1     0.00000000
   0.030     9    95     7     5     1     1    -0.00000000
   0.030     9    96     7     5     2    -1     0.00000000
   0.030     9    97     7     3     1     1     0.00000000
   0.030     9    98     7     3     2    -1     0.00000000
   0.030     9    99     7     1     1     1    -0.00000000
   0.030     9   100     7     7     2     1     0.00000000
   0.030     9   101     7     7     3    -1    -0.00000000
   0.030     9   102     7     5     2     1    -0.00000000
   0.030     9   103     7     5     3    -1    -0.00000000
   0.030     9   104     7     3     2     1     0.00000000
   0.030     9   105     7     3     3    -1     0.00000000
   0.030     9   106     7     7     3     1    -0.00000000
   0.030     9   107     7     7     4    -1    -0.00000000
   0.030     9   108     7     5     3     1     0.00000000
   0.030     9   109     7     5     4    -1     0.00000000
   0.030     9   110     7     3     3     1     0.00000000
   0.030     9   111     7     7     4     1     0.00000000
   0.030     9   112     7     7     5    -1     0.00000000
   0.030     9   113     7     5     4     1    -0.00000000
   0.030     9   114     7     5     5    -1     0.00000000
   0.030     9   115     7     7     5     1     0.00000000
   0.030     9   116     7     7     6    -1     0.00000000
   0.030     9   117     7     5     5     1     0.00000000
   0.030     9   118     7     7     6     1     0.00000000
   0.030     9   119     7     7     7    -1     0.00000000
   0.030     9   120     7     7     7     1     0.00000000
   0.030    10     1     0     0     0     1    -0.00000000
   0.030    10     2     1     1     0     1    -0.00000000
   0.030    10     3     1     1     1    -1     0.00000000
   0.030    10     4     1     1     1     1     0.00000000
   0.030    10     5     2     2     0     1     0.00000000
   0.030    10     6     2     2     1    -1     0.00000000
   0.030    10     7     2     0     0     1     0.00000000
   0.030    10     8     2     2     1     1    -0.40683916
   0.030    10     9     2     2     2    -1     0.91346880
   0.030    10    10     2     2     2     1     0.00000000
   0.030    10    11     3     3     0     1    -0.00000000
   0.030    10    12     3     3     1    -1     0.00000000
   0.030    10    13     3     1     0     1     0.00000000
   0.030    10    14     3     1     1    -1    -0.00000000
   0.030    10    15     3     3     1     1     0.00000000
   0.030    10    16     3     3     2    -1    -0.00000000
   0.030    10    17     3     1     1     1     0.00000000
   0.030    10    18     3     3     2     1    -0.00000000
   0.030    10    19     3     3     3    -1     0.00000000
   0.030    10    20     3     3     3     1    -0.00000000
   0.030    10    21     4     4     0     1     0.00000000
   0.030    10    22     4     4     1    -1     0.00000000
   0.030    10    23     4     2     0     1     0.00000000
   0.030    10    24     4     2     1    -1     0.00000000
   0.030    10    25     4     0     0     1     0.00000000
   0.030    10    26     4     4     1     1    -0.00257252
   0.030    10    27     4     4     2    -1     0.00422869
   0.030    10    28     4     2     1     1    -0.00166162
   0.030    10    29     4     2     2    -1    -0.00542042
   0.030    10    30     4     4     2     1     0.00000000
   0.030    10    31     4     4     3    -1     0.00000000
   0.030    10    32     4     2     2     1    -0.00000000
   0.030    10    33     4     4     3     1     0.00000000
   0.030    10    34     4     4     4    -1     0.00000000
   0.030    10    35     4     4     4     1    -0.00000000
   0.030    10    36     5     5     0     1    -0.00000000
   0.030    10    37     5     5     1    -1     0.00000000
   0.030    10    38     5     3     0     1     0.00000000
   0.030    10    39     5     3     1    -1    -0.00000000
   0.030    10    40     5     1     0     1     0.00000000
   0.030    10    41     5     1     1    -1    -0.00000000
   0.030    10    42     5     5     1     1    -0.00000000
   0.030    10    43     5     5     2    -1    -0.00000000
   0.030    10    44     5     3     1     1    -0.00000000
   0.030    10    45     5     3     2    -1    -0.00000000
   0.030    10    46     5     1     1     1     0.00000000
   0.030    10    47     5     5     2     1     0.00000000
   0.030    10    48     5     5     3    -1     0.00000000
   0.030    10    49     5     3     2     1    -0.00000000
   0.030    10    50     5     3     3    -1    -0.00000000
   0.030    10    51     5     5     3     1     0.00000000
   0.030    10    52     5     5     4    -1     0.00000000
   0.030    10    53     5     3     3     1    -0.00000000
   0.030    10    54     5     5     4     1    -0.00000000
   0.030    10    55     5     5     5    -1     0.00000000
   0.030    10    56     5     5     5     1     0.00000000
   0.030    10    57     6     6     0     1     0.00000000
   0.030    10    58     6     6     1    -1    -0.00000000
   0.030    10    59     6     4     0     1    -0.00000000
   0.030    10    60     6     4     1    -1    -0.00000000
   0.030    10    61     6     2     0     1     0.00000000
   0.030    10    62     6     2     1    -1    -0.00000000
   0.030    10    63     6     0     0     1     0.00000000
   0.030    10    64     6     6     1     1    -0.00001031
   0.030    10    65     6     6     2    -1     0.00001571
   0.030    10    66     6     4     1     1    -0.00001930
   0.030    10    67     6     4     2    -1    -0.00001744
   0.030    10    68     6     2     1     1    -0.00001007
   0.030    10    69     6     2     2    -1     0.00003161
   0.030    10    70     6     6     2     1     0.00000000
   0.030    10    71     6     6     3    -1     0.00000000
   0.030    10    72     6     4     2     1     0.00000000
   0.030    10    73     6     4     3    -1    -0.00000000
   0.030    10    74     6     2     2     1     0.00000000
   0.030    10    75     6     6     3     1    -0.00000000
   0.030    10    76     6     6     4    -1     0.00000000
   0.030    10    77     6     4     3     1     0.00000000
   0.030    10    78     6     4     4    -1     0.00000000
   0.030    10    79     6     6     4     1    -0.00000000
   0.030    10    80     6     6     5    -1    -0.00000000
   0.030    10    81     6     4     4     1    -0.00000000
   0.030    10    82     6     6     5     1     0.00000000
   0.030    10    83     6     6     6    -1     0.00000000
   0.030    10    84     6     6     6     1     0.00000000
   0.030    10    85     7     7     0     1     0.00000000
   0.030    10    86     7     7     1    -1    -0.00000000
   0.030    10    87     7     5     0     1     0.00000000
   0.030    10    88     7     5     1    -1    -0.00000000
   0.030    10    89     7     3     0     1    -0.00000000
   0.030    10    90     7     3     1    -1    -0.00000000
   0.030    10    91     7     1     0     1    -0.00000000
   0.030    10    92     7     1     1    -1    -0.00000000
   0.030    10    93     7     7     1     1    -0.00000000
   0.030    10    94     7     7     2    -1    -0.00000000
   0.030    10    95     7     5     1     1    -0.00000000
   0.030    10    96     7     5     2    -1    -0.00000000
   0.030    10    97     7     3     1     1    -0.00000000
   0.030    10    98     7     3     2    -1    -0.00000000
   0.030    10    99     7     1     1     1    -0.00000000
   0.030    10   100     7     7     2     1    -0.00000000
   0.030    10   101     7     7     3    -1    -0.00000000
   0.030    10   102     7     5     2     1    -0.00000000
   0.030    10   103     7     5     3    -1    -0.00000000
   0.030    10   104     7     3     2     1     0.00000000
   0.030    10   105     7     3     3    -1     0.00000000
   0.030    10   106     7     7     3     1    -0.00000000
   0.030    10   107     7     7     4    -1     0.00000000
   0.030    10   108     7     5     3     1    -0.00000000
   0.030    10   109     7     5     4    -1     0.00000000
   0.030    10   110     7     3     3     1     0.00000000
   0.030    10   111     7     7     4     1     0.00000000
   0.030    10   112     7     7     5    -1    -0.00000000
   0.030    10   113     7     5     4     1    -0.00000000
   0.030    10   114     7     5     5    -1    -0.00000000
   0.030    10   115     7     7     5     1     0.00000000
   0.030    10   116     7     7     6    -1     0.00000000
   0.030    10   117     7     5     5     1     0.00000000
   0.030    10   118     7     7     6     1     0.00000000
   0.030    10   119     7     7     7    -1     0.00000000
   0.030    10   120     7     7     7     1     0.00000000
   0.030    11     1     0     0     0     1    -0.00000000
   0.030    11     2     1     1     0     1     0.00468845
   0.030    11     3     1     1     1    -1     0.00331480
   0.030    11     4     1     1     1     1     0.00000000
   0.030    11     5     2     2     0     1     0.00000000
   0.030    11     6     2     2     1    -1     0.00000000
   0.030    11     7     2     0     0     1    -0.00000000
   0.030    11     8     2     2     1     1     0.00000000
   0.030    11     9     2     2     2    -1    -0.00000000
   0.030    11    10     2     2     2     1     0.00000000
   0.030    11    11     3     3     0     1    -0.76141249
   0.030    11    12     3     3     1    -1    -0.64814684
   0.030    11    13     3     1     0     1    -0.00039486
   0.030    11    14     3     1     1    -1    -0.00017079
   0.030    11    15     3     3     1     1     0.00000000
   0.030    11    16     3     3     2    -1    -0.00000000
   0.030    11    17     3     1     1     1     0.00000000
   0.030    11    18     3     3     2     1    -0.00000000
   0.030    11    19     3     3     3    -1     0.00000000
   0.030    11    20     3     3     3     1    -0.00000000
   0.030    11    21     4     4     0     1     0.00000000
   0.030    11    22     4     4     1    -1     0.00000000
   0.030    11    23     4     2     0     1    -0.00000000
   0.030    11    24     4     2     1    -1     0.00000000
   0.030    11    25     4     0     0     1     0.00000000
   0.030    11    26     4     4     1     1     0.00000000
   0.030    11    27     4     4     2    -1    -0.00000000
   0.030    11    28     4     2     1     1     0.00000000
   0.030    11    29     4     2     2    -1     0.00000000
   0.030    11    30     4     4     2     1     0.00000000
   0.030    11    31     4     4     3    -1     0.00000000
   0.030    11    32     4     2     2     1    -0.00000000
   0.030    11    33     4     4     3     1    -0.00000000
   0.030    11    34     4     4     4    -1    -0.00000000
   0.030    11    35     4     4     4     1     0.00000000
   0.030    11    36     5     5     0     1    -0.00663913
   0.030    11    37     5     5     1    -1    -0.00553922
   0.030    11    38     5     3     0     1    -0.00439688
   0.030    11    39     5     3     1    -1    -0.00293330
   0.030    11    40     5     1     0     1    -0.00378592
   0.030    11    41     5     1     1    -1    -0.00254713
   0.030    11    42     5     5     1     1     0.00000000
   0.030    11    43     5     5     2    -1    -0.00000000
   0.030    11    44     5     3     1     1     0.00000000
   0.030    11    45     5     3     2    -1    -0.00000000
   0.030    11    46     5     1     1     1    -0.00000000
   0.030    11    47     5     5     2     1    -0.00000000
   0.030    11    48     5     5     3    -1    -0.00000000
   0.030    11    49     5     3     2     1     0.00000000
   0.030    11    50     5     3     3    -1     0.00000000
   0.030    11    51     5     5     3     1     0.00000000
   0.030    11    52     5     5     4    -1     0.00000000
   0.030    11    53     5     3     3     1     0.00000000
   0.030    11    54     5     5     4     1    -0.00000000
   0.030    11    55     5     5     5    -1     0.00000000
   0.030    11    56     5     5     5     1     0.00000000
   0.030    11    57     6     6     0     1    -0.00000000
   0.030    11    58     6     6     1    -1    -0.00000000
   0.030    11    59     6     4     0     1    -0.00000000
   0.030    11    60     6     4     1    -1    -0.00000000
   0.030    11    61     6     2     0     1    -0.00000000
   0.030    11    62     6     2     1    -1     0.00000000
   0.030    11    63     6     0     0     1    -0.00000000
   0.030    11    64     6     6     1     1     0.00000000
   0.030    11    65     6     6     2    -1    -0.00000000
   0.030    11    66     6     4     1     1     0.00000000
   0.030    11    67     6     4     2    -1     0.00000000
   0.030    11    68     6     2     1     1    -0.00000000
   0.030    11    69     6     2     2    -1    -0.00000000
   0.030    11    70     6     6     2     1     0.00000000
   0.030    11    71     6     6     3    -1     0.00000000
   0.030    11    72     6     4     2     1     0.00000000
   0.030    11    73     6     4     3    -1    -0.00000000
   0.030    11    74     6     2     2     1     0.00000000
   0.030    11    75     6     6     3     1    -0.00000000
   0.030    11    76     6     6     4    -1    -0.00000000
   0.030    11    77     6     4     3     1     0.00000000
   0.030    11    78     6     4     4    -1     0.00000000
   0.030    11    79     6     6     4     1    -0.00000000
   0.030    11    80     6     6     5    -1     0.00000000
   0.030    11    81     6     4     4     1     0.00000000
   0.030    11    82     6     6     5     1    -0.00000000
   0.030    11    83     6     6     6    -1    -0.00000000
   0.030    11    84     6     6     6     1     0.00000000
   0.030    11    85     7     7     0     1    -0.00003338
   0.030    11    86     7     7     1    -1    -0.00002796
   0.030    11    87     7     5     0     1    -0.00005393
   0.030    11    88     7     5     1    -1    -0.00003848
   0.030    11    89     7     3     0     1    -0.00006501
   0.030    11    90     7     3     1    -1    -0.00004021
   0.030    11    91     7     1     0     1    -0.00004587
   0.030    11    92     7     1     1    -1    -0.00000269
   0.030    11    93     7     7     1     1     0.00000000
   0.030    11    94     7     7     2    -1     0.00000000
   0.030    11    95     7     5     1     1    -0.00000000
   0.030    11    96     7     5     2    -1     0.00000000
   0.030    11    97     7     3     1     1     0.00000000
   0.030    11    98     7     3     2    -1     0.00000000
   0.030    11    99     7     1     1     1    -0.00000000
   0.030    11   100     7     7     2     1    -0.00000000
   0.030    11   101     7     7     3    -1    -0.00000000
   0.030    11   102     7     5     2     1    -0.00000000
   0.030    11   103     7     5     3    -1    -0.00000000
   0.030    11   104     7     3     2     1     0.00000000
   0.030    11   105     7     3     3    -1    -0.00000000
   0.030    11   106     7     7     3     1     0.00000000
   0.030    11   107     7     7     4    -1    -0.00000000
   0.030    11   108     7     5     3     1    -0.00000000
   0.030    11   109     7     5     4    -1    -0.00000000
   0.030    11   110     7     3     3     1    -0.00000000
   0.030    11   111     7     7     4     1    -0.00000000
   0.030    11   112     7     7     5    -1    -0.00000000
   0.030    11   113     7     5     4     1     0.00000000
   0.030    11   114     7     5     5    -1    -0.00000000
   0.030    11   115     7     7     5     1     0.00000000
   0.030    11   116     7     7     6    -1     0.00000000
   0.030    11   117     7     5     5     1     0.00000000
   0.030    11   118     7     7     6     1     0.00000000
   0.030    11   119     7     7     7    -1     0.00000000
   0.030    11   120     7     7     7     1     0.00000000
   0.030    12     1     0     0     0     1    -0.00000000
   0.030    12     2     1     1     0     1    -0.00000000
   0.030    12     3     1     1     1    -1    -0.00000000
   0.030    12     4     1     1     1     1    -0.00436128
   0.030    12     5     2     2     0     1    -0.00000000
   0.030    12     6     2     2     1    -1    -0.00000000
   0.030    12     7     2     0     0     1    -0.00000000
   0.030    12     8     2     2     1     1     0.00000000
   0.030    12     9     2     2     2    -1     0.00000000
   0.030    12    10     2     2     2     1     0.00000000
   0.030    12    11     3     3     0     1    -0.00000000
   0.030    12    12     3     3     1    -1    -0.00000000
   0.030    12    13     3     1     0     1    -0.00000000
   0.030    12    14     3     1     1    -1     0.00000000
   0.030    12    15     3     3     1     1     0.85706266
   0.030    12    16     3     3     2    -1     0.51510773
   0.030    12    17     3     1     1     1     0.00016995
   0.030    12    18     3     3     2     1     0.00000000
   0.030    12    19     3     3     3    -1    -0.00000000
   0.030    12    20     3     3     3     1     0.00000000
   0.030    12    21     4     4     0     1    -0.00000000
   0.030    12    22     4     4     1    -1    -0.00000000
   0.030    12    23     4     2     0     1    -0.00000000
   0.030    12    24     4     2     1    -1    -0.00000000
   0.030    12    25     4     0     0     1    -0.00000000
   0.030    12    26     4     4     1     1     0.00000000
   0.030    12    27     4     4     2    -1     0.00000000
   0.030    12    28     4     2     1     1     0.00000000
   0.030    12    29     4     2     2    -1    -0.00000000
   0.030    12    30     4     4     2     1     0.00000000
   0.030    12    31     4     4     3    -1     0.00000000
   0.030    12    32     4     2     2     1    -0.00000000
   0.030    12    33     4     4     3     1    -0.00000000
   0.030    12    34     4     4     4    -1    -0.00000000
   0.030    12    35     4     4     4     1    -0.00000000
   0.030    12    36     5     5     0     1     0.00000000
   0.030    12    37     5     5     1    -1     0.00000000
   0.030    12    38     5     3     0     1     0.00000000
   0.030    12    39     5     3     1    -1     0.00000000
   0.030    12    40     5     1     0     1    -0.00000000
   0.030    12    41     5     1     1    -1    -0.00000000
   0.030    12    42     5     5     1     1     0.00697295
   0.030    12    43     5     5     2    -1     0.00393374
   0.030    12    44     5     3     1     1     0.00360922
   0.030    12    45     5     3     2    -1     0.00025908
   0.030    12    46     5     1     1     1     0.00337327
   0.030    12    47     5     5     2     1     0.00000000
   0.030    12    48     5     5     3    -1     0.00000000
   0.030    12    49     5     3     2     1    -0.00000000
   0.030    12    50     5     3     3    -1    -0.00000000
   0.030    12    51     5     5     3     1    -0.00000000
   0.030    12    52     5     5     4    -1    -0.00000000
   0.030    12    53     5     3     3     1     0.00000000
   0.030    12    54     5     5     4     1    -0.00000000
   0.030    12    55     5     5     5    -1    -0.00000000
   0.030    12    56     5     5     5     1     0.00000000
   0.030    12    57     6     6     0     1    -0.00000000
   0.030    12    58     6     6     1    -1    -0.00000000
   0.030    12    59     6     4     0     1    -0.00000000
   0.030    12    60     6     4     1    -1    -0.00000000
   0.030    12    61     6     2     0     1    -0.00000000
   0.030    12    62     6     2     1    -1    -0.00000000
   0.030    12    63     6     0     0     1    -0.00000000
   0.030    12    64     6     6     1     1     0.00000000
   0.030    12    65     6     6     2    -1     0.00000000
   0.030    12    66     6     4     1     1     0.00000000
   0.030    12    67     6     4     2    -1    -0.00000000
   0.030    12    68     6     2     1     1     0.00000000
   0.030    12    69     6     2     2    -1     0.00000000
   0.030    12    70     6     6     2     1     0.00000000
   0.030    12    71     6     6     3    -1     0.00000000
   0.030    12    72     6     4     2     1    -0.00000000
   0.030    12    73     6     4     3    -1    -0.00000000
   0.030    12    74     6     2     2     1     0.00000000
   0.030    12    75     6     6     3     1    -0.00000000
   0.030    12    76     6     6     4    -1     0.00000000
   0.030    12    77     6     4     3     1     0.00000000
   0.030    12    78     6     4     4    -1     0.00000000
   0.030    12    79     6     6     4     1     0.00000000
   0.030    12    80     6     6     5    -1    -0.00000000
   0.030    12    81     6     4     4     1     0.00000000
   0.030    12    82     6     6     5     1    -0.00000000
   0.030    12    83     6     6     6    -1    -0.00000000
   0.030    12    84     6     6     6     1    -0.00000000
   0.030    12    85     7     7     0     1     0.00000000
   0.030    12    86     7     7     1    -1    -0.00000000
   0.030    12    87     7     5     0     1    -0.00000000
   0.030    12    88     7     5     1    -1     0.00000000
   0.030    12    89     7     3     0     1     0.00000000
   0.030    12    90     7     3     1    -1    -0.00000000
   0.030    12    91     7     1     0     1    -0.00000000
   0.030    12    92     7     1     1    -1     0.00000000
   0.030    12    93     7     7     1     1     0.00003368
   0.030    12    94     7     7     2    -1     0.00001937
   0.030    12    95     7     5     1     1     0.00004520
   0.030    12    96     7     5     2    -1     0.00001240
   0.030    12    97     7     3     1     1     0.00004956
   0.030    12    98     7     3     2    -1     0.00000977
   0.030    12    99     7     1     1     1     0.00000165
   0.030    12   100     7     7     2     1    -0.00000000
   0.030    12   101     7     7     3    -1     0.00000000
   0.030    12   102     7     5     2     1    -0.00000000
   0.030    12   103     7     5     3    -1    -0.00000000
   0.030    12   104     7     3     2     1     0.00000000
   0.030    12   105     7     3     3    -1    -0.00000000
   0.030    12   106     7     7     3     1     0.00000000
   0.030    12   107     7     7     4    -1    -0.00000000
   0.030    12   108     7     5     3     1    -0.00000000
   0.030    12   109     7     5     4    -1    -0.00000000
   0.030    12   110     7     3     3     1    -0.00000000
   0.030    12   111     7     7     4     1    -0.00000000
   0.030    12   112     7     7     5    -1    -0.00000000
   0.030    12   113     7     5     4     1    -0.00000000
   0.030    12   114     7     5     5    -1    -0.00000000
   0.030    12   115     7     7     5     1     0.00000000
   0.030    12   116     7     7     6    -1     0.00000000
   0.030    12   117     7     5     5     1     0.00000000
   0.030    12   118     7     7     6     1     0.00000000
   0.030    12   119     7     7     7    -1     0.00000000
   0.030    12   120     7     7     7     1     0.00000000
   0.030    13     1     0     0     0     1     0.00000000
   0.030    13     2     1     1     0     1     0.00000000
   0.030    13     3     1     1     1    -1    -0.00000000
   0.030    13     4     1     1     1     1     0.00000000
   0.030    13     5     2     2     0     1    -0.00000000
   0.030    13     6     2     2     1    -1    -0.00000000
   0.030    13     7     2     0     0     1    -0.00000000
   0.030    13     8     2     2     1     1     0.00000000
   0.030    13     9     2     2     2    -1     0.00000000
   0.030    13    10     2     2     2     1     0.00000000
   0.030    13    11     3     3     0     1     0.00000000
   0.030    13    12     3     3     1    -1     0.00000000
   0.030    13    13     3     1     0     1    -0.00000000
   0.030    13    14     3     1     1    -1     0.00000000
   0.030    13    15     3     3     1     1    -0.00000000
   0.030    13    16     3     3     2    -1    -0.00000000
   0.030    13    17     3     1     1     1    -0.00000000
   0.030    13    18     3     3     2     1     0.93607884
   0.030    13    19     3     3     3    -1     0.35172004
   0.030    13    20     3     3     3     1    -0.00000000
   0.030    13    21     4     4     0     1     0.00000000
   0.030    13    22     4     4     1    -1     0.00000000
   0.030    13    23     4     2     0     1     0.00000000
   0.030    13    24     4     2     1    -1     0.00000000
   0.030    13    25     4     0     0     1     0.00000000
   0.030    13    26     4     4     1     1     0.00000000
   0.030    13    27     4     4     2    -1     0.00000000
   0.030    13    28     4     2     1     1     0.00000000
   0.030    13    29     4     2     2    -1    -0.00000000
   0.030    13    30     4     4     2     1     0.00000000
   0.030    13    31     4     4     3    -1     0.00000000
   0.030    13    32     4     2     2     1     0.00000000
   0.030    13    33     4     4     3     1    -0.00000000
   0.030    13    34     4     4     4    -1    -0.00000000
   0.030    13    35     4     4     4     1    -0.00000000
   0.030    13    36     5     5     0     1     0.00000000
   0.030    13    37     5     5     1    -1     0.00000000
   0.030    13    38     5     3     0     1    -0.00000000
   0.030    13    39     5     3     1    -1    -0.00000000
   0.030    13    40     5     1     0     1    -0.00000000
   0.030    13    41     5     1     1    -1     0.00000000
   0.030    13    42     5     5     1     1     0.00000000
   0.030    13    43     5     5     2    -1     0.00000000
   0.030    13    44     5     3     1     1    -0.00000000
   0.030    13    45     5     3     2    -1     0.00000000
   0.030    13    46     5     1     1     1     0.00000000
   0.030    13    47     5     5     2     1     0.00632940
   0.030    13    48     5     5     3    -1     0.00213076
   0.030    13    49     5     3     2     1    -0.00013485
   0.030    13    50     5     3     3    -1    -0.00218919
   0.030    13    51     5     5     3     1     0.00000000
   0.030    13    52     5     5     4    -1     0.00000000
   0.030    13    53     5     3     3     1     0.00000000
   0.030    13    54     5     5     4     1    -0.00000000
   0.030    13    55     5     5     5    -1    -0.00000000
   0.030    13    56     5     5     5     1    -0.00000000
   0.030    13    57     6     6     0     1    -0.00000000
   0.030    13    58     6     6     1    -1    -0.00000000
   0.030    13    59     6     4     0     1    -0.00000000
   0.030    13    60     6     4     1    -1     0.00000000
   0.030    13    61     6     2     0     1     0.00000000
   0.030    13    62     6     2     1    -1    -0.00000000
   0.030    13    63     6     0     0     1    -0.00000000
   0.030    13    64     6     6     1     1     0.00000000
   0.030    13    65     6     6     2    -1     0.00000000
   0.030    13    66     6     4     1     1     0.00000000
   0.030    13    67     6     4     2    -1    -0.00000000
   0.030    13    68     6     2     1     1     0.00000000
   0.030    13    69     6     2     2    -1     0.00000000
   0.030    13    70     6     6     2     1     0.00000000
   0.030    13    71     6     6     3    -1    -0.00000000
   0.030    13    72     6     4     2     1    -0.00000000
   0.030    13    73     6     4     3    -1     0.00000000
   0.030    13    74     6     2     2     1     0.00000000
   0.030    13    75     6     6     3     1    -0.00000000
   0.030    13    76     6     6     4    -1     0.00000000
   0.030    13    77     6     4     3     1     0.00000000
   0.030    13    78     6     4     4    -1     0.00000000
   0.030    13    79     6     6     4     1     0.00000000
   0.030    13    80     6     6     5    -1    -0.00000000
   0.030    13    81     6     4     4     1     0.00000000
   0.030    13    82     6     6     5     1    -0.00000000
   0.030    13    83     6     6     6    -1     0.00000000
   0.030    13    84     6     6     6     1    -0.00000000
   0.030    13    85     7     7     0     1     0.00000000
   0.030    13    86     7     7     1    -1    -0.00000000
   0.030    13    87     7     5     0     1    -0.00000000
   0.030    13    88     7     5     1    -1    -0.00000000
   0.030    13    89     7     3     0     1     0.00000000
   0.030    13    90     7     3     1    -1     0.00000000
   0.030    13    91     7     1     0     1    -0.00000000
   0.030    13    92     7     1     1    -1    -0.00000000
   0.030    13    93     7     7     1     1     0.00000000
   0.030    13    94     7     7     2    -1     0.00000000
   0.030    13    95     7     5     1     1     0.00000000
   0.030    13    96     7     5     2    -1     0.00000000
   0.030    13    97     7     3     1     1     0.00000000
   0.030    13    98     7     3     2    -1    -0.00000000
   0.030    13    99     7     1     1     1     0.00000000
   0.030    13   100     7     7     2     1     0.00002809
   0.030    13   101     7     7     3    -1     0.00001019
   0.030    13   102     7     5     2     1     0.00001260
   0.030    13   103     7     5     3    -1    -0.00000554
   0.030    13   104     7     3     2     1     0.00001388
   0.030    13   105     7     3     3    -1     0.00001439
   0.030    13   106     7     7     3     1    -0.00000000
   0.030    13   107     7     7     4    -1     0.00000000
   0.030    13   108     7     5     3     1     0.00000000
   0.030    13   109     7     5     4    -1    -0.00000000
   0.030    13   110     7     3     3     1     0.00000000
   0.030    13   111     7     7     4     1    -0.00000000
   0.030    13   112     7     7     5    -1     0.00000000
   0.030    13   113     7     5     4     1    -0.00000000
   0.030    13   114     7     5     5    -1    -0.00000000
   0.030    13   115     7     7     5     1    -0.00000000
   0.030    13   116     7     7     6    -1    -0.00000000
   0.030    13   117     7     5     5     1    -0.00000000
   0.030    13   118     7     7     6     1    -0.00000000
   0.030    13   119     7     7     7    -1    -0.00000000
   0.030    13   120     7     7     7     1    -0.00000000
   0.030    14     1     0     0     0     1     0.00000000
   0.030    14     2     1     1     0     1     0.00000000
   0.030    14     3     1     1     1    -1    -0.00000000
   0.030    14     4     1     1     1     1     0.00000000
   0.030    14     5     2     2     0     1     0.00000000
   0.030    14     6     2     2     1    -1     0.00000000
   0.030    14     7     2     0     0     1     0.00000000
   0.030    14     8     2     2     1     1     0.00000000
   0.030    14     9     2     2     2    -1     0.00000000
   0.030    14    10     2     2     2     1     0.00000000
   0.030    14    11     3     3     0     1     0.00000000
   0.030    14    12     3     3     1    -1    -0.00000000
   0.030    14    13     3     1     0     1     0.00000000
   0.030    14    14     3     1     1    -1     0.00000000
   0.030    14    15     3     3     1     1     0.00000000
   0.030    14    16     3     3     2    -1     0.00000000
   0.030    14    17     3     1     1     1    -0.00000000
   0.030    14    18     3     3     2     1    -0.00000000
   0.030    14    19     3     3     3    -1    -0.00000000
   0.030    14    20     3     3     3     1     0.99996350
   0.030    14    21     4     4     0     1     0.00000000
   0.030    14    22     4     4     1    -1     0.00000000
   0.030    14    23     4     2     0     1     0.00000000
   0.030    14    24     4     2     1    -1     0.00000000
   0.030    14    25     4     0     0     1     0.00000000
   0.030    14    26     4     4     1     1     0.00000000
   0.030    14    27     4     4     2    -1     0.00000000
   0.030    14    28     4     2     1     1     0.00000000
   0.030    14    29     4     2     2    -1    -0.00000000
   0.030    14    30     4     4     2     1     0.00000000
   0.030    14    31     4     4     3    -1     0.00000000
   0.030    14    32     4     2     2     1    -0.00000000
   0.030    14    33     4     4     3     1     0.00000000
   0.030    14    34     4     4     4    -1     0.00000000
   0.030    14    35     4     4     4     1     0.00000000
   0.030    14    36     5     5     0     1     0.00000000
   0.030    14    37     5     5     1    -1    -0.00000000
   0.030    14    38     5     3     0     1     0.00000000
   0.030    14    39     5     3     1    -1     0.00000000
   0.030    14    40     5     1     0     1     0.00000000
   0.030    14    41     5     1     1    -1    -0.00000000
   0.030    14    42     5     5     1     1     0.00000000
   0.030    14    43     5     5     2    -1     0.00000000
   0.030    14    44     5     3     1     1    -0.00000000
   0.030    14    45     5     3     2    -1    -0.00000000
   0.030    14    46     5     1     1     1     0.00000000
   0.030    14    47     5     5     2     1     0.00000000
   0.030    14    48     5     5     3    -1    -0.00000000
   0.030    14    49     5     3     2     1     0.00000000
   0.030    14    50     5     3     3    -1    -0.00000000
   0.030    14    51     5     5     3     1     0.00451008
   0.030    14    52     5     5     4    -1     0.00051014
   0.030    14    53     5     3     3     1    -0.00723842
   0.030    14    54     5     5     4     1     0.00000000
   0.030    14    55     5     5     5    -1     0.00000000
   0.030    14    56     5     5     5     1     0.00000000
   0.030    14    57     6     6     0     1     0.00000000
   0.030    14    58     6     6     1    -1     0.00000000
   0.030    14    59     6     4     0     1     0.00000000
   0.030    14    60     6     4     1    -1     0.00000000
   0.030    14    61     6     2     0     1     0.00000000
   0.030    14    62     6     2     1    -1     0.00000000
   0.030    14    63     6     0     0     1     0.00000000
   0.030    14    64     6     6     1     1     0.00000000
   0.030    14    65     6     6     2    -1    -0.00000000
   0.030    14    66     6     4     1     1     0.00000000
   0.030    14    67     6     4     2    -1     0.00000000
   0.030    14    68     6     2     1     1    -0.00000000
   0.030    14    69     6     2     2    -1    -0.00000000
   0.030    14    70     6     6     2     1     0.00000000
   0.030    14    71     6     6     3    -1     0.00000000
   0.030    14    72     6     4     2     1    -0.00000000
   0.030    14    73     6     4     3    -1    -0.00000000
   0.030    14    74     6     2     2     1     0.00000000
   0.030    14    75     6     6     3     1    -0.00000000
   0.030    14    76     6     6     4    -1     0.00000000
   0.030    14    77     6     4     3     1    -0.00000000
   0.030    14    78     6     4     4    -1     0.00000000
   0.030    14    79     6     6     4     1    -0.00000000
   0.030    14    80     6     6     5    -1    -0.00000000
   0.030    14    81     6     4     4     1     0.00000000
   0.030    14    82     6     6     5     1     0.00000000
   0.030    14    83     6     6     6    -1    -0.00000000
   0.030    14    84     6     6     6     1    -0.00000000
   0.030    14    85     7     7     0     1    -0.00000000
   0.030    14    86     7     7     1    -1    -0.00000000
   0.030    14    87     7     5     0     1    -0.00000000
   0.030    14    88     7     5     1    -1     0.00000000
   0.030    14    89     7     3     0     1     0.00000000
   0.030    14    90     7     3     1    -1    -0.00000000
   0.030    14    91     7     1     0     1     0.00000000
   0.030    14    92     7     1     1    -1     0.00000000
   0.030    14    93     7     7     1     1     0.00000000
   0.030    14    94     7     7     2    -1     0.00000000
   0.030    14    95     7     5     1     1     0.00000000
   0.030    14    96     7     5     2    -1     0.00000000
   0.030    14    97     7     3     1     1     0.00000000
   0.030    14    98     7     3     2    -1     0.00000000
   0.030    14    99     7     1     1     1     0.00000000
   0.030    14   100     7     7     2     1    -0.00000000
   0.030    14   101     7     7     3    -1     0.00000000
   0.030    14   102     7     5     2     1     0.00000000
   0.030    14   103     7     5     3    -1    -0.00000000
   0.030    14   104     7     3     2     1    -0.00000000
   0.030    14   105     7     3     3    -1    -0.00000000
   0.030    14   106     7     7     3     1     0.00001730
   0.030    14   107     7     7     4    -1     0.00000302
   0.030    14   108     7     5     3     1    -0.00002389
   0.030    14   109     7     5     4    -1    -0.00000229
   0.030    14   110     7     3     3     1     0.00004645
   0.030    14   111     7     7     4     1     0.00000000
   0.030    14   112     7     7     5    -1     0.00000000
   0.030    14   113     7     5     4     1     0.00000000
   0.030    14   114     7     5     5    -1     0.00000000
   0.030    14   115     7     7     5     1     0.00000000
   0.030    14   116     7     7     6    -1     0.00000000
   0.030    14   117     7     5     5     1     0.00000000
   0.030    14   118     7     7     6     1     0.00000000
   0.030    14   119     7     7     7    -1     0.00000000
   0.030    14   120     7     7     7     1     0.00000000
   0.030    15     1     0     0     0     1     0.00000000
   0.030    15     2     1     1     0     1     0.00596699
   0.030    15     3     1     1     1    -1    -0.00179108
   0.030    15     4     1     1     1     1    -0.00000000
   0.030    15     5     2     2     0     1     0.00000000
   0.030    15     6     2     2     1    -1    -0.00000000
   0.030    15     7     2     0     0     1     0.00000000
   0.030    15     8     2     2     1     1    -0.00000000
   0.030    15     9     2     2     2    -1     0.00000000
   0.030    15    10     2     2     2     1     0.00000000
   0.030    15    11     3     3     0     1    -0.00021352
   0.030    15    12     3     3     1    -1     0.00108878
   0.030    15    13     3     1     0     1    -0.89237165
   0.030    15    14     3     1     1    -1    -0.45100403
   0.030    15    15     3     3     1     1     0.00000000
   0.030    15    16     3     3     2    -1     0.00000000
   0.030    15    17     3     1     1     1    -0.00000000
   0.030    15    18     3     3     2     1    -0.00000000
   0.030    15    19     3     3     3    -1    -0.00000000
   0.030    15    20     3     3     3     1     0.00000000
   0.030    15    21     4     4     0     1    -0.00000000
   0.030    15    22     4     4     1    -1    -0.00000000
   0.030    15    23     4     2     0     1    -0.00000000
   0.030    15    24     4     2     1    -1     0.00000000
   0.030    15    25     4     0     0     1    -0.00000000
   0.030    15    26     4     4     1     1    -0.00000000
   0.030    15    27     4     4     2    -1    -0.00000000
   0.030    15    28     4     2     1     1    -0.00000000
   0.030    15    29     4     2     2    -1    -0.00000000
   0.030    15    30     4     4     2     1     0.00000000
   0.030    15    31     4     4     3    -1     0.00000000
   0.030    15    32     4     2     2     1    -0.00000000
   0.030    15    33     4     4     3     1    -0.00000000
   0.030    15    34     4     4     4    -1    -0.00000000
   0.030    15    35     4     4     4     1    -0.00000000
   0.030    15    36     5     5     0     1    -0.00000195
   0.030    15    37     5     5     1    -1     0.00000821
   0.030    15    38     5     3     0     1    -0.01058947
   0.030    15    39     5     3     1    -1    -0.00501859
   0.030    15    40     5     1     0     1    -0.00933142
   0.030    15    41     5     1     1    -1     0.00192805
   0.030    15    42     5     5     1     1    -0.00000000
   0.030    15    43     5     5     2    -1     0.00000000
   0.030    15    44     5     3     1     1     0.00000000
   0.030    15    45     5     3     2    -1    -0.00000000
   0.030    15    46     5     1     1     1     0.00000000
   0.030    15    47     5     5     2     1     0.00000000
   0.030    15    48     5     5     3    -1     0.00000000
   0.030    15    49     5     3     2     1     0.00000000
   0.030    15    50     5     3     3    -1     0.00000000
   0.030    15    51     5     5     3     1    -0.00000000
   0.030    15    52     5     5     4    -1    -0.00000000
   0.030    15    53     5     3     3     1     0.00000000
   0.030    15    54     5     5     4     1     0.00000000
   0.030    15    55     5     5     5    -1    -0.00000000
   0.030    15    56     5     5     5     1     0.00000000
   0.030    15    57     6     6     0     1    -0.00000000
   0.030    15    58     6     6     1    -1    -0.00000000
   0.030    15    59     6     4     0     1    -0.00000000
   0.030    15    60     6     4     1    -1    -0.00000000
   0.030    15    61     6     2     0     1    -0.00000000
   0.030    15    62     6     2     1    -1     0.00000000
   0.030    15    63     6     0     0     1    -0.00000000
   0.030    15    64     6     6     1     1     0.00000000
   0.030    15    65     6     6     2    -1    -0.00000000
   0.030    15    66     6     4     1     1    -0.00000000
   0.030    15    67     6     4     2    -1    -0.00000000
   0.030    15    68     6     2     1     1    -0.00000000
   0.030    15    69     6     2     2    -1    -0.00000000
   0.030    15    70     6     6     2     1     0.00000000
   0.030    15    71     6     6     3    -1     0.00000000
   0.030    15    72     6     4     2     1     0.00000000
   0.030    15    73     6     4     3    -1    -0.00000000
   0.030    15    74     6     2     2     1     0.00000000
   0.030    15    75     6     6     3     1    -0.00000000
   0.030    15    76     6     6     4    -1    -0.00000000
   0.030    15    77     6     4     3     1     0.00000000
   0.030    15    78     6     4     4    -1     0.00000000
   0.030    15    79     6     6     4     1    -0.00000000
   0.030    15    80     6     6     5    -1     0.00000000
   0.030    15    81     6     4     4     1     0.00000000
   0.030    15    82     6     6     5     1     0.00000000
   0.030    15    83     6     6     6    -1     0.00000000
   0.030    15    84     6     6     6     1    -0.00000000
   0.030    15    85     7     7     0     1    -0.00000000
   0.030    15    86     7     7     1    -1     0.00000004
   0.030    15    87     7     5     0     1    -0.00007552
   0.030    15    88     7     5     1    -1    -0.00003795
   0.030    15    89     7     3     0     1    -0.00012060
   0.030    15    90     7     3     1    -1    -0.00001069
   0.030    15    91     7     1     0     1    -0.00012001
   0.030    15    92     7     1     1    -1    -0.00002786
   0.030    15    93     7     7     1     1     0.00000000
   0.030    15    94     7     7     2    -1    -0.00000000
   0.030    15    95     7     5     1     1    -0.00000000
   0.030    15    96     7     5     2    -1     0.00000000
   0.030    15    97     7     3     1     1     0.00000000
   0.030    15    98     7     3     2    -1     0.00000000
   0.030    15    99     7     1     1     1    -0.00000000
   0.030    15   100     7     7     2     1    -0.00000000
   0.030    15   101     7     7     3    -1    -0.00000000
   0.030    15   102     7     5     2     1     0.00000000
   0.030    15   103     7     5     3    -1     0.00000000
   0.030    15   104     7     3     2     1     0.00000000
   0.030    15   105     7     3     3    -1     0.00000000
   0.030    15   106     7     7     3     1     0.00000000
   0.030    15   107     7     7     4    -1     0.00000000
   0.030    15   108     7     5     3     1     0.00000000
   0.030    15   109     7     5     4    -1     0.00000000
   0.030    15   110     7     3     3     1    -0.00000000
   0.030    15   111     7     7     4     1     0.00000000
   0.030    15   112     7     7     5    -1     0.00000000
   0.030    15   113     7     5     4     1    -0.00000000
   0.030    15   114     7     5     5    -1     0.00000000
   0.030    15   115     7     7     5     1     0.00000000
   0.030    15   116     7     7     6    -1     0.00000000
   0.030    15   117     7     5     5     1     0.00000000
   0.030    15   118     7     7     6     1     0.00000000
   0.030    15   119     7     7     7    -1     0.00000000
   0.030    15   120     7     7     7     1     0.00000000
   0.030    16     1     0     0     0     1    -0.00000000
   0.030    16     2     1     1     0     1    -0.00000000
   0.030    16     3     1     1     1    -1    -0.00000000
   0.030    16     4     1     1     1     1     0.00320428
   0.030    16     5     2     2     0     1    -0.00000000
   0.030    16     6     2     2     1    -1     0.00000000
   0.030    16     7     2     0     0     1    -0.00000000
   0.030    16     8     2     2     1     1    -0.00000000
   0.030    16     9     2     2     2    -1    -0.00000000
   0.030    16    10     2     2     2     1     0.00000000
   0.030    16    11     3     3     0     1     0.00000000
   0.030    16    12     3     3     1    -1     0.00000000
   0.030    16    13     3     1     0     1    -0.00000000
   0.030    16    14     3     1     1    -1     0.00000000
   0.030    16    15     3     3     1     1     0.00016637
   0.030    16    16     3     3     2    -1    -0.00061368
   0.030    16    17     3     1     1     1     0.99993272
   0.030    16    18     3     3     2     1    -0.00000000
   0.030    16    19     3     3     3    -1     0.00000000
   0.030    16    20     3     3     3     1     0.00000000
   0.030    16    21     4     4     0     1     0.00000000
   0.030    16    22     4     4     1    -1     0.00000000
   0.030    16    23     4     2     0     1    -0.00000000
   0.030    16    24     4     2     1    -1     0.00000000
   0.030    16    25     4     0     0     1    -0.00000000
   0.030    16    26     4     4     1     1    -0.00000000
   0.030    16    27     4     4     2    -1    -0.00000000
   0.030    16    28     4     2     1     1    -0.00000000
   0.030    16    29     4     2     2    -1     0.00000000
   0.030    16    30     4     4     2     1     0.00000000
   0.030    16    31     4     4     3    -1     0.00000000
   0.030    16    32     4     2     2     1    -0.00000000
   0.030    16    33     4     4     3     1    -0.00000000
   0.030    16    34     4     4     4    -1    -0.00000000
   0.030    16    35     4     4     4     1    -0.00000000
   0.030    16    36     5     5     0     1     0.00000000
   0.030    16    37     5     5     1    -1     0.00000000
   0.030    16    38     5     3     0     1     0.00000000
   0.030    16    39     5     3     1    -1     0.00000000
   0.030    16    40     5     1     0     1     0.00000000
   0.030    16    41     5     1     1    -1     0.00000000
   0.030    16    42     5     5     1     1     0.00000133
   0.030    16    43     5     5     2    -1    -0.00000388
   0.030    16    44     5     3     1     1     0.00975601
   0.030    16    45     5     3     2    -1     0.00081299
   0.030    16    46     5     1     1     1    -0.00529450
   0.030    16    47     5     5     2     1     0.00000000
   0.030    16    48     5     5     3    -1     0.00000000
   0.030    16    49     5     3     2     1     0.00000000
   0.030    16    50     5     3     3    -1     0.00000000
   0.030    16    51     5     5     3     1    -0.00000000
   0.030    16    52     5     5     4    -1     0.00000000
   0.030    16    53     5     3     3     1     0.00000000
   0.030    16    54     5     5     4     1    -0.00000000
   0.030    16    55     5     5     5    -1     0.00000000
   0.030    16    56     5     5     5     1     0.00000000
   0.030    16    57     6     6     0     1    -0.00000000
   0.030    16    58     6     6     1    -1     0.00000000
   0.030    16    59     6     4     0     1    -0.00000000
   0.030    16    60     6     4     1    -1    -0.00000000
   0.030    16    61     6     2     0     1    -0.00000000
   0.030    16    62     6     2     1    -1     0.00000000
   0.030    16    63     6     0     0     1    -0.00000000
   0.030    16    64     6     6     1     1    -0.00000000
   0.030    16    65     6     6     2    -1    -0.00000000
   0.030    16    66     6     4     1     1     0.00000000
   0.030    16    67     6     4     2    -1     0.00000000
   0.030    16    68     6     2     1     1    -0.00000000
   0.030    16    69     6     2     2    -1    -0.00000000
   0.030    16    70     6     6     2     1     0.00000000
   0.030    16    71     6     6     3    -1     0.00000000
   0.030    16    72     6     4     2     1    -0.00000000
   0.030    16    73     6     4     3    -1    -0.00000000
   0.030    16    74     6     2     2     1     0.00000000
   0.030    16    75     6     6     3     1    -0.00000000
   0.030    16    76     6     6     4    -1     0.00000000
   0.030    16    77     6     4     3     1     0.00000000
   0.030    16    78     6     4     4    -1     0.00000000
   0.030    16    79     6     6     4     1     0.00000000
   0.030    16    80     6     6     5    -1    -0.00000000
   0.030    16    81     6     4     4     1     0.00000000
   0.030    16    82     6     6     5     1     0.00000000
   0.030    16    83     6     6     6    -1     0.00000000
   0.030    16    84     6     6     6     1    -0.00000000
   0.030    16    85     7     7     0     1     0.00000000
   0.030    16    86     7     7     1    -1    -0.00000000
   0.030    16    87     7     5     0     1    -0.00000000
   0.030    16    88     7     5     1    -1    -0.00000000
   0.030    16    89     7     3     0     1    -0.00000000
   0.030    16    90     7     3     1    -1    -0.00000000
   0.030    16    91     7     1     0     1     0.00000000
   0.030    16    92     7     1     1    -1    -0.00000000
   0.030    16    93     7     7     1     1     0.00000000
   0.030    16    94     7     7     2    -1    -0.00000002
   0.030    16    95     7     5     1     1     0.00006571
   0.030    16    96     7     5     2    -1     0.00000922
   0.030    16    97     7     3     1     1     0.00000094
   0.030    16    98     7     3     2    -1     0.00000003
   0.030    16    99     7     1     1     1     0.00005760
   0.030    16   100     7     7     2     1    -0.00000000
   0.030    16   101     7     7     3    -1     0.00000000
   0.030    16   102     7     5     2     1    -0.00000000
   0.030    16   103     7     5     3    -1     0.00000000
   0.030    16   104     7     3     2     1    -0.00000000
   0.030    16   105     7     3     3    -1    -0.00000000
   0.030    16   106     7     7     3     1     0.00000000
   0.030    16   107     7     7     4    -1    -0.00000000
   0.030    16   108     7     5     3     1     0.00000000
   0.030    16   109     7     5     4    -1     0.00000000
   0.030    16   110     7     3     3     1     0.00000000
   0.030    16   111     7     7     4     1    -0.00000000
   0.030    16   112     7     7     5    -1    -0.00000000
   0.030    16   113     7     5     4     1    -0.00000000
   0.030    16   114     7     5     5    -1    -0.00000000
   0.030    16   115     7     7     5     1     0.00000000
   0.030    16   116     7     7     6    -1     0.00000000
   0.030    16   117     7     5     5     1     0.00000000
   0.030    16   118     7     7     6     1     0.00000000
   0.030    16   119     7     7     7    -1     0.00000000
   0.030    16   120     7     7     7     1     0.00000000
   0.030    17     1     0     0     0     1     0.00000000
   0.030    17     2     1     1     0     1     0.00350647
   0.030    17     3     1     1     1    -1    -0.00350885
   0.030    17     4     1     1     1     1     0.00000000
   0.030    17     5     2     2     0     1     0.00000000
   0.030    17     6     2     2     1    -1    -0.00000000
   0.030    17     7     2     0     0     1     0.00000000
   0.030    17     8     2     2     1     1     0.00000000
   0.030    17     9     2     2     2    -1    -0.00000000
   0.030    17    10     2     2     2     1    -0.00000000
   0.030    17    11     3     3     0     1    -0.64813973
   0.030    17    12     3     3     1    -1     0.76143446
   0.030    17    13     3     1     0     1     0.00054560
   0.030    17    14     3     1     1    -1     0.00127004
   0.030    17    15     3     3     1     1     0.00000000
   0.030    17    16     3     3     2    -1    -0.00000000
   0.030    17    17     3     1     1     1     0.00000000
   0.030    17    18     3     3     2     1    -0.00000000
   0.030    17    19     3     3     3    -1     0.00000000
   0.030    17    20     3     3     3     1     0.00000000
   0.030    17    21     4     4     0     1    -0.00000000
   0.030    17    22     4     4     1    -1    -0.00000000
   0.030    17    23     4     2     0     1     0.00000000
   0.030    17    24     4     2     1    -1    -0.00000000
   0.030    17    25     4     0     0     1     0.00000000
   0.030    17    26     4     4     1     1     0.00000000
   0.030    17    27     4     4     2    -1     0.00000000
   0.030    17    28     4     2     1     1     0.00000000
   0.030    17    29     4     2     2    -1     0.00000000
   0.030    17    30     4     4     2     1    -0.00000000
   0.030    17    31     4     4     3    -1    -0.00000000
   0.030    17    32     4     2     2     1     0.00000000
   0.030    17    33     4     4     3     1     0.00000000
   0.030    17    34     4     4     4    -1     0.00000000
   0.030    17    35     4     4     4     1    -0.00000000
   0.030    17    36     5     5     0     1    -0.00501150
   0.030    17    37     5     5     1    -1     0.00561709
   0.030    17    38     5     3     0     1    -0.00391642
   0.030    17    39     5     3     1    -1     0.00325205
   0.030    17    40     5     1     0     1    -0.00360094
   0.030    17    41     5     1     1    -1     0.00322005
   0.030    17    42     5     5     1     1     0.00000000
   0.030    17    43     5     5     2    -1     0.00000000
   0.030    17    44     5     3     1     1    -0.00000000
   0.030    17    45     5     3     2    -1    -0.00000000
   0.030    17    46     5     1     1     1    -0.00000000
   0.030    17    47     5     5     2     1    -0.00000000
   0.030    17    48     5     5     3    -1     0.00000000
   0.030    17    49     5     3     2     1     0.00000000
   0.030    17    50     5     3     3    -1     0.00000000
   0.030    17    51     5     5     3     1    -0.00000000
   0.030    17    52     5     5     4    -1     0.00000000
   0.030    17    53     5     3     3     1     0.00000000
   0.030    17    54     5     5     4     1     0.00000000
   0.030    17    55     5     5     5    -1    -0.00000000
   0.030    17    56     5     5     5     1     0.00000000
   0.030    17    57     6     6     0     1    -0.00000000
   0.030    17    58     6     6     1    -1    -0.00000000
   0.030    17    59     6     4     0     1    -0.00000000
   0.030    17    60     6     4     1    -1     0.00000000
   0.030    17    61     6     2     0     1    -0.00000000
   0.030    17    62     6     2     1    -1    -0.00000000
   0.030    17    63     6     0     0     1     0.00000000
   0.030    17    64     6     6     1     1     0.00000000
   0.030    17    65     6     6     2    -1     0.00000000
   0.030    17    66     6     4     1     1     0.00000000
   0.030    17    67     6     4     2    -1     0.00000000
   0.030    17    68     6     2     1     1    -0.00000000
   0.030    17    69     6     2     2    -1     0.00000000
   0.030    17    70     6     6     2     1    -0.00000000
   0.030    17    71     6     6     3    -1     0.00000000
   0.030    17    72     6     4     2     1     0.00000000
   0.030    17    73     6     4     3    -1    -0.00000000
   0.030    17    74     6     2     2     1    -0.00000000
   0.030    17    75     6     6     3     1     0.00000000
   0.030    17    76     6     6     4    -1     0.00000000
   0.030    17    77     6     4     3     1    -0.00000000
   0.030    17    78     6     4     4    -1    -0.00000000
   0.030    17    79     6     6     4     1     0.00000000
   0.030    17    80     6     6     5    -1     0.00000000
   0.030    17    81     6     4     4     1     0.00000000
   0.030    17    82     6     6     5     1     0.00000000
   0.030    17    83     6     6     6    -1     0.00000000
   0.030    17    84     6     6     6     1    -0.00000000
   0.030    17    85     7     7     0     1    -0.00002232
   0.030    17    86     7     7     1    -1     0.00002456
   0.030    17    87     7     5     0     1    -0.00004377
   0.030    17    88     7     5     1    -1     0.00003698
   0.030    17    89     7     3     0     1    -0.00005884
   0.030    17    90     7     3     1    -1     0.00004381
   0.030    17    91     7     1     0     1    -0.00004618
   0.030    17    92     7     1     1    -1     0.00000012
   0.030    17    93     7     7     1     1     0.00000000
   0.030    17    94     7     7     2    -1     0.00000000
   0.030    17    95     7     5     1     1     0.00000000
   0.030    17    96     7     5     2    -1    -0.00000000
   0.030    17    97     7     3     1     1     0.00000000
   0.030    17    98     7     3     2    -1     0.00000000
   0.030    17    99     7     1     1     1    -0.00000000
   0.030    17   100     7     7     2     1     0.00000000
   0.030    17   101     7     7     3    -1     0.00000000
   0.030    17   102     7     5     2     1     0.00000000
   0.030    17   103     7     5     3    -1     0.00000000
   0.030    17   104     7     3     2     1    -0.00000000
   0.030    17   105     7     3     3    -1    -0.00000000
   0.030    17   106     7     7     3     1     0.00000000
   0.030    17   107     7     7     4    -1     0.00000000
   0.030    17   108     7     5     3     1     0.00000000
   0.030    17   109     7     5     4    -1     0.00000000
   0.030    17   110     7     3     3     1    -0.00000000
   0.030    17   111     7     7     4     1     0.00000000
   0.030    17   112     7     7     5    -1    -0.00000000
   0.030    17   113     7     5     4     1    -0.00000000
   0.030    17   114     7     5     5    -1     0.00000000
   0.030    17   115     7     7     5     1     0.00000000
   0.030    17   116     7     7     6    -1     0.00000000
   0.030    17   117     7     5     5     1     0.00000000
   0.030    17   118     7     7     6     1     0.00000000
   0.030    17   119     7     7     7    -1     0.00000000
   0.030    17   120     7     7     7     1     0.00000000
   0.030    18     1     0     0     0     1    -0.00000000
   0.030    18     2     1     1     0     1    -0.00000000
   0.030    18     3     1     1     1    -1    -0.00000000
   0.030    18     4     1     1     1     1    -0.00215991
   0.030    18     5     2     2     0     1    -0.00000000
   0.030    18     6     2     2     1    -1     0.00000000
   0.030    18     7     2     0     0     1    -0.00000000
   0.030    18     8     2     2     1     1    -0.00000000
   0.030    18     9     2     2     2    -1    -0.00000000
   0.030    18    10     2     2     2     1     0.00000000
   0.030    18    11     3     3     0     1     0.00000000
   0.030    18    12     3     3     1    -1     0.00000000
   0.030    18    13     3     1     0     1    -0.00000000
   0.030    18    14     3     1     1    -1     0.00000000
   0.030    18    15     3     3     1     1     0.51509222
   0.030    18    16     3     3     2    -1    -0.85709951
   0.030    18    17     3     1     1     1    -0.00061798
   0.030    18    18     3     3     2     1     0.00000000
   0.030    18    19     3     3     3    -1     0.00000000
   0.030    18    20     3     3     3     1    -0.00000000
   0.030    18    21     4     4     0     1    -0.00000000
   0.030    18    22     4     4     1    -1     0.00000000
   0.030    18    23     4     2     0     1    -0.00000000
   0.030    18    24     4     2     1    -1     0.00000000
   0.030    18    25     4     0     0     1    -0.00000000
   0.030    18    26     4     4     1     1    -0.00000000
   0.030    18    27     4     4     2    -1    -0.00000000
   0.030    18    28     4     2     1     1    -0.00000000
   0.030    18    29     4     2     2    -1     0.00000000
   0.030    18    30     4     4     2     1     0.00000000
   0.030    18    31     4     4     3    -1     0.00000000
   0.030    18    32     4     2     2     1    -0.00000000
   0.030    18    33     4     4     3     1     0.00000000
   0.030    18    34     4     4     4    -1     0.00000000
   0.030    18    35     4     4     4     1    -0.00000000
   0.030    18    36     5     5     0     1     0.00000000
   0.030    18    37     5     5     1    -1     0.00000000
   0.030    18    38     5     3     0     1    -0.00000000
   0.030    18    39     5     3     1    -1     0.00000000
   0.030    18    40     5     1     0     1    -0.00000000
   0.030    18    41     5     1     1    -1     0.00000000
   0.030    18    42     5     5     1     1     0.00376575
   0.030    18    43     5     5     2    -1    -0.00533291
   0.030    18    44     5     3     1     1     0.00263395
   0.030    18    45     5     3     2    -1     0.00022559
   0.030    18    46     5     1     1     1     0.00240429
   0.030    18    47     5     5     2     1    -0.00000000
   0.030    18    48     5     5     3    -1    -0.00000000
   0.030    18    49     5     3     2     1     0.00000000
   0.030    18    50     5     3     3    -1     0.00000000
   0.030    18    51     5     5     3     1     0.00000000
   0.030    18    52     5     5     4    -1     0.00000000
   0.030    18    53     5     3     3     1    -0.00000000
   0.030    18    54     5     5     4     1    -0.00000000
   0.030    18    55     5     5     5    -1     0.00000000
   0.030    18    56     5     5     5     1     0.00000000
   0.030    18    57     6     6     0     1    -0.00000000
   0.030    18    58     6     6     1    -1     0.00000000
   0.030    18    59     6     4     0     1    -0.00000000
   0.030    18    60     6     4     1    -1     0.00000000
   0.030    18    61     6     2     0     1    -0.00000000
   0.030    18    62     6     2     1    -1     0.00000000
   0.030    18    63     6     0     0     1    -0.00000000
   0.030    18    64     6     6     1     1    -0.00000000
   0.030    18    65     6     6     2    -1    -0.00000000
   0.030    18    66     6     4     1     1    -0.00000000
   0.030    18    67     6     4     2    -1     0.00000000
   0.030    18    68     6     2     1     1    -0.00000000
   0.030    18    69     6     2     2    -1    -0.00000000
   0.030    18    70     6     6     2     1     0.00000000
   0.030    18    71     6     6     3    -1     0.00000000
   0.030    18    72     6     4     2     1    -0.00000000
   0.030    18    73     6     4     3    -1     0.00000000
   0.030    18    74     6     2     2     1    -0.00000000
   0.030    18    75     6     6     3     1     0.00000000
   0.030    18    76     6     6     4    -1    -0.00000000
   0.030    18    77     6     4     3     1    -0.00000000
   0.030    18    78     6     4     4    -1    -0.00000000
   0.030    18    79     6     6     4     1    -0.00000000
   0.030    18    80     6     6     5    -1     0.00000000
   0.030    18    81     6     4     4     1     0.00000000
   0.030    18    82     6     6     5     1     0.00000000
   0.030    18    83     6     6     6    -1     0.00000000
   0.030    18    84     6     6     6     1     0.00000000
   0.030    18    85     7     7     0     1    -0.00000000
   0.030    18    86     7     7     1    -1     0.00000000
   0.030    18    87     7     5     0     1     0.00000000
   0.030    18    88     7     5     1    -1    -0.00000000
   0.030    18    89     7     3     0     1     0.00000000
   0.030    18    90     7     3     1    -1    -0.00000000
   0.030    18    91     7     1     0     1     0.00000000
   0.030    18    92     7     1     1    -1     0.00000000
   0.030    18    93     7     7     1     1     0.00001629
   0.030    18    94     7     7     2    -1    -0.00002175
   0.030    18    95     7     5     1     1     0.00003047
   0.030    18    96     7     5     2    -1    -0.00000846
   0.030    18    97     7     3     1     1     0.00003491
   0.030    18    98     7     3     2    -1    -0.00001031
   0.030    18    99     7     1     1     1     0.00000153
   0.030    18   100     7     7     2     1    -0.00000000
   0.030    18   101     7     7     3    -1     0.00000000
   0.030    18   102     7     5     2     1     0.00000000
   0.030    18   103     7     5     3    -1    -0.00000000
   0.030    18   104     7     3     2     1    -0.00000000
   0.030    18   105     7     3     3    -1     0.00000000
   0.030    18   106     7     7     3     1     0.00000000
   0.030    18   107     7     7     4    -1    -0.00000000
   0.030    18   108     7     5     3     1     0.00000000
   0.030    18   109     7     5     4    -1    -0.00000000
   0.030    18   110     7     3     3     1     0.00000000
   0.030    18   111     7     7     4     1    -0.00000000
   0.030    18   112     7     7     5    -1     0.00000000
   0.030    18   113     7     5     4     1    -0.00000000
   0.030    18   114     7     5     5    -1    -0.00000000
   0.030    18   115     7     7     5     1     0.00000000
   0.030    18   116     7     7     6    -1     0.00000000
   0.030    18   117     7     5     5     1     0.00000000
   0.030    18   118     7     7     6     1     0.00000000
   0.030    18   119     7     7     7    -1     0.00000000
   0.030    18   120     7     7     7     1     0.00000000
   0.030    19     1     0     0     0     1     0.00000000
   0.030    19     2     1     1     0     1    -0.00000000
   0.030    19     3     1     1     1    -1     0.00000000
   0.030    19     4     1     1     1     1    -0.00000000
   0.030    19     5     2     2     0     1    -0.00000000
   0.030    19     6     2     2     1    -1    -0.00000000
   0.030    19     7     2     0     0     1    -0.00000000
   0.030    19     8     2     2     1     1     0.00000000
   0.030    19     9     2     2     2    -1     0.00000000
   0.030    19    10     2     2     2     1    -0.00000000
   0.030    19    11     3     3     0     1     0.00000000
   0.030    19    12     3     3     1    -1     0.00000000
   0.030    19    13     3     1     0     1     0.00000000
   0.030    19    14     3     1     1    -1     0.00000000
   0.030    19    15     3     3     1     1     0.00000000
   0.030    19    16     3     3     2    -1    -0.00000000
   0.030    19    17     3     1     1     1    -0.00000000
   0.030    19    18     3     3     2     1    -0.35172606
   0.030    19    19     3     3     3    -1     0.93606616
   0.030    19    20     3     3     3     1     0.00000000
   0.030    19    21     4     4     0     1     0.00000000
   0.030    19    22     4     4     1    -1     0.00000000
   0.030    19    23     4     2     0     1    -0.00000000
   0.030    19    24     4     2     1    -1    -0.00000000
   0.030    19    25     4     0     0     1     0.00000000
   0.030    19    26     4     4     1     1     0.00000000
   0.030    19    27     4     4     2    -1     0.00000000
   0.030    19    28     4     2     1     1     0.00000000
   0.030    19    29     4     2     2    -1    -0.00000000
   0.030    19    30     4     4     2     1    -0.00000000
   0.030    19    31     4     4     3    -1    -0.00000000
   0.030    19    32     4     2     2     1     0.00000000
   0.030    19    33     4     4     3     1    -0.00000000
   0.030    19    34     4     4     4    -1    -0.00000000
   0.030    19    35     4     4     4     1     0.00000000
   0.030    19    36     5     5     0     1     0.00000000
   0.030    19    37     5     5     1    -1     0.00000000
   0.030    19    38     5     3     0     1     0.00000000
   0.030    19    39     5     3     1    -1     0.00000000
   0.030    19    40     5     1     0     1     0.00000000
   0.030    19    41     5     1     1    -1    -0.00000000
   0.030    19    42     5     5     1     1    -0.00000000
   0.030    19    43     5     5     2    -1    -0.00000000
   0.030    19    44     5     3     1     1    -0.00000000
   0.030    19    45     5     3     2    -1    -0.00000000
   0.030    19    46     5     1     1     1     0.00000000
   0.030    19    47     5     5     2     1    -0.00214897
   0.030    19    48     5     5     3    -1     0.00392425
   0.030    19    49     5     3     2     1    -0.00052910
   0.030    19    50     5     3     3    -1    -0.00697332
   0.030    19    51     5     5     3     1    -0.00000000
   0.030    19    52     5     5     4    -1    -0.00000000
   0.030    19    53     5     3     3     1     0.00000000
   0.030    19    54     5     5     4     1     0.00000000
   0.030    19    55     5     5     5    -1     0.00000000
   0.030    19    56     5     5     5     1     0.00000000
   0.030    19    57     6     6     0     1     0.00000000
   0.030    19    58     6     6     1    -1     0.00000000
   0.030    19    59     6     4     0     1    -0.00000000
   0.030    19    60     6     4     1    -1    -0.00000000
   0.030    19    61     6     2     0     1    -0.00000000
   0.030    19    62     6     2     1    -1    -0.00000000
   0.030    19    63     6     0     0     1    -0.00000000
   0.030    19    64     6     6     1     1     0.00000000
   0.030    19    65     6     6     2    -1     0.00000000
   0.030    19    66     6     4     1     1     0.00000000
   0.030    19    67     6     4     2    -1    -0.00000000
   0.030    19    68     6     2     1     1     0.00000000
   0.030    19    69     6     2     2    -1     0.00000000
   0.030    19    70     6     6     2     1    -0.00000000
   0.030    19    71     6     6     3    -1    -0.00000000
   0.030    19    72     6     4     2     1     0.00000000
   0.030    19    73     6     4     3    -1     0.00000000
   0.030    19    74     6     2     2     1    -0.00000000
   0.030    19    75     6     6     3     1    -0.00000000
   0.030    19    76     6     6     4    -1     0.00000000
   0.030    19    77     6     4     3     1     0.00000000
   0.030    19    78     6     4     4    -1     0.00000000
   0.030    19    79     6     6     4     1     0.00000000
   0.030    19    80     6     6     5    -1     0.00000000
   0.030    19    81     6     4     4     1    -0.00000000
   0.030    19    82     6     6     5     1    -0.00000000
   0.030    19    83     6     6     6    -1    -0.00000000
   0.030    19    84     6     6     6     1     0.00000000
   0.030    19    85     7     7     0     1     0.00000000
   0.030    19    86     7     7     1    -1     0.00000000
   0.030    19    87     7     5     0     1     0.00000000
   0.030    19    88     7     5     1    -1    -0.00000000
   0.030    19    89     7     3     0     1     0.00000000
   0.030    19    90     7     3     1    -1     0.00000000
   0.030    19    91     7     1     0     1     0.00000000
   0.030    19    92     7     1     1    -1    -0.00000000
   0.030    19    93     7     7     1     1    -0.00000000
   0.030    19    94     7     7     2    -1    -0.00000000
   0.030    19    95     7     5     1     1    -0.00000000
   0.030    19    96     7     5     2    -1    -0.00000000
   0.030    19    97     7     3     1     1     0.00000000
   0.030    19    98     7     3     2    -1    -0.00000000
   0.030    19    99     7     1     1     1     0.00000000
   0.030    19   100     7     7     2     1    -0.00000858
   0.030    19   101     7     7     3    -1     0.00001398
   0.030    19   102     7     5     2     1    -0.00001004
   0.030    19   103     7     5     3    -1    -0.00002404
   0.030    19   104     7     3     2     1    -0.00000353
   0.030    19   105     7     3     3    -1     0.00004456
   0.030    19   106     7     7     3     1    -0.00000000
   0.030    19   107     7     7     4    -1    -0.00000000
   0.030    19   108     7     5     3     1    -0.00000000
   0.030    19   109     7     5     4    -1    -0.00000000
   0.030    19   110     7     3     3     1    -0.00000000
   0.030    19   111     7     7     4     1    -0.00000000
   0.030    19   112     7     7     5    -1    -0.00000000
   0.030    19   113     7     5     4     1     0.00000000
   0.030    19   114     7     5     5    -1     0.00000000
   0.030    19   115     7     7     5     1     0.00000000
   0.030    19   116     7     7     6    -1     0.00000000
   0.030    19   117     7     5     5     1     0.00000000
   0.030    19   118     7     7     6     1     0.00000000
   0.030    19   119     7     7     7    -1     0.00000000
   0.030    19   120     7     7     7     1     0.00000000
   0.030    20     1     0     0     0     1     0.00000000
   0.030    20     2     1     1     0     1    -0.00263541
   0.030    20     3     1     1     1    -1    -0.00271964
   0.030    20     4     1     1     1     1    -0.00000000
   0.030    20     5     2     2     0     1    -0.00000000
   0.030    20     6     2     2     1    -1     0.00000000
   0.030    20     7     2     0     0     1     0.00000000
   0.030    20     8     2     2     1     1     0.00000000
   0.030    20     9     2     2     2    -1    -0.00000000
   0.030    20    10     2     2     2     1     0.00000000
   0.030    20    11     3     3     0     1    -0.00066524
   0.030    20    12     3     3     1    -1     0.00066312
   0.030    20    13     3     1     0     1     0.45097511
   0.030    20    14     3     1     1    -1    -0.89244603
   0.030    20    15     3     3     1     1     0.00000000
   0.030    20    16     3     3     2    -1     0.00000000
   0.030    20    17     3     1     1     1    -0.00000000
   0.030    20    18     3     3     2     1    -0.00000000
   0.030    20    19     3     3     3    -1    -0.00000000
   0.030    20    20     3     3     3     1    -0.00000000
   0.030    20    21     4     4     0     1     0.00000000
   0.030    20    22     4     4     1    -1     0.00000000
   0.030    20    23     4     2     0     1    -0.00000000
   0.030    20    24     4     2     1    -1     0.00000000
   0.030    20    25     4     0     0     1    -0.00000000
   0.030    20    26     4     4     1     1     0.00000000
   0.030    20    27     4     4     2    -1     0.00000000
   0.030    20    28     4     2     1     1     0.00000000
   0.030    20    29     4     2     2    -1     0.00000000
   0.030    20    30     4     4     2     1     0.00000000
   0.030    20    31     4     4     3    -1     0.00000000
   0.030    20    32     4     2     2     1     0.00000000
   0.030    20    33     4     4     3     1    -0.00000000
   0.030    20    34     4     4     4    -1    -0.00000000
   0.030    20    35     4     4     4     1     0.00000000
   0.030    20    36     5     5     0     1    -0.00000489
   0.030    20    37     5     5     1    -1     0.00000471
   0.030    20    38     5     3     0     1     0.00476724
   0.030    20    39     5     3     1    -1    -0.00832982
   0.030    20    40     5     1     0     1     0.00539331
   0.030    20    41     5     1     1    -1     0.00500951
   0.030    20    42     5     5     1     1    -0.00000000
   0.030    20    43     5     5     2    -1    -0.00000000
   0.030    20    44     5     3     1     1     0.00000000
   0.030    20    45     5     3     2    -1     0.00000000
   0.030    20    46     5     1     1     1     0.00000000
   0.030    20    47     5     5     2     1    -0.00000000
   0.030    20    48     5     5     3    -1     0.00000000
   0.030    20    49     5     3     2     1     0.00000000
   0.030    20    50     5     3     3    -1    -0.00000000
   0.030    20    51     5     5     3     1    -0.00000000
   0.030    20    52     5     5     4    -1     0.00000000
   0.030    20    53     5     3     3     1    -0.00000000
   0.030    20    54     5     5     4     1     0.00000000
   0.030    20    55     5     5     5    -1    -0.00000000
   0.030    20    56     5     5     5     1     0.00000000
   0.030    20    57     6     6     0     1     0.00000000
   0.030    20    58     6     6     1    -1     0.00000000
   0.030    20    59     6     4     0     1    -0.00000000
   0.030    20    60     6     4     1    -1    -0.00000000
   0.030    20    61     6     2     0     1    -0.00000000
   0.030    20    62     6     2     1    -1     0.00000000
   0.030    20    63     6     0     0     1    -0.00000000
   0.030    20    64     6     6     1     1    -0.00000000
   0.030    20    65     6     6     2    -1     0.00000000
   0.030    20    66     6     4     1     1     0.00000000
   0.030    20    67     6     4     2    -1    -0.00000000
   0.030    20    68     6     2     1     1     0.00000000
   0.030    20    69     6     2     2    -1    -0.00000000
   0.030    20    70     6     6     2     1     0.00000000
   0.030    20    71     6     6     3    -1     0.00000000
   0.030    20    72     6     4     2     1     0.00000000
   0.030    20    73     6     4     3    -1    -0.00000000
   0.030    20    74     6     2     2     1    -0.00000000
   0.030    20    75     6     6     3     1     0.00000000
   0.030    20    76     6     6     4    -1     0.00000000
   0.030    20    77     6     4     3     1    -0.00000000
   0.030    20    78     6     4     4    -1     0.00000000
   0.030    20    79     6     6     4     1    -0.00000000
   0.030    20    80     6     6     5    -1     0.00000000
   0.030    20    81     6     4     4     1    -0.00000000
   0.030    20    82     6     6     5     1     0.00000000
   0.030    20    83     6     6     6    -1    -0.00000000
   0.030    20    84     6     6     6     1     0.00000000
   0.030    20    85     7     7     0     1    -0.00000002
   0.030    20    86     7     7     1    -1     0.00000002
   0.030    20    87     7     5     0     1     0.00002990
   0.030    20    88     7     5     1    -1    -0.00005361
   0.030    20    89     7     3     0     1     0.00006645
   0.030    20    90     7     3     1    -1     0.00000545
   0.030    20    91     7     1     0     1     0.00006451
   0.030    20    92     7     1     1    -1    -0.00005028
   0.030    20    93     7     7     1     1     0.00000000
   0.030    20    94     7     7     2    -1    -0.00000000
   0.030    20    95     7     5     1     1     0.00000000
   0.030    20    96     7     5     2    -1     0.00000000
   0.030    20    97     7     3     1     1    -0.00000000
   0.030    20    98     7     3     2    -1    -0.00000000
   0.030    20    99     7     1     1     1    -0.00000000
   0.030    20   100     7     7     2     1    -0.00000000
   0.030    20   101     7     7     3    -1     0.00000000
   0.030    20   102     7     5     2     1     0.00000000
   0.030    20   103     7     5     3    -1     0.00000000
   0.030    20   104     7     3     2     1    -0.00000000
   0.030    20   105     7     3     3    -1     0.00000000
   0.030    20   106     7     7     3     1     0.00000000
   0.030    20   107     7     7     4    -1     0.00000000
   0.030    20   108     7     5     3     1    -0.00000000
   0.030    20   109     7     5     4    -1     0.00000000
   0.030    20   110     7     3     3     1     0.00000000
   0.030    20   111     7     7     4     1    -0.00000000
   0.030    20   112     7     7     5    -1    -0.00000000
   0.030    20   113     7     5     4     1     0.00000000
   0.030    20   114     7     5     5    -1     0.00000000
   0.030    20   115     7     7     5     1     0.00000000
   0.030    20   116     7     7     6    -1     0.00000000
   0.030    20   117     7     5     5     1     0.00000000
   0.030    20   118     7     7     6     1     0.00000000
   0.030    20   119     7     7     7    -1     0.00000000
   0.030    20   120     7     7     7     1     0.00000000
   0.030    21     1     0     0     0     1    -0.00001795
   0.030    21     2     1     1     0     1    -0.00000000
   0.030    21     3     1     1     1    -1    -0.00000000
   0.030    21     4     1     1     1     1     0.00000000
   0.030    21     5     2     2     0     1     0.00596572
   0.030    21     6     2     2     1    -1     0.00485429
   0.030    21     7     2     0     0     1     0.00000346
   0.030    21     8     2     2     1     1     0.00000000
   0.030    21     9     2     2     2    -1     0.00000000
   0.030    21    10     2     2     2     1    -0.00000000
   0.030    21    11     3     3     0     1     0.00000000
   0.030    21    12     3     3     1    -1    -0.00000000
   0.030    21    13     3     1     0     1     0.00000000
   0.030    21    14     3     1     1    -1     0.00000000
   0.030    21    15     3     3     1     1     0.00000000
   0.030    21    16     3     3     2    -1     0.00000000
   0.030    21    17     3     1     1     1     0.00000000
   0.030    21    18     3     3     2     1    -0.00000000
   0.030    21    19     3     3     3    -1     0.00000000
   0.030    21    20     3     3     3     1    -0.00000000
   0.030    21    21     4     4     0     1    -0.74843641
   0.030    21    22     4     4     1    -1    -0.66305312
   0.030    21    23     4     2     0     1    -0.00022361
   0.030    21    24     4     2     1    -1    -0.00016543
   0.030    21    25     4     0     0     1    -0.00003840
   0.030    21    26     4     4     1     1    -0.00000000
   0.030    21    27     4     4     2    -1    -0.00000000
   0.030    21    28     4     2     1     1     0.00000000
   0.030    21    29     4     2     2    -1     0.00000000
   0.030    21    30     4     4     2     1     0.00000000
   0.030    21    31     4     4     3    -1    -0.00000000
   0.030    21    32     4     2     2     1     0.00000000
   0.030    21    33     4     4     3     1    -0.00000000
   0.030    21    34     4     4     4    -1     0.00000000
   0.030    21    35     4     4     4     1     0.00000000
   0.030    21    36     5     5     0     1    -0.00000000
   0.030    21    37     5     5     1    -1     0.00000000
   0.030    21    38     5     3     0     1     0.00000000
   0.030    21    39     5     3     1    -1     0.00000000
   0.030    21    40     5     1     0     1    -0.00000000
   0.030    21    41     5     1     1    -1     0.00000000
   0.030    21    42     5     5     1     1    -0.00000000
   0.030    21    43     5     5     2    -1    -0.00000000
   0.030    21    44     5     3     1     1    -0.00000000
   0.030    21    45     5     3     2    -1    -0.00000000
   0.030    21    46     5     1     1     1    -0.00000000
   0.030    21    47     5     5     2     1    -0.00000000
   0.030    21    48     5     5     3    -1     0.00000000
   0.030    21    49     5     3     2     1     0.00000000
   0.030    21    50     5     3     3    -1     0.00000000
   0.030    21    51     5     5     3     1    -0.00000000
   0.030    21    52     5     5     4    -1     0.00000000
   0.030    21    53     5     3     3     1    -0.00000000
   0.030    21    54     5     5     4     1     0.00000000
   0.030    21    55     5     5     5    -1     0.00000000
   0.030    21    56     5     5     5     1     0.00000000
   0.030    21    57     6     6     0     1    -0.00723791
   0.030    21    58     6     6     1    -1    -0.00634332
   0.030    21    59     6     4     0     1    -0.00452796
   0.030    21    60     6     4     1    -1    -0.00351230
   0.030    21    61     6     2     0     1    -0.00338166
   0.030    21    62     6     2     1    -1    -0.00271436
   0.030    21    63     6     0     0     1    -0.00000183
   0.030    21    64     6     6     1     1    -0.00000000
   0.030    21    65     6     6     2    -1    -0.00000000
   0.030    21    66     6     4     1     1    -0.00000000
   0.030    21    67     6     4     2    -1     0.00000000
   0.030    21    68     6     2     1     1    -0.00000000
   0.030    21    69     6     2     2    -1    -0.00000000
   0.030    21    70     6     6     2     1     0.00000000
   0.030    21    71     6     6     3    -1    -0.00000000
   0.030    21    72     6     4     2     1    -0.00000000
   0.030    21    73     6     4     3    -1    -0.00000000
   0.030    21    74     6     2     2     1    -0.00000000
   0.030    21    75     6     6     3     1     0.00000000
   0.030    21    76     6     6     4    -1     0.00000000
   0.030    21    77     6     4     3     1     0.00000000
   0.030    21    78     6     4     4    -1     0.00000000
   0.030    21    79     6     6     4     1     0.00000000
   0.030    21    80     6     6     5    -1     0.00000000
   0.030    21    81     6     4     4     1     0.00000000
   0.030    21    82     6     6     5     1     0.00000000
   0.030    21    83     6     6     6    -1    -0.00000000
   0.030    21    84     6     6     6     1    -0.00000000
   0.030    21    85     7     7     0     1     0.00000000
   0.030    21    86     7     7     1    -1     0.00000000
   0.030    21    87     7     5     0     1    -0.00000000
   0.030    21    88     7     5     1    -1    -0.00000000
   0.030    21    89     7     3     0     1     0.00000000
   0.030    21    90     7     3     1    -1    -0.00000000
   0.030    21    91     7     1     0     1    -0.00000000
   0.030    21    92     7     1     1    -1     0.00000000
   0.030    21    93     7     7     1     1     0.00000000
   0.030    21    94     7     7     2    -1     0.00000000
   0.030    21    95     7     5     1     1    -0.00000000
   0.030    21    96     7     5     2    -1    -0.00000000
   0.030    21    97     7     3     1     1    -0.00000000
   0.030    21    98     7     3     2    -1    -0.00000000
   0.030    21    99     7     1     1     1    -0.00000000
   0.030    21   100     7     7     2     1    -0.00000000
   0.030    21   101     7     7     3    -1    -0.00000000
   0.030    21   102     7     5     2     1     0.00000000
   0.030    21   103     7     5     3    -1     0.00000000
   0.030    21   104     7     3     2     1    -0.00000000
   0.030    21   105     7     3     3    -1    -0.00000000
   0.030    21   106     7     7     3     1     0.00000000
   0.030    21   107     7     7     4    -1     0.00000000
   0.030    21   108     7     5     3     1    -0.00000000
   0.030    21   109     7     5     4    -1    -0.00000000
   0.030    21   110     7     3     3     1     0.00000000
   0.030    21   111     7     7     4     1    -0.00000000
   0.030    21   112     7     7     5    -1    -0.00000000
   0.030    21   113     7     5     4     1    -0.00000000
   0.030    21   114     7     5     5    -1    -0.00000000
   0.030    21   115     7     7     5     1     0.00000000
   0.030    21   116     7     7     6    -1     0.00000000
   0.030    21   117     7     5     5     1     0.00000000
   0.030    21   118     7     7     6     1     0.00000000
   0.030    21   119     7     7     7    -1     0.00000000
   0.030    21   120     7     7     7     1     0.00000000
   0.030    22     1     0     0     0     1     0.00000000
   0.030    22     2     1     1     0     1    -0.00000000
   0.030    22     3     1     1     1    -1    -0.00000000
   0.030    22     4     1     1     1     1    -0.00000000
   0.030    22     5     2     2     0     1    -0.00000000
   0.030    22     6     2     2     1    -1    -0.00000000
   0.030    22     7     2     0     0     1     0.00000000
   0.030    22     8     2     2     1     1     0.00600948
   0.030    22     9     2     2     2    -1     0.00297657
   0.030    22    10     2     2     2     1     0.00000000
   0.030    22    11     3     3     0     1    -0.00000000
   0.030    22    12     3     3     1    -1     0.00000000
   0.030    22    13     3     1     0     1     0.00000000
   0.030    22    14     3     1     1    -1    -0.00000000
   0.030    22    15     3     3     1     1    -0.00000000
   0.030    22    16     3     3     2    -1    -0.00000000
   0.030    22    17     3     1     1     1    -0.00000000
   0.030    22    18     3     3     2     1    -0.00000000
   0.030    22    19     3     3     3    -1     0.00000000
   0.030    22    20     3     3     3     1    -0.00000000
   0.030    22    21     4     4     0     1     0.00000000
   0.030    22    22     4     4     1    -1     0.00000000
   0.030    22    23     4     2     0     1    -0.00000000
   0.030    22    24     4     2     1    -1    -0.00000000
   0.030    22    25     4     0     0     1     0.00000000
   0.030    22    26     4     4     1     1    -0.82408019
   0.030    22    27     4     4     2    -1    -0.56633033
   0.030    22    28     4     2     1     1    -0.00018541
   0.030    22    29     4     2     2    -1    -0.00006795
   0.030    22    30     4     4     2     1    -0.00000000
   0.030    22    31     4     4     3    -1     0.00000000
   0.030    22    32     4     2     2     1    -0.00000000
   0.030    22    33     4     4     3     1    -0.00000000
   0.030    22    34     4     4     4    -1    -0.00000000
   0.030    22    35     4     4     4     1     0.00000000
   0.030    22    36     5     5     0     1    -0.00000000
   0.030    22    37     5     5     1    -1    -0.00000000
   0.030    22    38     5     3     0     1    -0.00000000
   0.030    22    39     5     3     1    -1    -0.00000000
   0.030    22    40     5     1     0     1     0.00000000
   0.030    22    41     5     1     1    -1     0.00000000
   0.030    22    42     5     5     1     1     0.00000000
   0.030    22    43     5     5     2    -1     0.00000000
   0.030    22    44     5     3     1     1    -0.00000000
   0.030    22    45     5     3     2    -1    -0.00000000
   0.030    22    46     5     1     1     1    -0.00000000
   0.030    22    47     5     5     2     1     0.00000000
   0.030    22    48     5     5     3    -1     0.00000000
   0.030    22    49     5     3     2     1    -0.00000000
   0.030    22    50     5     3     3    -1     0.00000000
   0.030    22    51     5     5     3     1     0.00000000
   0.030    22    52     5     5     4    -1    -0.00000000
   0.030    22    53     5     3     3     1    -0.00000000
   0.030    22    54     5     5     4     1    -0.00000000
   0.030    22    55     5     5     5    -1     0.00000000
   0.030    22    56     5     5     5     1     0.00000000
   0.030    22    57     6     6     0     1     0.00000000
   0.030    22    58     6     6     1    -1     0.00000000
   0.030    22    59     6     4     0     1     0.00000000
   0.030    22    60     6     4     1    -1     0.00000000
   0.030    22    61     6     2     0     1     0.00000000
   0.030    22    62     6     2     1    -1     0.00000000
   0.030    22    63     6     0     0     1     0.00000000
   0.030    22    64     6     6     1     1    -0.00759197
   0.030    22    65     6     6     2    -1    -0.00504574
   0.030    22    66     6     4     1     1    -0.00415092
   0.030    22    67     6     4     2    -1    -0.00157973
   0.030    22    68     6     2     1     1    -0.00337572
   0.030    22    69     6     2     2    -1    -0.00160536
   0.030    22    70     6     6     2     1     0.00000000
   0.030    22    71     6     6     3    -1     0.00000000
   0.030    22    72     6     4     2     1    -0.00000000
   0.030    22    73     6     4     3    -1    -0.00000000
   0.030    22    74     6     2     2     1    -0.00000000
   0.030    22    75     6     6     3     1    -0.00000000
   0.030    22    76     6     6     4    -1    -0.00000000
   0.030    22    77     6     4     3     1     0.00000000
   0.030    22    78     6     4     4    -1     0.00000000
   0.030    22    79     6     6     4     1    -0.00000000
   0.030    22    80     6     6     5    -1     0.00000000
   0.030    22    81     6     4     4     1     0.00000000
   0.030    22    82     6     6     5     1    -0.00000000
   0.030    22    83     6     6     6    -1    -0.00000000
   0.030    22    84     6     6     6     1    -0.00000000
   0.030    22    85     7     7     0     1     0.00000000
   0.030    22    86     7     7     1    -1    -0.00000000
   0.030    22    87     7     5     0     1     0.00000000
   0.030    22    88     7     5     1    -1     0.00000000
   0.030    22    89     7     3     0     1    -0.00000000
   0.030    22    90     7     3     1    -1     0.00000000
   0.030    22    91     7     1     0     1     0.00000000
   0.030    22    92     7     1     1    -1     0.00000000
   0.030    22    93     7     7     1     1    -0.00000000
   0.030    22    94     7     7     2    -1     0.00000000
   0.030    22    95     7     5     1     1    -0.00000000
   0.030    22    96     7     5     2    -1    -0.00000000
   0.030    22    97     7     3     1     1     0.00000000
   0.030    22    98     7     3     2    -1     0.00000000
   0.030    22    99     7     1     1     1     0.00000000
   0.030    22   100     7     7     2     1    -0.00000000
   0.030    22   101     7     7     3    -1    -0.00000000
   0.030    22   102     7     5     2     1     0.00000000
   0.030    22   103     7     5     3    -1     0.00000000
   0.030    22   104     7     3     2     1     0.00000000
   0.030    22   105     7     3     3    -1    -0.00000000
   0.030    22   106     7     7     3     1     0.00000000
   0.030    22   107     7     7     4    -1     0.00000000
   0.030    22   108     7     5     3     1    -0.00000000
   0.030    22   109     7     5     4    -1     0.00000000
   0.030    22   110     7     3     3     1     0.00000000
   0.030    22   111     7     7     4     1    -0.00000000
   0.030    22   112     7     7     5    -1    -0.00000000
   0.030    22   113     7     5     4     1    -0.00000000
   0.030    22   114     7     5     5    -1    -0.00000000
   0.030    22   115     7     7     5     1     0.00000000
   0.030    22   116     7     7     6    -1     0.00000000
   0.030    22   117     7     5     5     1     0.00000000
   0.030    22   118     7     7     6     1     0.00000000
   0.030    22   119     7     7     7    -1     0.00000000
   0.030    22   120     7     7     7     1     0.00000000
   0.030    23     1     0     0     0     1     0.00000000
   0.030    23     2     1     1     0     1    -0.00000000
   0.030    23     3     1     1     1    -1    -0.00000000
   0.030    23     4     1     1     1     1    -0.00000000
   0.030    23     5     2     2     0     1     0.00000000
   0.030    23     6     2     2     1    -1     0.00000000
   0.030    23     7     2     0     0     1    -0.00000000
   0.030    23     8     2     2     1     1     0.00000000
   0.030    23     9     2     2     2    -1     0.00000000
   0.030    23    10     2     2     2     1     0.00464471
   0.030    23    11     3     3     0     1     0.00000000
   0.030    23    12     3     3     1    -1    -0.00000000
   0.030    23    13     3     1     0     1     0.00000000
   0.030    23    14     3     1     1    -1    -0.00000000
   0.030    23    15     3     3     1     1     0.00000000
   0.030    23    16     3     3     2    -1     0.00000000
   0.030    23    17     3     1     1     1     0.00000000
   0.030    23    18     3     3     2     1    -0.00000000
   0.030    23    19     3     3     3    -1    -0.00000000
   0.030    23    20     3     3     3     1    -0.00000000
   0.030    23    21     4     4     0     1     0.00000000
   0.030    23    22     4     4     1    -1     0.00000000
   0.030    23    23     4     2     0     1    -0.00000000
   0.030    23    24     4     2     1    -1    -0.00000000
   0.030    23    25     4     0     0     1     0.00000000
   0.030    23    26     4     4     1     1     0.00000000
   0.030    23    27     4     4     2    -1     0.00000000
   0.030    23    28     4     2     1     1     0.00000000
   0.030    23    29     4     2     2    -1     0.00000000
   0.030    23    30     4     4     2     1    -0.89080031
   0.030    23    31     4     4     3    -1    -0.45428733
   0.030    23    32     4     2     2     1    -0.00007716
   0.030    23    33     4     4     3     1     0.00000000
   0.030    23    34     4     4     4    -1     0.00000000
   0.030    23    35     4     4     4     1     0.00000000
   0.030    23    36     5     5     0     1    -0.00000000
   0.030    23    37     5     5     1    -1     0.00000000
   0.030    23    38     5     3     0     1    -0.00000000
   0.030    23    39     5     3     1    -1     0.00000000
   0.030    23    40     5     1     0     1    -0.00000000
   0.030    23    41     5     1     1    -1     0.00000000
   0.030    23    42     5     5     1     1    -0.00000000
   0.030    23    43     5     5     2    -1    -0.00000000
   0.030    23    44     5     3     1     1     0.00000000
   0.030    23    45     5     3     2    -1    -0.00000000
   0.030    23    46     5     1     1     1     0.00000000
   0.030    23    47     5     5     2     1     0.00000000
   0.030    23    48     5     5     3    -1     0.00000000
   0.030    23    49     5     3     2     1    -0.00000000
   0.030    23    50     5     3     3    -1    -0.00000000
   0.030    23    51     5     5     3     1    -0.00000000
   0.030    23    52     5     5     4    -1     0.00000000
   0.030    23    53     5     3     3     1    -0.00000000
   0.030    23    54     5     5     4     1    -0.00000000
   0.030    23    55     5     5     5    -1     0.00000000
   0.030    23    56     5     5     5     1     0.00000000
   0.030    23    57     6     6     0     1     0.00000000
   0.030    23    58     6     6     1    -1    -0.00000000
   0.030    23    59     6     4     0     1    -0.00000000
   0.030    23    60     6     4     1    -1    -0.00000000
   0.030    23    61     6     2     0     1     0.00000000
   0.030    23    62     6     2     1    -1     0.00000000
   0.030    23    63     6     0     0     1    -0.00000000
   0.030    23    64     6     6     1     1     0.00000000
   0.030    23    65     6     6     2    -1     0.00000000
   0.030    23    66     6     4     1     1    -0.00000000
   0.030    23    67     6     4     2    -1    -0.00000000
   0.030    23    68     6     2     1     1     0.00000000
   0.030    23    69     6     2     2    -1    -0.00000000
   0.030    23    70     6     6     2     1    -0.00728528
   0.030    23    71     6     6     3    -1    -0.00350382
   0.030    23    72     6     4     2     1    -0.00201699
   0.030    23    73     6     4     3    -1     0.00065785
   0.030    23    74     6     2     2     1    -0.00252840
   0.030    23    75     6     6     3     1    -0.00000000
   0.030    23    76     6     6     4    -1    -0.00000000
   0.030    23    77     6     4     3     1    -0.00000000
   0.030    23    78     6     4     4    -1    -0.00000000
   0.030    23    79     6     6     4     1     0.00000000
   0.030    23    80     6     6     5    -1     0.00000000
   0.030    23    81     6     4     4     1    -0.00000000
   0.030    23    82     6     6     5     1     0.00000000
   0.030    23    83     6     6     6    -1     0.00000000
   0.030    23    84     6     6     6     1    -0.00000000
   0.030    23    85     7     7     0     1     0.00000000
   0.030    23    86     7     7     1    -1     0.00000000
   0.030    23    87     7     5     0     1     0.00000000
   0.030    23    88     7     5     1    -1    -0.00000000
   0.030    23    89     7     3     0     1     0.00000000
   0.030    23    90     7     3     1    -1     0.00000000
   0.030    23    91     7     1     0     1    -0.00000000
   0.030    23    92     7     1     1    -1     0.00000000
   0.030    23    93     7     7     1     1    -0.00000000
   0.030    23    94     7     7     2    -1     0.00000000
   0.030    23    95     7     5     1     1     0.00000000
   0.030    23    96     7     5     2    -1    -0.00000000
   0.030    23    97     7     3     1     1     0.00000000
   0.030    23    98     7     3     2    -1     0.00000000
   0.030    23    99     7     1     1     1     0.00000000
   0.030    23   100     7     7     2     1    -0.00000000
   0.030    23   101     7     7     3    -1    -0.00000000
   0.030    23   102     7     5     2     1    -0.00000000
   0.030    23   103     7     5     3    -1    -0.00000000
   0.030    23   104     7     3     2     1    -0.00000000
   0.030    23   105     7     3     3    -1    -0.00000000
   0.030    23   106     7     7     3     1     0.00000000
   0.030    23   107     7     7     4    -1     0.00000000
   0.030    23   108     7     5     3     1    -0.00000000
   0.030    23   109     7     5     4    -1    -0.00000000
   0.030    23   110     7     3     3     1     0.00000000
   0.030    23   111     7     7     4     1     0.00000000
   0.030    23   112     7     7     5    -1    -0.00000000
   0.030    23   113     7     5     4     1     0.00000000
   0.030    23   114     7     5     5    -1    -0.00000000
   0.030    23   115     7     7     5     1     0.00000000
   0.030    23   116     7     7     6    -1     0.00000000
   0.030    23   117     7     5     5     1     0.00000000
   0.030    23   118     7     7     6     1     0.00000000
   0.030    23   119     7     7     7    -1     0.00000000
   0.030    23   120     7     7     7     1     0.00000000
   0.030    24     1     0     0     0     1     0.00000000
   0.030    24     2     1     1     0     1     0.00000000
   0.030    24     3     1     1     1    -1     0.00000000
   0.030    24     4     1     1     1     1     0.00000000
   0.030    24     5     2     2     0     1     0.00000000
   0.030    24     6     2     2     1    -1    -0.00000000
   0.030    24     7     2     0     0     1    -0.00000000
   0.030    24     8     2     2     1     1    -0.00000000
   0.030    24     9     2     2     2    -1     0.00000000
   0.030    24    10     2     2     2     1     0.00000000
   0.030    24    11     3     3     0     1    -0.00000000
   0.030    24    12     3     3     1    -1     0.00000000
   0.030    24    13     3     1     0     1    -0.00000000
   0.030    24    14     3     1     1    -1    -0.00000000
   0.030    24    15     3     3     1     1    -0.00000000
   0.030    24    16     3     3     2    -1     0.00000000
   0.030    24    17     3     1     1     1    -0.00000000
   0.030    24    18     3     3     2     1     0.00000000
   0.030    24    19     3     3     3    -1     0.00000000
   0.030    24    20     3     3     3     1     0.00000000
   0.030    24    21     4     4     0     1     0.00000000
   0.030    24    22     4     4     1    -1     0.00000000
   0.030    24    23     4     2     0     1    -0.00000000
   0.030    24    24     4     2     1    -1     0.00000000
   0.030    24    25     4     0     0     1    -0.00000000
   0.030    24    26     4     4     1     1     0.00000000
   0.030    24    27     4     4     2    -1     0.00000000
   0.030    24    28     4     2     1     1     0.00000000
   0.030    24    29     4     2     2    -1     0.00000000
   0.030    24    30     4     4     2     1    -0.00000000
   0.030    24    31     4     4     3    -1    -0.00000000
   0.030    24    32     4     2     2     1    -0.00000000
   0.030    24    33     4     4     3     1    -0.94921491
   0.030    24    34     4     4     4    -1    -0.31454561
   0.030    24    35     4     4     4     1    -0.00000000
   0.030    24    36     5     5     0     1    -0.00000000
   0.030    24    37     5     5     1    -1    -0.00000000
   0.030    24    38     5     3     0     1     0.00000000
   0.030    24    39     5     3     1    -1     0.00000000
   0.030    24    40     5     1     0     1     0.00000000
   0.030    24    41     5     1     1    -1     0.00000000
   0.030    24    42     5     5     1     1    -0.00000000
   0.030    24    43     5     5     2    -1    -0.00000000
   0.030    24    44     5     3     1     1     0.00000000
   0.030    24    45     5     3     2    -1     0.00000000
   0.030    24    46     5     1     1     1    -0.00000000
   0.030    24    47     5     5     2     1    -0.00000000
   0.030    24    48     5     5     3    -1    -0.00000000
   0.030    24    49     5     3     2     1     0.00000000
   0.030    24    50     5     3     3    -1     0.00000000
   0.030    24    51     5     5     3     1     0.00000000
   0.030    24    52     5     5     4    -1    -0.00000000
   0.030    24    53     5     3     3     1     0.00000000
   0.030    24    54     5     5     4     1    -0.00000000
   0.030    24    55     5     5     5    -1     0.00000000
   0.030    24    56     5     5     5     1     0.00000000
   0.030    24    57     6     6     0     1    -0.00000000
   0.030    24    58     6     6     1    -1    -0.00000000
   0.030    24    59     6     4     0     1    -0.00000000
   0.030    24    60     6     4     1    -1     0.00000000
   0.030    24    61     6     2     0     1    -0.00000000
   0.030    24    62     6     2     1    -1     0.00000000
   0.030    24    63     6     0     0     1    -0.00000000
   0.030    24    64     6     6     1     1    -0.00000000
   0.030    24    65     6     6     2    -1    -0.00000000
   0.030    24    66     6     4     1     1     0.00000000
   0.030    24    67     6     4     2    -1     0.00000000
   0.030    24    68     6     2     1     1    -0.00000000
   0.030    24    69     6     2     2    -1    -0.00000000
   0.030    24    70     6     6     2     1     0.00000000
   0.030    24    71     6     6     3    -1     0.00000000
   0.030    24    72     6     4     2     1    -0.00000000
   0.030    24    73     6     4     3    -1     0.00000000
   0.030    24    74     6     2     2     1     0.00000000
   0.030    24    75     6     6     3     1    -0.00620780
   0.030    24    76     6     6     4    -1    -0.00190658
   0.030    24    77     6     4     3     1     0.00213345
   0.030    24    78     6     4     4    -1     0.00232059
   0.030    24    79     6     6     4     1    -0.00000000
   0.030    24    80     6     6     5    -1    -0.00000000
   0.030    24    81     6     4     4     1     0.00000000
   0.030    24    82     6     6     5     1     0.00000000
   0.030    24    83     6     6     6    -1     0.00000000
   0.030    24    84     6     6     6     1     0.00000000
   0.030    24    85     7     7     0     1     0.00000000
   0.030    24    86     7     7     1    -1    -0.00000000
   0.030    24    87     7     5     0     1    -0.00000000
   0.030    24    88     7     5     1    -1    -0.00000000
   0.030    24    89     7     3     0     1     0.00000000
   0.030    24    90     7     3     1    -1     0.00000000
   0.030    24    91     7     1     0     1     0.00000000
   0.030    24    92     7     1     1    -1    -0.00000000
   0.030    24    93     7     7     1     1    -0.00000000
   0.030    24    94     7     7     2    -1     0.00000000
   0.030    24    95     7     5     1     1    -0.00000000
   0.030    24    96     7     5     2    -1    -0.00000000
   0.030    24    97     7     3     1     1     0.00000000
   0.030    24    98     7     3     2    -1    -0.00000000
   0.030    24    99     7     1     1     1     0.00000000
   0.030    24   100     7     7     2     1    -0.00000000
   0.030    24   101     7     7     3    -1     0.00000000
   0.030    24   102     7     5     2     1     0.00000000
   0.030    24   103     7     5     3    -1    -0.00000000
   0.030    24   104     7     3     2     1    -0.00000000
   0.030    24   105     7     3     3    -1    -0.00000000
   0.030    24   106     7     7     3     1    -0.00000000
   0.030    24   107     7     7     4    -1    -0.00000000
   0.030    24   108     7     5     3     1     0.00000000
   0.030    24   109     7     5     4    -1     0.00000000
   0.030    24   110     7     3     3     1     0.00000000
   0.030    24   111     7     7     4     1    -0.00000000
   0.030    24   112     7     7     5    -1    -0.00000000
   0.030    24   113     7     5     4     1     0.00000000
   0.030    24   114     7     5     5    -1    -0.00000000
   0.030    24   115     7     7     5     1     0.00000000
   0.030    24   116     7     7     6    -1     0.00000000
   0.030    24   117     7     5     5     1     0.00000000
   0.030    24   118     7     7     6     1     0.00000000
   0.030    24   119     7     7     7    -1     0.00000000
   0.030    24   120     7     7     7     1     0.00000000
   0.030    25     1     0     0     0     1    -0.00000000
   0.030    25     2     1     1     0     1     0.00000000
   0.030    25     3     1     1     1    -1    -0.00000000
   0.030    25     4     1     1     1     1     0.00000000
   0.030    25     5     2     2     0     1    -0.00000000
   0.030    25     6     2     2     1    -1    -0.00000000
   0.030    25     7     2     0     0     1     0.00000000
   0.030    25     8     2     2     1     1     0.00000000
   0.030    25     9     2     2     2    -1     0.00000000
   0.030    25    10     2     2     2     1    -0.00000000
   0.030    25    11     3     3     0     1    -0.00000000
   0.030    25    12     3     3     1    -1     0.00000000
   0.030    25    13     3     1     0     1    -0.00000000
   0.030    25    14     3     1     1    -1     0.00000000
   0.030    25    15     3     3     1     1     0.00000000
   0.030    25    16     3     3     2    -1    -0.00000000
   0.030    25    17     3     1     1     1     0.00000000
   0.030    25    18     3     3     2     1     0.00000000
   0.030    25    19     3     3     3    -1    -0.00000000
   0.030    25    20     3     3     3     1     0.00000000
   0.030    25    21     4     4     0     1     0.00000000
   0.030    25    22     4     4     1    -1     0.00000000
   0.030    25    23     4     2     0     1     0.00000000
   0.030    25    24     4     2     1    -1    -0.00000000
   0.030    25    25     4     0     0     1     0.00000000
   0.030    25    26     4     4     1     1     0.00000000
   0.030    25    27     4     4     2    -1     0.00000000
   0.030    25    28     4     2     1     1     0.00000000
   0.030    25    29     4     2     2    -1    -0.00000000
   0.030    25    30     4     4     2     1     0.00000000
   0.030    25    31     4     4     3    -1     0.00000000
   0.030    25    32     4     2     2     1     0.00000000
   0.030    25    33     4     4     3     1    -0.00000000
   0.030    25    34     4     4     4    -1    -0.00000000
   0.030    25    35     4     4     4     1     0.99995512
   0.030    25    36     5     5     0     1    -0.00000000
   0.030    25    37     5     5     1    -1    -0.00000000
   0.030    25    38     5     3     0     1     0.00000000
   0.030    25    39     5     3     1    -1     0.00000000
   0.030    25    40     5     1     0     1    -0.00000000
   0.030    25    41     5     1     1    -1    -0.00000000
   0.030    25    42     5     5     1     1     0.00000000
   0.030    25    43     5     5     2    -1     0.00000000
   0.030    25    44     5     3     1     1     0.00000000
   0.030    25    45     5     3     2    -1     0.00000000
   0.030    25    46     5     1     1     1    -0.00000000
   0.030    25    47     5     5     2     1    -0.00000000
   0.030    25    48     5     5     3    -1     0.00000000
   0.030    25    49     5     3     2     1    -0.00000000
   0.030    25    50     5     3     3    -1    -0.00000000
   0.030    25    51     5     5     3     1     0.00000000
   0.030    25    52     5     5     4    -1    -0.00000000
   0.030    25    53     5     3     3     1     0.00000000
   0.030    25    54     5     5     4     1    -0.00000000
   0.030    25    55     5     5     5    -1    -0.00000000
   0.030    25    56     5     5     5     1     0.00000000
   0.030    25    57     6     6     0     1    -0.00000000
   0.030    25    58     6     6     1    -1    -0.00000000
   0.030    25    59     6     4     0     1     0.00000000
   0.030    25    60     6     4     1    -1    -0.00000000
   0.030    25    61     6     2     0     1     0.00000000
   0.030    25    62     6     2     1    -1    -0.00000000
   0.030    25    63     6     0     0     1     0.00000000
   0.030    25    64     6     6     1     1    -0.00000000
   0.030    25    65     6     6     2    -1     0.00000000
   0.030    25    66     6     4     1     1     0.00000000
   0.030    25    67     6     4     2    -1    -0.00000000
   0.030    25    68     6     2     1     1     0.00000000
   0.030    25    69     6     2     2    -1    -0.00000000
   0.030    25    70     6     6     2     1     0.00000000
   0.030    25    71     6     6     3    -1     0.00000000
   0.030    25    72     6     4     2     1    -0.00000000
   0.030    25    73     6     4     3    -1     0.00000000
   0.030    25    74     6     2     2     1    -0.00000000
   0.030    25    75     6     6     3     1    -0.00000000
   0.030    25    76     6     6     4    -1    -0.00000000
   0.030    25    77     6     4     3     1     0.00000000
   0.030    25    78     6     4     4    -1     0.00000000
   0.030    25    79     6     6     4     1     0.00422668
   0.030    25    80     6     6     5    -1     0.00050949
   0.030    25    81     6     4     4     1    -0.00846366
   0.030    25    82     6     6     5     1    -0.00000000
   0.030    25    83     6     6     6    -1    -0.00000000
   0.030    25    84     6     6     6     1     0.00000000
   0.030    25    85     7     7     0     1    -0.00000000
   0.030    25    86     7     7     1    -1     0.00000000
   0.030    25    87     7     5     0     1    -0.00000000
   0.030    25    88     7     5     1    -1     0.00000000
   0.030    25    89     7     3     0     1    -0.00000000
   0.030    25    90     7     3     1    -1     0.00000000
   0.030    25    91     7     1     0     1    -0.00000000
   0.030    25    92     7     1     1    -1    -0.00000000
   0.030    25    93     7     7     1     1     0.00000000
   0.030    25    94     7     7     2    -1    -0.00000000
   0.030    25    95     7     5     1     1    -0.00000000
   0.030    25    96     7     5     2    -1    -0.00000000
   0.030    25    97     7     3     1     1    -0.00000000
   0.030    25    98     7     3     2    -1     0.00000000
   0.030    25    99     7     1     1     1     0.00000000
   0.030    25   100     7     7     2     1    -0.00000000
   0.030    25   101     7     7     3    -1     0.00000000
   0.030    25   102     7     5     2     1    -0.00000000
   0.030    25   103     7     5     3    -1    -0.00000000
   0.030    25   104     7     3     2     1    -0.00000000
   0.030    25   105     7     3     3    -1     0.00000000
   0.030    25   106     7     7     3     1     0.00000000
   0.030    25   107     7     7     4    -1     0.00000000
   0.030    25   108     7     5     3     1     0.00000000
   0.030    25   109     7     5     4    -1     0.00000000
   0.030    25   110     7     3     3     1    -0.00000000
   0.030    25   111     7     7     4     1    -0.00000000
   0.030    25   112     7     7     5    -1    -0.00000000
   0.030    25   113     7     5     4     1    -0.00000000
   0.030    25   114     7     5     5    -1    -0.00000000
   0.030    25   115     7     7     5     1     0.00000000
   0.030    25   116     7     7     6    -1     0.00000000
   0.030    25   117     7     5     5     1     0.00000000
   0.030    25   118     7     7     6     1     0.00000000
   0.030    25   119     7     7     7    -1     0.00000000
   0.030    25   120     7     7     7     1     0.00000000
   0.030    26     1     0     0     0     1     0.00001261
   0.030    26     2     1     1     0     1     0.00000000
   0.030    26     3     1     1     1    -1    -0.00000000
   0.030    26     4     1     1     1     1    -0.00000000
   0.030    26     5     2     2     0     1    -0.00471628
   0.030    26     6     2     2     1    -1    -0.00156783
   0.030    26     7     2     0     0     1    -0.00934588
   0.030    26     8     2     2     1     1    -0.00000000
   0.030    26     9     2     2     2    -1     0.00000000
   0.030    26    10     2     2     2     1     0.00000000
   0.030    26    11     3     3     0     1    -0.00000000
   0.030    26    12     3     3     1    -1    -0.00000000
   0.030    26    13     3     1     0     1     0.00000000
   0.030    26    14     3     1     1    -1    -0.00000000
   0.030    26    15     3     3     1     1    -0.00000000
   0.030    26    16     3     3     2    -1    -0.00000000
   0.030    26    17     3     1     1     1    -0.00000000
   0.030    26    18     3     3     2     1    -0.00000000
   0.030    26    19     3     3     3    -1    -0.00000000
   0.030    26    20     3     3     3     1    -0.00000000
   0.030    26    21     4     4     0     1     0.00025325
   0.030    26    22     4     4     1    -1    -0.00092149
   0.030    26    23     4     2     0     1     0.79335834
   0.030    26    24     4     2     1    -1     0.60842011
   0.030    26    25     4     0     0     1     0.00054239
   0.030    26    26     4     4     1     1    -0.00000000
   0.030    26    27     4     4     2    -1     0.00000000
   0.030    26    28     4     2     1     1     0.00000000
   0.030    26    29     4     2     2    -1     0.00000000
   0.030    26    30     4     4     2     1    -0.00000000
   0.030    26    31     4     4     3    -1     0.00000000
   0.030    26    32     4     2     2     1     0.00000000
   0.030    26    33     4     4     3     1     0.00000000
   0.030    26    34     4     4     4    -1    -0.00000000
   0.030    26    35     4     4     4     1    -0.00000000
   0.030    26    36     5     5     0     1     0.00000000
   0.030    26    37     5     5     1    -1    -0.00000000
   0.030    26    38     5     3     0     1    -0.00000000
   0.030    26    39     5     3     1    -1    -0.00000000
   0.030    26    40     5     1     0     1     0.00000000
   0.030    26    41     5     1     1    -1    -0.00000000
   0.030    26    42     5     5     1     1    -0.00000000
   0.030    26    43     5     5     2    -1     0.00000000
   0.030    26    44     5     3     1     1     0.00000000
   0.030    26    45     5     3     2    -1    -0.00000000
   0.030    26    46     5     1     1     1     0.00000000
   0.030    26    47     5     5     2     1     0.00000000
   0.030    26    48     5     5     3    -1    -0.00000000
   0.030    26    49     5     3     2     1     0.00000000
   0.030    26    50     5     3     3    -1    -0.00000000
   0.030    26    51     5     5     3     1    -0.00000000
   0.030    26    52     5     5     4    -1    -0.00000000
   0.030    26    53     5     3     3     1    -0.00000000
   0.030    26    54     5     5     4     1    -0.00000000
   0.030    26    55     5     5     5    -1     0.00000000
   0.030    26    56     5     5     5     1     0.00000000
   0.030    26    57     6     6     0     1     0.00000041
   0.030    26    58     6     6     1    -1    -0.00000902
   0.030    26    59     6     4     0     1     0.01087119
   0.030    26    60     6     4     1    -1     0.00801515
   0.030    26    61     6     2     0     1     0.00670202
   0.030    26    62     6     2     1    -1     0.00279704
   0.030    26    63     6     0     0     1     0.00768719
   0.030    26    64     6     6     1     1     0.00000000
   0.030    26    65     6     6     2    -1     0.00000000
   0.030    26    66     6     4     1     1    -0.00000000
   0.030    26    67     6     4     2    -1    -0.00000000
   0.030    26    68     6     2     1     1    -0.00000000
   0.030    26    69     6     2     2    -1    -0.00000000
   0.030    26    70     6     6     2     1     0.00000000
   0.030    26    71     6     6     3    -1     0.00000000
   0.030    26    72     6     4     2     1    -0.00000000
   0.030    26    73     6     4     3    -1    -0.00000000
   0.030    26    74     6     2     2     1    -0.00000000
   0.030    26    75     6     6     3     1     0.00000000
   0.030    26    76     6     6     4    -1    -0.00000000
   0.030    26    77     6     4     3     1     0.00000000
   0.030    26    78     6     4     4    -1    -0.00000000
   0.030    26    79     6     6     4     1     0.00000000
   0.030    26    80     6     6     5    -1     0.00000000
   0.030    26    81     6     4     4     1     0.00000000
   0.030    26    82     6     6     5     1    -0.00000000
   0.030    26    83     6     6     6    -1    -0.00000000
   0.030    26    84     6     6     6     1    -0.00000000
   0.030    26    85     7     7     0     1     0.00000000
   0.030    26    86     7     7     1    -1     0.00000000
   0.030    26    87     7     5     0     1     0.00000000
   0.030    26    88     7     5     1    -1     0.00000000
   0.030    26    89     7     3     0     1     0.00000000
   0.030    26    90     7     3     1    -1     0.00000000
   0.030    26    91     7     1     0     1     0.00000000
   0.030    26    92     7     1     1    -1     0.00000000
   0.030    26    93     7     7     1     1     0.00000000
   0.030    26    94     7     7     2    -1     0.00000000
   0.030    26    95     7     5     1     1    -0.00000000
   0.030    26    96     7     5     2    -1    -0.00000000
   0.030    26    97     7     3     1     1     0.00000000
   0.030    26    98     7     3     2    -1     0.00000000
   0.030    26    99     7     1     1     1    -0.00000000
   0.030    26   100     7     7     2     1    -0.00000000
   0.030    26   101     7     7     3    -1    -0.00000000
   0.030    26   102     7     5     2     1     0.00000000
   0.030    26   103     7     5     3    -1    -0.00000000
   0.030    26   104     7     3     2     1     0.00000000
   0.030    26   105     7     3     3    -1     0.00000000
   0.030    26   106     7     7     3     1    -0.00000000
   0.030    26   107     7     7     4    -1    -0.00000000
   0.030    26   108     7     5     3     1     0.00000000
   0.030    26   109     7     5     4    -1    -0.00000000
   0.030    26   110     7     3     3     1    -0.00000000
   0.030    26   111     7     7     4     1    -0.00000000
   0.030    26   112     7     7     5    -1    -0.00000000
   0.030    26   113     7     5     4     1    -0.00000000
   0.030    26   114     7     5     5    -1    -0.00000000
   0.030    26   115     7     7     5     1     0.00000000
   0.030    26   116     7     7     6    -1     0.00000000
   0.030    26   117     7     5     5     1     0.00000000
   0.030    26   118     7     7     6     1     0.00000000
   0.030    26   119     7     7     7    -1     0.00000000
   0.030    26   120     7     7     7     1     0.00000000
   0.030    27     1     0     0     0     1     0.00000000
   0.030    27     2     1     1     0     1     0.00000000
   0.030    27     3     1     1     1    -1     0.00000000
   0.030    27     4     1     1     1     1     0.00000000
   0.030    27     5     2     2     0     1    -0.00000000
   0.030    27     6     2     2     1    -1     0.00000000
   0.030    27     7     2     0     0     1     0.00000000
   0.030    27     8     2     2     1     1    -0.00286657
   0.030    27     9     2     2     2    -1     0.00270226
   0.030    27    10     2     2     2     1    -0.00000000
   0.030    27    11     3     3     0     1     0.00000000
   0.030    27    12     3     3     1    -1    -0.00000000
   0.030    27    13     3     1     0     1    -0.00000000
   0.030    27    14     3     1     1    -1     0.00000000
   0.030    27    15     3     3     1     1    -0.00000000
   0.030    27    16     3     3     2    -1     0.00000000
   0.030    27    17     3     1     1     1    -0.00000000
   0.030    27    18     3     3     2     1     0.00000000
   0.030    27    19     3     3     3    -1    -0.00000000
   0.030    27    20     3     3     3     1    -0.00000000
   0.030    27    21     4     4     0     1     0.00000000
   0.030    27    22     4     4     1    -1    -0.00000000
   0.030    27    23     4     2     0     1    -0.00000000
   0.030    27    24     4     2     1    -1    -0.00000000
   0.030    27    25     4     0     0     1    -0.00000000
   0.030    27    26     4     4     1     1     0.00089274
   0.030    27    27     4     4     2    -1    -0.00177304
   0.030    27    28     4     2     1     1     0.92244092
   0.030    27    29     4     2     2    -1     0.38589454
   0.030    27    30     4     4     2     1    -0.00000000
   0.030    27    31     4     4     3    -1     0.00000000
   0.030    27    32     4     2     2     1     0.00000000
   0.030    27    33     4     4     3     1     0.00000000
   0.030    27    34     4     4     4    -1    -0.00000000
   0.030    27    35     4     4     4     1     0.00000000
   0.030    27    36     5     5     0     1    -0.00000000
   0.030    27    37     5     5     1    -1     0.00000000
   0.030    27    38     5     3     0     1     0.00000000
   0.030    27    39     5     3     1    -1     0.00000000
   0.030    27    40     5     1     0     1    -0.00000000
   0.030    27    41     5     1     1    -1     0.00000000
   0.030    27    42     5     5     1     1     0.00000000
   0.030    27    43     5     5     2    -1    -0.00000000
   0.030    27    44     5     3     1     1     0.00000000
   0.030    27    45     5     3     2    -1    -0.00000000
   0.030    27    46     5     1     1     1     0.00000000
   0.030    27    47     5     5     2     1    -0.00000000
   0.030    27    48     5     5     3    -1    -0.00000000
   0.030    27    49     5     3     2     1    -0.00000000
   0.030    27    50     5     3     3    -1    -0.00000000
   0.030    27    51     5     5     3     1     0.00000000
   0.030    27    52     5     5     4    -1     0.00000000
   0.030    27    53     5     3     3     1    -0.00000000
   0.030    27    54     5     5     4     1     0.00000000
   0.030    27    55     5     5     5    -1     0.00000000
   0.030    27    56     5     5     5     1     0.00000000
   0.030    27    57     6     6     0     1     0.00000000
   0.030    27    58     6     6     1    -1     0.00000000
   0.030    27    59     6     4     0     1     0.00000000
   0.030    27    60     6     4     1    -1     0.00000000
   0.030    27    61     6     2     0     1    -0.00000000
   0.030    27    62     6     2     1    -1    -0.00000000
   0.030    27    63     6     0     0     1     0.00000000
   0.030    27    64     6     6     1     1     0.00000609
   0.030    27    65     6     6     2    -1    -0.00001383
   0.030    27    66     6     4     1     1     0.01136959
   0.030    27    67     6     4     2    -1     0.00420122
   0.030    27    68     6     2     1     1     0.00374987
   0.030    27    69     6     2     2    -1    -0.00277767
   0.030    27    70     6     6     2     1     0.00000000
   0.030    27    71     6     6     3    -1     0.00000000
   0.030    27    72     6     4     2     1    -0.00000000
   0.030    27    73     6     4     3    -1     0.00000000
   0.030    27    74     6     2     2     1     0.00000000
   0.030    27    75     6     6     3     1    -0.00000000
   0.030    27    76     6     6     4    -1     0.00000000
   0.030    27    77     6     4     3     1     0.00000000
   0.030    27    78     6     4     4    -1    -0.00000000
   0.030    27    79     6     6     4     1    -0.00000000
   0.030    27    80     6     6     5    -1    -0.00000000
   0.030    27    81     6     4     4     1    -0.00000000
   0.030    27    82     6     6     5     1    -0.00000000
   0.030    27    83     6     6     6    -1    -0.00000000
   0.030    27    84     6     6     6     1     0.00000000
   0.030    27    85     7     7     0     1    -0.00000000
   0.030    27    86     7     7     1    -1     0.00000000
   0.030    27    87     7     5     0     1     0.00000000
   0.030    27    88     7     5     1    -1     0.00000000
   0.030    27    89     7     3     0     1    -0.00000000
   0.030    27    90     7     3     1    -1     0.00000000
   0.030    27    91     7     1     0     1    -0.00000000
   0.030    27    92     7     1     1    -1    -0.00000000
   0.030    27    93     7     7     1     1    -0.00000000
   0.030    27    94     7     7     2    -1     0.00000000
   0.030    27    95     7     5     1     1    -0.00000000
   0.030    27    96     7     5     2    -1    -0.00000000
   0.030    27    97     7     3     1     1     0.00000000
   0.030    27    98     7     3     2    -1    -0.00000000
   0.030    27    99     7     1     1     1    -0.00000000
   0.030    27   100     7     7     2     1     0.00000000
   0.030    27   101     7     7     3    -1     0.00000000
   0.030    27   102     7     5     2     1    -0.00000000
   0.030    27   103     7     5     3    -1    -0.00000000
   0.030    27   104     7     3     2     1    -0.00000000
   0.030    27   105     7     3     3    -1     0.00000000
   0.030    27   106     7     7     3     1    -0.00000000
   0.030    27   107     7     7     4    -1    -0.00000000
   0.030    27   108     7     5     3     1     0.00000000
   0.030    27   109     7     5     4    -1    -0.00000000
   0.030    27   110     7     3     3     1     0.00000000
   0.030    27   111     7     7     4     1    -0.00000000
   0.030    27   112     7     7     5    -1    -0.00000000
   0.030    27   113     7     5     4     1    -0.00000000
   0.030    27   114     7     5     5    -1    -0.00000000
   0.030    27   115     7     7     5     1     0.00000000
   0.030    27   116     7     7     6    -1     0.00000000
   0.030    27   117     7     5     5     1     0.00000000
   0.030    27   118     7     7     6     1     0.00000000
   0.030    27   119     7     7     7    -1     0.00000000
   0.030    27   120     7     7     7     1     0.00000000
   0.030    28     1     0     0     0     1    -0.00001214
   0.030    28     2     1     1     0     1     0.00000000
   0.030    28     3     1     1     1    -1    -0.00000000
   0.030    28     4     1     1     1     1    -0.00000000
   0.030    28     5     2     2     0     1     0.00458084
   0.030    28     6     2     2     1    -1    -0.00485764
   0.030    28     7     2     0     0     1    -0.00000430
   0.030    28     8     2     2     1     1    -0.00000000
   0.030    28     9     2     2     2    -1     0.00000000
   0.030    28    10     2     2     2     1    -0.00000000
   0.030    28    11     3     3     0     1    -0.00000000
   0.030    28    12     3     3     1    -1     0.00000000
   0.030    28    13     3     1     0     1    -0.00000000
   0.030    28    14     3     1     1    -1     0.00000000
   0.030    28    15     3     3     1     1     0.00000000
   0.030    28    16     3     3     2    -1    -0.00000000
   0.030    28    17     3     1     1     1    -0.00000000
   0.030    28    18     3     3     2     1    -0.00000000
   0.030    28    19     3     3     3    -1    -0.00000000
   0.030    28    20     3     3     3     1    -0.00000000
   0.030    28    21     4     4     0     1    -0.66305472
   0.030    28    22     4     4     1    -1     0.74845752
   0.030    28    23     4     2     0     1     0.00037236
   0.030    28    24     4     2     1    -1     0.00099239
   0.030    28    25     4     0     0     1    -0.00018281
   0.030    28    26     4     4     1     1    -0.00000000
   0.030    28    27     4     4     2    -1     0.00000000
   0.030    28    28     4     2     1     1     0.00000000
   0.030    28    29     4     2     2    -1     0.00000000
   0.030    28    30     4     4     2     1    -0.00000000
   0.030    28    31     4     4     3    -1     0.00000000
   0.030    28    32     4     2     2     1     0.00000000
   0.030    28    33     4     4     3     1     0.00000000
   0.030    28    34     4     4     4    -1     0.00000000
   0.030    28    35     4     4     4     1    -0.00000000
   0.030    28    36     5     5     0     1     0.00000000
   0.030    28    37     5     5     1    -1    -0.00000000
   0.030    28    38     5     3     0     1     0.00000000
   0.030    28    39     5     3     1    -1     0.00000000
   0.030    28    40     5     1     0     1    -0.00000000
   0.030    28    41     5     1     1    -1     0.00000000
   0.030    28    42     5     5     1     1    -0.00000000
   0.030    28    43     5     5     2    -1     0.00000000
   0.030    28    44     5     3     1     1    -0.00000000
   0.030    28    45     5     3     2    -1     0.00000000
   0.030    28    46     5     1     1     1    -0.00000000
   0.030    28    47     5     5     2     1    -0.00000000
   0.030    28    48     5     5     3    -1     0.00000000
   0.030    28    49     5     3     2     1    -0.00000000
   0.030    28    50     5     3     3    -1    -0.00000000
   0.030    28    51     5     5     3     1     0.00000000
   0.030    28    52     5     5     4    -1     0.00000000
   0.030    28    53     5     3     3     1     0.00000000
   0.030    28    54     5     5     4     1    -0.00000000
   0.030    28    55     5     5     5    -1    -0.00000000
   0.030    28    56     5     5     5     1     0.00000000
   0.030    28    57     6     6     0     1    -0.00565726
   0.030    28    58     6     6     1    -1     0.00619233
   0.030    28    59     6     4     0     1    -0.00415287
   0.030    28    60     6     4     1    -1     0.00381461
   0.030    28    61     6     2     0     1    -0.00331061
   0.030    28    62     6     2     1    -1     0.00330652
   0.030    28    63     6     0     0     1     0.00000366
   0.030    28    64     6     6     1     1    -0.00000000
   0.030    28    65     6     6     2    -1    -0.00000000
   0.030    28    66     6     4     1     1     0.00000000
   0.030    28    67     6     4     2    -1     0.00000000
   0.030    28    68     6     2     1     1     0.00000000
   0.030    28    69     6     2     2    -1     0.00000000
   0.030    28    70     6     6     2     1     0.00000000
   0.030    28    71     6     6     3    -1    -0.00000000
   0.030    28    72     6     4     2     1    -0.00000000
   0.030    28    73     6     4     3    -1     0.00000000
   0.030    28    74     6     2     2     1     0.00000000
   0.030    28    75     6     6     3     1    -0.00000000
   0.030    28    76     6     6     4    -1     0.00000000
   0.030    28    77     6     4     3     1    -0.00000000
   0.030    28    78     6     4     4    -1    -0.00000000
   0.030    28    79     6     6     4     1    -0.00000000
   0.030    28    80     6     6     5    -1    -0.00000000
   0.030    28    81     6     4     4     1     0.00000000
   0.030    28    82     6     6     5     1    -0.00000000
   0.030    28    83     6     6     6    -1    -0.00000000
   0.030    28    84     6     6     6     1     0.00000000
   0.030    28    85     7     7     0     1    -0.00000000
   0.030    28    86     7     7     1    -1    -0.00000000
   0.030    28    87     7     5     0     1     0.00000000
   0.030    28    88     7     5     1    -1     0.00000000
   0.030    28    89     7     3     0     1    -0.00000000
   0.030    28    90     7     3     1    -1     0.00000000
   0.030    28    91     7     1     0     1    -0.00000000
   0.030    28    92     7     1     1    -1     0.00000000
   0.030    28    93     7     7     1     1     0.00000000
   0.030    28    94     7     7     2    -1     0.00000000
   0.030    28    95     7     5     1     1    -0.00000000
   0.030    28    96     7     5     2    -1     0.00000000
   0.030    28    97     7     3     1     1    -0.00000000
   0.030    28    98     7     3     2    -1     0.00000000
   0.030    28    99     7     1     1     1    -0.00000000
   0.030    28   100     7     7     2     1     0.00000000
   0.030    28   101     7     7     3    -1     0.00000000
   0.030    28   102     7     5     2     1    -0.00000000
   0.030    28   103     7     5     3    -1     0.00000000
   0.030    28   104     7     3     2     1    -0.00000000
   0.030    28   105     7     3     3    -1    -0.00000000
   0.030    28   106     7     7     3     1    -0.00000000
   0.030    28   107     7     7     4    -1    -0.00000000
   0.030    28   108     7     5     3     1     0.00000000
   0.030    28   109     7     5     4    -1    -0.00000000
   0.030    28   110     7     3     3     1    -0.00000000
   0.030    28   111     7     7     4     1     0.00000000
   0.030    28   112     7     7     5    -1     0.00000000
   0.030    28   113     7     5     4     1     0.00000000
   0.030    28   114     7     5     5    -1     0.00000000
   0.030    28   115     7     7     5     1     0.00000000
   0.030    28   116     7     7     6    -1     0.00000000
   0.030    28   117     7     5     5     1     0.00000000
   0.030    28   118     7     7     6     1     0.00000000
   0.030    28   119     7     7     7    -1     0.00000000
   0.030    28   120     7     7     7     1     0.00000000
   0.030    29     1     0     0     0     1     0.00000000
   0.030    29     2     1     1     0     1     0.00000000
   0.030    29     3     1     1     1    -1     0.00000000
   0.030    29     4     1     1     1     1    -0.00000000
   0.030    29     5     2     2     0     1     0.00000000
   0.030    29     6     2     2     1    -1    -0.00000000
   0.030    29     7     2     0     0     1    -0.00000000
   0.030    29     8     2     2     1     1    -0.00342769
   0.030    29     9     2     2     2    -1     0.00387460
   0.030    29    10     2     2     2     1     0.00000000
   0.030    29    11     3     3     0     1    -0.00000000
   0.030    29    12     3     3     1    -1     0.00000000
   0.030    29    13     3     1     0     1     0.00000000
   0.030    29    14     3     1     1    -1    -0.00000000
   0.030    29    15     3     3     1     1     0.00000000
   0.030    29    16     3     3     2    -1    -0.00000000
   0.030    29    17     3     1     1     1    -0.00000000
   0.030    29    18     3     3     2     1     0.00000000
   0.030    29    19     3     3     3    -1    -0.00000000
   0.030    29    20     3     3     3     1     0.00000000
   0.030    29    21     4     4     0     1    -0.00000000
   0.030    29    22     4     4     1    -1     0.00000000
   0.030    29    23     4     2     0     1     0.00000000
   0.030    29    24     4     2     1    -1     0.00000000
   0.030    29    25     4     0     0     1    -0.00000000
   0.030    29    26     4     4     1     1     0.56631935
   0.030    29    27     4     4     2    -1    -0.82411487
   0.030    29    28     4     2     1     1    -0.00180024
   0.030    29    29     4     2     2    -1    -0.00096549
   0.030    29    30     4     4     2     1     0.00000000
   0.030    29    31     4     4     3    -1    -0.00000000
   0.030    29    32     4     2     2     1     0.00000000
   0.030    29    33     4     4     3     1     0.00000000
   0.030    29    34     4     4     4    -1    -0.00000000
   0.030    29    35     4     4     4     1     0.00000000
   0.030    29    36     5     5     0     1    -0.00000000
   0.030    29    37     5     5     1    -1     0.00000000
   0.030    29    38     5     3     0     1     0.00000000
   0.030    29    39     5     3     1    -1     0.00000000
   0.030    29    40     5     1     0     1    -0.00000000
   0.030    29    41     5     1     1    -1    -0.00000000
   0.030    29    42     5     5     1     1    -0.00000000
   0.030    29    43     5     5     2    -1     0.00000000
   0.030    29    44     5     3     1     1    -0.00000000
   0.030    29    45     5     3     2    -1     0.00000000
   0.030    29    46     5     1     1     1    -0.00000000
   0.030    29    47     5     5     2     1    -0.00000000
   0.030    29    48     5     5     3    -1     0.00000000
   0.030    29    49     5     3     2     1     0.00000000
   0.030    29    50     5     3     3    -1     0.00000000
   0.030    29    51     5     5     3     1    -0.00000000
   0.030    29    52     5     5     4    -1    -0.00000000
   0.030    29    53     5     3     3     1    -0.00000000
   0.030    29    54     5     5     4     1     0.00000000
   0.030    29    55     5     5     5    -1     0.00000000
   0.030    29    56     5     5     5     1     0.00000000
   0.030    29    57     6     6     0     1     0.00000000
   0.030    29    58     6     6     1    -1     0.00000000
   0.030    29    59     6     4     0     1     0.00000000
   0.030    29    60     6     4     1    -1     0.00000000
   0.030    29    61     6     2     0     1    -0.00000000
   0.030    29    62     6     2     1    -1     0.00000000
   0.030    29    63     6     0     0     1    -0.00000000
   0.030    29    64     6     6     1     1     0.00465738
   0.030    29    65     6     6     2    -1    -0.00612996
   0.030    29    66     6     4     1     1     0.00323527
   0.030    29    67     6     4     2    -1    -0.00180673
   0.030    29    68     6     2     1     1     0.00265861
   0.030    29    69     6     2     2    -1    -0.00246636
   0.030    29    70     6     6     2     1    -0.00000000
   0.030    29    71     6     6     3    -1    -0.00000000
   0.030    29    72     6     4     2     1     0.00000000
   0.030    29    73     6     4     3    -1     0.00000000
   0.030    29    74     6     2     2     1    -0.00000000
   0.030    29    75     6     6     3     1    -0.00000000
   0.030    29    76     6     6     4    -1     0.00000000
   0.030    29    77     6     4     3     1     0.00000000
   0.030    29    78     6     4     4    -1    -0.00000000
   0.030    29    79     6     6     4     1     0.00000000
   0.030    29    80     6     6     5    -1    -0.00000000
   0.030    29    81     6     4     4     1    -0.00000000
   0.030    29    82     6     6     5     1    -0.00000000
   0.030    29    83     6     6     6    -1    -0.00000000
   0.030    29    84     6     6     6     1    -0.00000000
   0.030    29    85     7     7     0     1     0.00000000
   0.030    29    86     7     7     1    -1     0.00000000
   0.030    29    87     7     5     0     1    -0.00000000
   0.030    29    88     7     5     1    -1    -0.00000000
   0.030    29    89     7     3     0     1     0.00000000
   0.030    29    90     7     3     1    -1    -0.00000000
   0.030    29    91     7     1     0     1     0.00000000
   0.030    29    92     7     1     1    -1     0.00000000
   0.030    29    93     7     7     1     1     0.00000000
   0.030    29    94     7     7     2    -1    -0.00000000
   0.030    29    95     7     5     1     1    -0.00000000
   0.030    29    96     7     5     2    -1     0.00000000
   0.030    29    97     7     3     1     1    -0.00000000
   0.030    29    98     7     3     2    -1     0.00000000
   0.030    29    99     7     1     1     1     0.00000000
   0.030    29   100     7     7     2     1    -0.00000000
   0.030    29   101     7     7     3    -1    -0.00000000
   0.030    29   102     7     5     2     1     0.00000000
   0.030    29   103     7     5     3    -1     0.00000000
   0.030    29   104     7     3     2     1    -0.00000000
   0.030    29   105     7     3     3    -1    -0.00000000
   0.030    29   106     7     7     3     1     0.00000000
   0.030    29   107     7     7     4    -1     0.00000000
   0.030    29   108     7     5     3     1    -0.00000000
   0.030    29   109     7     5     4    -1     0.00000000
   0.030    29   110     7     3     3     1    -0.00000000
   0.030    29   111     7     7     4     1    -0.00000000
   0.030    29   112     7     7     5    -1    -0.00000000
   0.030    29   113     7     5     4     1    -0.00000000
   0.030    29   114     7     5     5    -1    -0.00000000
   0.030    29   115     7     7     5     1     0.00000000
   0.030    29   116     7     7     6    -1     0.00000000
   0.030    29   117     7     5     5     1     0.00000000
   0.030    29   118     7     7     6     1     0.00000000
   0.030    29   119     7     7     7    -1     0.00000000
   0.030    29   120     7     7     7     1     0.00000000
   0.030    30     1     0     0     0     1    -0.00000000
   0.030    30     2     1     1     0     1    -0.00000000
   0.030    30     3     1     1     1    -1     0.00000000
   0.030    30     4     1     1     1     1     0.00000000
   0.030    30     5     2     2     0     1    -0.00000000
   0.030    30     6     2     2     1    -1    -0.00000000
   0.030    30     7     2     0     0     1    -0.00000000
   0.030    30     8     2     2     1     1    -0.00000000
   0.030    30     9     2     2     2    -1     0.00000000
   0.030    30    10     2     2     2     1     0.00569336
   0.030    30    11     3     3     0     1    -0.00000000
   0.030    30    12     3     3     1    -1    -0.00000000
   0.030    30    13     3     1     0     1     0.00000000
   0.030    30    14     3     1     1    -1     0.00000000
   0.030    30    15     3     3     1     1     0.00000000
   0.030    30    16     3     3     2    -1     0.00000000
   0.030    30    17     3     1     1     1     0.00000000
   0.030    30    18     3     3     2     1    -0.00000000
   0.030    30    19     3     3     3    -1    -0.00000000
   0.030    30    20     3     3     3     1    -0.00000000
   0.030    30    21     4     4     0     1     0.00000000
   0.030    30    22     4     4     1    -1    -0.00000000
   0.030    30    23     4     2     0     1    -0.00000000
   0.030    30    24     4     2     1    -1    -0.00000000
   0.030    30    25     4     0     0     1    -0.00000000
   0.030    30    26     4     4     1     1    -0.00000000
   0.030    30    27     4     4     2    -1    -0.00000000
   0.030    30    28     4     2     1     1    -0.00000000
   0.030    30    29     4     2     2    -1    -0.00000000
   0.030    30    30     4     4     2     1     0.00069572
   0.030    30    31     4     4     3    -1    -0.00146616
   0.030    30    32     4     2     2     1     0.99990734
   0.030    30    33     4     4     3     1     0.00000000
   0.030    30    34     4     4     4    -1    -0.00000000
   0.030    30    35     4     4     4     1     0.00000000
   0.030    30    36     5     5     0     1     0.00000000
   0.030    30    37     5     5     1    -1     0.00000000
   0.030    30    38     5     3     0     1     0.00000000
   0.030    30    39     5     3     1    -1    -0.00000000
   0.030    30    40     5     1     0     1    -0.00000000
   0.030    30    41     5     1     1    -1    -0.00000000
   0.030    30    42     5     5     1     1    -0.00000000
   0.030    30    43     5     5     2    -1     0.00000000
   0.030    30    44     5     3     1     1     0.00000000
   0.030    30    45     5     3     2    -1    -0.00000000
   0.030    30    46     5     1     1     1     0.00000000
   0.030    30    47     5     5     2     1     0.00000000
   0.030    30    48     5     5     3    -1    -0.00000000
   0.030    30    49     5     3     2     1    -0.00000000
   0.030    30    50     5     3     3    -1    -0.00000000
   0.030    30    51     5     5     3     1     0.00000000
   0.030    30    52     5     5     4    -1    -0.00000000
   0.030    30    53     5     3     3     1    -0.00000000
   0.030    30    54     5     5     4     1     0.00000000
   0.030    30    55     5     5     5    -1     0.00000000
   0.030    30    56     5     5     5     1     0.00000000
   0.030    30    57     6     6     0     1    -0.00000000
   0.030    30    58     6     6     1    -1     0.00000000
   0.030    30    59     6     4     0     1     0.00000000
   0.030    30    60     6     4     1    -1     0.00000000
   0.030    30    61     6     2     0     1    -0.00000000
   0.030    30    62     6     2     1    -1    -0.00000000
   0.030    30    63     6     0     0     1     0.00000000
   0.030    30    64     6     6     1     1     0.00000000
   0.030    30    65     6     6     2    -1     0.00000000
   0.030    30    66     6     4     1     1    -0.00000000
   0.030    30    67     6     4     2    -1    -0.00000000
   0.030    30    68     6     2     1     1    -0.00000000
   0.030    30    69     6     2     2    -1     0.00000000
   0.030    30    70     6     6     2     1     0.00000489
   0.030    30    71     6     6     3    -1    -0.00000887
   0.030    30    72     6     4     2     1     0.00877389
   0.030    30    73     6     4     3    -1     0.00085915
   0.030    30    74     6     2     2     1    -0.00851691
   0.030    30    75     6     6     3     1     0.00000000
   0.030    30    76     6     6     4    -1    -0.00000000
   0.030    30    77     6     4     3     1     0.00000000
   0.030    30    78     6     4     4    -1     0.00000000
   0.030    30    79     6     6     4     1     0.00000000
   0.030    30    80     6     6     5    -1    -0.00000000
   0.030    30    81     6     4     4     1     0.00000000
   0.030    30    82     6     6     5     1     0.00000000
   0.030    30    83     6     6     6    -1     0.00000000
   0.030    30    84     6     6     6     1     0.00000000
   0.030    30    85     7     7     0     1    -0.00000000
   0.030    30    86     7     7     1    -1    -0.00000000
   0.030    30    87     7     5     0     1     0.00000000
   0.030    30    88     7     5     1    -1    -0.00000000
   0.030    30    89     7     3     0     1     0.00000000
   0.030    30    90     7     3     1    -1     0.00000000
   0.030    30    91     7     1     0     1    -0.00000000
   0.030    30    92     7     1     1    -1     0.00000000
   0.030    30    93     7     7     1     1     0.00000000
   0.030    30    94     7     7     2    -1     0.00000000
   0.030    30    95     7     5     1     1    -0.00000000
   0.030    30    96     7     5     2    -1    -0.00000000
   0.030    30    97     7     3     1     1     0.00000000
   0.030    30    98     7     3     2    -1     0.00000000
   0.030    30    99     7     1     1     1    -0.00000000
   0.030    30   100     7     7     2     1    -0.00000000
   0.030    30   101     7     7     3    -1    -0.00000000
   0.030    30   102     7     5     2     1    -0.00000000
   0.030    30   103     7     5     3    -1    -0.00000000
   0.030    30   104     7     3     2     1     0.00000000
   0.030    30   105     7     3     3    -1     0.00000000
   0.030    30   106     7     7     3     1     0.00000000
   0.030    30   107     7     7     4    -1    -0.00000000
   0.030    30   108     7     5     3     1    -0.00000000
   0.030    30   109     7     5     4    -1     0.00000000
   0.030    30   110     7     3     3     1     0.00000000
   0.030    30   111     7     7     4     1    -0.00000000
   0.030    30   112     7     7     5    -1    -0.00000000
   0.030    30   113     7     5     4     1    -0.00000000
   0.030    30   114     7     5     5    -1    -0.00000000
   0.030    30   115     7     7     5     1     0.00000000
   0.030    30   116     7     7     6    -1     0.00000000
   0.030    30   117     7     5     5     1     0.00000000
   0.030    30   118     7     7     6     1     0.00000000
   0.030    30   119     7     7     7    -1     0.00000000
   0.030    30   120     7     7     7     1     0.00000000
   0.030    31     1     0     0     0     1     0.00000000
   0.030    31     2     1     1     0     1     0.00000000
   0.030    31     3     1     1     1    -1     0.00000000
   0.030    31     4     1     1     1     1    -0.00000000
   0.030    31     5     2     2     0     1     0.00000000
   0.030    31     6     2     2     1    -1    -0.00000000
   0.030    31     7     2     0     0     1    -0.00000000
   0.030    31     8     2     2     1     1    -0.00000000
   0.030    31     9     2     2     2    -1     0.00000000
   0.030    31    10     2     2     2     1     0.00179739
   0.030    31    11     3     3     0     1    -0.00000000
   0.030    31    12     3     3     1    -1    -0.00000000
   0.030    31    13     3     1     0     1    -0.00000000
   0.030    31    14     3     1     1    -1    -0.00000000
   0.030    31    15     3     3     1     1    -0.00000000
   0.030    31    16     3     3     2    -1    -0.00000000
   0.030    31    17     3     1     1     1     0.00000000
   0.030    31    18     3     3     2     1     0.00000000
   0.030    31    19     3     3     3    -1    -0.00000000
   0.030    31    20     3     3     3     1    -0.00000000
   0.030    31    21     4     4     0     1    -0.00000000
   0.030    31    22     4     4     1    -1    -0.00000000
   0.030    31    23     4     2     0     1    -0.00000000
   0.030    31    24     4     2     1    -1    -0.00000000
   0.030    31    25     4     0     0     1    -0.00000000
   0.030    31    26     4     4     1     1     0.00000000
   0.030    31    27     4     4     2    -1    -0.00000000
   0.030    31    28     4     2     1     1    -0.00000000
   0.030    31    29     4     2     2    -1    -0.00000000
   0.030    31    30     4     4     2     1    -0.45427948
   0.030    31    31     4     4     3    -1     0.89082819
   0.030    31    32     4     2     2     1     0.00161430
   0.030    31    33     4     4     3     1     0.00000000
   0.030    31    34     4     4     4    -1    -0.00000000
   0.030    31    35     4     4     4     1     0.00000000
   0.030    31    36     5     5     0     1     0.00000000
   0.030    31    37     5     5     1    -1     0.00000000
   0.030    31    38     5     3     0     1     0.00000000
   0.030    31    39     5     3     1    -1     0.00000000
   0.030    31    40     5     1     0     1     0.00000000
   0.030    31    41     5     1     1    -1     0.00000000
   0.030    31    42     5     5     1     1    -0.00000000
   0.030    31    43     5     5     2    -1     0.00000000
   0.030    31    44     5     3     1     1    -0.00000000
   0.030    31    45     5     3     2    -1    -0.00000000
   0.030    31    46     5     1     1     1    -0.00000000
   0.030    31    47     5     5     2     1    -0.00000000
   0.030    31    48     5     5     3    -1     0.00000000
   0.030    31    49     5     3     2     1    -0.00000000
   0.030    31    50     5     3     3    -1     0.00000000
   0.030    31    51     5     5     3     1    -0.00000000
   0.030    31    52     5     5     4    -1    -0.00000000
   0.030    31    53     5     3     3     1    -0.00000000
   0.030    31    54     5     5     4     1     0.00000000
   0.030    31    55     5     5     5    -1     0.00000000
   0.030    31    56     5     5     5     1     0.00000000
   0.030    31    57     6     6     0     1     0.00000000
   0.030    31    58     6     6     1    -1     0.00000000
   0.030    31    59     6     4     0     1     0.00000000
   0.030    31    60     6     4     1    -1     0.00000000
   0.030    31    61     6     2     0     1    -0.00000000
   0.030    31    62     6     2     1    -1    -0.00000000
   0.030    31    63     6     0     0     1     0.00000000
   0.030    31    64     6     6     1     1    -0.00000000
   0.030    31    65     6     6     2    -1    -0.00000000
   0.030    31    66     6     4     1     1    -0.00000000
   0.030    31    67     6     4     2    -1     0.00000000
   0.030    31    68     6     2     1     1     0.00000000
   0.030    31    69     6     2     2    -1    -0.00000000
   0.030    31    70     6     6     2     1    -0.00333850
   0.030    31    71     6     6     3    -1     0.00534796
   0.030    31    72     6     4     2     1    -0.00159088
   0.030    31    73     6     4     3    -1    -0.00214603
   0.030    31    74     6     2     2     1    -0.00160114
   0.030    31    75     6     6     3     1     0.00000000
   0.030    31    76     6     6     4    -1    -0.00000000
   0.030    31    77     6     4     3     1    -0.00000000
   0.030    31    78     6     4     4    -1     0.00000000
   0.030    31    79     6     6     4     1    -0.00000000
   0.030    31    80     6     6     5    -1    -0.00000000
   0.030    31    81     6     4     4     1    -0.00000000
   0.030    31    82     6     6     5     1     0.00000000
   0.030    31    83     6     6     6    -1     0.00000000
   0.030    31    84     6     6     6     1     0.00000000
   0.030    31    85     7     7     0     1    -0.00000000
   0.030    31    86     7     7     1    -1     0.00000000
   0.030    31    87     7     5     0     1     0.00000000
   0.030    31    88     7     5     1    -1     0.00000000
   0.030    31    89     7     3     0     1     0.00000000
   0.030    31    90     7     3     1    -1     0.00000000
   0.030    31    91     7     1     0     1     0.00000000
   0.030    31    92     7     1     1    -1    -0.00000000
   0.030    31    93     7     7     1     1    -0.00000000
   0.030    31    94     7     7     2    -1    -0.00000000
   0.030    31    95     7     5     1     1     0.00000000
   0.030    31    96     7     5     2    -1    -0.00000000
   0.030    31    97     7     3     1     1     0.00000000
   0.030    31    98     7     3     2    -1     0.00000000
   0.030    31    99     7     1     1     1     0.00000000
   0.030    31   100     7     7     2     1    -0.00000000
   0.030    31   101     7     7     3    -1    -0.00000000
   0.030    31   102     7     5     2     1    -0.00000000
   0.030    31   103     7     5     3    -1    -0.00000000
   0.030    31   104     7     3     2     1    -0.00000000
   0.030    31   105     7     3     3    -1     0.00000000
   0.030    31   106     7     7     3     1     0.00000000
   0.030    31   107     7     7     4    -1     0.00000000
   0.030    31   108     7     5     3     1    -0.00000000
   0.030    31   109     7     5     4    -1     0.00000000
   0.030    31   110     7     3     3     1     0.00000000
   0.030    31   111     7     7     4     1    -0.00000000
   0.030    31   112     7     7     5    -1    -0.00000000
   0.030    31   113     7     5     4     1    -0.00000000
   0.030    31   114     7     5     5    -1    -0.00000000
   0.030    31   115     7     7     5     1     0.00000000
   0.030    31   116     7     7     6    -1     0.00000000
   0.030    31   117     7     5     5     1     0.00000000
   0.030    31   118     7     7     6     1     0.00000000
   0.030    31   119     7     7     7    -1     0.00000000
   0.030    31   120     7     7     7     1     0.00000000
   0.030    32     1     0     0     0     1    -0.00000000
   0.030    32     2     1     1     0     1    -0.00000000
   0.030    32     3     1     1     1    -1    -0.00000000
   0.030    32     4     1     1     1     1    -0.00000000
   0.030    32     5     2     2     0     1    -0.00000000
   0.030    32     6     2     2     1    -1     0.00000000
   0.030    32     7     2     0     0     1     0.00000000
   0.030    32     8     2     2     1     1     0.00000000
   0.030    32     9     2     2     2    -1    -0.00000000
   0.030    32    10     2     2     2     1     0.00000000
   0.030    32    11     3     3     0     1     0.00000000
   0.030    32    12     3     3     1    -1     0.00000000
   0.030    32    13     3     1     0     1     0.00000000
   0.030    32    14     3     1     1    -1     0.00000000
   0.030    32    15     3     3     1     1    -0.00000000
   0.030    32    16     3     3     2    -1     0.00000000
   0.030    32    17     3     1     1     1    -0.00000000
   0.030    32    18     3     3     2     1     0.00000000
   0.030    32    19     3     3     3    -1    -0.00000000
   0.030    32    20     3     3     3     1    -0.00000000
   0.030    32    21     4     4     0     1     0.00000000
   0.030    32    22     4     4     1    -1     0.00000000
   0.030    32    23     4     2     0     1     0.00000000
   0.030    32    24     4     2     1    -1     0.00000000
   0.030    32    25     4     0     0     1     0.00000000
   0.030    32    26     4     4     1     1    -0.00000000
   0.030    32    27     4     4     2    -1    -0.00000000
   0.030    32    28     4     2     1     1     0.00000000
   0.030    32    29     4     2     2    -1     0.00000000
   0.030    32    30     4     4     2     1    -0.00000000
   0.030    32    31     4     4     3    -1     0.00000000
   0.030    32    32     4     2     2     1     0.00000000
   0.030    32    33     4     4     3     1    -0.31455414
   0.030    32    34     4     4     4    -1     0.94919491
   0.030    32    35     4     4     4     1     0.00000000
   0.030    32    36     5     5     0     1    -0.00000000
   0.030    32    37     5     5     1    -1    -0.00000000
   0.030    32    38     5     3     0     1     0.00000000
   0.030    32    39     5     3     1    -1     0.00000000
   0.030    32    40     5     1     0     1    -0.00000000
   0.030    32    41     5     1     1    -1    -0.00000000
   0.030    32    42     5     5     1     1    -0.00000000
   0.030    32    43     5     5     2    -1     0.00000000
   0.030    32    44     5     3     1     1     0.00000000
   0.030    32    45     5     3     2    -1     0.00000000
   0.030    32    46     5     1     1     1     0.00000000
   0.030    32    47     5     5     2     1    -0.00000000
   0.030    32    48     5     5     3    -1     0.00000000
   0.030    32    49     5     3     2     1    -0.00000000
   0.030    32    50     5     3     3    -1    -0.00000000
   0.030    32    51     5     5     3     1     0.00000000
   0.030    32    52     5     5     4    -1    -0.00000000
   0.030    32    53     5     3     3     1    -0.00000000
   0.030    32    54     5     5     4     1     0.00000000
   0.030    32    55     5     5     5    -1     0.00000000
   0.030    32    56     5     5     5     1     0.00000000
   0.030    32    57     6     6     0     1     0.00000000
   0.030    32    58     6     6     1    -1     0.00000000
   0.030    32    59     6     4     0     1    -0.00000000
   0.030    32    60     6     4     1    -1     0.00000000
   0.030    32    61     6     2     0     1     0.00000000
   0.030    32    62     6     2     1    -1    -0.00000000
   0.030    32    63     6     0     0     1     0.00000000
   0.030    32    64     6     6     1     1    -0.00000000
   0.030    32    65     6     6     2    -1    -0.00000000
   0.030    32    66     6     4     1     1    -0.00000000
   0.030    32    67     6     4     2    -1    -0.00000000
   0.030    32    68     6     2     1     1     0.00000000
   0.030    32    69     6     2     2    -1     0.00000000
   0.030    32    70     6     6     2     1    -0.00000000
   0.030    32    71     6     6     3    -1     0.00000000
   0.030    32    72     6     4     2     1     0.00000000
   0.030    32    73     6     4     3    -1    -0.00000000
   0.030    32    74     6     2     2     1    -0.00000000
   0.030    32    75     6     6     3     1    -0.00185418
   0.030    32    76     6     6     4    -1     0.00370796
   0.030    32    77     6     4     3     1     0.00011360
   0.030    32    78     6     4     4    -1    -0.00821715
   0.030    32    79     6     6     4     1    -0.00000000
   0.030    32    80     6     6     5    -1    -0.00000000
   0.030    32    81     6     4     4     1     0.00000000
   0.030    32    82     6     6     5     1    -0.00000000
   0.030    32    83     6     6     6    -1     0.00000000
   0.030    32    84     6     6     6     1    -0.00000000
   0.030    32    85     7     7     0     1    -0.00000000
   0.030    32    86     7     7     1    -1     0.00000000
   0.030    32    87     7     5     0     1     0.00000000
   0.030    32    88     7     5     1    -1     0.00000000
   0.030    32    89     7     3     0     1     0.00000000
   0.030    32    90     7     3     1    -1     0.00000000
   0.030    32    91     7     1     0     1    -0.00000000
   0.030    32    92     7     1     1    -1     0.00000000
   0.030    32    93     7     7     1     1    -0.00000000
   0.030    32    94     7     7     2    -1     0.00000000
   0.030    32    95     7     5     1     1    -0.00000000
   0.030    32    96     7     5     2    -1    -0.00000000
   0.030    32    97     7     3     1     1     0.00000000
   0.030    32    98     7     3     2    -1    -0.00000000
   0.030    32    99     7     1     1     1     0.00000000
   0.030    32   100     7     7     2     1    -0.00000000
   0.030    32   101     7     7     3    -1    -0.00000000
   0.030    32   102     7     5     2     1    -0.00000000
   0.030    32   103     7     5     3    -1    -0.00000000
   0.030    32   104     7     3     2     1    -0.00000000
   0.030    32   105     7     3     3    -1     0.00000000
   0.030    32   106     7     7     3     1     0.00000000
   0.030    32   107     7     7     4    -1     0.00000000
   0.030    32   108     7     5     3     1    -0.00000000
   0.030    32   109     7     5     4    -1     0.00000000
   0.030    32   110     7     3     3     1     0.00000000
   0.030    32   111     7     7     4     1    -0.00000000
   0.030    32   112     7     7     5    -1    -0.00000000
   0.030    32   113     7     5     4     1    -0.00000000
   0.030    32   114     7     5     5    -1    -0.00000000
   0.030    32   115     7     7     5     1     0.00000000
   0.030    32   116     7     7     6    -1     0.00000000
   0.030    32   117     7     5     5     1     0.00000000
   0.030    32   118     7     7     6     1     0.00000000
   0.030    32   119     7     7     7    -1     0.00000000
   0.030    32   120     7     7     7     1     0.00000000
   0.030    33     1     0     0     0     1     0.00000873
   0.030    33     2     1     1     0     1    -0.00000000
   0.030    33     3     1     1     1    -1    -0.00000000
   0.030    33     4     1     1     1     1     0.00000000
   0.030    33     5     2     2     0     1    -0.00348700
   0.030    33     6     2     2     1    -1     0.00238702
   0.030    33     7     2     0     0     1    -0.00625325
   0.030    33     8     2     2     1     1     0.00000000
   0.030    33     9     2     2     2    -1    -0.00000000
   0.030    33    10     2     2     2     1    -0.00000000
   0.030    33    11     3     3     0     1     0.00000000
   0.030    33    12     3     3     1    -1    -0.00000000
   0.030    33    13     3     1     0     1     0.00000000
   0.030    33    14     3     1     1    -1    -0.00000000
   0.030    33    15     3     3     1     1    -0.00000000
   0.030    33    16     3     3     2    -1    -0.00000000
   0.030    33    17     3     1     1     1    -0.00000000
   0.030    33    18     3     3     2     1    -0.00000000
   0.030    33    19     3     3     3    -1     0.00000000
   0.030    33    20     3     3     3     1    -0.00000000
   0.030    33    21     4     4     0     1    -0.00047629
   0.030    33    22     4     4     1    -1     0.00049600
   0.030    33    23     4     2     0     1     0.60822116
   0.030    33    24     4     2     1    -1    -0.79337830
   0.030    33    25     4     0     0     1     0.01829198
   0.030    33    26     4     4     1     1    -0.00000000
   0.030    33    27     4     4     2    -1    -0.00000000
   0.030    33    28     4     2     1     1     0.00000000
   0.030    33    29     4     2     2    -1    -0.00000000
   0.030    33    30     4     4     2     1     0.00000000
   0.030    33    31     4     4     3    -1     0.00000000
   0.030    33    32     4     2     2     1     0.00000000
   0.030    33    33     4     4     3     1    -0.00000000
   0.030    33    34     4     4     4    -1     0.00000000
   0.030    33    35     4     4     4     1    -0.00000000
   0.030    33    36     5     5     0     1    -0.00000000
   0.030    33    37     5     5     1    -1     0.00000000
   0.030    33    38     5     3     0     1    -0.00000000
   0.030    33    39     5     3     1    -1    -0.00000000
   0.030    33    40     5     1     0     1     0.00000000
   0.030    33    41     5     1     1    -1     0.00000000
   0.030    33    42     5     5     1     1    -0.00000000
   0.030    33    43     5     5     2    -1     0.00000000
   0.030    33    44     5     3     1     1     0.00000000
   0.030    33    45     5     3     2    -1    -0.00000000
   0.030    33    46     5     1     1     1    -0.00000000
   0.030    33    47     5     5     2     1     0.00000000
   0.030    33    48     5     5     3    -1     0.00000000
   0.030    33    49     5     3     2     1    -0.00000000
   0.030    33    50     5     3     3    -1     0.00000000
   0.030    33    51     5     5     3     1     0.00000000
   0.030    33    52     5     5     4    -1     0.00000000
   0.030    33    53     5     3     3     1     0.00000000
   0.030    33    54     5     5     4     1    -0.00000000
   0.030    33    55     5     5     5    -1    -0.00000000
   0.030    33    56     5     5     5     1     0.00000000
   0.030    33    57     6     6     0     1    -0.00000489
   0.030    33    58     6     6     1    -1     0.00000460
   0.030    33    59     6     4     0     1     0.00748142
   0.030    33    60     6     4     1    -1    -0.00906418
   0.030    33    61     6     2     0     1     0.00578157
   0.030    33    62     6     2     1    -1    -0.00320212
   0.030    33    63     6     0     0     1     0.00663791
   0.030    33    64     6     6     1     1    -0.00000000
   0.030    33    65     6     6     2    -1    -0.00000000
   0.030    33    66     6     4     1     1     0.00000000
   0.030    33    67     6     4     2    -1     0.00000000
   0.030    33    68     6     2     1     1    -0.00000000
   0.030    33    69     6     2     2    -1    -0.00000000
   0.030    33    70     6     6     2     1    -0.00000000
   0.030    33    71     6     6     3    -1    -0.00000000
   0.030    33    72     6     4     2     1    -0.00000000
   0.030    33    73     6     4     3    -1     0.00000000
   0.030    33    74     6     2     2     1     0.00000000
   0.030    33    75     6     6     3     1     0.00000000
   0.030    33    76     6     6     4    -1     0.00000000
   0.030    33    77     6     4     3     1     0.00000000
   0.030    33    78     6     4     4    -1     0.00000000
   0.030    33    79     6     6     4     1    -0.00000000
   0.030    33    80     6     6     5    -1    -0.00000000
   0.030    33    81     6     4     4     1    -0.00000000
   0.030    33    82     6     6     5     1    -0.00000000
   0.030    33    83     6     6     6    -1     0.00000000
   0.030    33    84     6     6     6     1     0.00000000
   0.030    33    85     7     7     0     1    -0.00000000
   0.030    33    86     7     7     1    -1    -0.00000000
   0.030    33    87     7     5     0     1    -0.00000000
   0.030    33    88     7     5     1    -1    -0.00000000
   0.030    33    89     7     3     0     1     0.00000000
   0.030    33    90     7     3     1    -1    -0.00000000
   0.030    33    91     7     1     0     1     0.00000000
   0.030    33    92     7     1     1    -1    -0.00000000
   0.030    33    93     7     7     1     1     0.00000000
   0.030    33    94     7     7     2    -1     0.00000000
   0.030    33    95     7     5     1     1     0.00000000
   0.030    33    96     7     5     2    -1    -0.00000000
   0.030    33    97     7     3     1     1     0.00000000
   0.030    33    98     7     3     2    -1     0.00000000
   0.030    33    99     7     1     1     1     0.00000000
   0.030    33   100     7     7     2     1    -0.00000000
   0.030    33   101     7     7     3    -1    -0.00000000
   0.030    33   102     7     5     2     1    -0.00000000
   0.030    33   103     7     5     3    -1     0.00000000
   0.030    33   104     7     3     2     1    -0.00000000
   0.030    33   105     7     3     3    -1    -0.00000000
   0.030    33   106     7     7     3     1    -0.00000000
   0.030    33   107     7     7     4    -1    -0.00000000
   0.030    33   108     7     5     3     1     0.00000000
   0.030    33   109     7     5     4    -1    -0.00000000
   0.030    33   110     7     3     3     1     0.00000000
   0.030    33   111     7     7     4     1     0.00000000
   0.030    33   112     7     7     5    -1     0.00000000
   0.030    33   113     7     5     4     1     0.00000000
   0.030    33   114     7     5     5    -1     0.00000000
   0.030    33   115     7     7     5     1     0.00000000
   0.030    33   116     7     7     6    -1     0.00000000
   0.030    33   117     7     5     5     1     0.00000000
   0.030    33   118     7     7     6     1     0.00000000
   0.030    33   119     7     7     7    -1     0.00000000
   0.030    33   120     7     7     7     1     0.00000000
   0.030    34     1     0     0     0     1    -0.00001554
   0.030    34     2     1     1     0     1    -0.00000000
   0.030    34     3     1     1     1    -1    -0.00000000
   0.030    34     4     1     1     1     1     0.00000000
   0.030    34     5     2     2     0     1     0.00621754
   0.030    34     6     2     2     1    -1    -0.00034928
   0.030    34     7     2     0     0     1    -0.00012029
   0.030    34     8     2     2     1     1     0.00000000
   0.030    34     9     2     2     2    -1    -0.00000000
   0.030    34    10     2     2     2     1    -0.00000000
   0.030    34    11     3     3     0     1     0.00000000
   0.030    34    12     3     3     1    -1    -0.00000000
   0.030    34    13     3     1     0     1     0.00000000
   0.030    34    14     3     1     1    -1    -0.00000000
   0.030    34    15     3     3     1     1     0.00000000
   0.030    34    16     3     3     2    -1    -0.00000000
   0.030    34    17     3     1     1     1     0.00000000
   0.030    34    18     3     3     2     1    -0.00000000
   0.030    34    19     3     3     3    -1     0.00000000
   0.030    34    20     3     3     3     1    -0.00000000
   0.030    34    21     4     4     0     1     0.00026627
   0.030    34    22     4     4     1    -1    -0.00010158
   0.030    34    23     4     2     0     1     0.01173915
   0.030    34    24     4     2     1    -1    -0.01418724
   0.030    34    25     4     0     0     1    -0.99967557
   0.030    34    26     4     4     1     1    -0.00000000
   0.030    34    27     4     4     2    -1     0.00000000
   0.030    34    28     4     2     1     1     0.00000000
   0.030    34    29     4     2     2    -1    -0.00000000
   0.030    34    30     4     4     2     1    -0.00000000
   0.030    34    31     4     4     3    -1    -0.00000000
   0.030    34    32     4     2     2     1    -0.00000000
   0.030    34    33     4     4     3     1     0.00000000
   0.030    34    34     4     4     4    -1     0.00000000
   0.030    34    35     4     4     4     1     0.00000000
   0.030    34    36     5     5     0     1    -0.00000000
   0.030    34    37     5     5     1    -1     0.00000000
   0.030    34    38     5     3     0     1    -0.00000000
   0.030    34    39     5     3     1    -1     0.00000000
   0.030    34    40     5     1     0     1     0.00000000
   0.030    34    41     5     1     1    -1    -0.00000000
   0.030    34    42     5     5     1     1    -0.00000000
   0.030    34    43     5     5     2    -1     0.00000000
   0.030    34    44     5     3     1     1     0.00000000
   0.030    34    45     5     3     2    -1    -0.00000000
   0.030    34    46     5     1     1     1     0.00000000
   0.030    34    47     5     5     2     1    -0.00000000
   0.030    34    48     5     5     3    -1    -0.00000000
   0.030    34    49     5     3     2     1    -0.00000000
   0.030    34    50     5     3     3    -1     0.00000000
   0.030    34    51     5     5     3     1     0.00000000
   0.030    34    52     5     5     4    -1     0.00000000
   0.030    34    53     5     3     3     1     0.00000000
   0.030    34    54     5     5     4     1    -0.00000000
   0.030    34    55     5     5     5    -1    -0.00000000
   0.030    34    56     5     5     5     1     0.00000000
   0.030    34    57     6     6     0     1     0.00000351
   0.030    34    58     6     6     1    -1    -0.00000019
   0.030    34    59     6     4     0     1     0.00014927
   0.030    34    60     6     4     1    -1    -0.00016129
   0.030    34    61     6     2     0     1    -0.01641506
   0.030    34    62     6     2     1    -1    -0.00112597
   0.030    34    63     6     0     0     1     0.00012854
   0.030    34    64     6     6     1     1    -0.00000000
   0.030    34    65     6     6     2    -1    -0.00000000
   0.030    34    66     6     4     1     1    -0.00000000
   0.030    34    67     6     4     2    -1    -0.00000000
   0.030    34    68     6     2     1     1    -0.00000000
   0.030    34    69     6     2     2    -1     0.00000000
   0.030    34    70     6     6     2     1    -0.00000000
   0.030    34    71     6     6     3    -1    -0.00000000
   0.030    34    72     6     4     2     1     0.00000000
   0.030    34    73     6     4     3    -1    -0.00000000
   0.030    34    74     6     2     2     1     0.00000000
   0.030    34    75     6     6     3     1     0.00000000
   0.030    34    76     6     6     4    -1     0.00000000
   0.030    34    77     6     4     3     1    -0.00000000
   0.030    34    78     6     4     4    -1     0.00000000
   0.030    34    79     6     6     4     1     0.00000000
   0.030    34    80     6     6     5    -1     0.00000000
   0.030    34    81     6     4     4     1    -0.00000000
   0.030    34    82     6     6     5     1    -0.00000000
   0.030    34    83     6     6     6    -1     0.00000000
   0.030    34    84     6     6     6     1     0.00000000
   0.030    34    85     7     7     0     1     0.00000000
   0.030    34    86     7     7     1    -1     0.00000000
   0.030    34    87     7     5     0     1    -0.00000000
   0.030    34    88     7     5     1    -1     0.00000000
   0.030    34    89     7     3     0     1    -0.00000000
   0.030    34    90     7     3     1    -1    -0.00000000
   0.030    34    91     7     1     0     1     0.00000000
   0.030    34    92     7     1     1    -1     0.00000000
   0.030    34    93     7     7     1     1     0.00000000
   0.030    34    94     7     7     2    -1     0.00000000
   0.030    34    95     7     5     1     1    -0.00000000
   0.030    34    96     7     5     2    -1     0.00000000
   0.030    34    97     7     3     1     1     0.00000000
   0.030    34    98     7     3     2    -1     0.00000000
   0.030    34    99     7     1     1     1    -0.00000000
   0.030    34   100     7     7     2     1     0.00000000
   0.030    34   101     7     7     3    -1     0.00000000
   0.030    34   102     7     5     2     1    -0.00000000
   0.030    34   103     7     5     3    -1     0.00000000
   0.030    34   104     7     3     2     1    -0.00000000
   0.030    34   105     7     3     3    -1    -0.00000000
   0.030    34   106     7     7     3     1    -0.00000000
   0.030    34   107     7     7     4    -1    -0.00000000
   0.030    34   108     7     5     3     1     0.00000000
   0.030    34   109     7     5     4    -1    -0.00000000
   0.030    34   110     7     3     3     1     0.00000000
   0.030    34   111     7     7     4     1     0.00000000
   0.030    34   112     7     7     5    -1     0.00000000
   0.030    34   113     7     5     4     1     0.00000000
   0.030    34   114     7     5     5    -1     0.00000000
   0.030    34   115     7     7     5     1     0.00000000
   0.030    34   116     7     7     6    -1     0.00000000
   0.030    34   117     7     5     5     1     0.00000000
   0.030    34   118     7     7     6     1     0.00000000
   0.030    34   119     7     7     7    -1     0.00000000
   0.030    34   120     7     7     7     1     0.00000000
   0.030    35     1     0     0     0     1     0.00000000
   0.030    35     2     1     1     0     1     0.00000000
   0.030    35     3     1     1     1    -1    -0.00000000
   0.030    35     4     1     1     1     1    -0.00000000
   0.030    35     5     2     2     0     1    -0.00000000
   0.030    35     6     2     2     1    -1    -0.00000000
   0.030    35     7     2     0     0     1    -0.00000000
   0.030    35     8     2     2     1     1    -0.00073907
   0.030    35     9     2     2     2    -1    -0.00510220
   0.030    35    10     2     2     2     1     0.00000000
   0.030    35    11     3     3     0     1     0.00000000
   0.030    35    12     3     3     1    -1    -0.00000000
   0.030    35    13     3     1     0     1    -0.00000000
   0.030    35    14     3     1     1    -1    -0.00000000
   0.030    35    15     3     3     1     1     0.00000000
   0.030    35    16     3     3     2    -1    -0.00000000
   0.030    35    17     3     1     1     1     0.00000000
   0.030    35    18     3     3     2     1     0.00000000
   0.030    35    19     3     3     3    -1    -0.00000000
   0.030    35    20     3     3     3     1    -0.00000000
   0.030    35    21     4     4     0     1    -0.00000000
   0.030    35    22     4     4     1    -1     0.00000000
   0.030    35    23     4     2     0     1    -0.00000000
   0.030    35    24     4     2     1    -1     0.00000000
   0.030    35    25     4     0     0     1     0.00000000
   0.030    35    26     4     4     1     1    -0.00015455
   0.030    35    27     4     4     2    -1     0.00012735
   0.030    35    28     4     2     1     1     0.38590547
   0.030    35    29     4     2     2    -1    -0.92244332
   0.030    35    30     4     4     2     1    -0.00000000
   0.030    35    31     4     4     3    -1     0.00000000
   0.030    35    32     4     2     2     1     0.00000000
   0.030    35    33     4     4     3     1    -0.00000000
   0.030    35    34     4     4     4    -1    -0.00000000
   0.030    35    35     4     4     4     1     0.00000000
   0.030    35    36     5     5     0     1    -0.00000000
   0.030    35    37     5     5     1    -1     0.00000000
   0.030    35    38     5     3     0     1     0.00000000
   0.030    35    39     5     3     1    -1     0.00000000
   0.030    35    40     5     1     0     1     0.00000000
   0.030    35    41     5     1     1    -1     0.00000000
   0.030    35    42     5     5     1     1    -0.00000000
   0.030    35    43     5     5     2    -1     0.00000000
   0.030    35    44     5     3     1     1    -0.00000000
   0.030    35    45     5     3     2    -1     0.00000000
   0.030    35    46     5     1     1     1     0.00000000
   0.030    35    47     5     5     2     1     0.00000000
   0.030    35    48     5     5     3    -1     0.00000000
   0.030    35    49     5     3     2     1     0.00000000
   0.030    35    50     5     3     3    -1    -0.00000000
   0.030    35    51     5     5     3     1     0.00000000
   0.030    35    52     5     5     4    -1    -0.00000000
   0.030    35    53     5     3     3     1    -0.00000000
   0.030    35    54     5     5     4     1    -0.00000000
   0.030    35    55     5     5     5    -1    -0.00000000
   0.030    35    56     5     5     5     1     0.00000000
   0.030    35    57     6     6     0     1     0.00000000
   0.030    35    58     6     6     1    -1     0.00000000
   0.030    35    59     6     4     0     1     0.00000000
   0.030    35    60     6     4     1    -1    -0.00000000
   0.030    35    61     6     2     0     1     0.00000000
   0.030    35    62     6     2     1    -1     0.00000000
   0.030    35    63     6     0     0     1    -0.00000000
   0.030    35    64     6     6     1     1    -0.00000191
   0.030    35    65     6     6     2    -1     0.00000082
   0.030    35    66     6     4     1     1     0.00429246
   0.030    35    67     6     4     2    -1    -0.00764076
   0.030    35    68     6     2     1     1     0.00234680
   0.030    35    69     6     2     2    -1     0.00814578
   0.030    35    70     6     6     2     1    -0.00000000
   0.030    35    71     6     6     3    -1    -0.00000000
   0.030    35    72     6     4     2     1     0.00000000
   0.030    35    73     6     4     3    -1     0.00000000
   0.030    35    74     6     2     2     1    -0.00000000
   0.030    35    75     6     6     3     1     0.00000000
   0.030    35    76     6     6     4    -1     0.00000000
   0.030    35    77     6     4     3     1    -0.00000000
   0.030    35    78     6     4     4    -1    -0.00000000
   0.030    35    79     6     6     4     1     0.00000000
   0.030    35    80     6     6     5    -1     0.00000000
   0.030    35    81     6     4     4     1     0.00000000
   0.030    35    82     6     6     5     1     0.00000000
   0.030    35    83     6     6     6    -1     0.00000000
   0.030    35    84     6     6     6     1     0.00000000
   0.030    35    85     7     7     0     1     0.00000000
   0.030    35    86     7     7     1    -1     0.00000000
   0.030    35    87     7     5     0     1     0.00000000
   0.030    35    88     7     5     1    -1     0.00000000
   0.030    35    89     7     3     0     1     0.00000000
   0.030    35    90     7     3     1    -1    -0.00000000
   0.030    35    91     7     1     0     1    -0.00000000
   0.030    35    92     7     1     1    -1    -0.00000000
   0.030    35    93     7     7     1     1    -0.00000000
   0.030    35    94     7     7     2    -1    -0.00000000
   0.030    35    95     7     5     1     1     0.00000000
   0.030    35    96     7     5     2    -1    -0.00000000
   0.030    35    97     7     3     1     1    -0.00000000
   0.030    35    98     7     3     2    -1    -0.00000000
   0.030    35    99     7     1     1     1    -0.00000000
   0.030    35   100     7     7     2     1     0.00000000
   0.030    35   101     7     7     3    -1     0.00000000
   0.030    35   102     7     5     2     1     0.00000000
   0.030    35   103     7     5     3    -1    -0.00000000
   0.030    35   104     7     3     2     1    -0.00000000
   0.030    35   105     7     3     3    -1     0.00000000
   0.030    35   106     7     7     3     1     0.00000000
   0.030    35   107     7     7     4    -1     0.00000000
   0.030    35   108     7     5     3     1     0.00000000
   0.030    35   109     7     5     4    -1     0.00000000
   0.030    35   110     7     3     3     1     0.00000000
   0.030    35   111     7     7     4     1     0.00000000
   0.030    35   112     7     7     5    -1     0.00000000
   0.030    35   113     7     5     4     1     0.00000000
   0.030    35   114     7     5     5    -1     0.00000000
   0.030    35   115     7     7     5     1     0.00000000
   0.030    35   116     7     7     6    -1     0.00000000
   0.030    35   117     7     5     5     1     0.00000000
   0.030    35   118     7     7     6     1     0.00000000
   0.030    35   119     7     7     7    -1     0.00000000
   0.030    35   120     7     7     7     1     0.00000000
   0.030    36     1     0     0     0     1     0.00000000
   0.030    36     2     1     1     0     1    -0.00002184
   0.030    36     3     1     1     1    -1    -0.00001554
   0.030    36     4     1     1     1     1    -0.00000000
   0.030    36     5     2     2     0     1    -0.00000000
   0.030    36     6     2     2     1    -1     0.00000000
   0.030    36     7     2     0     0     1    -0.00000000
   0.030    36     8     2     2     1     1     0.00000000
   0.030    36     9     2     2     2    -1    -0.00000000
   0.030    36    10     2     2     2     1    -0.00000000
   0.030    36    11     3     3     0     1     0.00653941
   0.030    36    12     3     3     1    -1     0.00564867
   0.030    36    13     3     1     0     1     0.00000388
   0.030    36    14     3     1     1    -1     0.00000194
   0.030    36    15     3     3     1     1     0.00000000
   0.030    36    16     3     3     2    -1    -0.00000000
   0.030    36    17     3     1     1     1    -0.00000000
   0.030    36    18     3     3     2     1     0.00000000
   0.030    36    19     3     3     3    -1     0.00000000
   0.030    36    20     3     3     3     1     0.00000000
   0.030    36    21     4     4     0     1    -0.00000000
   0.030    36    22     4     4     1    -1     0.00000000
   0.030    36    23     4     2     0     1     0.00000000
   0.030    36    24     4     2     1    -1    -0.00000000
   0.030    36    25     4     0     0     1    -0.00000000
   0.030    36    26     4     4     1     1     0.00000000
   0.030    36    27     4     4     2    -1     0.00000000
   0.030    36    28     4     2     1     1     0.00000000
   0.030    36    29     4     2     2    -1    -0.00000000
   0.030    36    30     4     4     2     1    -0.00000000
   0.030    36    31     4     4     3    -1     0.00000000
   0.030    36    32     4     2     2     1     0.00000000
   0.030    36    33     4     4     3     1     0.00000000
   0.030    36    34     4     4     4    -1    -0.00000000
   0.030    36    35     4     4     4     1    -0.00000000
   0.030    36    36     5     5     0     1    -0.74050199
   0.030    36    37     5     5     1    -1    -0.67188411
   0.030    36    38     5     3     0     1    -0.00018075
   0.030    36    39     5     3     1    -1    -0.00014981
   0.030    36    40     5     1     0     1    -0.00002356
   0.030    36    41     5     1     1    -1    -0.00001498
   0.030    36    42     5     5     1     1    -0.00000000
   0.030    36    43     5     5     2    -1     0.00000000
   0.030    36    44     5     3     1     1    -0.00000000
   0.030    36    45     5     3     2    -1     0.00000000
   0.030    36    46     5     1     1     1     0.00000000
   0.030    36    47     5     5     2     1    -0.00000000
   0.030    36    48     5     5     3    -1     0.00000000
   0.030    36    49     5     3     2     1    -0.00000000
   0.030    36    50     5     3     3    -1    -0.00000000
   0.030    36    51     5     5     3     1    -0.00000000
   0.030    36    52     5     5     4    -1    -0.00000000
   0.030    36    53     5     3     3     1    -0.00000000
   0.030    36    54     5     5     4     1     0.00000000
   0.030    36    55     5     5     5    -1     0.00000000
   0.030    36    56     5     5     5     1     0.00000000
   0.030    36    57     6     6     0     1    -0.00000000
   0.030    36    58     6     6     1    -1    -0.00000000
   0.030    36    59     6     4     0     1     0.00000000
   0.030    36    60     6     4     1    -1     0.00000000
   0.030    36    61     6     2     0     1     0.00000000
   0.030    36    62     6     2     1    -1    -0.00000000
   0.030    36    63     6     0     0     1    -0.00000000
   0.030    36    64     6     6     1     1     0.00000000
   0.030    36    65     6     6     2    -1     0.00000000
   0.030    36    66     6     4     1     1     0.00000000
   0.030    36    67     6     4     2    -1     0.00000000
   0.030    36    68     6     2     1     1    -0.00000000
   0.030    36    69     6     2     2    -1     0.00000000
   0.030    36    70     6     6     2     1    -0.00000000
   0.030    36    71     6     6     3    -1    -0.00000000
   0.030    36    72     6     4     2     1     0.00000000
   0.030    36    73     6     4     3    -1    -0.00000000
   0.030    36    74     6     2     2     1    -0.00000000
   0.030    36    75     6     6     3     1    -0.00000000
   0.030    36    76     6     6     4    -1    -0.00000000
   0.030    36    77     6     4     3     1     0.00000000
   0.030    36    78     6     4     4    -1     0.00000000
   0.030    36    79     6     6     4     1    -0.00000000
   0.030    36    80     6     6     5    -1    -0.00000000
   0.030    36    81     6     4     4     1     0.00000000
   0.030    36    82     6     6     5     1    -0.00000000
   0.030    36    83     6     6     6    -1     0.00000000
   0.030    36    84     6     6     6     1    -0.00000000
   0.030    36    85     7     7     0     1    -0.00742584
   0.030    36    86     7     7     1    -1    -0.00669293
   0.030    36    87     7     5     0     1    -0.00464505
   0.030    36    88     7     5     1    -1    -0.00387707
   0.030    36    89     7     3     0     1    -0.00315443
   0.030    36    90     7     3     1    -1    -0.00270623
   0.030    36    91     7     1     0     1    -0.00000148
   0.030    36    92     7     1     1    -1    -0.00000075
   0.030    36    93     7     7     1     1    -0.00000000
   0.030    36    94     7     7     2    -1    -0.00000000
   0.030    36    95     7     5     1     1     0.00000000
   0.030    36    96     7     5     2    -1     0.00000000
   0.030    36    97     7     3     1     1     0.00000000
   0.030    36    98     7     3     2    -1    -0.00000000
   0.030    36    99     7     1     1     1     0.00000000
   0.030    36   100     7     7     2     1     0.00000000
   0.030    36   101     7     7     3    -1     0.00000000
   0.030    36   102     7     5     2     1     0.00000000
   0.030    36   103     7     5     3    -1    -0.00000000
   0.030    36   104     7     3     2     1    -0.00000000
   0.030    36   105     7     3     3    -1     0.00000000
   0.030    36   106     7     7     3     1     0.00000000
   0.030    36   107     7     7     4    -1     0.00000000
   0.030    36   108     7     5     3     1    -0.00000000
   0.030    36   109     7     5     4    -1     0.00000000
   0.030    36   110     7     3     3     1    -0.00000000
   0.030    36   111     7     7     4     1    -0.00000000
   0.030    36   112     7     7     5    -1    -0.00000000
   0.030    36   113     7     5     4     1    -0.00000000
   0.030    36   114     7     5     5    -1    -0.00000000
   0.030    36   115     7     7     5     1     0.00000000
   0.030    36   116     7     7     6    -1     0.00000000
   0.030    36   117     7     5     5     1     0.00000000
   0.030    36   118     7     7     6     1     0.00000000
   0.030    36   119     7     7     7    -1     0.00000000
   0.030    36   120     7     7     7     1     0.00000000
   0.030    37     1     0     0     0     1    -0.00000000
   0.030    37     2     1     1     0     1     0.00000000
   0.030    37     3     1     1     1    -1     0.00000000
   0.030    37     4     1     1     1     1     0.00001848
   0.030    37     5     2     2     0     1     0.00000000
   0.030    37     6     2     2     1    -1    -0.00000000
   0.030    37     7     2     0     0     1     0.00000000
   0.030    37     8     2     2     1     1     0.00000000
   0.030    37     9     2     2     2    -1     0.00000000
   0.030    37    10     2     2     2     1     0.00000000
   0.030    37    11     3     3     0     1     0.00000000
   0.030    37    12     3     3     1    -1     0.00000000
   0.030    37    13     3     1     0     1     0.00000000
   0.030    37    14     3     1     1    -1    -0.00000000
   0.030    37    15     3     3     1     1    -0.00673015
   0.030    37    16     3     3     2    -1    -0.00422453
   0.030    37    17     3     1     1     1    -0.00000221
   0.030    37    18     3     3     2     1     0.00000000
   0.030    37    19     3     3     3    -1     0.00000000
   0.030    37    20     3     3     3     1    -0.00000000
   0.030    37    21     4     4     0     1    -0.00000000
   0.030    37    22     4     4     1    -1    -0.00000000
   0.030    37    23     4     2     0     1     0.00000000
   0.030    37    24     4     2     1    -1    -0.00000000
   0.030    37    25     4     0     0     1     0.00000000
   0.030    37    26     4     4     1     1    -0.00000000
   0.030    37    27     4     4     2    -1     0.00000000
   0.030    37    28     4     2     1     1     0.00000000
   0.030    37    29     4     2     2    -1    -0.00000000
   0.030    37    30     4     4     2     1    -0.00000000
   0.030    37    31     4     4     3    -1    -0.00000000
   0.030    37    32     4     2     2     1    -0.00000000
   0.030    37    33     4     4     3     1    -0.00000000
   0.030    37    34     4     4     4    -1    -0.00000000
   0.030    37    35     4     4     4     1    -0.00000000
   0.030    37    36     5     5     0     1    -0.00000000
   0.030    37    37     5     5     1    -1    -0.00000000
   0.030    37    38     5     3     0     1     0.00000000
   0.030    37    39     5     3     1    -1    -0.00000000
   0.030    37    40     5     1     0     1     0.00000000
   0.030    37    41     5     1     1    -1     0.00000000
   0.030    37    42     5     5     1     1     0.80287823
   0.030    37    43     5     5     2    -1     0.59597903
   0.030    37    44     5     3     1     1     0.00016622
   0.030    37    45     5     3     2    -1     0.00009180
   0.030    37    46     5     1     1     1     0.00001802
   0.030    37    47     5     5     2     1    -0.00000000
   0.030    37    48     5     5     3    -1    -0.00000000
   0.030    37    49     5     3     2     1     0.00000000
   0.030    37    50     5     3     3    -1    -0.00000000
   0.030    37    51     5     5     3     1     0.00000000
   0.030    37    52     5     5     4    -1    -0.00000000
   0.030    37    53     5     3     3     1    -0.00000000
   0.030    37    54     5     5     4     1    -0.00000000
   0.030    37    55     5     5     5    -1    -0.00000000
   0.030    37    56     5     5     5     1     0.00000000
   0.030    37    57     6     6     0     1    -0.00000000
   0.030    37    58     6     6     1    -1    -0.00000000
   0.030    37    59     6     4     0     1    -0.00000000
   0.030    37    60     6     4     1    -1    -0.00000000
   0.030    37    61     6     2     0     1    -0.00000000
   0.030    37    62     6     2     1    -1    -0.00000000
   0.030    37    63     6     0     0     1     0.00000000
   0.030    37    64     6     6     1     1     0.00000000
   0.030    37    65     6     6     2    -1    -0.00000000
   0.030    37    66     6     4     1     1     0.00000000
   0.030    37    67     6     4     2    -1     0.00000000
   0.030    37    68     6     2     1     1    -0.00000000
   0.030    37    69     6     2     2    -1    -0.00000000
   0.030    37    70     6     6     2     1    -0.00000000
   0.030    37    71     6     6     3    -1    -0.00000000
   0.030    37    72     6     4     2     1    -0.00000000
   0.030    37    73     6     4     3    -1     0.00000000
   0.030    37    74     6     2     2     1    -0.00000000
   0.030    37    75     6     6     3     1    -0.00000000
   0.030    37    76     6     6     4    -1    -0.00000000
   0.030    37    77     6     4     3     1     0.00000000
   0.030    37    78     6     4     4    -1     0.00000000
   0.030    37    79     6     6     4     1    -0.00000000
   0.030    37    80     6     6     5    -1    -0.00000000
   0.030    37    81     6     4     4     1    -0.00000000
   0.030    37    82     6     6     5     1     0.00000000
   0.030    37    83     6     6     6    -1    -0.00000000
   0.030    37    84     6     6     6     1    -0.00000000
   0.030    37    85     7     7     0     1    -0.00000000
   0.030    37    86     7     7     1    -1     0.00000000
   0.030    37    87     7     5     0     1    -0.00000000
   0.030    37    88     7     5     1    -1     0.00000000
   0.030    37    89     7     3     0     1     0.00000000
   0.030    37    90     7     3     1    -1     0.00000000
   0.030    37    91     7     1     0     1    -0.00000000
   0.030    37    92     7     1     1    -1     0.00000000
   0.030    37    93     7     7     1     1     0.00776727
   0.030    37    94     7     7     2    -1     0.00564874
   0.030    37    95     7     5     1     1     0.00445923
   0.030    37    96     7     5     2    -1     0.00241438
   0.030    37    97     7     3     1     1     0.00323480
   0.030    37    98     7     3     2    -1     0.00198937
   0.030    37    99     7     1     1     1     0.00000081
   0.030    37   100     7     7     2     1     0.00000000
   0.030    37   101     7     7     3    -1     0.00000000
   0.030    37   102     7     5     2     1     0.00000000
   0.030    37   103     7     5     3    -1     0.00000000
   0.030    37   104     7     3     2     1    -0.00000000
   0.030    37   105     7     3     3    -1    -0.00000000
   0.030    37   106     7     7     3     1    -0.00000000
   0.030    37   107     7     7     4    -1    -0.00000000
   0.030    37   108     7     5     3     1    -0.00000000
   0.030    37   109     7     5     4    -1     0.00000000
   0.030    37   110     7     3     3     1     0.00000000
   0.030    37   111     7     7     4     1     0.00000000
   0.030    37   112     7     7     5    -1     0.00000000
   0.030    37   113     7     5     4     1     0.00000000
   0.030    37   114     7     5     5    -1     0.00000000
   0.030    37   115     7     7     5     1     0.00000000
   0.030    37   116     7     7     6    -1     0.00000000
   0.030    37   117     7     5     5     1     0.00000000
   0.030    37   118     7     7     6     1     0.00000000
   0.030    37   119     7     7     7    -1     0.00000000
   0.030    37   120     7     7     7     1     0.00000000
   0.030    38     1     0     0     0     1     0.00000000
   0.030    38     2     1     1     0     1    -0.00000000
   0.030    38     3     1     1     1    -1    -0.00000000
   0.030    38     4     1     1     1     1     0.00000000
   0.030    38     5     2     2     0     1    -0.00000000
   0.030    38     6     2     2     1    -1     0.00000000
   0.030    38     7     2     0     0     1    -0.00000000
   0.030    38     8     2     2     1     1    -0.00000000
   0.030    38     9     2     2     2    -1     0.00000000
   0.030    38    10     2     2     2     1    -0.00000000
   0.030    38    11     3     3     0     1     0.00000000
   0.030    38    12     3     3     1    -1     0.00000000
   0.030    38    13     3     1     0     1    -0.00000000
   0.030    38    14     3     1     1    -1    -0.00000000
   0.030    38    15     3     3     1     1    -0.00000000
   0.030    38    16     3     3     2    -1     0.00000000
   0.030    38    17     3     1     1     1     0.00000000
   0.030    38    18     3     3     2     1     0.00605729
   0.030    38    19     3     3     3    -1     0.00244355
   0.030    38    20     3     3     3     1    -0.00000000
   0.030    38    21     4     4     0     1    -0.00000000
   0.030    38    22     4     4     1    -1     0.00000000
   0.030    38    23     4     2     0     1     0.00000000
   0.030    38    24     4     2     1    -1     0.00000000
   0.030    38    25     4     0     0     1    -0.00000000
   0.030    38    26     4     4     1     1    -0.00000000
   0.030    38    27     4     4     2    -1    -0.00000000
   0.030    38    28     4     2     1     1    -0.00000000
   0.030    38    29     4     2     2    -1    -0.00000000
   0.030    38    30     4     4     2     1    -0.00000000
   0.030    38    31     4     4     3    -1     0.00000000
   0.030    38    32     4     2     2     1     0.00000000
   0.030    38    33     4     4     3     1     0.00000000
   0.030    38    34     4     4     4    -1     0.00000000
   0.030    38    35     4     4     4     1    -0.00000000
   0.030    38    36     5     5     0     1    -0.00000000
   0.030    38    37     5     5     1    -1    -0.00000000
   0.030    38    38     5     3     0     1    -0.00000000
   0.030    38    39     5     3     1    -1    -0.00000000
   0.030    38    40     5     1     0     1    -0.00000000
   0.030    38    41     5     1     1    -1     0.00000000
   0.030    38    42     5     5     1     1    -0.00000000
   0.030    38    43     5     5     2    -1    -0.00000000
   0.030    38    44     5     3     1     1     0.00000000
   0.030    38    45     5     3     2    -1     0.00000000
   0.030    38    46     5     1     1     1    -0.00000000
   0.030    38    47     5     5     2     1    -0.85962708
   0.030    38    48     5     5     3    -1    -0.51078513
   0.030    38    49     5     3     2     1    -0.00011017
   0.030    38    50     5     3     3    -1    -0.00003532
   0.030    38    51     5     5     3     1    -0.00000000
   0.030    38    52     5     5     4    -1     0.00000000
   0.030    38    53     5     3     3     1    -0.00000000
   0.030    38    54     5     5     4     1     0.00000000
   0.030    38    55     5     5     5    -1    -0.00000000
   0.030    38    56     5     5     5     1     0.00000000
   0.030    38    57     6     6     0     1    -0.00000000
   0.030    38    58     6     6     1    -1     0.00000000
   0.030    38    59     6     4     0     1    -0.00000000
   0.030    38    60     6     4     1    -1     0.00000000
   0.030    38    61     6     2     0     1    -0.00000000
   0.030    38    62     6     2     1    -1     0.00000000
   0.030    38    63     6     0     0     1     0.00000000
   0.030    38    64     6     6     1     1    -0.00000000
   0.030    38    65     6     6     2    -1    -0.00000000
   0.030    38    66     6     4     1     1    -0.00000000
   0.030    38    67     6     4     2    -1    -0.00000000
   0.030    38    68     6     2     1     1    -0.00000000
   0.030    38    69     6     2     2    -1    -0.00000000
   0.030    38    70     6     6     2     1    -0.00000000
   0.030    38    71     6     6     3    -1    -0.00000000
   0.030    38    72     6     4     2     1    -0.00000000
   0.030    38    73     6     4     3    -1     0.00000000
   0.030    38    74     6     2     2     1    -0.00000000
   0.030    38    75     6     6     3     1     0.00000000
   0.030    38    76     6     6     4    -1     0.00000000
   0.030    38    77     6     4     3     1    -0.00000000
   0.030    38    78     6     4     4    -1    -0.00000000
   0.030    38    79     6     6     4     1    -0.00000000
   0.030    38    80     6     6     5    -1    -0.00000000
   0.030    38    81     6     4     4     1     0.00000000
   0.030    38    82     6     6     5     1    -0.00000000
   0.030    38    83     6     6     6    -1    -0.00000000
   0.030    38    84     6     6     6     1     0.00000000
   0.030    38    85     7     7     0     1    -0.00000000
   0.030    38    86     7     7     1    -1     0.00000000
   0.030    38    87     7     5     0     1     0.00000000
   0.030    38    88     7     5     1    -1     0.00000000
   0.030    38    89     7     3     0     1     0.00000000
   0.030    38    90     7     3     1    -1     0.00000000
   0.030    38    91     7     1     0     1    -0.00000000
   0.030    38    92     7     1     1    -1     0.00000000
   0.030    38    93     7     7     1     1     0.00000000
   0.030    38    94     7     7     2    -1     0.00000000
   0.030    38    95     7     5     1     1     0.00000000
   0.030    38    96     7     5     2    -1    -0.00000000
   0.030    38    97     7     3     1     1    -0.00000000
   0.030    38    98     7     3     2    -1     0.00000000
   0.030    38    99     7     1     1     1    -0.00000000
   0.030    38   100     7     7     2     1    -0.00764486
   0.030    38   101     7     7     3    -1    -0.00438369
   0.030    38   102     7     5     2     1    -0.00310912
   0.030    38   103     7     5     3    -1    -0.00057500
   0.030    38   104     7     3     2     1    -0.00287115
   0.030    38   105     7     3     3    -1    -0.00111938
   0.030    38   106     7     7     3     1    -0.00000000
   0.030    38   107     7     7     4    -1    -0.00000000
   0.030    38   108     7     5     3     1     0.00000000
   0.030    38   109     7     5     4    -1     0.00000000
   0.030    38   110     7     3     3     1     0.00000000
   0.030    38   111     7     7     4     1     0.00000000
   0.030    38   112     7     7     5    -1     0.00000000
   0.030    38   113     7     5     4     1    -0.00000000
   0.030    38   114     7     5     5    -1     0.00000000
   0.030    38   115     7     7     5     1     0.00000000
   0.030    38   116     7     7     6    -1     0.00000000
   0.030    38   117     7     5     5     1     0.00000000
   0.030    38   118     7     7     6     1     0.00000000
   0.030    38   119     7     7     7    -1     0.00000000
   0.030    38   120     7     7     7     1     0.00000000
   0.030    39     1     0     0     0     1    -0.00000000
   0.030    39     2     1     1     0     1    -0.00000000
   0.030    39     3     1     1     1    -1    -0.00000000
   0.030    39     4     1     1     1     1    -0.00000000
   0.030    39     5     2     2     0     1    -0.00000000
   0.030    39     6     2     2     1    -1     0.00000000
   0.030    39     7     2     0     0     1     0.00000000
   0.030    39     8     2     2     1     1    -0.00000000
   0.030    39     9     2     2     2    -1     0.00000000
   0.030    39    10     2     2     2     1     0.00000000
   0.030    39    11     3     3     0     1     0.00000000
   0.030    39    12     3     3     1    -1     0.00000000
   0.030    39    13     3     1     0     1    -0.00000000
   0.030    39    14     3     1     1    -1    -0.00000000
   0.030    39    15     3     3     1     1     0.00000000
   0.030    39    16     3     3     2    -1     0.00000000
   0.030    39    17     3     1     1     1    -0.00000000
   0.030    39    18     3     3     2     1    -0.00000000
   0.030    39    19     3     3     3    -1     0.00000000
   0.030    39    20     3     3     3     1    -0.00431966
   0.030    39    21     4     4     0     1    -0.00000000
   0.030    39    22     4     4     1    -1    -0.00000000
   0.030    39    23     4     2     0     1    -0.00000000
   0.030    39    24     4     2     1    -1     0.00000000
   0.030    39    25     4     0     0     1    -0.00000000
   0.030    39    26     4     4     1     1    -0.00000000
   0.030    39    27     4     4     2    -1     0.00000000
   0.030    39    28     4     2     1     1    -0.00000000
   0.030    39    29     4     2     2    -1     0.00000000
   0.030    39    30     4     4     2     1     0.00000000
   0.030    39    31     4     4     3    -1     0.00000000
   0.030    39    32     4     2     2     1    -0.00000000
   0.030    39    33     4     4     3     1     0.00000000
   0.030    39    34     4     4     4    -1     0.00000000
   0.030    39    35     4     4     4     1    -0.00000000
   0.030    39    36     5     5     0     1     0.00000000
   0.030    39    37     5     5     1    -1     0.00000000
   0.030    39    38     5     3     0     1     0.00000000
   0.030    39    39     5     3     1    -1    -0.00000000
   0.030    39    40     5     1     0     1     0.00000000
   0.030    39    41     5     1     1    -1     0.00000000
   0.030    39    42     5     5     1     1     0.00000000
   0.030    39    43     5     5     2    -1     0.00000000
   0.030    39    44     5     3     1     1     0.00000000
   0.030    39    45     5     3     2    -1    -0.00000000
   0.030    39    46     5     1     1     1    -0.00000000
   0.030    39    47     5     5     2     1    -0.00000000
   0.030    39    48     5     5     3    -1    -0.00000000
   0.030    39    49     5     3     2     1    -0.00000000
   0.030    39    50     5     3     3    -1    -0.00000000
   0.030    39    51     5     5     3     1     0.91116765
   0.030    39    52     5     5     4    -1     0.41193598
   0.030    39    53     5     3     3     1     0.00004068
   0.030    39    54     5     5     4     1    -0.00000000
   0.030    39    55     5     5     5    -1     0.00000000
   0.030    39    56     5     5     5     1     0.00000000
   0.030    39    57     6     6     0     1    -0.00000000
   0.030    39    58     6     6     1    -1     0.00000000
   0.030    39    59     6     4     0     1    -0.00000000
   0.030    39    60     6     4     1    -1     0.00000000
   0.030    39    61     6     2     0     1    -0.00000000
   0.030    39    62     6     2     1    -1     0.00000000
   0.030    39    63     6     0     0     1    -0.00000000
   0.030    39    64     6     6     1     1    -0.00000000
   0.030    39    65     6     6     2    -1    -0.00000000
   0.030    39    66     6     4     1     1    -0.00000000
   0.030    39    67     6     4     2    -1     0.00000000
   0.030    39    68     6     2     1     1    -0.00000000
   0.030    39    69     6     2     2    -1    -0.00000000
   0.030    39    70     6     6     2     1     0.00000000
   0.030    39    71     6     6     3    -1     0.00000000
   0.030    39    72     6     4     2     1    -0.00000000
   0.030    39    73     6     4     3    -1    -0.00000000
   0.030    39    74     6     2     2     1     0.00000000
   0.030    39    75     6     6     3     1     0.00000000
   0.030    39    76     6     6     4    -1     0.00000000
   0.030    39    77     6     4     3     1    -0.00000000
   0.030    39    78     6     4     4    -1    -0.00000000
   0.030    39    79     6     6     4     1    -0.00000000
   0.030    39    80     6     6     5    -1     0.00000000
   0.030    39    81     6     4     4     1     0.00000000
   0.030    39    82     6     6     5     1    -0.00000000
   0.030    39    83     6     6     6    -1     0.00000000
   0.030    39    84     6     6     6     1    -0.00000000
   0.030    39    85     7     7     0     1     0.00000000
   0.030    39    86     7     7     1    -1    -0.00000000
   0.030    39    87     7     5     0     1     0.00000000
   0.030    39    88     7     5     1    -1    -0.00000000
   0.030    39    89     7     3     0     1     0.00000000
   0.030    39    90     7     3     1    -1    -0.00000000
   0.030    39    91     7     1     0     1    -0.00000000
   0.030    39    92     7     1     1    -1     0.00000000
   0.030    39    93     7     7     1     1     0.00000000
   0.030    39    94     7     7     2    -1     0.00000000
   0.030    39    95     7     5     1     1     0.00000000
   0.030    39    96     7     5     2    -1     0.00000000
   0.030    39    97     7     3     1     1     0.00000000
   0.030    39    98     7     3     2    -1     0.00000000
   0.030    39    99     7     1     1     1    -0.00000000
   0.030    39   100     7     7     2     1     0.00000000
   0.030    39   101     7     7     3    -1    -0.00000000
   0.030    39   102     7     5     2     1     0.00000000
   0.030    39   103     7     5     3    -1     0.00000000
   0.030    39   104     7     3     2     1    -0.00000000
   0.030    39   105     7     3     3    -1     0.00000000
   0.030    39   106     7     7     3     1     0.00699169
   0.030    39   107     7     7     4    -1     0.00300248
   0.030    39   108     7     5     3     1     0.00042880
   0.030    39   109     7     5     4    -1    -0.00123116
   0.030    39   110     7     3     3     1     0.00199871
   0.030    39   111     7     7     4     1    -0.00000000
   0.030    39   112     7     7     5    -1    -0.00000000
   0.030    39   113     7     5     4     1    -0.00000000
   0.030    39   114     7     5     5    -1    -0.00000000
   0.030    39   115     7     7     5     1     0.00000000
   0.030    39   116     7     7     6    -1     0.00000000
   0.030    39   117     7     5     5     1     0.00000000
   0.030    39   118     7     7     6     1     0.00000000
   0.030    39   119     7     7     7    -1     0.00000000
   0.030    39   120     7     7     7     1     0.00000000
   0.030    40     1     0     0     0     1     0.00000000
   0.030    40     2     1     1     0     1    -0.00000000
   0.030    40     3     1     1     1    -1    -0.00000000
   0.030    40     4     1     1     1     1    -0.00000000
   0.030    40     5     2     2     0     1    -0.00000000
   0.030    40     6     2     2     1    -1    -0.00000000
   0.030    40     7     2     0     0     1    -0.00000000
   0.030    40     8     2     2     1     1    -0.00000000
   0.030    40     9     2     2     2    -1     0.00000000
   0.030    40    10     2     2     2     1    -0.00000000
   0.030    40    11     3     3     0     1     0.00000000
   0.030    40    12     3     3     1    -1    -0.00000000
   0.030    40    13     3     1     0     1     0.00000000
   0.030    40    14     3     1     1    -1     0.00000000
   0.030    40    15     3     3     1     1     0.00000000
   0.030    40    16     3     3     2    -1    -0.00000000
   0.030    40    17     3     1     1     1     0.00000000
   0.030    40    18     3     3     2     1     0.00000000
   0.030    40    19     3     3     3    -1    -0.00000000
   0.030    40    20     3     3     3     1    -0.00000000
   0.030    40    21     4     4     0     1    -0.00000000
   0.030    40    22     4     4     1    -1    -0.00000000
   0.030    40    23     4     2     0     1    -0.00000000
   0.030    40    24     4     2     1    -1    -0.00000000
   0.030    40    25     4     0     0     1    -0.00000000
   0.030    40    26     4     4     1     1    -0.00000000
   0.030    40    27     4     4     2    -1     0.00000000
   0.030    40    28     4     2     1     1    -0.00000000
   0.030    40    29     4     2     2    -1    -0.00000000
   0.030    40    30     4     4     2     1    -0.00000000
   0.030    40    31     4     4     3    -1    -0.00000000
   0.030    40    32     4     2     2     1     0.00000000
   0.030    40    33     4     4     3     1     0.00000000
   0.030    40    34     4     4     4    -1     0.00000000
   0.030    40    35     4     4     4     1     0.00000000
   0.030    40    36     5     5     0     1    -0.00000000
   0.030    40    37     5     5     1    -1    -0.00000000
   0.030    40    38     5     3     0     1    -0.00000000
   0.030    40    39     5     3     1    -1     0.00000000
   0.030    40    40     5     1     0     1     0.00000000
   0.030    40    41     5     1     1    -1    -0.00000000
   0.030    40    42     5     5     1     1     0.00000000
   0.030    40    43     5     5     2    -1    -0.00000000
   0.030    40    44     5     3     1     1     0.00000000
   0.030    40    45     5     3     2    -1     0.00000000
   0.030    40    46     5     1     1     1     0.00000000
   0.030    40    47     5     5     2     1     0.00000000
   0.030    40    48     5     5     3    -1    -0.00000000
   0.030    40    49     5     3     2     1     0.00000000
   0.030    40    50     5     3     3    -1     0.00000000
   0.030    40    51     5     5     3     1    -0.00000000
   0.030    40    52     5     5     4    -1    -0.00000000
   0.030    40    53     5     3     3     1     0.00000000
   0.030    40    54     5     5     4     1     0.95783812
   0.030    40    55     5     5     5    -1     0.28721271
   0.030    40    56     5     5     5     1     0.00000000
   0.030    40    57     6     6     0     1     0.00000000
   0.030    40    58     6     6     1    -1    -0.00000000
   0.030    40    59     6     4     0     1    -0.00000000
   0.030    40    60     6     4     1    -1    -0.00000000
   0.030    40    61     6     2     0     1    -0.00000000
   0.030    40    62     6     2     1    -1    -0.00000000
   0.030    40    63     6     0     0     1    -0.00000000
   0.030    40    64     6     6     1     1    -0.00000000
   0.030    40    65     6     6     2    -1     0.00000000
   0.030    40    66     6     4     1     1    -0.00000000
   0.030    40    67     6     4     2    -1    -0.00000000
   0.030    40    68     6     2     1     1    -0.00000000
   0.030    40    69     6     2     2    -1     0.00000000
   0.030    40    70     6     6     2     1    -0.00000000
   0.030    40    71     6     6     3    -1    -0.00000000
   0.030    40    72     6     4     2     1     0.00000000
   0.030    40    73     6     4     3    -1     0.00000000
   0.030    40    74     6     2     2     1    -0.00000000
   0.030    40    75     6     6     3     1    -0.00000000
   0.030    40    76     6     6     4    -1     0.00000000
   0.030    40    77     6     4     3     1    -0.00000000
   0.030    40    78     6     4     4    -1    -0.00000000
   0.030    40    79     6     6     4     1    -0.00000000
   0.030    40    80     6     6     5    -1     0.00000000
   0.030    40    81     6     4     4     1     0.00000000
   0.030    40    82     6     6     5     1    -0.00000000
   0.030    40    83     6     6     6    -1     0.00000000
   0.030    40    84     6     6     6     1    -0.00000000
   0.030    40    85     7     7     0     1    -0.00000000
   0.030    40    86     7     7     1    -1     0.00000000
   0.030    40    87     7     5     0     1    -0.00000000
   0.030    40    88     7     5     1    -1     0.00000000
   0.030    40    89     7     3     0     1    -0.00000000
   0.030    40    90     7     3     1    -1     0.00000000
   0.030    40    91     7     1     0     1    -0.00000000
   0.030    40    92     7     1     1    -1    -0.00000000
   0.030    40    93     7     7     1     1    -0.00000000
   0.030    40    94     7     7     2    -1    -0.00000000
   0.030    40    95     7     5     1     1    -0.00000000
   0.030    40    96     7     5     2    -1     0.00000000
   0.030    40    97     7     3     1     1    -0.00000000
   0.030    40    98     7     3     2    -1    -0.00000000
   0.030    40    99     7     1     1     1     0.00000000
   0.030    40   100     7     7     2     1    -0.00000000
   0.030    40   101     7     7     3    -1     0.00000000
   0.030    40   102     7     5     2     1    -0.00000000
   0.030    40   103     7     5     3    -1     0.00000000
   0.030    40   104     7     3     2     1    -0.00000000
   0.030    40   105     7     3     3    -1     0.00000000
   0.030    40   106     7     7     3     1     0.00000000
   0.030    40   107     7     7     4    -1    -0.00000000
   0.030    40   108     7     5     3     1    -0.00000000
   0.030    40   109     7     5     4    -1    -0.00000000
   0.030    40   110     7     3     3     1     0.00000000
   0.030    40   111     7     7     4     1     0.00574031
   0.030    40   112     7     7     5    -1     0.00163399
   0.030    40   113     7     5     4     1    -0.00370560
   0.030    40   114     7     5     5    -1    -0.00237507
   0.030    40   115     7     7     5     1     0.00000000
   0.030    40   116     7     7     6    -1     0.00000000
   0.030    40   117     7     5     5     1     0.00000000
   0.030    40   118     7     7     6     1     0.00000000
   0.030    40   119     7     7     7    -1     0.00000000
   0.030    40   120     7     7     7     1     0.00000000
   0.030    41     1     0     0     0     1     0.00000000
   0.030    41     2     1     1     0     1     0.00000000
   0.030    41     3     1     1     1    -1     0.00000000
   0.030    41     4     1     1     1     1     0.00000000
   0.030    41     5     2     2     0     1     0.00000000
   0.030    41     6     2     2     1    -1     0.00000000
   0.030    41     7     2     0     0     1     0.00000000
   0.030    41     8     2     2     1     1     0.00000000
   0.030    41     9     2     2     2    -1     0.00000000
   0.030    41    10     2     2     2     1     0.00000000
   0.030    41    11     3     3     0     1     0.00000000
   0.030    41    12     3     3     1    -1     0.00000000
   0.030    41    13     3     1     0     1     0.00000000
   0.030    41    14     3     1     1    -1     0.00000000
   0.030    41    15     3     3     1     1     0.00000000
   0.030    41    16     3     3     2    -1     0.00000000
   0.030    41    17     3     1     1     1     0.00000000
   0.030    41    18     3     3     2     1     0.00000000
   0.030    41    19     3     3     3    -1     0.00000000
   0.030    41    20     3     3     3     1     0.00000000
   0.030    41    21     4     4     0     1     0.00000000
   0.030    41    22     4     4     1    -1     0.00000000
   0.030    41    23     4     2     0     1     0.00000000
   0.030    41    24     4     2     1    -1     0.00000000
   0.030    41    25     4     0     0     1     0.00000000
   0.030    41    26     4     4     1     1     0.00000000
   0.030    41    27     4     4     2    -1     0.00000000
   0.030    41    28     4     2     1     1     0.00000000
   0.030    41    29     4     2     2    -1     0.00000000
   0.030    41    30     4     4     2     1     0.00000000
   0.030    41    31     4     4     3    -1     0.00000000
   0.030    41    32     4     2     2     1     0.00000000
   0.030    41    33     4     4     3     1     0.00000000
   0.030    41    34     4     4     4    -1     0.00000000
   0.030    41    35     4     4     4     1     0.00000000
   0.030    41    36     5     5     0     1     0.00000000
   0.030    41    37     5     5     1    -1     0.00000000
   0.030    41    38     5     3     0     1     0.00000000
   0.030    41    39     5     3     1    -1     0.00000000
   0.030    41    40     5     1     0     1     0.00000000
   0.030    41    41     5     1     1    -1     0.00000000
   0.030    41    42     5     5     1     1     0.00000000
   0.030    41    43     5     5     2    -1     0.00000000
   0.030    41    44     5     3     1     1     0.00000000
   0.030    41    45     5     3     2    -1     0.00000000
   0.030    41    46     5     1     1     1     0.00000000
   0.030    41    47     5     5     2     1     0.00000000
   0.030    41    48     5     5     3    -1     0.00000000
   0.030    41    49     5     3     2     1     0.00000000
   0.030    41    50     5     3     3    -1     0.00000000
   0.030    41    51     5     5     3     1     0.00000000
   0.030    41    52     5     5     4    -1     0.00000000
   0.030    41    53     5     3     3     1     0.00000000
   0.030    41    54     5     5     4     1     0.00000000
   0.030    41    55     5     5     5    -1     0.00000000
   0.030    41    56     5     5     5     1    -0.99994871
   0.030    41    57     6     6     0     1     0.00000000
   0.030    41    58     6     6     1    -1     0.00000000
   0.030    41    59     6     4     0     1     0.00000000
   0.030    41    60     6     4     1    -1     0.00000000
   0.030    41    61     6     2     0     1     0.00000000
   0.030    41    62     6     2     1    -1     0.00000000
   0.030    41    63     6     0     0     1     0.00000000
   0.030    41    64     6     6     1     1     0.00000000
   0.030    41    65     6     6     2    -1     0.00000000
   0.030    41    66     6     4     1     1     0.00000000
   0.030    41    67     6     4     2    -1     0.00000000
   0.030    41    68     6     2     1     1     0.00000000
   0.030    41    69     6     2     2    -1     0.00000000
   0.030    41    70     6     6     2     1     0.00000000
   0.030    41    71     6     6     3    -1     0.00000000
   0.030    41    72     6     4     2     1     0.00000000
   0.030    41    73     6     4     3    -1     0.00000000
   0.030    41    74     6     2     2     1     0.00000000
   0.030    41    75     6     6     3     1     0.00000000
   0.030    41    76     6     6     4    -1     0.00000000
   0.030    41    77     6     4     3     1     0.00000000
   0.030    41    78     6     4     4    -1     0.00000000
   0.030    41    79     6     6     4     1     0.00000000
   0.030    41    80     6     6     5    -1     0.00000000
   0.030    41    81     6     4     4     1     0.00000000
   0.030    41    82     6     6     5     1     0.00000000
   0.030    41    83     6     6     6    -1     0.00000000
   0.030    41    84     6     6     6     1     0.00000000
   0.030    41    85     7     7     0     1     0.00000000
   0.030    41    86     7     7     1    -1     0.00000000
   0.030    41    87     7     5     0     1     0.00000000
   0.030    41    88     7     5     1    -1     0.00000000
   0.030    41    89     7     3     0     1     0.00000000
   0.030    41    90     7     3     1    -1     0.00000000
   0.030    41    91     7     1     0     1     0.00000000
   0.030    41    92     7     1     1    -1     0.00000000
   0.030    41    93     7     7     1     1     0.00000000
   0.030    41    94     7     7     2    -1     0.00000000
   0.030    41    95     7     5     1     1     0.00000000
   0.030    41    96     7     5     2    -1     0.00000000
   0.030    41    97     7     3     1     1     0.00000000
   0.030    41    98     7     3     2    -1     0.00000000
   0.030    41    99     7     1     1     1     0.00000000
   0.030    41   100     7     7     2     1     0.00000000
   0.030    41   101     7     7     3    -1     0.00000000
   0.030    41   102     7     5     2     1     0.00000000
   0.030    41   103     7     5     3    -1     0.00000000
   0.030    41   104     7     3     2     1     0.00000000
   0.030    41   105     7     3     3    -1     0.00000000
   0.030    41   106     7     7     3     1     0.00000000
   0.030    41   107     7     7     4    -1     0.00000000
   0.030    41   108     7     5     3     1     0.00000000
   0.030    41   109     7     5     4    -1     0.00000000
   0.030    41   110     7     3     3     1     0.00000000
   0.030    41   111     7     7     4     1     0.00000000
   0.030    41   112     7     7     5    -1     0.00000000
   0.030    41   113     7     5     4     1     0.00000000
   0.030    41   114     7     5     5    -1     0.00000000
   0.030    41   115     7     7     5     1    -0.00379556
   0.030    41   116     7     7     6    -1    -0.00046177
   0.030    41   117     7     5     5     1     0.00937860
   0.030    41   118     7     7     6     1     0.00000000
   0.030    41   119     7     7     7    -1     0.00000000
   0.030    41   120     7     7     7     1     0.00000000
   0.030    42     1     0     0     0     1     0.00000000
   0.030    42     2     1     1     0     1     0.00004656
   0.030    42     3     1     1     1    -1    -0.00000642
   0.030    42     4     1     1     1     1     0.00000000
   0.030    42     5     2     2     0     1     0.00000000
   0.030    42     6     2     2     1    -1    -0.00000000
   0.030    42     7     2     0     0     1     0.00000000
   0.030    42     8     2     2     1     1    -0.00000000
   0.030    42     9     2     2     2    -1     0.00000000
   0.030    42    10     2     2     2     1     0.00000000
   0.030    42    11     3     3     0     1    -0.00458548
   0.030    42    12     3     3     1    -1    -0.00270727
   0.030    42    13     3     1     0     1    -0.00933680
   0.030    42    14     3     1     1    -1    -0.00665471
   0.030    42    15     3     3     1     1     0.00000000
   0.030    42    16     3     3     2    -1    -0.00000000
   0.030    42    17     3     1     1     1    -0.00000000
   0.030    42    18     3     3     2     1     0.00000000
   0.030    42    19     3     3     3    -1     0.00000000
   0.030    42    20     3     3     3     1     0.00000000
   0.030    42    21     4     4     0     1     0.00000000
   0.030    42    22     4     4     1    -1    -0.00000000
   0.030    42    23     4     2     0     1     0.00000000
   0.030    42    24     4     2     1    -1    -0.00000000
   0.030    42    25     4     0     0     1    -0.00000000
   0.030    42    26     4     4     1     1    -0.00000000
   0.030    42    27     4     4     2    -1     0.00000000
   0.030    42    28     4     2     1     1    -0.00000000
   0.030    42    29     4     2     2    -1     0.00000000
   0.030    42    30     4     4     2     1    -0.00000000
   0.030    42    31     4     4     3    -1    -0.00000000
   0.030    42    32     4     2     2     1     0.00000000
   0.030    42    33     4     4     3     1     0.00000000
   0.030    42    34     4     4     4    -1    -0.00000000
   0.030    42    35     4     4     4     1    -0.00000000
   0.030    42    36     5     5     0     1    -0.00002908
   0.030    42    37     5     5     1    -1    -0.00056701
   0.030    42    38     5     3     0     1     0.76370557
   0.030    42    39     5     3     1    -1     0.64517519
   0.030    42    40     5     1     0     1     0.00041971
   0.030    42    41     5     1     1    -1     0.00024210
   0.030    42    42     5     5     1     1     0.00000000
   0.030    42    43     5     5     2    -1    -0.00000000
   0.030    42    44     5     3     1     1     0.00000000
   0.030    42    45     5     3     2    -1    -0.00000000
   0.030    42    46     5     1     1     1    -0.00000000
   0.030    42    47     5     5     2     1     0.00000000
   0.030    42    48     5     5     3    -1    -0.00000000
   0.030    42    49     5     3     2     1     0.00000000
   0.030    42    50     5     3     3    -1     0.00000000
   0.030    42    51     5     5     3     1    -0.00000000
   0.030    42    52     5     5     4    -1    -0.00000000
   0.030    42    53     5     3     3     1    -0.00000000
   0.030    42    54     5     5     4     1    -0.00000000
   0.030    42    55     5     5     5    -1    -0.00000000
   0.030    42    56     5     5     5     1     0.00000000
   0.030    42    57     6     6     0     1    -0.00000000
   0.030    42    58     6     6     1    -1    -0.00000000
   0.030    42    59     6     4     0     1     0.00000000
   0.030    42    60     6     4     1    -1    -0.00000000
   0.030    42    61     6     2     0     1     0.00000000
   0.030    42    62     6     2     1    -1     0.00000000
   0.030    42    63     6     0     0     1    -0.00000000
   0.030    42    64     6     6     1     1    -0.00000000
   0.030    42    65     6     6     2    -1    -0.00000000
   0.030    42    66     6     4     1     1     0.00000000
   0.030    42    67     6     4     2    -1     0.00000000
   0.030    42    68     6     2     1     1     0.00000000
   0.030    42    69     6     2     2    -1    -0.00000000
   0.030    42    70     6     6     2     1    -0.00000000
   0.030    42    71     6     6     3    -1    -0.00000000
   0.030    42    72     6     4     2     1    -0.00000000
   0.030    42    73     6     4     3    -1     0.00000000
   0.030    42    74     6     2     2     1     0.00000000
   0.030    42    75     6     6     3     1     0.00000000
   0.030    42    76     6     6     4    -1     0.00000000
   0.030    42    77     6     4     3     1    -0.00000000
   0.030    42    78     6     4     4    -1     0.00000000
   0.030    42    79     6     6     4     1     0.00000000
   0.030    42    80     6     6     5    -1     0.00000000
   0.030    42    81     6     4     4     1    -0.00000000
   0.030    42    82     6     6     5     1    -0.00000000
   0.030    42    83     6     6     6    -1    -0.00000000
   0.030    42    84     6     6     6     1    -0.00000000
   0.030    42    85     7     7     0     1    -0.00000226
   0.030    42    86     7     7     1    -1    -0.00000666
   0.030    42    87     7     5     0     1     0.01145481
   0.030    42    88     7     5     1    -1     0.00947658
   0.030    42    89     7     3     0     1     0.00658925
   0.030    42    90     7     3     1    -1     0.00435439
   0.030    42    91     7     1     0     1     0.00640347
   0.030    42    92     7     1     1    -1     0.00424163
   0.030    42    93     7     7     1     1     0.00000000
   0.030    42    94     7     7     2    -1     0.00000000
   0.030    42    95     7     5     1     1    -0.00000000
   0.030    42    96     7     5     2    -1    -0.00000000
   0.030    42    97     7     3     1     1    -0.00000000
   0.030    42    98     7     3     2    -1    -0.00000000
   0.030    42    99     7     1     1     1     0.00000000
   0.030    42   100     7     7     2     1    -0.00000000
   0.030    42   101     7     7     3    -1    -0.00000000
   0.030    42   102     7     5     2     1     0.00000000
   0.030    42   103     7     5     3    -1     0.00000000
   0.030    42   104     7     3     2     1     0.00000000
   0.030    42   105     7     3     3    -1    -0.00000000
   0.030    42   106     7     7     3     1     0.00000000
   0.030    42   107     7     7     4    -1     0.00000000
   0.030    42   108     7     5     3     1    -0.00000000
   0.030    42   109     7     5     4    -1     0.00000000
   0.030    42   110     7     3     3     1    -0.00000000
   0.030    42   111     7     7     4     1     0.00000000
   0.030    42   112     7     7     5    -1     0.00000000
   0.030    42   113     7     5     4     1     0.00000000
   0.030    42   114     7     5     5    -1     0.00000000
   0.030    42   115     7     7     5     1     0.00000000
   0.030    42   116     7     7     6    -1     0.00000000
   0.030    42   117     7     5     5     1     0.00000000
   0.030    42   118     7     7     6     1     0.00000000
   0.030    42   119     7     7     7    -1     0.00000000
   0.030    42   120     7     7     7     1     0.00000000
   0.030    43     1     0     0     0     1    -0.00000000
   0.030    43     2     1     1     0     1    -0.00000000
   0.030    43     3     1     1     1    -1     0.00000000
   0.030    43     4     1     1     1     1     0.00000603
   0.030    43     5     2     2     0     1     0.00000000
   0.030    43     6     2     2     1    -1     0.00000000
   0.030    43     7     2     0     0     1     0.00000000
   0.030    43     8     2     2     1     1     0.00000000
   0.030    43     9     2     2     2    -1     0.00000000
   0.030    43    10     2     2     2     1     0.00000000
   0.030    43    11     3     3     0     1     0.00000000
   0.030    43    12     3     3     1    -1    -0.00000000
   0.030    43    13     3     1     0     1     0.00000000
   0.030    43    14     3     1     1    -1    -0.00000000
   0.030    43    15     3     3     1     1     0.00401361
   0.030    43    16     3     3     2    -1    -0.00038576
   0.030    43    17     3     1     1     1     0.00882044
   0.030    43    18     3     3     2     1    -0.00000000
   0.030    43    19     3     3     3    -1     0.00000000
   0.030    43    20     3     3     3     1    -0.00000000
   0.030    43    21     4     4     0     1     0.00000000
   0.030    43    22     4     4     1    -1     0.00000000
   0.030    43    23     4     2     0     1     0.00000000
   0.030    43    24     4     2     1    -1     0.00000000
   0.030    43    25     4     0     0     1     0.00000000
   0.030    43    26     4     4     1     1     0.00000000
   0.030    43    27     4     4     2    -1    -0.00000000
   0.030    43    28     4     2     1     1     0.00000000
   0.030    43    29     4     2     2    -1     0.00000000
   0.030    43    30     4     4     2     1     0.00000000
   0.030    43    31     4     4     3    -1    -0.00000000
   0.030    43    32     4     2     2     1    -0.00000000
   0.030    43    33     4     4     3     1    -0.00000000
   0.030    43    34     4     4     4    -1    -0.00000000
   0.030    43    35     4     4     4     1     0.00000000
   0.030    43    36     5     5     0     1    -0.00000000
   0.030    43    37     5     5     1    -1    -0.00000000
   0.030    43    38     5     3     0     1    -0.00000000
   0.030    43    39     5     3     1    -1    -0.00000000
   0.030    43    40     5     1     0     1     0.00000000
   0.030    43    41     5     1     1    -1    -0.00000000
   0.030    43    42     5     5     1     1    -0.00036955
   0.030    43    43     5     5     2    -1     0.00100702
   0.030    43    44     5     3     1     1    -0.86194356
   0.030    43    45     5     3     2    -1    -0.50666123
   0.030    43    46     5     1     1     1    -0.00027765
   0.030    43    47     5     5     2     1     0.00000000
   0.030    43    48     5     5     3    -1    -0.00000000
   0.030    43    49     5     3     2     1     0.00000000
   0.030    43    50     5     3     3    -1     0.00000000
   0.030    43    51     5     5     3     1    -0.00000000
   0.030    43    52     5     5     4    -1    -0.00000000
   0.030    43    53     5     3     3     1    -0.00000000
   0.030    43    54     5     5     4     1     0.00000000
   0.030    43    55     5     5     5    -1     0.00000000
   0.030    43    56     5     5     5     1     0.00000000
   0.030    43    57     6     6     0     1     0.00000000
   0.030    43    58     6     6     1    -1     0.00000000
   0.030    43    59     6     4     0     1     0.00000000
   0.030    43    60     6     4     1    -1     0.00000000
   0.030    43    61     6     2     0     1     0.00000000
   0.030    43    62     6     2     1    -1     0.00000000
   0.030    43    63     6     0     0     1     0.00000000
   0.030    43    64     6     6     1     1     0.00000000
   0.030    43    65     6     6     2    -1    -0.00000000
   0.030    43    66     6     4     1     1     0.00000000
   0.030    43    67     6     4     2    -1     0.00000000
   0.030    43    68     6     2     1     1     0.00000000
   0.030    43    69     6     2     2    -1     0.00000000
   0.030    43    70     6     6     2     1     0.00000000
   0.030    43    71     6     6     3    -1    -0.00000000
   0.030    43    72     6     4     2     1    -0.00000000
   0.030    43    73     6     4     3    -1     0.00000000
   0.030    43    74     6     2     2     1     0.00000000
   0.030    43    75     6     6     3     1     0.00000000
   0.030    43    76     6     6     4    -1     0.00000000
   0.030    43    77     6     4     3     1    -0.00000000
   0.030    43    78     6     4     4    -1    -0.00000000
   0.030    43    79     6     6     4     1    -0.00000000
   0.030    43    80     6     6     5    -1    -0.00000000
   0.030    43    81     6     4     4     1    -0.00000000
   0.030    43    82     6     6     5     1     0.00000000
   0.030    43    83     6     6     6    -1     0.00000000
   0.030    43    84     6     6     6     1    -0.00000000
   0.030    43    85     7     7     0     1     0.00000000
   0.030    43    86     7     7     1    -1    -0.00000000
   0.030    43    87     7     5     0     1    -0.00000000
   0.030    43    88     7     5     1    -1    -0.00000000
   0.030    43    89     7     3     0     1     0.00000000
   0.030    43    90     7     3     1    -1     0.00000000
   0.030    43    91     7     1     0     1     0.00000000
   0.030    43    92     7     1     1    -1     0.00000000
   0.030    43    93     7     7     1     1    -0.00000154
   0.030    43    94     7     7     2    -1     0.00000918
   0.030    43    95     7     5     1     1    -0.01209034
   0.030    43    96     7     5     2    -1    -0.00665331
   0.030    43    97     7     3     1     1    -0.00543754
   0.030    43    98     7     3     2    -1    -0.00037013
   0.030    43    99     7     1     1     1    -0.00567976
   0.030    43   100     7     7     2     1     0.00000000
   0.030    43   101     7     7     3    -1     0.00000000
   0.030    43   102     7     5     2     1     0.00000000
   0.030    43   103     7     5     3    -1     0.00000000
   0.030    43   104     7     3     2     1     0.00000000
   0.030    43   105     7     3     3    -1    -0.00000000
   0.030    43   106     7     7     3     1     0.00000000
   0.030    43   107     7     7     4    -1     0.00000000
   0.030    43   108     7     5     3     1    -0.00000000
   0.030    43   109     7     5     4    -1     0.00000000
   0.030    43   110     7     3     3     1     0.00000000
   0.030    43   111     7     7     4     1    -0.00000000
   0.030    43   112     7     7     5    -1    -0.00000000
   0.030    43   113     7     5     4     1    -0.00000000
   0.030    43   114     7     5     5    -1    -0.00000000
   0.030    43   115     7     7     5     1     0.00000000
   0.030    43   116     7     7     6    -1     0.00000000
   0.030    43   117     7     5     5     1     0.00000000
   0.030    43   118     7     7     6     1     0.00000000
   0.030    43   119     7     7     7    -1     0.00000000
   0.030    43   120     7     7     7     1     0.00000000
   0.030    44     1     0     0     0     1    -0.00000000
   0.030    44     2     1     1     0     1    -0.00000000
   0.030    44     3     1     1     1    -1     0.00000000
   0.030    44     4     1     1     1     1     0.00000000
   0.030    44     5     2     2     0     1    -0.00000000
   0.030    44     6     2     2     1    -1     0.00000000
   0.030    44     7     2     0     0     1    -0.00000000
   0.030    44     8     2     2     1     1     0.00000000
   0.030    44     9     2     2     2    -1    -0.00000000
   0.030    44    10     2     2     2     1    -0.00000000
   0.030    44    11     3     3     0     1    -0.00000000
   0.030    44    12     3     3     1    -1     0.00000000
   0.030    44    13     3     1     0     1     0.00000000
   0.030    44    14     3     1     1    -1     0.00000000
   0.030    44    15     3     3     1     1     0.00000000
   0.030    44    16     3     3     2    -1    -0.00000000
   0.030    44    17     3     1     1     1     0.00000000
   0.030    44    18     3     3     2     1     0.00019645
   0.030    44    19     3     3     3    -1    -0.00300275
   0.030    44    20     3     3     3     1     0.00000000
   0.030    44    21     4     4     0     1    -0.00000000
   0.030    44    22     4     4     1    -1    -0.00000000
   0.030    44    23     4     2     0     1    -0.00000000
   0.030    44    24     4     2     1    -1    -0.00000000
   0.030    44    25     4     0     0     1    -0.00000000
   0.030    44    26     4     4     1     1     0.00000000
   0.030    44    27     4     4     2    -1    -0.00000000
   0.030    44    28     4     2     1     1    -0.00000000
   0.030    44    29     4     2     2    -1    -0.00000000
   0.030    44    30     4     4     2     1     0.00000000
   0.030    44    31     4     4     3    -1    -0.00000000
   0.030    44    32     4     2     2     1    -0.00000000
   0.030    44    33     4     4     3     1    -0.00000000
   0.030    44    34     4     4     4    -1     0.00000000
   0.030    44    35     4     4     4     1    -0.00000000
   0.030    44    36     5     5     0     1     0.00000000
   0.030    44    37     5     5     1    -1     0.00000000
   0.030    44    38     5     3     0     1     0.00000000
   0.030    44    39     5     3     1    -1     0.00000000
   0.030    44    40     5     1     0     1    -0.00000000
   0.030    44    41     5     1     1    -1    -0.00000000
   0.030    44    42     5     5     1     1     0.00000000
   0.030    44    43     5     5     2    -1     0.00000000
   0.030    44    44     5     3     1     1    -0.00000000
   0.030    44    45     5     3     2    -1    -0.00000000
   0.030    44    46     5     1     1     1    -0.00000000
   0.030    44    47     5     5     2     1    -0.00046649
   0.030    44    48     5     5     3    -1     0.00106230
   0.030    44    49     5     3     2     1    -0.94002863
   0.030    44    50     5     3     3    -1    -0.34086955
   0.030    44    51     5     5     3     1    -0.00000000
   0.030    44    52     5     5     4    -1     0.00000000
   0.030    44    53     5     3     3     1    -0.00000000
   0.030    44    54     5     5     4     1     0.00000000
   0.030    44    55     5     5     5    -1     0.00000000
   0.030    44    56     5     5     5     1     0.00000000
   0.030    44    57     6     6     0     1    -0.00000000
   0.030    44    58     6     6     1    -1    -0.00000000
   0.030    44    59     6     4     0     1    -0.00000000
   0.030    44    60     6     4     1    -1    -0.00000000
   0.030    44    61     6     2     0     1    -0.00000000
   0.030    44    62     6     2     1    -1    -0.00000000
   0.030    44    63     6     0     0     1    -0.00000000
   0.030    44    64     6     6     1     1     0.00000000
   0.030    44    65     6     6     2    -1    -0.00000000
   0.030    44    66     6     4     1     1    -0.00000000
   0.030    44    67     6     4     2    -1    -0.00000000
   0.030    44    68     6     2     1     1    -0.00000000
   0.030    44    69     6     2     2    -1     0.00000000
   0.030    44    70     6     6     2     1     0.00000000
   0.030    44    71     6     6     3    -1    -0.00000000
   0.030    44    72     6     4     2     1    -0.00000000
   0.030    44    73     6     4     3    -1     0.00000000
   0.030    44    74     6     2     2     1     0.00000000
   0.030    44    75     6     6     3     1     0.00000000
   0.030    44    76     6     6     4    -1     0.00000000
   0.030    44    77     6     4     3     1     0.00000000
   0.030    44    78     6     4     4    -1    -0.00000000
   0.030    44    79     6     6     4     1     0.00000000
   0.030    44    80     6     6     5    -1     0.00000000
   0.030    44    81     6     4     4     1     0.00000000
   0.030    44    82     6     6     5     1     0.00000000
   0.030    44    83     6     6     6    -1     0.00000000
   0.030    44    84     6     6     6     1    -0.00000000
   0.030    44    85     7     7     0     1    -0.00000000
   0.030    44    86     7     7     1    -1     0.00000000
   0.030    44    87     7     5     0     1    -0.00000000
   0.030    44    88     7     5     1    -1     0.00000000
   0.030    44    89     7     3     0     1     0.00000000
   0.030    44    90     7     3     1    -1    -0.00000000
   0.030    44    91     7     1     0     1    -0.00000000
   0.030    44    92     7     1     1    -1     0.00000000
   0.030    44    93     7     7     1     1     0.00000000
   0.030    44    94     7     7     2    -1    -0.00000000
   0.030    44    95     7     5     1     1    -0.00000000
   0.030    44    96     7     5     2    -1     0.00000000
   0.030    44    97     7     3     1     1    -0.00000000
   0.030    44    98     7     3     2    -1    -0.00000000
   0.030    44    99     7     1     1     1    -0.00000000
   0.030    44   100     7     7     2     1    -0.00000293
   0.030    44   101     7     7     3    -1     0.00000781
   0.030    44   102     7     5     2     1    -0.01099826
   0.030    44   103     7     5     3    -1    -0.00355567
   0.030    44   104     7     3     2     1     0.00018557
   0.030    44   105     7     3     3    -1     0.00317658
   0.030    44   106     7     7     3     1    -0.00000000
   0.030    44   107     7     7     4    -1    -0.00000000
   0.030    44   108     7     5     3     1     0.00000000
   0.030    44   109     7     5     4    -1     0.00000000
   0.030    44   110     7     3     3     1    -0.00000000
   0.030    44   111     7     7     4     1    -0.00000000
   0.030    44   112     7     7     5    -1    -0.00000000
   0.030    44   113     7     5     4     1    -0.00000000
   0.030    44   114     7     5     5    -1    -0.00000000
   0.030    44   115     7     7     5     1     0.00000000
   0.030    44   116     7     7     6    -1     0.00000000
   0.030    44   117     7     5     5     1     0.00000000
   0.030    44   118     7     7     6     1     0.00000000
   0.030    44   119     7     7     7    -1     0.00000000
   0.030    44   120     7     7     7     1     0.00000000
   0.030    45     1     0     0     0     1     0.00000000
   0.030    45     2     1     1     0     1    -0.00001509
   0.030    45     3     1     1     1    -1     0.00001350
   0.030    45     4     1     1     1     1    -0.00000000
   0.030    45     5     2     2     0     1     0.00000000
   0.030    45     6     2     2     1    -1     0.00000000
   0.030    45     7     2     0     0     1    -0.00000000
   0.030    45     8     2     2     1     1    -0.00000000
   0.030    45     9     2     2     2    -1    -0.00000000
   0.030    45    10     2     2     2     1     0.00000000
   0.030    45    11     3     3     0     1     0.00515327
   0.030    45    12     3     3     1    -1    -0.00550259
   0.030    45    13     3     1     0     1     0.00000108
   0.030    45    14     3     1     1    -1    -0.00000616
   0.030    45    15     3     3     1     1    -0.00000000
   0.030    45    16     3     3     2    -1    -0.00000000
   0.030    45    17     3     1     1     1     0.00000000
   0.030    45    18     3     3     2     1    -0.00000000
   0.030    45    19     3     3     3    -1    -0.00000000
   0.030    45    20     3     3     3     1    -0.00000000
   0.030    45    21     4     4     0     1     0.00000000
   0.030    45    22     4     4     1    -1     0.00000000
   0.030    45    23     4     2     0     1     0.00000000
   0.030    45    24     4     2     1    -1     0.00000000
   0.030    45    25     4     0     0     1     0.00000000
   0.030    45    26     4     4     1     1    -0.00000000
   0.030    45    27     4     4     2    -1     0.00000000
   0.030    45    28     4     2     1     1    -0.00000000
   0.030    45    29     4     2     2    -1     0.00000000
   0.030    45    30     4     4     2     1     0.00000000
   0.030    45    31     4     4     3    -1     0.00000000
   0.030    45    32     4     2     2     1     0.00000000
   0.030    45    33     4     4     3     1     0.00000000
   0.030    45    34     4     4     4    -1    -0.00000000
   0.030    45    35     4     4     4     1    -0.00000000
   0.030    45    36     5     5     0     1    -0.67189029
   0.030    45    37     5     5     1    -1     0.74052226
   0.030    45    38     5     3     0     1     0.00004652
   0.030    45    39     5     3     1    -1     0.00060550
   0.030    45    40     5     1     0     1    -0.00010048
   0.030    45    41     5     1     1    -1     0.00004433
   0.030    45    42     5     5     1     1    -0.00000000
   0.030    45    43     5     5     2    -1     0.00000000
   0.030    45    44     5     3     1     1    -0.00000000
   0.030    45    45     5     3     2    -1    -0.00000000
   0.030    45    46     5     1     1     1     0.00000000
   0.030    45    47     5     5     2     1    -0.00000000
   0.030    45    48     5     5     3    -1     0.00000000
   0.030    45    49     5     3     2     1    -0.00000000
   0.030    45    50     5     3     3    -1    -0.00000000
   0.030    45    51     5     5     3     1     0.00000000
   0.030    45    52     5     5     4    -1     0.00000000
   0.030    45    53     5     3     3     1     0.00000000
   0.030    45    54     5     5     4     1     0.00000000
   0.030    45    55     5     5     5    -1     0.00000000
   0.030    45    56     5     5     5     1     0.00000000
   0.030    45    57     6     6     0     1     0.00000000
   0.030    45    58     6     6     1    -1     0.00000000
   0.030    45    59     6     4     0     1     0.00000000
   0.030    45    60     6     4     1    -1    -0.00000000
   0.030    45    61     6     2     0     1    -0.00000000
   0.030    45    62     6     2     1    -1    -0.00000000
   0.030    45    63     6     0     0     1     0.00000000
   0.030    45    64     6     6     1     1    -0.00000000
   0.030    45    65     6     6     2    -1    -0.00000000
   0.030    45    66     6     4     1     1    -0.00000000
   0.030    45    67     6     4     2    -1    -0.00000000
   0.030    45    68     6     2     1     1     0.00000000
   0.030    45    69     6     2     2    -1     0.00000000
   0.030    45    70     6     6     2     1    -0.00000000
   0.030    45    71     6     6     3    -1    -0.00000000
   0.030    45    72     6     4     2     1    -0.00000000
   0.030    45    73     6     4     3    -1     0.00000000
   0.030    45    74     6     2     2     1    -0.00000000
   0.030    45    75     6     6     3     1    -0.00000000
   0.030    45    76     6     6     4    -1    -0.00000000
   0.030    45    77     6     4     3     1    -0.00000000
   0.030    45    78     6     4     4    -1    -0.00000000
   0.030    45    79     6     6     4     1     0.00000000
   0.030    45    80     6     6     5    -1    -0.00000000
   0.030    45    81     6     4     4     1     0.00000000
   0.030    45    82     6     6     5     1    -0.00000000
   0.030    45    83     6     6     6    -1     0.00000000
   0.030    45    84     6     6     6     1    -0.00000000
   0.030    45    85     7     7     0     1    -0.00595914
   0.030    45    86     7     7     1    -1     0.00642583
   0.030    45    87     7     5     0     1    -0.00433665
   0.030    45    88     7     5     1    -1     0.00414761
   0.030    45    89     7     3     0     1    -0.00314114
   0.030    45    90     7     3     1    -1     0.00321251
   0.030    45    91     7     1     0     1    -0.00000078
   0.030    45    92     7     1     1    -1     0.00000359
   0.030    45    93     7     7     1     1    -0.00000000
   0.030    45    94     7     7     2    -1    -0.00000000
   0.030    45    95     7     5     1     1     0.00000000
   0.030    45    96     7     5     2    -1     0.00000000
   0.030    45    97     7     3     1     1    -0.00000000
   0.030    45    98     7     3     2    -1     0.00000000
   0.030    45    99     7     1     1     1    -0.00000000
   0.030    45   100     7     7     2     1     0.00000000
   0.030    45   101     7     7     3    -1     0.00000000
   0.030    45   102     7     5     2     1    -0.00000000
   0.030    45   103     7     5     3    -1    -0.00000000
   0.030    45   104     7     3     2     1    -0.00000000
   0.030    45   105     7     3     3    -1     0.00000000
   0.030    45   106     7     7     3     1    -0.00000000
   0.030    45   107     7     7     4    -1    -0.00000000
   0.030    45   108     7     5     3     1     0.00000000
   0.030    45   109     7     5     4    -1    -0.00000000
   0.030    45   110     7     3     3     1     0.00000000
   0.030    45   111     7     7     4     1    -0.00000000
   0.030    45   112     7     7     5    -1    -0.00000000
   0.030    45   113     7     5     4     1    -0.00000000
   0.030    45   114     7     5     5    -1    -0.00000000
   0.030    45   115     7     7     5     1     0.00000000
   0.030    45   116     7     7     6    -1     0.00000000
   0.030    45   117     7     5     5     1     0.00000000
   0.030    45   118     7     7     6     1     0.00000000
   0.030    45   119     7     7     7    -1     0.00000000
   0.030    45   120     7     7     7     1     0.00000000
   0.030    46     1     0     0     0     1    -0.00000000
   0.030    46     2     1     1     0     1     0.00000000
   0.030    46     3     1     1     1    -1    -0.00000000
   0.030    46     4     1     1     1     1     0.00000983
   0.030    46     5     2     2     0     1     0.00000000
   0.030    46     6     2     2     1    -1    -0.00000000
   0.030    46     7     2     0     0     1     0.00000000
   0.030    46     8     2     2     1     1    -0.00000000
   0.030    46     9     2     2     2    -1     0.00000000
   0.030    46    10     2     2     2     1    -0.00000000
   0.030    46    11     3     3     0     1     0.00000000
   0.030    46    12     3     3     1    -1     0.00000000
   0.030    46    13     3     1     0     1    -0.00000000
   0.030    46    14     3     1     1    -1    -0.00000000
   0.030    46    15     3     3     1     1    -0.00421373
   0.030    46    16     3     3     2    -1     0.00507998
   0.030    46    17     3     1     1     1     0.00000851
   0.030    46    18     3     3     2     1     0.00000000
   0.030    46    19     3     3     3    -1    -0.00000000
   0.030    46    20     3     3     3     1    -0.00000000
   0.030    46    21     4     4     0     1    -0.00000000
   0.030    46    22     4     4     1    -1     0.00000000
   0.030    46    23     4     2     0     1     0.00000000
   0.030    46    24     4     2     1    -1     0.00000000
   0.030    46    25     4     0     0     1    -0.00000000
   0.030    46    26     4     4     1     1     0.00000000
   0.030    46    27     4     4     2    -1    -0.00000000
   0.030    46    28     4     2     1     1    -0.00000000
   0.030    46    29     4     2     2    -1    -0.00000000
   0.030    46    30     4     4     2     1    -0.00000000
   0.030    46    31     4     4     3    -1     0.00000000
   0.030    46    32     4     2     2     1     0.00000000
   0.030    46    33     4     4     3     1    -0.00000000
   0.030    46    34     4     4     4    -1     0.00000000
   0.030    46    35     4     4     4     1    -0.00000000
   0.030    46    36     5     5     0     1    -0.00000000
   0.030    46    37     5     5     1    -1    -0.00000000
   0.030    46    38     5     3     0     1    -0.00000000
   0.030    46    39     5     3     1    -1    -0.00000000
   0.030    46    40     5     1     0     1    -0.00000000
   0.030    46    41     5     1     1    -1    -0.00000000
   0.030    46    42     5     5     1     1     0.59597441
   0.030    46    43     5     5     2    -1    -0.80290995
   0.030    46    44     5     3     1     1    -0.00079799
   0.030    46    45     5     3     2    -1    -0.00078673
   0.030    46    46     5     1     1     1     0.00007931
   0.030    46    47     5     5     2     1     0.00000000
   0.030    46    48     5     5     3    -1     0.00000000
   0.030    46    49     5     3     2     1    -0.00000000
   0.030    46    50     5     3     3    -1     0.00000000
   0.030    46    51     5     5     3     1     0.00000000
   0.030    46    52     5     5     4    -1     0.00000000
   0.030    46    53     5     3     3     1    -0.00000000
   0.030    46    54     5     5     4     1     0.00000000
   0.030    46    55     5     5     5    -1     0.00000000
   0.030    46    56     5     5     5     1     0.00000000
   0.030    46    57     6     6     0     1    -0.00000000
   0.030    46    58     6     6     1    -1     0.00000000
   0.030    46    59     6     4     0     1     0.00000000
   0.030    46    60     6     4     1    -1     0.00000000
   0.030    46    61     6     2     0     1    -0.00000000
   0.030    46    62     6     2     1    -1     0.00000000
   0.030    46    63     6     0     0     1     0.00000000
   0.030    46    64     6     6     1     1     0.00000000
   0.030    46    65     6     6     2    -1    -0.00000000
   0.030    46    66     6     4     1     1    -0.00000000
   0.030    46    67     6     4     2    -1    -0.00000000
   0.030    46    68     6     2     1     1     0.00000000
   0.030    46    69     6     2     2    -1     0.00000000
   0.030    46    70     6     6     2     1     0.00000000
   0.030    46    71     6     6     3    -1     0.00000000
   0.030    46    72     6     4     2     1    -0.00000000
   0.030    46    73     6     4     3    -1    -0.00000000
   0.030    46    74     6     2     2     1     0.00000000
   0.030    46    75     6     6     3     1     0.00000000
   0.030    46    76     6     6     4    -1     0.00000000
   0.030    46    77     6     4     3     1    -0.00000000
   0.030    46    78     6     4     4    -1    -0.00000000
   0.030    46    79     6     6     4     1     0.00000000
   0.030    46    80     6     6     5    -1     0.00000000
   0.030    46    81     6     4     4     1     0.00000000
   0.030    46    82     6     6     5     1    -0.00000000
   0.030    46    83     6     6     6    -1    -0.00000000
   0.030    46    84     6     6     6     1    -0.00000000
   0.030    46    85     7     7     0     1     0.00000000
   0.030    46    86     7     7     1    -1     0.00000000
   0.030    46    87     7     5     0     1    -0.00000000
   0.030    46    88     7     5     1    -1     0.00000000
   0.030    46    89     7     3     0     1    -0.00000000
   0.030    46    90     7     3     1    -1     0.00000000
   0.030    46    91     7     1     0     1    -0.00000000
   0.030    46    92     7     1     1    -1     0.00000000
   0.030    46    93     7     7     1     1     0.00515008
   0.030    46    94     7     7     2    -1    -0.00647272
   0.030    46    95     7     5     1     1     0.00364901
   0.030    46    96     7     5     2    -1    -0.00285532
   0.030    46    97     7     3     1     1     0.00270671
   0.030    46    98     7     3     2    -1    -0.00284149
   0.030    46    99     7     1     1     1    -0.00000585
   0.030    46   100     7     7     2     1    -0.00000000
   0.030    46   101     7     7     3    -1    -0.00000000
   0.030    46   102     7     5     2     1    -0.00000000
   0.030    46   103     7     5     3    -1     0.00000000
   0.030    46   104     7     3     2     1    -0.00000000
   0.030    46   105     7     3     3    -1    -0.00000000
   0.030    46   106     7     7     3     1    -0.00000000
   0.030    46   107     7     7     4    -1    -0.00000000
   0.030    46   108     7     5     3     1     0.00000000
   0.030    46   109     7     5     4    -1    -0.00000000
   0.030    46   110     7     3     3     1     0.00000000
   0.030    46   111     7     7     4     1    -0.00000000
   0.030    46   112     7     7     5    -1    -0.00000000
   0.030    46   113     7     5     4     1    -0.00000000
   0.030    46   114     7     5     5    -1    -0.00000000
   0.030    46   115     7     7     5     1     0.00000000
   0.030    46   116     7     7     6    -1     0.00000000
   0.030    46   117     7     5     5     1     0.00000000
   0.030    46   118     7     7     6     1     0.00000000
   0.030    46   119     7     7     7    -1     0.00000000
   0.030    46   120     7     7     7     1     0.00000000
   0.030    47     1     0     0     0     1    -0.00000000
   0.030    47     2     1     1     0     1     0.00000000
   0.030    47     3     1     1     1    -1    -0.00000000
   0.030    47     4     1     1     1     1     0.00000000
   0.030    47     5     2     2     0     1    -0.00000000
   0.030    47     6     2     2     1    -1     0.00000000
   0.030    47     7     2     0     0     1    -0.00000000
   0.030    47     8     2     2     1     1    -0.00000000
   0.030    47     9     2     2     2    -1    -0.00000000
   0.030    47    10     2     2     2     1    -0.00000000
   0.030    47    11     3     3     0     1    -0.00000000
   0.030    47    12     3     3     1    -1     0.00000000
   0.030    47    13     3     1     0     1     0.00000000
   0.030    47    14     3     1     1    -1    -0.00000000
   0.030    47    15     3     3     1     1    -0.00000000
   0.030    47    16     3     3     2    -1     0.00000000
   0.030    47    17     3     1     1     1     0.00000000
   0.030    47    18     3     3     2     1    -0.00288427
   0.030    47    19     3     3     3    -1     0.00368885
   0.030    47    20     3     3     3     1    -0.00000000
   0.030    47    21     4     4     0     1    -0.00000000
   0.030    47    22     4     4     1    -1     0.00000000
   0.030    47    23     4     2     0     1     0.00000000
   0.030    47    24     4     2     1    -1     0.00000000
   0.030    47    25     4     0     0     1    -0.00000000
   0.030    47    26     4     4     1     1     0.00000000
   0.030    47    27     4     4     2    -1    -0.00000000
   0.030    47    28     4     2     1     1     0.00000000
   0.030    47    29     4     2     2    -1     0.00000000
   0.030    47    30     4     4     2     1    -0.00000000
   0.030    47    31     4     4     3    -1     0.00000000
   0.030    47    32     4     2     2     1    -0.00000000
   0.030    47    33     4     4     3     1     0.00000000
   0.030    47    34     4     4     4    -1     0.00000000
   0.030    47    35     4     4     4     1     0.00000000
   0.030    47    36     5     5     0     1     0.00000000
   0.030    47    37     5     5     1    -1     0.00000000
   0.030    47    38     5     3     0     1     0.00000000
   0.030    47    39     5     3     1    -1     0.00000000
   0.030    47    40     5     1     0     1    -0.00000000
   0.030    47    41     5     1     1    -1     0.00000000
   0.030    47    42     5     5     1     1     0.00000000
   0.030    47    43     5     5     2    -1     0.00000000
   0.030    47    44     5     3     1     1     0.00000000
   0.030    47    45     5     3     2    -1     0.00000000
   0.030    47    46     5     1     1     1     0.00000000
   0.030    47    47     5     5     2     1     0.51077734
   0.030    47    48     5     5     3    -1    -0.85966071
   0.030    47    49     5     3     2     1    -0.00109672
   0.030    47    50     5     3     3    -1    -0.00047848
   0.030    47    51     5     5     3     1     0.00000000
   0.030    47    52     5     5     4    -1    -0.00000000
   0.030    47    53     5     3     3     1    -0.00000000
   0.030    47    54     5     5     4     1     0.00000000
   0.030    47    55     5     5     5    -1     0.00000000
   0.030    47    56     5     5     5     1     0.00000000
   0.030    47    57     6     6     0     1    -0.00000000
   0.030    47    58     6     6     1    -1     0.00000000
   0.030    47    59     6     4     0     1    -0.00000000
   0.030    47    60     6     4     1    -1    -0.00000000
   0.030    47    61     6     2     0     1    -0.00000000
   0.030    47    62     6     2     1    -1     0.00000000
   0.030    47    63     6     0     0     1    -0.00000000
   0.030    47    64     6     6     1     1     0.00000000
   0.030    47    65     6     6     2    -1    -0.00000000
   0.030    47    66     6     4     1     1     0.00000000
   0.030    47    67     6     4     2    -1    -0.00000000
   0.030    47    68     6     2     1     1     0.00000000
   0.030    47    69     6     2     2    -1    -0.00000000
   0.030    47    70     6     6     2     1    -0.00000000
   0.030    47    71     6     6     3    -1     0.00000000
   0.030    47    72     6     4     2     1    -0.00000000
   0.030    47    73     6     4     3    -1    -0.00000000
   0.030    47    74     6     2     2     1     0.00000000
   0.030    47    75     6     6     3     1     0.00000000
   0.030    47    76     6     6     4    -1     0.00000000
   0.030    47    77     6     4     3     1    -0.00000000
   0.030    47    78     6     4     4    -1    -0.00000000
   0.030    47    79     6     6     4     1    -0.00000000
   0.030    47    80     6     6     5    -1    -0.00000000
   0.030    47    81     6     4     4     1    -0.00000000
   0.030    47    82     6     6     5     1    -0.00000000
   0.030    47    83     6     6     6    -1    -0.00000000
   0.030    47    84     6     6     6     1     0.00000000
   0.030    47    85     7     7     0     1     0.00000000
   0.030    47    86     7     7     1    -1     0.00000000
   0.030    47    87     7     5     0     1    -0.00000000
   0.030    47    88     7     5     1    -1    -0.00000000
   0.030    47    89     7     3     0     1    -0.00000000
   0.030    47    90     7     3     1    -1    -0.00000000
   0.030    47    91     7     1     0     1    -0.00000000
   0.030    47    92     7     1     1    -1    -0.00000000
   0.030    47    93     7     7     1     1     0.00000000
   0.030    47    94     7     7     2    -1    -0.00000000
   0.030    47    95     7     5     1     1    -0.00000000
   0.030    47    96     7     5     2    -1     0.00000000
   0.030    47    97     7     3     1     1    -0.00000000
   0.030    47    98     7     3     2    -1    -0.00000000
   0.030    47    99     7     1     1     1    -0.00000000
   0.030    47   100     7     7     2     1     0.00408344
   0.030    47   101     7     7     3    -1    -0.00602812
   0.030    47   102     7     5     2     1     0.00236329
   0.030    47   103     7     5     3    -1    -0.00028569
   0.030    47   104     7     3     2     1     0.00201374
   0.030    47   105     7     3     3    -1    -0.00197038
   0.030    47   106     7     7     3     1    -0.00000000
   0.030    47   107     7     7     4    -1    -0.00000000
   0.030    47   108     7     5     3     1    -0.00000000
   0.030    47   109     7     5     4    -1    -0.00000000
   0.030    47   110     7     3     3     1     0.00000000
   0.030    47   111     7     7     4     1    -0.00000000
   0.030    47   112     7     7     5    -1    -0.00000000
   0.030    47   113     7     5     4     1    -0.00000000
   0.030    47   114     7     5     5    -1    -0.00000000
   0.030    47   115     7     7     5     1     0.00000000
   0.030    47   116     7     7     6    -1     0.00000000
   0.030    47   117     7     5     5     1     0.00000000
   0.030    47   118     7     7     6     1     0.00000000
   0.030    47   119     7     7     7    -1     0.00000000
   0.030    47   120     7     7     7     1     0.00000000
   0.030    48     1     0     0     0     1    -0.00000000
   0.030    48     2     1     1     0     1    -0.00000000
   0.030    48     3     1     1     1    -1     0.00000000
   0.030    48     4     1     1     1     1     0.00000000
   0.030    48     5     2     2     0     1    -0.00000000
   0.030    48     6     2     2     1    -1     0.00000000
   0.030    48     7     2     0     0     1    -0.00000000
   0.030    48     8     2     2     1     1     0.00000000
   0.030    48     9     2     2     2    -1     0.00000000
   0.030    48    10     2     2     2     1    -0.00000000
   0.030    48    11     3     3     0     1     0.00000000
   0.030    48    12     3     3     1    -1    -0.00000000
   0.030    48    13     3     1     0     1     0.00000000
   0.030    48    14     3     1     1    -1    -0.00000000
   0.030    48    15     3     3     1     1     0.00000000
   0.030    48    16     3     3     2    -1     0.00000000
   0.030    48    17     3     1     1     1    -0.00000000
   0.030    48    18     3     3     2     1     0.00000000
   0.030    48    19     3     3     3    -1     0.00000000
   0.030    48    20     3     3     3     1     0.00723813
   0.030    48    21     4     4     0     1    -0.00000000
   0.030    48    22     4     4     1    -1    -0.00000000
   0.030    48    23     4     2     0     1    -0.00000000
   0.030    48    24     4     2     1    -1     0.00000000
   0.030    48    25     4     0     0     1    -0.00000000
   0.030    48    26     4     4     1     1    -0.00000000
   0.030    48    27     4     4     2    -1    -0.00000000
   0.030    48    28     4     2     1     1    -0.00000000
   0.030    48    29     4     2     2    -1    -0.00000000
   0.030    48    30     4     4     2     1    -0.00000000
   0.030    48    31     4     4     3    -1    -0.00000000
   0.030    48    32     4     2     2     1     0.00000000
   0.030    48    33     4     4     3     1     0.00000000
   0.030    48    34     4     4     4    -1     0.00000000
   0.030    48    35     4     4     4     1    -0.00000000
   0.030    48    36     5     5     0     1     0.00000000
   0.030    48    37     5     5     1    -1    -0.00000000
   0.030    48    38     5     3     0     1     0.00000000
   0.030    48    39     5     3     1    -1    -0.00000000
   0.030    48    40     5     1     0     1     0.00000000
   0.030    48    41     5     1     1    -1     0.00000000
   0.030    48    42     5     5     1     1     0.00000000
   0.030    48    43     5     5     2    -1     0.00000000
   0.030    48    44     5     3     1     1     0.00000000
   0.030    48    45     5     3     2    -1     0.00000000
   0.030    48    46     5     1     1     1     0.00000000
   0.030    48    47     5     5     2     1    -0.00000000
   0.030    48    48     5     5     3    -1    -0.00000000
   0.030    48    49     5     3     2     1    -0.00000000
   0.030    48    50     5     3     3    -1     0.00000000
   0.030    48    51     5     5     3     1     0.00011837
   0.030    48    52     5     5     4    -1    -0.00023788
   0.030    48    53     5     3     3     1     0.99988417
   0.030    48    54     5     5     4     1     0.00000000
   0.030    48    55     5     5     5    -1     0.00000000
   0.030    48    56     5     5     5     1     0.00000000
   0.030    48    57     6     6     0     1    -0.00000000
   0.030    48    58     6     6     1    -1    -0.00000000
   0.030    48    59     6     4     0     1    -0.00000000
   0.030    48    60     6     4     1    -1    -0.00000000
   0.030    48    61     6     2     0     1    -0.00000000
   0.030    48    62     6     2     1    -1    -0.00000000
   0.030    48    63     6     0     0     1    -0.00000000
   0.030    48    64     6     6     1     1    -0.00000000
   0.030    48    65     6     6     2    -1    -0.00000000
   0.030    48    66     6     4     1     1    -0.00000000
   0.030    48    67     6     4     2    -1    -0.00000000
   0.030    48    68     6     2     1     1    -0.00000000
   0.030    48    69     6     2     2    -1    -0.00000000
   0.030    48    70     6     6     2     1    -0.00000000
   0.030    48    71     6     6     3    -1    -0.00000000
   0.030    48    72     6     4     2     1     0.00000000
   0.030    48    73     6     4     3    -1     0.00000000
   0.030    48    74     6     2     2     1    -0.00000000
   0.030    48    75     6     6     3     1     0.00000000
   0.030    48    76     6     6     4    -1     0.00000000
   0.030    48    77     6     4     3     1    -0.00000000
   0.030    48    78     6     4     4    -1    -0.00000000
   0.030    48    79     6     6     4     1    -0.00000000
   0.030    48    80     6     6     5    -1    -0.00000000
   0.030    48    81     6     4     4     1     0.00000000
   0.030    48    82     6     6     5     1     0.00000000
   0.030    48    83     6     6     6    -1    -0.00000000
   0.030    48    84     6     6     6     1    -0.00000000
   0.030    48    85     7     7     0     1    -0.00000000
   0.030    48    86     7     7     1    -1     0.00000000
   0.030    48    87     7     5     0     1    -0.00000000
   0.030    48    88     7     5     1    -1     0.00000000
   0.030    48    89     7     3     0     1     0.00000000
   0.030    48    90     7     3     1    -1     0.00000000
   0.030    48    91     7     1     0     1    -0.00000000
   0.030    48    92     7     1     1    -1     0.00000000
   0.030    48    93     7     7     1     1    -0.00000000
   0.030    48    94     7     7     2    -1     0.00000000
   0.030    48    95     7     5     1     1    -0.00000000
   0.030    48    96     7     5     2    -1    -0.00000000
   0.030    48    97     7     3     1     1    -0.00000000
   0.030    48    98     7     3     2    -1    -0.00000000
   0.030    48    99     7     1     1     1     0.00000000
   0.030    48   100     7     7     2     1     0.00000000
   0.030    48   101     7     7     3    -1     0.00000000
   0.030    48   102     7     5     2     1     0.00000000
   0.030    48   103     7     5     3    -1    -0.00000000
   0.030    48   104     7     3     2     1    -0.00000000
   0.030    48   105     7     3     3    -1    -0.00000000
   0.030    48   106     7     7     3     1     0.00000086
   0.030    48   107     7     7     4    -1    -0.00000127
   0.030    48   108     7     5     3     1     0.00784250
   0.030    48   109     7     5     4    -1     0.00083132
   0.030    48   110     7     3     3     1    -0.01081599
   0.030    48   111     7     7     4     1    -0.00000000
   0.030    48   112     7     7     5    -1    -0.00000000
   0.030    48   113     7     5     4     1    -0.00000000
   0.030    48   114     7     5     5    -1    -0.00000000
   0.030    48   115     7     7     5     1     0.00000000
   0.030    48   116     7     7     6    -1     0.00000000
   0.030    48   117     7     5     5     1     0.00000000
   0.030    48   118     7     7     6     1     0.00000000
   0.030    48   119     7     7     7    -1     0.00000000
   0.030    48   120     7     7     7     1     0.00000000
   0.030    49     1     0     0     0     1     0.00000000
   0.030    49     2     1     1     0     1     0.00000000
   0.030    49     3     1     1     1    -1    -0.00000000
   0.030    49     4     1     1     1     1     0.00000000
   0.030    49     5     2     2     0     1    -0.00000000
   0.030    49     6     2     2     1    -1     0.00000000
   0.030    49     7     2     0     0     1     0.00000000
   0.030    49     8     2     2     1     1    -0.00000000
   0.030    49     9     2     2     2    -1     0.00000000
   0.030    49    10     2     2     2     1    -0.00000000
   0.030    49    11     3     3     0     1    -0.00000000
   0.030    49    12     3     3     1    -1     0.00000000
   0.030    49    13     3     1     0     1    -0.00000000
   0.030    49    14     3     1     1    -1    -0.00000000
   0.030    49    15     3     3     1     1    -0.00000000
   0.030    49    16     3     3     2    -1     0.00000000
   0.030    49    17     3     1     1     1     0.00000000
   0.030    49    18     3     3     2     1     0.00000000
   0.030    49    19     3     3     3    -1     0.00000000
   0.030    49    20     3     3     3     1    -0.00139497
   0.030    49    21     4     4     0     1    -0.00000000
   0.030    49    22     4     4     1    -1    -0.00000000
   0.030    49    23     4     2     0     1     0.00000000
   0.030    49    24     4     2     1    -1     0.00000000
   0.030    49    25     4     0     0     1    -0.00000000
   0.030    49    26     4     4     1     1     0.00000000
   0.030    49    27     4     4     2    -1     0.00000000
   0.030    49    28     4     2     1     1    -0.00000000
   0.030    49    29     4     2     2    -1    -0.00000000
   0.030    49    30     4     4     2     1     0.00000000
   0.030    49    31     4     4     3    -1     0.00000000
   0.030    49    32     4     2     2     1    -0.00000000
   0.030    49    33     4     4     3     1     0.00000000
   0.030    49    34     4     4     4    -1    -0.00000000
   0.030    49    35     4     4     4     1    -0.00000000
   0.030    49    36     5     5     0     1    -0.00000000
   0.030    49    37     5     5     1    -1    -0.00000000
   0.030    49    38     5     3     0     1    -0.00000000
   0.030    49    39     5     3     1    -1    -0.00000000
   0.030    49    40     5     1     0     1     0.00000000
   0.030    49    41     5     1     1    -1    -0.00000000
   0.030    49    42     5     5     1     1    -0.00000000
   0.030    49    43     5     5     2    -1    -0.00000000
   0.030    49    44     5     3     1     1    -0.00000000
   0.030    49    45     5     3     2    -1    -0.00000000
   0.030    49    46     5     1     1     1    -0.00000000
   0.030    49    47     5     5     2     1    -0.00000000
   0.030    49    48     5     5     3    -1     0.00000000
   0.030    49    49     5     3     2     1    -0.00000000
   0.030    49    50     5     3     3    -1     0.00000000
   0.030    49    51     5     5     3     1     0.41193422
   0.030    49    52     5     5     4    -1    -0.91118562
   0.030    49    53     5     3     3     1    -0.00025243
   0.030    49    54     5     5     4     1    -0.00000000
   0.030    49    55     5     5     5    -1     0.00000000
   0.030    49    56     5     5     5     1     0.00000000
   0.030    49    57     6     6     0     1    -0.00000000
   0.030    49    58     6     6     1    -1    -0.00000000
   0.030    49    59     6     4     0     1    -0.00000000
   0.030    49    60     6     4     1    -1    -0.00000000
   0.030    49    61     6     2     0     1    -0.00000000
   0.030    49    62     6     2     1    -1    -0.00000000
   0.030    49    63     6     0     0     1     0.00000000
   0.030    49    64     6     6     1     1     0.00000000
   0.030    49    65     6     6     2    -1     0.00000000
   0.030    49    66     6     4     1     1     0.00000000
   0.030    49    67     6     4     2    -1     0.00000000
   0.030    49    68     6     2     1     1     0.00000000
   0.030    49    69     6     2     2    -1     0.00000000
   0.030    49    70     6     6     2     1    -0.00000000
   0.030    49    71     6     6     3    -1     0.00000000
   0.030    49    72     6     4     2     1    -0.00000000
   0.030    49    73     6     4     3    -1    -0.00000000
   0.030    49    74     6     2     2     1     0.00000000
   0.030    49    75     6     6     3     1     0.00000000
   0.030    49    76     6     6     4    -1    -0.00000000
   0.030    49    77     6     4     3     1    -0.00000000
   0.030    49    78     6     4     4    -1     0.00000000
   0.030    49    79     6     6     4     1    -0.00000000
   0.030    49    80     6     6     5    -1    -0.00000000
   0.030    49    81     6     4     4     1     0.00000000
   0.030    49    82     6     6     5     1    -0.00000000
   0.030    49    83     6     6     6    -1     0.00000000
   0.030    49    84     6     6     6     1     0.00000000
   0.030    49    85     7     7     0     1    -0.00000000
   0.030    49    86     7     7     1    -1     0.00000000
   0.030    49    87     7     5     0     1     0.00000000
   0.030    49    88     7     5     1    -1     0.00000000
   0.030    49    89     7     3     0     1     0.00000000
   0.030    49    90     7     3     1    -1     0.00000000
   0.030    49    91     7     1     0     1    -0.00000000
   0.030    49    92     7     1     1    -1    -0.00000000
   0.030    49    93     7     7     1     1     0.00000000
   0.030    49    94     7     7     2    -1     0.00000000
   0.030    49    95     7     5     1     1     0.00000000
   0.030    49    96     7     5     2    -1     0.00000000
   0.030    49    97     7     3     1     1     0.00000000
   0.030    49    98     7     3     2    -1    -0.00000000
   0.030    49    99     7     1     1     1     0.00000000
   0.030    49   100     7     7     2     1     0.00000000
   0.030    49   101     7     7     3    -1    -0.00000000
   0.030    49   102     7     5     2     1     0.00000000
   0.030    49   103     7     5     3    -1    -0.00000000
   0.030    49   104     7     3     2     1    -0.00000000
   0.030    49   105     7     3     3    -1    -0.00000000
   0.030    49   106     7     7     3     1     0.00285237
   0.030    49   107     7     7     4    -1    -0.00502141
   0.030    49   108     7     5     3     1     0.00082082
   0.030    49   109     7     5     4    -1     0.00368732
   0.030    49   110     7     3     3     1     0.00115858
   0.030    49   111     7     7     4     1    -0.00000000
   0.030    49   112     7     7     5    -1    -0.00000000
   0.030    49   113     7     5     4     1    -0.00000000
   0.030    49   114     7     5     5    -1    -0.00000000
   0.030    49   115     7     7     5     1     0.00000000
   0.030    49   116     7     7     6    -1     0.00000000
   0.030    49   117     7     5     5     1     0.00000000
   0.030    49   118     7     7     6     1     0.00000000
   0.030    49   119     7     7     7    -1     0.00000000
   0.030    49   120     7     7     7     1     0.00000000
   0.030    50     1     0     0     0     1     0.00000000
   0.030    50     2     1     1     0     1    -0.00000000
   0.030    50     3     1     1     1    -1     0.00000000
   0.030    50     4     1     1     1     1    -0.00000000
   0.030    50     5     2     2     0     1     0.00000000
   0.030    50     6     2     2     1    -1    -0.00000000
   0.030    50     7     2     0     0     1     0.00000000
   0.030    50     8     2     2     1     1     0.00000000
   0.030    50     9     2     2     2    -1     0.00000000
   0.030    50    10     2     2     2     1    -0.00000000
   0.030    50    11     3     3     0     1    -0.00000000
   0.030    50    12     3     3     1    -1     0.00000000
   0.030    50    13     3     1     0     1    -0.00000000
   0.030    50    14     3     1     1    -1    -0.00000000
   0.030    50    15     3     3     1     1    -0.00000000
   0.030    50    16     3     3     2    -1     0.00000000
   0.030    50    17     3     1     1     1    -0.00000000
   0.030    50    18     3     3     2     1     0.00000000
   0.030    50    19     3     3     3    -1    -0.00000000
   0.030    50    20     3     3     3     1    -0.00000000
   0.030    50    21     4     4     0     1     0.00000000
   0.030    50    22     4     4     1    -1     0.00000000
   0.030    50    23     4     2     0     1     0.00000000
   0.030    50    24     4     2     1    -1     0.00000000
   0.030    50    25     4     0     0     1     0.00000000
   0.030    50    26     4     4     1     1     0.00000000
   0.030    50    27     4     4     2    -1     0.00000000
   0.030    50    28     4     2     1     1     0.00000000
   0.030    50    29     4     2     2    -1    -0.00000000
   0.030    50    30     4     4     2     1     0.00000000
   0.030    50    31     4     4     3    -1     0.00000000
   0.030    50    32     4     2     2     1     0.00000000
   0.030    50    33     4     4     3     1     0.00000000
   0.030    50    34     4     4     4    -1     0.00000000
   0.030    50    35     4     4     4     1    -0.00000000
   0.030    50    36     5     5     0     1     0.00000000
   0.030    50    37     5     5     1    -1     0.00000000
   0.030    50    38     5     3     0     1     0.00000000
   0.030    50    39     5     3     1    -1    -0.00000000
   0.030    50    40     5     1     0     1     0.00000000
   0.030    50    41     5     1     1    -1     0.00000000
   0.030    50    42     5     5     1     1     0.00000000
   0.030    50    43     5     5     2    -1     0.00000000
   0.030    50    44     5     3     1     1     0.00000000
   0.030    50    45     5     3     2    -1     0.00000000
   0.030    50    46     5     1     1     1     0.00000000
   0.030    50    47     5     5     2     1    -0.00000000
   0.030    50    48     5     5     3    -1    -0.00000000
   0.030    50    49     5     3     2     1    -0.00000000
   0.030    50    50     5     3     3    -1    -0.00000000
   0.030    50    51     5     5     3     1    -0.00000000
   0.030    50    52     5     5     4    -1    -0.00000000
   0.030    50    53     5     3     3     1    -0.00000000
   0.030    50    54     5     5     4     1    -0.28722225
   0.030    50    55     5     5     5    -1     0.95781295
   0.030    50    56     5     5     5     1     0.00000000
   0.030    50    57     6     6     0     1     0.00000000
   0.030    50    58     6     6     1    -1     0.00000000
   0.030    50    59     6     4     0     1     0.00000000
   0.030    50    60     6     4     1    -1    -0.00000000
   0.030    50    61     6     2     0     1     0.00000000
   0.030    50    62     6     2     1    -1    -0.00000000
   0.030    50    63     6     0     0     1     0.00000000
   0.030    50    64     6     6     1     1     0.00000000
   0.030    50    65     6     6     2    -1     0.00000000
   0.030    50    66     6     4     1     1    -0.00000000
   0.030    50    67     6     4     2    -1    -0.00000000
   0.030    50    68     6     2     1     1     0.00000000
   0.030    50    69     6     2     2    -1     0.00000000
   0.030    50    70     6     6     2     1     0.00000000
   0.030    50    71     6     6     3    -1     0.00000000
   0.030    50    72     6     4     2     1     0.00000000
   0.030    50    73     6     4     3    -1    -0.00000000
   0.030    50    74     6     2     2     1     0.00000000
   0.030    50    75     6     6     3     1     0.00000000
   0.030    50    76     6     6     4    -1     0.00000000
   0.030    50    77     6     4     3     1    -0.00000000
   0.030    50    78     6     4     4    -1    -0.00000000
   0.030    50    79     6     6     4     1    -0.00000000
   0.030    50    80     6     6     5    -1    -0.00000000
   0.030    50    81     6     4     4     1     0.00000000
   0.030    50    82     6     6     5     1    -0.00000000
   0.030    50    83     6     6     6    -1    -0.00000000
   0.030    50    84     6     6     6     1     0.00000000
   0.030    50    85     7     7     0     1    -0.00000000
   0.030    50    86     7     7     1    -1     0.00000000
   0.030    50    87     7     5     0     1     0.00000000
   0.030    50    88     7     5     1    -1    -0.00000000
   0.030    50    89     7     3     0     1     0.00000000
   0.030    50    90     7     3     1    -1     0.00000000
   0.030    50    91     7     1     0     1    -0.00000000
   0.030    50    92     7     1     1    -1     0.00000000
   0.030    50    93     7     7     1     1    -0.00000000
   0.030    50    94     7     7     2    -1    -0.00000000
   0.030    50    95     7     5     1     1    -0.00000000
   0.030    50    96     7     5     2    -1    -0.00000000
   0.030    50    97     7     3     1     1     0.00000000
   0.030    50    98     7     3     2    -1    -0.00000000
   0.030    50    99     7     1     1     1    -0.00000000
   0.030    50   100     7     7     2     1     0.00000000
   0.030    50   101     7     7     3    -1    -0.00000000
   0.030    50   102     7     5     2     1     0.00000000
   0.030    50   103     7     5     3    -1     0.00000000
   0.030    50   104     7     3     2     1    -0.00000000
   0.030    50   105     7     3     3    -1    -0.00000000
   0.030    50   106     7     7     3     1    -0.00000000
   0.030    50   107     7     7     4    -1     0.00000000
   0.030    50   108     7     5     3     1    -0.00000000
   0.030    50   109     7     5     4    -1     0.00000000
   0.030    50   110     7     3     3     1     0.00000000
   0.030    50   111     7     7     4     1    -0.00155618
   0.030    50   112     7     7     5    -1     0.00335911
   0.030    50   113     7     5     4     1     0.00051864
   0.030    50   114     7     5     5    -1    -0.00915170
   0.030    50   115     7     7     5     1     0.00000000
   0.030    50   116     7     7     6    -1     0.00000000
   0.030    50   117     7     5     5     1     0.00000000
   0.030    50   118     7     7     6     1     0.00000000
   0.030    50   119     7     7     7    -1     0.00000000
   0.030    50   120     7     7     7     1     0.00000000
   0.030    51     1     0     0     0     1     0.00000006
   0.030    51     2     1     1     0     1    -0.00000000
   0.030    51     3     1     1     1    -1     0.00000000
   0.030    51     4     1     1     1     1     0.00000000
   0.030    51     5     2     2     0     1    -0.00002903
   0.030    51     6     2     2     1    -1    -0.00002378
   0.030    51     7     2     0     0     1     0.00000003
   0.030    51     8     2     2     1     1    -0.00000000
   0.030    51     9     2     2     2    -1     0.00000000
   0.030    51    10     2     2     2     1    -0.00000000
   0.030    51    11     3     3     0     1     0.00000000
   0.030    51    12     3     3     1    -1    -0.00000000
   0.030    51    13     3     1     0     1     0.00000000
   0.030    51    14     3     1     1    -1    -0.00000000
   0.030    51    15     3     3     1     1    -0.00000000
   0.030    51    16     3     3     2    -1     0.00000000
   0.030    51    17     3     1     1     1     0.00000000
   0.030    51    18     3     3     2     1     0.00000000
   0.030    51    19     3     3     3    -1    -0.00000000
   0.030    51    20     3     3     3     1     0.00000000
   0.030    51    21     4     4     0     1     0.00717530
   0.030    51    22     4     4     1    -1     0.00640773
   0.030    51    23     4     2     0     1    -0.00000432
   0.030    51    24     4     2     1    -1    -0.00000269
   0.030    51    25     4     0     0     1    -0.00000271
   0.030    51    26     4     4     1     1     0.00000000
   0.030    51    27     4     4     2    -1     0.00000000
   0.030    51    28     4     2     1     1     0.00000000
   0.030    51    29     4     2     2    -1    -0.00000000
   0.030    51    30     4     4     2     1     0.00000000
   0.030    51    31     4     4     3    -1     0.00000000
   0.030    51    32     4     2     2     1    -0.00000000
   0.030    51    33     4     4     3     1     0.00000000
   0.030    51    34     4     4     4    -1     0.00000000
   0.030    51    35     4     4     4     1    -0.00000000
   0.030    51    36     5     5     0     1    -0.00000000
   0.030    51    37     5     5     1    -1     0.00000000
   0.030    51    38     5     3     0     1    -0.00000000
   0.030    51    39     5     3     1    -1     0.00000000
   0.030    51    40     5     1     0     1    -0.00000000
   0.030    51    41     5     1     1    -1    -0.00000000
   0.030    51    42     5     5     1     1     0.00000000
   0.030    51    43     5     5     2    -1    -0.00000000
   0.030    51    44     5     3     1     1    -0.00000000
   0.030    51    45     5     3     2    -1     0.00000000
   0.030    51    46     5     1     1     1    -0.00000000
   0.030    51    47     5     5     2     1    -0.00000000
   0.030    51    48     5     5     3    -1     0.00000000
   0.030    51    49     5     3     2     1    -0.00000000
   0.030    51    50     5     3     3    -1    -0.00000000
   0.030    51    51     5     5     3     1    -0.00000000
   0.030    51    52     5     5     4    -1     0.00000000
   0.030    51    53     5     3     3     1     0.00000000
   0.030    51    54     5     5     4     1    -0.00000000
   0.030    51    55     5     5     5    -1     0.00000000
   0.030    51    56     5     5     5     1     0.00000000
   0.030    51    57     6     6     0     1    -0.73517986
   0.030    51    58     6     6     1    -1    -0.67780380
   0.030    51    59     6     4     0     1     0.00014278
   0.030    51    60     6     4     1    -1     0.00011574
   0.030    51    61     6     2     0     1     0.00007721
   0.030    51    62     6     2     1    -1     0.00006198
   0.030    51    63     6     0     0     1    -0.00000007
   0.030    51    64     6     6     1     1    -0.00000000
   0.030    51    65     6     6     2    -1    -0.00000000
   0.030    51    66     6     4     1     1    -0.00000000
   0.030    51    67     6     4     2    -1    -0.00000000
   0.030    51    68     6     2     1     1    -0.00000000
   0.030    51    69     6     2     2    -1     0.00000000
   0.030    51    70     6     6     2     1    -0.00000000
   0.030    51    71     6     6     3    -1    -0.00000000
   0.030    51    72     6     4     2     1    -0.00000000
   0.030    51    73     6     4     3    -1     0.00000000
   0.030    51    74     6     2     2     1    -0.00000000
   0.030    51    75     6     6     3     1    -0.00000000
   0.030    51    76     6     6     4    -1    -0.00000000
   0.030    51    77     6     4     3     1     0.00000000
   0.030    51    78     6     4     4    -1     0.00000000
   0.030    51    79     6     6     4     1     0.00000000
   0.030    51    80     6     6     5    -1     0.00000000
   0.030    51    81     6     4     4     1     0.00000000
   0.030    51    82     6     6     5     1    -0.00000000
   0.030    51    83     6     6     6    -1    -0.00000000
   0.030    51    84     6     6     6     1     0.00000000
   0.030    51    85     7     7     0     1    -0.00000000
   0.030    51    86     7     7     1    -1    -0.00000000
   0.030    51    87     7     5     0     1    -0.00000000
   0.030    51    88     7     5     1    -1     0.00000000
   0.030    51    89     7     3     0     1    -0.00000000
   0.030    51    90     7     3     1    -1    -0.00000000
   0.030    51    91     7     1     0     1    -0.00000000
   0.030    51    92     7     1     1    -1     0.00000000
   0.030    51    93     7     7     1     1    -0.00000000
   0.030    51    94     7     7     2    -1     0.00000000
   0.030    51    95     7     5     1     1     0.00000000
   0.030    51    96     7     5     2    -1     0.00000000
   0.030    51    97     7     3     1     1     0.00000000
   0.030    51    98     7     3     2    -1     0.00000000
   0.030    51    99     7     1     1     1     0.00000000
   0.030    51   100     7     7     2     1    -0.00000000
   0.030    51   101     7     7     3    -1     0.00000000
   0.030    51   102     7     5     2     1    -0.00000000
   0.030    51   103     7     5     3    -1    -0.00000000
   0.030    51   104     7     3     2     1    -0.00000000
   0.030    51   105     7     3     3    -1     0.00000000
   0.030    51   106     7     7     3     1    -0.00000000
   0.030    51   107     7     7     4    -1     0.00000000
   0.030    51   108     7     5     3     1     0.00000000
   0.030    51   109     7     5     4    -1     0.00000000
   0.030    51   110     7     3     3     1    -0.00000000
   0.030    51   111     7     7     4     1    -0.00000000
   0.030    51   112     7     7     5    -1     0.00000000
   0.030    51   113     7     5     4     1     0.00000000
   0.030    51   114     7     5     5    -1    -0.00000000
   0.030    51   115     7     7     5     1     0.00000000
   0.030    51   116     7     7     6    -1     0.00000000
   0.030    51   117     7     5     5     1     0.00000000
   0.030    51   118     7     7     6     1     0.00000000
   0.030    51   119     7     7     7    -1     0.00000000
   0.030    51   120     7     7     7     1     0.00000000
   0.030    52     1     0     0     0     1     0.00000000
   0.030    52     2     1     1     0     1    -0.00000000
   0.030    52     3     1     1     1    -1    -0.00000000
   0.030    52     4     1     1     1     1     0.00000000
   0.030    52     5     2     2     0     1    -0.00000000
   0.030    52     6     2     2     1    -1    -0.00000000
   0.030    52     7     2     0     0     1     0.00000000
   0.030    52     8     2     2     1     1    -0.00002753
   0.030    52     9     2     2     2    -1    -0.00001386
   0.030    52    10     2     2     2     1    -0.00000000
   0.030    52    11     3     3     0     1    -0.00000000
   0.030    52    12     3     3     1    -1     0.00000000
   0.030    52    13     3     1     0     1     0.00000000
   0.030    52    14     3     1     1    -1    -0.00000000
   0.030    52    15     3     3     1     1    -0.00000000
   0.030    52    16     3     3     2    -1     0.00000000
   0.030    52    17     3     1     1     1     0.00000000
   0.030    52    18     3     3     2     1     0.00000000
   0.030    52    19     3     3     3    -1    -0.00000000
   0.030    52    20     3     3     3     1     0.00000000
   0.030    52    21     4     4     0     1    -0.00000000
   0.030    52    22     4     4     1    -1    -0.00000000
   0.030    52    23     4     2     0     1    -0.00000000
   0.030    52    24     4     2     1    -1     0.00000000
   0.030    52    25     4     0     0     1     0.00000000
   0.030    52    26     4     4     1     1     0.00743285
   0.030    52    27     4     4     2    -1     0.00523111
   0.030    52    28     4     2     1     1    -0.00000309
   0.030    52    29     4     2     2    -1    -0.00000006
   0.030    52    30     4     4     2     1     0.00000000
   0.030    52    31     4     4     3    -1    -0.00000000
   0.030    52    32     4     2     2     1     0.00000000
   0.030    52    33     4     4     3     1     0.00000000
   0.030    52    34     4     4     4    -1    -0.00000000
   0.030    52    35     4     4     4     1    -0.00000000
   0.030    52    36     5     5     0     1     0.00000000
   0.030    52    37     5     5     1    -1    -0.00000000
   0.030    52    38     5     3     0     1    -0.00000000
   0.030    52    39     5     3     1    -1     0.00000000
   0.030    52    40     5     1     0     1    -0.00000000
   0.030    52    41     5     1     1    -1    -0.00000000
   0.030    52    42     5     5     1     1     0.00000000
   0.030    52    43     5     5     2    -1    -0.00000000
   0.030    52    44     5     3     1     1    -0.00000000
   0.030    52    45     5     3     2    -1     0.00000000
   0.030    52    46     5     1     1     1    -0.00000000
   0.030    52    47     5     5     2     1    -0.00000000
   0.030    52    48     5     5     3    -1     0.00000000
   0.030    52    49     5     3     2     1    -0.00000000
   0.030    52    50     5     3     3    -1    -0.00000000
   0.030    52    51     5     5     3     1    -0.00000000
   0.030    52    52     5     5     4    -1     0.00000000
   0.030    52    53     5     3     3     1     0.00000000
   0.030    52    54     5     5     4     1    -0.00000000
   0.030    52    55     5     5     5    -1     0.00000000
   0.030    52    56     5     5     5     1     0.00000000
   0.030    52    57     6     6     0     1     0.00000000
   0.030    52    58     6     6     1    -1     0.00000000
   0.030    52    59     6     4     0     1     0.00000000
   0.030    52    60     6     4     1    -1    -0.00000000
   0.030    52    61     6     2     0     1     0.00000000
   0.030    52    62     6     2     1    -1    -0.00000000
   0.030    52    63     6     0     0     1     0.00000000
   0.030    52    64     6     6     1     1    -0.78819296
   0.030    52    65     6     6     2    -1    -0.61536105
   0.030    52    66     6     4     1     1     0.00011924
   0.030    52    67     6     4     2    -1     0.00005571
   0.030    52    68     6     2     1     1     0.00007186
   0.030    52    69     6     2     2    -1     0.00003408
   0.030    52    70     6     6     2     1     0.00000000
   0.030    52    71     6     6     3    -1     0.00000000
   0.030    52    72     6     4     2     1     0.00000000
   0.030    52    73     6     4     3    -1    -0.00000000
   0.030    52    74     6     2     2     1     0.00000000
   0.030    52    75     6     6     3     1    -0.00000000
   0.030    52    76     6     6     4    -1    -0.00000000
   0.030    52    77     6     4     3     1    -0.00000000
   0.030    52    78     6     4     4    -1    -0.00000000
   0.030    52    79     6     6     4     1    -0.00000000
   0.030    52    80     6     6     5    -1    -0.00000000
   0.030    52    81     6     4     4     1    -0.00000000
   0.030    52    82     6     6     5     1    -0.00000000
   0.030    52    83     6     6     6    -1    -0.00000000
   0.030    52    84     6     6     6     1     0.00000000
   0.030    52    85     7     7     0     1    -0.00000000
   0.030    52    86     7     7     1    -1     0.00000000
   0.030    52    87     7     5     0     1     0.00000000
   0.030    52    88     7     5     1    -1    -0.00000000
   0.030    52    89     7     3     0     1    -0.00000000
   0.030    52    90     7     3     1    -1    -0.00000000
   0.030    52    91     7     1     0     1    -0.00000000
   0.030    52    92     7     1     1    -1     0.00000000
   0.030    52    93     7     7     1     1    -0.00000000
   0.030    52    94     7     7     2    -1     0.00000000
   0.030    52    95     7     5     1     1     0.00000000
   0.030    52    96     7     5     2    -1     0.00000000
   0.030    52    97     7     3     1     1     0.00000000
   0.030    52    98     7     3     2    -1     0.00000000
   0.030    52    99     7     1     1     1     0.00000000
   0.030    52   100     7     7     2     1    -0.00000000
   0.030    52   101     7     7     3    -1     0.00000000
   0.030    52   102     7     5     2     1    -0.00000000
   0.030    52   103     7     5     3    -1    -0.00000000
   0.030    52   104     7     3     2     1    -0.00000000
   0.030    52   105     7     3     3    -1     0.00000000
   0.030    52   106     7     7     3     1    -0.00000000
   0.030    52   107     7     7     4    -1     0.00000000
   0.030    52   108     7     5     3     1     0.00000000
   0.030    52   109     7     5     4    -1     0.00000000
   0.030    52   110     7     3     3     1    -0.00000000
   0.030    52   111     7     7     4     1    -0.00000000
   0.030    52   112     7     7     5    -1     0.00000000
   0.030    52   113     7     5     4     1     0.00000000
   0.030    52   114     7     5     5    -1    -0.00000000
   0.030    52   115     7     7     5     1     0.00000000
   0.030    52   116     7     7     6    -1     0.00000000
   0.030    52   117     7     5     5     1     0.00000000
   0.030    52   118     7     7     6     1     0.00000000
   0.030    52   119     7     7     7    -1     0.00000000
   0.030    52   120     7     7     7     1     0.00000000
   0.030    53     1     0     0     0     1     0.00000000
   0.030    53     2     1     1     0     1    -0.00000000
   0.030    53     3     1     1     1    -1    -0.00000000
   0.030    53     4     1     1     1     1     0.00000000
   0.030    53     5     2     2     0     1    -0.00000000
   0.030    53     6     2     2     1    -1    -0.00000000
   0.030    53     7     2     0     0     1     0.00000000
   0.030    53     8     2     2     1     1    -0.00000000
   0.030    53     9     2     2     2    -1     0.00000000
   0.030    53    10     2     2     2     1    -0.00001869
   0.030    53    11     3     3     0     1    -0.00000000
   0.030    53    12     3     3     1    -1     0.00000000
   0.030    53    13     3     1     0     1    -0.00000000
   0.030    53    14     3     1     1    -1     0.00000000
   0.030    53    15     3     3     1     1    -0.00000000
   0.030    53    16     3     3     2    -1     0.00000000
   0.030    53    17     3     1     1     1     0.00000000
   0.030    53    18     3     3     2     1     0.00000000
   0.030    53    19     3     3     3    -1    -0.00000000
   0.030    53    20     3     3     3     1     0.00000000
   0.030    53    21     4     4     0     1     0.00000000
   0.030    53    22     4     4     1    -1     0.00000000
   0.030    53    23     4     2     0     1    -0.00000000
   0.030    53    24     4     2     1    -1     0.00000000
   0.030    53    25     4     0     0     1     0.00000000
   0.030    53    26     4     4     1     1    -0.00000000
   0.030    53    27     4     4     2    -1     0.00000000
   0.030    53    28     4     2     1     1     0.00000000
   0.030    53    29     4     2     2    -1     0.00000000
   0.030    53    30     4     4     2     1     0.00708228
   0.030    53    31     4     4     3    -1     0.00375587
   0.030    53    32     4     2     2     1    -0.00000009
   0.030    53    33     4     4     3     1    -0.00000000
   0.030    53    34     4     4     4    -1    -0.00000000
   0.030    53    35     4     4     4     1     0.00000000
   0.030    53    36     5     5     0     1     0.00000000
   0.030    53    37     5     5     1    -1    -0.00000000
   0.030    53    38     5     3     0     1     0.00000000
   0.030    53    39     5     3     1    -1    -0.00000000
   0.030    53    40     5     1     0     1     0.00000000
   0.030    53    41     5     1     1    -1     0.00000000
   0.030    53    42     5     5     1     1     0.00000000
   0.030    53    43     5     5     2    -1    -0.00000000
   0.030    53    44     5     3     1     1    -0.00000000
   0.030    53    45     5     3     2    -1     0.00000000
   0.030    53    46     5     1     1     1    -0.00000000
   0.030    53    47     5     5     2     1    -0.00000000
   0.030    53    48     5     5     3    -1     0.00000000
   0.030    53    49     5     3     2     1    -0.00000000
   0.030    53    50     5     3     3    -1     0.00000000
   0.030    53    51     5     5     3     1    -0.00000000
   0.030    53    52     5     5     4    -1     0.00000000
   0.030    53    53     5     3     3     1     0.00000000
   0.030    53    54     5     5     4     1     0.00000000
   0.030    53    55     5     5     5    -1    -0.00000000
   0.030    53    56     5     5     5     1     0.00000000
   0.030    53    57     6     6     0     1     0.00000000
   0.030    53    58     6     6     1    -1     0.00000000
   0.030    53    59     6     4     0     1     0.00000000
   0.030    53    60     6     4     1    -1     0.00000000
   0.030    53    61     6     2     0     1    -0.00000000
   0.030    53    62     6     2     1    -1     0.00000000
   0.030    53    63     6     0     0     1    -0.00000000
   0.030    53    64     6     6     1     1    -0.00000000
   0.030    53    65     6     6     2    -1    -0.00000000
   0.030    53    66     6     4     1     1     0.00000000
   0.030    53    67     6     4     2    -1     0.00000000
   0.030    53    68     6     2     1     1     0.00000000
   0.030    53    69     6     2     2    -1    -0.00000000
   0.030    53    70     6     6     2     1    -0.83729897
   0.030    53    71     6     6     3    -1    -0.54668654
   0.030    53    72     6     4     2     1     0.00004718
   0.030    53    73     6     4     3    -1    -0.00000732
   0.030    53    74     6     2     2     1     0.00004607
   0.030    53    75     6     6     3     1     0.00000000
   0.030    53    76     6     6     4    -1     0.00000000
   0.030    53    77     6     4     3     1    -0.00000000
   0.030    53    78     6     4     4    -1     0.00000000
   0.030    53    79     6     6     4     1    -0.00000000
   0.030    53    80     6     6     5    -1    -0.00000000
   0.030    53    81     6     4     4     1    -0.00000000
   0.030    53    82     6     6     5     1    -0.00000000
   0.030    53    83     6     6     6    -1    -0.00000000
   0.030    53    84     6     6     6     1    -0.00000000
   0.030    53    85     7     7     0     1     0.00000000
   0.030    53    86     7     7     1    -1    -0.00000000
   0.030    53    87     7     5     0     1    -0.00000000
   0.030    53    88     7     5     1    -1    -0.00000000
   0.030    53    89     7     3     0     1     0.00000000
   0.030    53    90     7     3     1    -1     0.00000000
   0.030    53    91     7     1     0     1    -0.00000000
   0.030    53    92     7     1     1    -1     0.00000000
   0.030    53    93     7     7     1     1     0.00000000
   0.030    53    94     7     7     2    -1    -0.00000000
   0.030    53    95     7     5     1     1     0.00000000
   0.030    53    96     7     5     2    -1    -0.00000000
   0.030    53    97     7     3     1     1     0.00000000
   0.030    53    98     7     3     2    -1    -0.00000000
   0.030    53    99     7     1     1     1    -0.00000000
   0.030    53   100     7     7     2     1    -0.00000000
   0.030    53   101     7     7     3    -1     0.00000000
   0.030    53   102     7     5     2     1    -0.00000000
   0.030    53   103     7     5     3    -1     0.00000000
   0.030    53   104     7     3     2     1    -0.00000000
   0.030    53   105     7     3     3    -1     0.00000000
   0.030    53   106     7     7     3     1     0.00000000
   0.030    53   107     7     7     4    -1    -0.00000000
   0.030    53   108     7     5     3     1     0.00000000
   0.030    53   109     7     5     4    -1    -0.00000000
   0.030    53   110     7     3     3     1    -0.00000000
   0.030    53   111     7     7     4     1    -0.00000000
   0.030    53   112     7     7     5    -1     0.00000000
   0.030    53   113     7     5     4     1    -0.00000000
   0.030    53   114     7     5     5    -1     0.00000000
   0.030    53   115     7     7     5     1     0.00000000
   0.030    53   116     7     7     6    -1     0.00000000
   0.030    53   117     7     5     5     1     0.00000000
   0.030    53   118     7     7     6     1     0.00000000
   0.030    53   119     7     7     7    -1     0.00000000
   0.030    53   120     7     7     7     1     0.00000000
   0.030    54     1     0     0     0     1     0.00000000
   0.030    54     2     1     1     0     1     0.00000000
   0.030    54     3     1     1     1    -1     0.00000000
   0.030    54     4     1     1     1     1    -0.00000000
   0.030    54     5     2     2     0     1    -0.00000000
   0.030    54     6     2     2     1    -1     0.00000000
   0.030    54     7     2     0     0     1    -0.00000000
   0.030    54     8     2     2     1     1     0.00000000
   0.030    54     9     2     2     2    -1    -0.00000000
   0.030    54    10     2     2     2     1     0.00000000
   0.030    54    11     3     3     0     1    -0.00000000
   0.030    54    12     3     3     1    -1     0.00000000
   0.030    54    13     3     1     0     1    -0.00000000
   0.030    54    14     3     1     1    -1     0.00000000
   0.030    54    15     3     3     1     1    -0.00000000
   0.030    54    16     3     3     2    -1     0.00000000
   0.030    54    17     3     1     1     1     0.00000000
   0.030    54    18     3     3     2     1     0.00000000
   0.030    54    19     3     3     3    -1    -0.00000000
   0.030    54    20     3     3     3     1    -0.00000000
   0.030    54    21     4     4     0     1    -0.00000000
   0.030    54    22     4     4     1    -1    -0.00000000
   0.030    54    23     4     2     0     1     0.00000000
   0.030    54    24     4     2     1    -1    -0.00000000
   0.030    54    25     4     0     0     1    -0.00000000
   0.030    54    26     4     4     1     1     0.00000000
   0.030    54    27     4     4     2    -1    -0.00000000
   0.030    54    28     4     2     1     1    -0.00000000
   0.030    54    29     4     2     2    -1    -0.00000000
   0.030    54    30     4     4     2     1     0.00000000
   0.030    54    31     4     4     3    -1     0.00000000
   0.030    54    32     4     2     2     1     0.00000000
   0.030    54    33     4     4     3     1     0.00601931
   0.030    54    34     4     4     4    -1     0.00210465
   0.030    54    35     4     4     4     1    -0.00000000
   0.030    54    36     5     5     0     1     0.00000000
   0.030    54    37     5     5     1    -1    -0.00000000
   0.030    54    38     5     3     0     1     0.00000000
   0.030    54    39     5     3     1    -1    -0.00000000
   0.030    54    40     5     1     0     1     0.00000000
   0.030    54    41     5     1     1    -1     0.00000000
   0.030    54    42     5     5     1     1     0.00000000
   0.030    54    43     5     5     2    -1    -0.00000000
   0.030    54    44     5     3     1     1    -0.00000000
   0.030    54    45     5     3     2    -1     0.00000000
   0.030    54    46     5     1     1     1    -0.00000000
   0.030    54    47     5     5     2     1     0.00000000
   0.030    54    48     5     5     3    -1    -0.00000000
   0.030    54    49     5     3     2     1     0.00000000
   0.030    54    50     5     3     3    -1     0.00000000
   0.030    54    51     5     5     3     1     0.00000000
   0.030    54    52     5     5     4    -1    -0.00000000
   0.030    54    53     5     3     3     1    -0.00000000
   0.030    54    54     5     5     4     1    -0.00000000
   0.030    54    55     5     5     5    -1     0.00000000
   0.030    54    56     5     5     5     1     0.00000000
   0.030    54    57     6     6     0     1     0.00000000
   0.030    54    58     6     6     1    -1     0.00000000
   0.030    54    59     6     4     0     1    -0.00000000
   0.030    54    60     6     4     1    -1    -0.00000000
   0.030    54    61     6     2     0     1    -0.00000000
   0.030    54    62     6     2     1    -1    -0.00000000
   0.030    54    63     6     0     0     1     0.00000000
   0.030    54    64     6     6     1     1     0.00000000
   0.030    54    65     6     6     2    -1     0.00000000
   0.030    54    66     6     4     1     1     0.00000000
   0.030    54    67     6     4     2    -1    -0.00000000
   0.030    54    68     6     2     1     1    -0.00000000
   0.030    54    69     6     2     2    -1    -0.00000000
   0.030    54    70     6     6     2     1    -0.00000000
   0.030    54    71     6     6     3    -1    -0.00000000
   0.030    54    72     6     4     2     1    -0.00000000
   0.030    54    73     6     4     3    -1     0.00000000
   0.030    54    74     6     2     2     1    -0.00000000
   0.030    54    75     6     6     3     1    -0.88281479
   0.030    54    76     6     6     4    -1    -0.46967796
   0.030    54    77     6     4     3     1    -0.00004693
   0.030    54    78     6     4     4    -1    -0.00004017
   0.030    54    79     6     6     4     1     0.00000000
   0.030    54    80     6     6     5    -1     0.00000000
   0.030    54    81     6     4     4     1     0.00000000
   0.030    54    82     6     6     5     1    -0.00000000
   0.030    54    83     6     6     6    -1    -0.00000000
   0.030    54    84     6     6     6     1     0.00000000
   0.030    54    85     7     7     0     1    -0.00000000
   0.030    54    86     7     7     1    -1    -0.00000000
   0.030    54    87     7     5     0     1     0.00000000
   0.030    54    88     7     5     1    -1     0.00000000
   0.030    54    89     7     3     0     1     0.00000000
   0.030    54    90     7     3     1    -1     0.00000000
   0.030    54    91     7     1     0     1     0.00000000
   0.030    54    92     7     1     1    -1     0.00000000
   0.030    54    93     7     7     1     1     0.00000000
   0.030    54    94     7     7     2    -1     0.00000000
   0.030    54    95     7     5     1     1    -0.00000000
   0.030    54    96     7     5     2    -1     0.00000000
   0.030    54    97     7     3     1     1     0.00000000
   0.030    54    98     7     3     2    -1     0.00000000
   0.030    54    99     7     1     1     1     0.00000000
   0.030    54   100     7     7     2     1     0.00000000
   0.030    54   101     7     7     3    -1    -0.00000000
   0.030    54   102     7     5     2     1     0.00000000
   0.030    54   103     7     5     3    -1    -0.00000000
   0.030    54   104     7     3     2     1     0.00000000
   0.030    54   105     7     3     3    -1     0.00000000
   0.030    54   106     7     7     3     1    -0.00000000
   0.030    54   107     7     7     4    -1     0.00000000
   0.030    54   108     7     5     3     1    -0.00000000
   0.030    54   109     7     5     4    -1     0.00000000
   0.030    54   110     7     3     3     1     0.00000000
   0.030    54   111     7     7     4     1     0.00000000
   0.030    54   112     7     7     5    -1    -0.00000000
   0.030    54   113     7     5     4     1     0.00000000
   0.030    54   114     7     5     5    -1    -0.00000000
   0.030    54   115     7     7     5     1     0.00000000
   0.030    54   116     7     7     6    -1     0.00000000
   0.030    54   117     7     5     5     1     0.00000000
   0.030    54   118     7     7     6     1     0.00000000
   0.030    54   119     7     7     7    -1     0.00000000
   0.030    54   120     7     7     7     1     0.00000000
   0.030    55     1     0     0     0     1     0.00000000
   0.030    55     2     1     1     0     1     0.00000000
   0.030    55     3     1     1     1    -1     0.00000000
   0.030    55     4     1     1     1     1    -0.00000000
   0.030    55     5     2     2     0     1    -0.00000000
   0.030    55     6     2     2     1    -1    -0.00000000
   0.030    55     7     2     0     0     1     0.00000000
   0.030    55     8     2     2     1     1    -0.00000000
   0.030    55     9     2     2     2    -1     0.00000000
   0.030    55    10     2     2     2     1    -0.00000000
   0.030    55    11     3     3     0     1     0.00000000
   0.030    55    12     3     3     1    -1    -0.00000000
   0.030    55    13     3     1     0     1     0.00000000
   0.030    55    14     3     1     1    -1    -0.00000000
   0.030    55    15     3     3     1     1     0.00000000
   0.030    55    16     3     3     2    -1    -0.00000000
   0.030    55    17     3     1     1     1     0.00000000
   0.030    55    18     3     3     2     1     0.00000000
   0.030    55    19     3     3     3    -1     0.00000000
   0.030    55    20     3     3     3     1    -0.00000000
   0.030    55    21     4     4     0     1    -0.00000000
   0.030    55    22     4     4     1    -1     0.00000000
   0.030    55    23     4     2     0     1    -0.00000000
   0.030    55    24     4     2     1    -1    -0.00000000
   0.030    55    25     4     0     0     1     0.00000000
   0.030    55    26     4     4     1     1     0.00000000
   0.030    55    27     4     4     2    -1     0.00000000
   0.030    55    28     4     2     1     1     0.00000000
   0.030    55    29     4     2     2    -1     0.00000000
   0.030    55    30     4     4     2     1     0.00000000
   0.030    55    31     4     4     3    -1     0.00000000
   0.030    55    32     4     2     2     1     0.00000000
   0.030    55    33     4     4     3     1    -0.00000000
   0.030    55    34     4     4     4    -1     0.00000000
   0.030    55    35     4     4     4     1    -0.00410245
   0.030    55    36     5     5     0     1    -0.00000000
   0.030    55    37     5     5     1    -1     0.00000000
   0.030    55    38     5     3     0     1    -0.00000000
   0.030    55    39     5     3     1    -1     0.00000000
   0.030    55    40     5     1     0     1    -0.00000000
   0.030    55    41     5     1     1    -1    -0.00000000
   0.030    55    42     5     5     1     1    -0.00000000
   0.030    55    43     5     5     2    -1     0.00000000
   0.030    55    44     5     3     1     1    -0.00000000
   0.030    55    45     5     3     2    -1     0.00000000
   0.030    55    46     5     1     1     1    -0.00000000
   0.030    55    47     5     5     2     1     0.00000000
   0.030    55    48     5     5     3    -1    -0.00000000
   0.030    55    49     5     3     2     1     0.00000000
   0.030    55    50     5     3     3    -1     0.00000000
   0.030    55    51     5     5     3     1     0.00000000
   0.030    55    52     5     5     4    -1    -0.00000000
   0.030    55    53     5     3     3     1    -0.00000000
   0.030    55    54     5     5     4     1     0.00000000
   0.030    55    55     5     5     5    -1     0.00000000
   0.030    55    56     5     5     5     1     0.00000000
   0.030    55    57     6     6     0     1     0.00000000
   0.030    55    58     6     6     1    -1     0.00000000
   0.030    55    59     6     4     0     1     0.00000000
   0.030    55    60     6     4     1    -1     0.00000000
   0.030    55    61     6     2     0     1    -0.00000000
   0.030    55    62     6     2     1    -1    -0.00000000
   0.030    55    63     6     0     0     1    -0.00000000
   0.030    55    64     6     6     1     1    -0.00000000
   0.030    55    65     6     6     2    -1    -0.00000000
   0.030    55    66     6     4     1     1    -0.00000000
   0.030    55    67     6     4     2    -1    -0.00000000
   0.030    55    68     6     2     1     1     0.00000000
   0.030    55    69     6     2     2    -1    -0.00000000
   0.030    55    70     6     6     2     1    -0.00000000
   0.030    55    71     6     6     3    -1    -0.00000000
   0.030    55    72     6     4     2     1     0.00000000
   0.030    55    73     6     4     3    -1     0.00000000
   0.030    55    74     6     2     2     1     0.00000000
   0.030    55    75     6     6     3     1     0.00000000
   0.030    55    76     6     6     4    -1     0.00000000
   0.030    55    77     6     4     3     1     0.00000000
   0.030    55    78     6     4     4    -1     0.00000000
   0.030    55    79     6     6     4     1     0.92497847
   0.030    55    80     6     6     5    -1     0.37999736
   0.030    55    81     6     4     4     1     0.00010926
   0.030    55    82     6     6     5     1    -0.00000000
   0.030    55    83     6     6     6    -1    -0.00000000
   0.030    55    84     6     6     6     1    -0.00000000
   0.030    55    85     7     7     0     1     0.00000000
   0.030    55    86     7     7     1    -1     0.00000000
   0.030    55    87     7     5     0     1    -0.00000000
   0.030    55    88     7     5     1    -1     0.00000000
   0.030    55    89     7     3     0     1    -0.00000000
   0.030    55    90     7     3     1    -1    -0.00000000
   0.030    55    91     7     1     0     1     0.00000000
   0.030    55    92     7     1     1    -1     0.00000000
   0.030    55    93     7     7     1     1    -0.00000000
   0.030    55    94     7     7     2    -1    -0.00000000
   0.030    55    95     7     5     1     1    -0.00000000
   0.030    55    96     7     5     2    -1     0.00000000
   0.030    55    97     7     3     1     1    -0.00000000
   0.030    55    98     7     3     2    -1    -0.00000000
   0.030    55    99     7     1     1     1    -0.00000000
   0.030    55   100     7     7     2     1     0.00000000
   0.030    55   101     7     7     3    -1    -0.00000000
   0.030    55   102     7     5     2     1     0.00000000
   0.030    55   103     7     5     3    -1    -0.00000000
   0.030    55   104     7     3     2     1     0.00000000
   0.030    55   105     7     3     3    -1    -0.00000000
   0.030    55   106     7     7     3     1    -0.00000000
   0.030    55   107     7     7     4    -1    -0.00000000
   0.030    55   108     7     5     3     1    -0.00000000
   0.030    55   109     7     5     4    -1    -0.00000000
   0.030    55   110     7     3     3     1     0.00000000
   0.030    55   111     7     7     4     1    -0.00000000
   0.030    55   112     7     7     5    -1    -0.00000000
   0.030    55   113     7     5     4     1    -0.00000000
   0.030    55   114     7     5     5    -1    -0.00000000
   0.030    55   115     7     7     5     1     0.00000000
   0.030    55   116     7     7     6    -1     0.00000000
   0.030    55   117     7     5     5     1     0.00000000
   0.030    55   118     7     7     6     1     0.00000000
   0.030    55   119     7     7     7    -1     0.00000000
   0.030    55   120     7     7     7     1     0.00000000
   0.030    56     1     0     0     0     1    -0.00000000
   0.030    56     2     1     1     0     1    -0.00000000
   0.030    56     3     1     1     1    -1    -0.00000000
   0.030    56     4     1     1     1     1    -0.00000000
   0.030    56     5     2     2     0     1     0.00000000
   0.030    56     6     2     2     1    -1    -0.00000000
   0.030    56     7     2     0     0     1     0.00000000
   0.030    56     8     2     2     1     1     0.00000000
   0.030    56     9     2     2     2    -1    -0.00000000
   0.030    56    10     2     2     2     1    -0.00000000
   0.030    56    11     3     3     0     1     0.00000000
   0.030    56    12     3     3     1    -1    -0.00000000
   0.030    56    13     3     1     0     1     0.00000000
   0.030    56    14     3     1     1    -1    -0.00000000
   0.030    56    15     3     3     1     1     0.00000000
   0.030    56    16     3     3     2    -1     0.00000000
   0.030    56    17     3     1     1     1     0.00000000
   0.030    56    18     3     3     2     1    -0.00000000
   0.030    56    19     3     3     3    -1     0.00000000
   0.030    56    20     3     3     3     1    -0.00000000
   0.030    56    21     4     4     0     1    -0.00000000
   0.030    56    22     4     4     1    -1     0.00000000
   0.030    56    23     4     2     0     1     0.00000000
   0.030    56    24     4     2     1    -1    -0.00000000
   0.030    56    25     4     0     0     1    -0.00000000
   0.030    56    26     4     4     1     1     0.00000000
   0.030    56    27     4     4     2    -1    -0.00000000
   0.030    56    28     4     2     1     1    -0.00000000
   0.030    56    29     4     2     2    -1     0.00000000
   0.030    56    30     4     4     2     1     0.00000000
   0.030    56    31     4     4     3    -1    -0.00000000
   0.030    56    32     4     2     2     1    -0.00000000
   0.030    56    33     4     4     3     1     0.00000000
   0.030    56    34     4     4     4    -1    -0.00000000
   0.030    56    35     4     4     4     1    -0.00000000
   0.030    56    36     5     5     0     1    -0.00000000
   0.030    56    37     5     5     1    -1     0.00000000
   0.030    56    38     5     3     0     1    -0.00000000
   0.030    56    39     5     3     1    -1     0.00000000
   0.030    56    40     5     1     0     1    -0.00000000
   0.030    56    41     5     1     1    -1    -0.00000000
   0.030    56    42     5     5     1     1    -0.00000000
   0.030    56    43     5     5     2    -1    -0.00000000
   0.030    56    44     5     3     1     1     0.00000000
   0.030    56    45     5     3     2    -1     0.00000000
   0.030    56    46     5     1     1     1     0.00000000
   0.030    56    47     5     5     2     1     0.00000000
   0.030    56    48     5     5     3    -1    -0.00000000
   0.030    56    49     5     3     2     1     0.00000000
   0.030    56    50     5     3     3    -1    -0.00000000
   0.030    56    51     5     5     3     1     0.00000000
   0.030    56    52     5     5     4    -1     0.00000000
   0.030    56    53     5     3     3     1     0.00000000
   0.030    56    54     5     5     4     1     0.00000000
   0.030    56    55     5     5     5    -1     0.00000000
   0.030    56    56     5     5     5     1     0.00000000
   0.030    56    57     6     6     0     1    -0.00000000
   0.030    56    58     6     6     1    -1    -0.00000000
   0.030    56    59     6     4     0     1    -0.00000000
   0.030    56    60     6     4     1    -1    -0.00000000
   0.030    56    61     6     2     0     1     0.00000000
   0.030    56    62     6     2     1    -1     0.00000000
   0.030    56    63     6     0     0     1     0.00000000
   0.030    56    64     6     6     1     1    -0.00000000
   0.030    56    65     6     6     2    -1    -0.00000000
   0.030    56    66     6     4     1     1    -0.00000000
   0.030    56    67     6     4     2    -1    -0.00000000
   0.030    56    68     6     2     1     1     0.00000000
   0.030    56    69     6     2     2    -1    -0.00000000
   0.030    56    70     6     6     2     1    -0.00000000
   0.030    56    71     6     6     3    -1    -0.00000000
   0.030    56    72     6     4     2     1    -0.00000000
   0.030    56    73     6     4     3    -1    -0.00000000
   0.030    56    74     6     2     2     1    -0.00000000
   0.030    56    75     6     6     3     1    -0.00000000
   0.030    56    76     6     6     4    -1    -0.00000000
   0.030    56    77     6     4     3     1     0.00000000
   0.030    56    78     6     4     4    -1    -0.00000000
   0.030    56    79     6     6     4     1     0.00000000
   0.030    56    80     6     6     5    -1     0.00000000
   0.030    56    81     6     4     4     1     0.00000000
   0.030    56    82     6     6     5     1     0.96398377
   0.030    56    83     6     6     6    -1     0.26596108
   0.030    56    84     6     6     6     1    -0.00000000
   0.030    56    85     7     7     0     1     0.00000000
   0.030    56    86     7     7     1    -1    -0.00000000
   0.030    56    87     7     5     0     1    -0.00000000
   0.030    56    88     7     5     1    -1    -0.00000000
   0.030    56    89     7     3     0     1    -0.00000000
   0.030    56    90     7     3     1    -1     0.00000000
   0.030    56    91     7     1     0     1    -0.00000000
   0.030    56    92     7     1     1    -1     0.00000000
   0.030    56    93     7     7     1     1    -0.00000000
   0.030    56    94     7     7     2    -1    -0.00000000
   0.030    56    95     7     5     1     1    -0.00000000
   0.030    56    96     7     5     2    -1    -0.00000000
   0.030    56    97     7     3     1     1     0.00000000
   0.030    56    98     7     3     2    -1    -0.00000000
   0.030    56    99     7     1     1     1    -0.00000000
   0.030    56   100     7     7     2     1    -0.00000000
   0.030    56   101     7     7     3    -1    -0.00000000
   0.030    56   102     7     5     2     1    -0.00000000
   0.030    56   103     7     5     3    -1    -0.00000000
   0.030    56   104     7     3     2     1     0.00000000
   0.030    56   105     7     3     3    -1    -0.00000000
   0.030    56   106     7     7     3     1    -0.00000000
   0.030    56   107     7     7     4    -1    -0.00000000
   0.030    56   108     7     5     3     1     0.00000000
   0.030    56   109     7     5     4    -1    -0.00000000
   0.030    56   110     7     3     3     1     0.00000000
   0.030    56   111     7     7     4     1    -0.00000000
   0.030    56   112     7     7     5    -1    -0.00000000
   0.030    56   113     7     5     4     1    -0.00000000
   0.030    56   114     7     5     5    -1    -0.00000000
   0.030    56   115     7     7     5     1     0.00000000
   0.030    56   116     7     7     6    -1     0.00000000
   0.030    56   117     7     5     5     1     0.00000000
   0.030    56   118     7     7     6     1     0.00000000
   0.030    56   119     7     7     7    -1     0.00000000
   0.030    56   120     7     7     7     1     0.00000000
   0.030    57     1     0     0     0     1    -0.00000000
   0.030    57     2     1     1     0     1    -0.00000000
   0.030    57     3     1     1     1    -1    -0.00000000
   0.030    57     4     1     1     1     1     0.00000000
   0.030    57     5     2     2     0     1     0.00000000
   0.030    57     6     2     2     1    -1    -0.00000000
   0.030    57     7     2     0     0     1     0.00000000
   0.030    57     8     2     2     1     1     0.00000000
   0.030    57     9     2     2     2    -1     0.00000000
   0.030    57    10     2     2     2     1     0.00000000
   0.030    57    11     3     3     0     1    -0.00000000
   0.030    57    12     3     3     1    -1    -0.00000000
   0.030    57    13     3     1     0     1    -0.00000000
   0.030    57    14     3     1     1    -1     0.00000000
   0.030    57    15     3     3     1     1    -0.00000000
   0.030    57    16     3     3     2    -1     0.00000000
   0.030    57    17     3     1     1     1     0.00000000
   0.030    57    18     3     3     2     1     0.00000000
   0.030    57    19     3     3     3    -1    -0.00000000
   0.030    57    20     3     3     3     1     0.00000000
   0.030    57    21     4     4     0     1     0.00000000
   0.030    57    22     4     4     1    -1    -0.00000000
   0.030    57    23     4     2     0     1    -0.00000000
   0.030    57    24     4     2     1    -1     0.00000000
   0.030    57    25     4     0     0     1     0.00000000
   0.030    57    26     4     4     1     1     0.00000000
   0.030    57    27     4     4     2    -1    -0.00000000
   0.030    57    28     4     2     1     1    -0.00000000
   0.030    57    29     4     2     2    -1    -0.00000000
   0.030    57    30     4     4     2     1     0.00000000
   0.030    57    31     4     4     3    -1    -0.00000000
   0.030    57    32     4     2     2     1    -0.00000000
   0.030    57    33     4     4     3     1    -0.00000000
   0.030    57    34     4     4     4    -1     0.00000000
   0.030    57    35     4     4     4     1    -0.00000000
   0.030    57    36     5     5     0     1    -0.00000000
   0.030    57    37     5     5     1    -1     0.00000000
   0.030    57    38     5     3     0     1    -0.00000000
   0.030    57    39     5     3     1    -1     0.00000000
   0.030    57    40     5     1     0     1     0.00000000
   0.030    57    41     5     1     1    -1     0.00000000
   0.030    57    42     5     5     1     1     0.00000000
   0.030    57    43     5     5     2    -1    -0.00000000
   0.030    57    44     5     3     1     1    -0.00000000
   0.030    57    45     5     3     2    -1    -0.00000000
   0.030    57    46     5     1     1     1     0.00000000
   0.030    57    47     5     5     2     1    -0.00000000
   0.030    57    48     5     5     3    -1     0.00000000
   0.030    57    49     5     3     2     1    -0.00000000
   0.030    57    50     5     3     3    -1    -0.00000000
   0.030    57    51     5     5     3     1    -0.00000000
   0.030    57    52     5     5     4    -1    -0.00000000
   0.030    57    53     5     3     3     1     0.00000000
   0.030    57    54     5     5     4     1    -0.00000000
   0.030    57    55     5     5     5    -1    -0.00000000
   0.030    57    56     5     5     5     1     0.00000000
   0.030    57    57     6     6     0     1     0.00000000
   0.030    57    58     6     6     1    -1     0.00000000
   0.030    57    59     6     4     0     1    -0.00000000
   0.030    57    60     6     4     1    -1     0.00000000
   0.030    57    61     6     2     0     1     0.00000000
   0.030    57    62     6     2     1    -1    -0.00000000
   0.030    57    63     6     0     0     1     0.00000000
   0.030    57    64     6     6     1     1     0.00000000
   0.030    57    65     6     6     2    -1     0.00000000
   0.030    57    66     6     4     1     1     0.00000000
   0.030    57    67     6     4     2    -1    -0.00000000
   0.030    57    68     6     2     1     1     0.00000000
   0.030    57    69     6     2     2    -1     0.00000000
   0.030    57    70     6     6     2     1    -0.00000000
   0.030    57    71     6     6     3    -1    -0.00000000
   0.030    57    72     6     4     2     1     0.00000000
   0.030    57    73     6     4     3    -1    -0.00000000
   0.030    57    74     6     2     2     1     0.00000000
   0.030    57    75     6     6     3     1     0.00000000
   0.030    57    76     6     6     4    -1     0.00000000
   0.030    57    77     6     4     3     1     0.00000000
   0.030    57    78     6     4     4    -1    -0.00000000
   0.030    57    79     6     6     4     1     0.00000000
   0.030    57    80     6     6     5    -1     0.00000000
   0.030    57    81     6     4     4     1     0.00000000
   0.030    57    82     6     6     5     1     0.00000000
   0.030    57    83     6     6     6    -1     0.00000000
   0.030    57    84     6     6     6     1     1.00000000
   0.030    57    85     7     7     0     1    -0.00000000
   0.030    57    86     7     7     1    -1     0.00000000
   0.030    57    87     7     5     0     1    -0.00000000
   0.030    57    88     7     5     1    -1     0.00000000
   0.030    57    89     7     3     0     1     0.00000000
   0.030    57    90     7     3     1    -1     0.00000000
   0.030    57    91     7     1     0     1     0.00000000
   0.030    57    92     7     1     1    -1    -0.00000000
   0.030    57    93     7     7     1     1     0.00000000
   0.030    57    94     7     7     2    -1     0.00000000
   0.030    57    95     7     5     1     1     0.00000000
   0.030    57    96     7     5     2    -1     0.00000000
   0.030    57    97     7     3     1     1     0.00000000
   0.030    57    98     7     3     2    -1     0.00000000
   0.030    57    99     7     1     1     1     0.00000000
   0.030    57   100     7     7     2     1    -0.00000000
   0.030    57   101     7     7     3    -1    -0.00000000
   0.030    57   102     7     5     2     1    -0.00000000
   0.030    57   103     7     5     3    -1     0.00000000
   0.030    57   104     7     3     2     1    -0.00000000
   0.030    57   105     7     3     3    -1     0.00000000
   0.030    57   106     7     7     3     1     0.00000000
   0.030    57   107     7     7     4    -1     0.00000000
   0.030    57   108     7     5     3     1    -0.00000000
   0.030    57   109     7     5     4    -1     0.00000000
   0.030    57   110     7     3     3     1    -0.00000000
   0.030    57   111     7     7     4     1     0.00000000
   0.030    57   112     7     7     5    -1     0.00000000
   0.030    57   113     7     5     4     1     0.00000000
   0.030    57   114     7     5     5    -1     0.00000000
   0.030    57   115     7     7     5     1     0.00000000
   0.030    57   116     7     7     6    -1     0.00000000
   0.030    57   117     7     5     5     1     0.00000000
   0.030    57   118     7     7     6     1     0.00000000
   0.030    57   119     7     7     7    -1     0.00000000
   0.030    57   120     7     7     7     1     0.00000000
   0.030    58     1     0     0     0     1     0.00000000
   0.030    58     2     1     1     0     1     0.00004523
   0.030    58     3     1     1     1    -1     0.00000679
   0.030    58     4     1     1     1     1    -0.00000000
   0.030    58     5     2     2     0     1    -0.00000000
   0.030    58     6     2     2     1    -1    -0.00000000
   0.030    58     7     2     0     0     1     0.00000000
   0.030    58     8     2     2     1     1    -0.00000000
   0.030    58     9     2     2     2    -1    -0.00000000
   0.030    58    10     2     2     2     1     0.00000000
   0.030    58    11     3     3     0     1    -0.00471797
   0.030    58    12     3     3     1    -1    -0.00138013
   0.030    58    13     3     1     0     1    -0.01007825
   0.030    58    14     3     1     1    -1     0.00274880
   0.030    58    15     3     3     1     1    -0.00000000
   0.030    58    16     3     3     2    -1     0.00000000
   0.030    58    17     3     1     1     1    -0.00000000
   0.030    58    18     3     3     2     1     0.00000000
   0.030    58    19     3     3     3    -1     0.00000000
   0.030    58    20     3     3     3     1    -0.00000000
   0.030    58    21     4     4     0     1     0.00000000
   0.030    58    22     4     4     1    -1     0.00000000
   0.030    58    23     4     2     0     1    -0.00000000
   0.030    58    24     4     2     1    -1     0.00000000
   0.030    58    25     4     0     0     1     0.00000000
   0.030    58    26     4     4     1     1     0.00000000
   0.030    58    27     4     4     2    -1    -0.00000000
   0.030    58    28     4     2     1     1    -0.00000000
   0.030    58    29     4     2     2    -1     0.00000000
   0.030    58    30     4     4     2     1    -0.00000000
   0.030    58    31     4     4     3    -1     0.00000000
   0.030    58    32     4     2     2     1     0.00000000
   0.030    58    33     4     4     3     1     0.00000000
   0.030    58    34     4     4     4    -1     0.00000000
   0.030    58    35     4     4     4     1     0.00000000
   0.030    58    36     5     5     0     1    -0.00017724
   0.030    58    37     5     5     1    -1     0.00000063
   0.030    58    38     5     3     0     1     0.00175987
   0.030    58    39     5     3     1    -1    -0.00329915
   0.030    58    40     5     1     0     1     0.91400030
   0.030    58    41     5     1     1    -1     0.40497917
   0.030    58    42     5     5     1     1     0.00000000
   0.030    58    43     5     5     2    -1    -0.00000000
   0.030    58    44     5     3     1     1    -0.00000000
   0.030    58    45     5     3     2    -1    -0.00000000
   0.030    58    46     5     1     1     1    -0.00000000
   0.030    58    47     5     5     2     1     0.00000000
   0.030    58    48     5     5     3    -1    -0.00000000
   0.030    58    49     5     3     2     1    -0.00000000
   0.030    58    50     5     3     3    -1    -0.00000000
   0.030    58    51     5     5     3     1     0.00000000
   0.030    58    52     5     5     4    -1     0.00000000
   0.030    58    53     5     3     3     1     0.00000000
   0.030    58    54     5     5     4     1     0.00000000
   0.030    58    55     5     5     5    -1     0.00000000
   0.030    58    56     5     5     5     1     0.00000000
   0.030    58    57     6     6     0     1    -0.00000000
   0.030    58    58     6     6     1    -1    -0.00000000
   0.030    58    59     6     4     0     1    -0.00000000
   0.030    58    60     6     4     1    -1     0.00000000
   0.030    58    61     6     2     0     1    -0.00000000
   0.030    58    62     6     2     1    -1     0.00000000
   0.030    58    63     6     0     0     1    -0.00000000
   0.030    58    64     6     6     1     1    -0.00000000
   0.030    58    65     6     6     2    -1    -0.00000000
   0.030    58    66     6     4     1     1     0.00000000
   0.030    58    67     6     4     2    -1     0.00000000
   0.030    58    68     6     2     1     1     0.00000000
   0.030    58    69     6     2     2    -1     0.00000000
   0.030    58    70     6     6     2     1     0.00000000
   0.030    58    71     6     6     3    -1     0.00000000
   0.030    58    72     6     4     2     1     0.00000000
   0.030    58    73     6     4     3    -1    -0.00000000
   0.030    58    74     6     2     2     1    -0.00000000
   0.030    58    75     6     6     3     1     0.00000000
   0.030    58    76     6     6     4    -1     0.00000000
   0.030    58    77     6     4     3     1     0.00000000
   0.030    58    78     6     4     4    -1    -0.00000000
   0.030    58    79     6     6     4     1     0.00000000
   0.030    58    80     6     6     5    -1     0.00000000
   0.030    58    81     6     4     4     1     0.00000000
   0.030    58    82     6     6     5     1     0.00000000
   0.030    58    83     6     6     6    -1     0.00000000
   0.030    58    84     6     6     6     1    -0.00000000
   0.030    58    85     7     7     0     1    -0.00000312
   0.030    58    86     7     7     1    -1    -0.00000114
   0.030    58    87     7     5     0     1     0.00001825
   0.030    58    88     7     5     1    -1    -0.00004496
   0.030    58    89     7     3     0     1     0.01505570
   0.030    58    90     7     3     1    -1     0.00640107
   0.030    58    91     7     1     0     1     0.01322629
   0.030    58    92     7     1     1    -1    -0.00233214
   0.030    58    93     7     7     1     1    -0.00000000
   0.030    58    94     7     7     2    -1    -0.00000000
   0.030    58    95     7     5     1     1     0.00000000
   0.030    58    96     7     5     2    -1    -0.00000000
   0.030    58    97     7     3     1     1     0.00000000
   0.030    58    98     7     3     2    -1    -0.00000000
   0.030    58    99     7     1     1     1    -0.00000000
   0.030    58   100     7     7     2     1    -0.00000000
   0.030    58   101     7     7     3    -1    -0.00000000
   0.030    58   102     7     5     2     1     0.00000000
   0.030    58   103     7     5     3    -1    -0.00000000
   0.030    58   104     7     3     2     1     0.00000000
   0.030    58   105     7     3     3    -1     0.00000000
   0.030    58   106     7     7     3     1    -0.00000000
   0.030    58   107     7     7     4    -1    -0.00000000
   0.030    58   108     7     5     3     1     0.00000000
   0.030    58   109     7     5     4    -1    -0.00000000
   0.030    58   110     7     3     3     1     0.00000000
   0.030    58   111     7     7     4     1    -0.00000000
   0.030    58   112     7     7     5    -1    -0.00000000
   0.030    58   113     7     5     4     1    -0.00000000
   0.030    58   114     7     5     5    -1    -0.00000000
   0.030    58   115     7     7     5     1     0.00000000
   0.030    58   116     7     7     6    -1     0.00000000
   0.030    58   117     7     5     5     1     0.00000000
   0.030    58   118     7     7     6     1     0.00000000
   0.030    58   119     7     7     7    -1     0.00000000
   0.030    58   120     7     7     7     1     0.00000000
   0.030    59     1     0     0     0     1     0.00000000
   0.030    59     2     1     1     0     1    -0.00003194
   0.030    59     3     1     1     1    -1    -0.00000346
   0.030    59     4     1     1     1     1     0.00000000
   0.030    59     5     2     2     0     1    -0.00000000
   0.030    59     6     2     2     1    -1    -0.00000000
   0.030    59     7     2     0     0     1    -0.00000000
   0.030    59     8     2     2     1     1     0.00000000
   0.030    59     9     2     2     2    -1     0.00000000
   0.030    59    10     2     2     2     1     0.00000000
   0.030    59    11     3     3     0     1     0.00367923
   0.030    59    12     3     3     1    -1    -0.00343262
   0.030    59    13     3     1     0     1     0.00689817
   0.030    59    14     3     1     1    -1    -0.00706371
   0.030    59    15     3     3     1     1     0.00000000
   0.030    59    16     3     3     2    -1    -0.00000000
   0.030    59    17     3     1     1     1    -0.00000000
   0.030    59    18     3     3     2     1    -0.00000000
   0.030    59    19     3     3     3    -1    -0.00000000
   0.030    59    20     3     3     3     1     0.00000000
   0.030    59    21     4     4     0     1    -0.00000000
   0.030    59    22     4     4     1    -1    -0.00000000
   0.030    59    23     4     2     0     1    -0.00000000
   0.030    59    24     4     2     1    -1     0.00000000
   0.030    59    25     4     0     0     1     0.00000000
   0.030    59    26     4     4     1     1    -0.00000000
   0.030    59    27     4     4     2    -1    -0.00000000
   0.030    59    28     4     2     1     1     0.00000000
   0.030    59    29     4     2     2    -1     0.00000000
   0.030    59    30     4     4     2     1     0.00000000
   0.030    59    31     4     4     3    -1     0.00000000
   0.030    59    32     4     2     2     1     0.00000000
   0.030    59    33     4     4     3     1     0.00000000
   0.030    59    34     4     4     4    -1    -0.00000000
   0.030    59    35     4     4     4     1     0.00000000
   0.030    59    36     5     5     0     1     0.00040153
   0.030    59    37     5     5     1    -1    -0.00042181
   0.030    59    38     5     3     0     1    -0.64515107
   0.030    59    39     5     3     1    -1     0.76377210
   0.030    59    40     5     1     0     1     0.00322652
   0.030    59    41     5     1     1    -1     0.00235976
   0.030    59    42     5     5     1     1    -0.00000000
   0.030    59    43     5     5     2    -1    -0.00000000
   0.030    59    44     5     3     1     1    -0.00000000
   0.030    59    45     5     3     2    -1    -0.00000000
   0.030    59    46     5     1     1     1     0.00000000
   0.030    59    47     5     5     2     1    -0.00000000
   0.030    59    48     5     5     3    -1     0.00000000
   0.030    59    49     5     3     2     1     0.00000000
   0.030    59    50     5     3     3    -1     0.00000000
   0.030    59    51     5     5     3     1    -0.00000000
   0.030    59    52     5     5     4    -1    -0.00000000
   0.030    59    53     5     3     3     1     0.00000000
   0.030    59    54     5     5     4     1    -0.00000000
   0.030    59    55     5     5     5    -1    -0.00000000
   0.030    59    56     5     5     5     1     0.00000000
   0.030    59    57     6     6     0     1     0.00000000
   0.030    59    58     6     6     1    -1     0.00000000
   0.030    59    59     6     4     0     1    -0.00000000
   0.030    59    60     6     4     1    -1    -0.00000000
   0.030    59    61     6     2     0     1     0.00000000
   0.030    59    62     6     2     1    -1     0.00000000
   0.030    59    63     6     0     0     1     0.00000000
   0.030    59    64     6     6     1     1     0.00000000
   0.030    59    65     6     6     2    -1     0.00000000
   0.030    59    66     6     4     1     1    -0.00000000
   0.030    59    67     6     4     2    -1    -0.00000000
   0.030    59    68     6     2     1     1     0.00000000
   0.030    59    69     6     2     2    -1    -0.00000000
   0.030    59    70     6     6     2     1    -0.00000000
   0.030    59    71     6     6     3    -1    -0.00000000
   0.030    59    72     6     4     2     1    -0.00000000
   0.030    59    73     6     4     3    -1    -0.00000000
   0.030    59    74     6     2     2     1     0.00000000
   0.030    59    75     6     6     3     1    -0.00000000
   0.030    59    76     6     6     4    -1    -0.00000000
   0.030    59    77     6     4     3     1    -0.00000000
   0.030    59    78     6     4     4    -1    -0.00000000
   0.030    59    79     6     6     4     1    -0.00000000
   0.030    59    80     6     6     5    -1    -0.00000000
   0.030    59    81     6     4     4     1    -0.00000000
   0.030    59    82     6     6     5     1    -0.00000000
   0.030    59    83     6     6     6    -1     0.00000000
   0.030    59    84     6     6     6     1    -0.00000000
   0.030    59    85     7     7     0     1     0.00000451
   0.030    59    86     7     7     1    -1    -0.00000437
   0.030    59    87     7     5     0     1    -0.00865945
   0.030    59    88     7     5     1    -1     0.00980209
   0.030    59    89     7     3     0     1    -0.00576601
   0.030    59    90     7     3     1    -1     0.00489541
   0.030    59    91     7     1     0     1    -0.00599234
   0.030    59    92     7     1     1    -1     0.00538229
   0.030    59    93     7     7     1     1     0.00000000
   0.030    59    94     7     7     2    -1     0.00000000
   0.030    59    95     7     5     1     1     0.00000000
   0.030    59    96     7     5     2    -1     0.00000000
   0.030    59    97     7     3     1     1     0.00000000
   0.030    59    98     7     3     2    -1     0.00000000
   0.030    59    99     7     1     1     1    -0.00000000
   0.030    59   100     7     7     2     1    -0.00000000
   0.030    59   101     7     7     3    -1     0.00000000
   0.030    59   102     7     5     2     1     0.00000000
   0.030    59   103     7     5     3    -1     0.00000000
   0.030    59   104     7     3     2     1     0.00000000
   0.030    59   105     7     3     3    -1    -0.00000000
   0.030    59   106     7     7     3     1     0.00000000
   0.030    59   107     7     7     4    -1     0.00000000
   0.030    59   108     7     5     3     1    -0.00000000
   0.030    59   109     7     5     4    -1     0.00000000
   0.030    59   110     7     3     3     1    -0.00000000
   0.030    59   111     7     7     4     1     0.00000000
   0.030    59   112     7     7     5    -1     0.00000000
   0.030    59   113     7     5     4     1     0.00000000
   0.030    59   114     7     5     5    -1     0.00000000
   0.030    59   115     7     7     5     1     0.00000000
   0.030    59   116     7     7     6    -1     0.00000000
   0.030    59   117     7     5     5     1     0.00000000
   0.030    59   118     7     7     6     1     0.00000000
   0.030    59   119     7     7     7    -1     0.00000000
   0.030    59   120     7     7     7     1     0.00000000
   0.030    60     1     0     0     0     1    -0.00000000
   0.030    60     2     1     1     0     1     0.00000000
   0.030    60     3     1     1     1    -1    -0.00000000
   0.030    60     4     1     1     1     1    -0.00000243
   0.030    60     5     2     2     0     1    -0.00000000
   0.030    60     6     2     2     1    -1     0.00000000
   0.030    60     7     2     0     0     1     0.00000000
   0.030    60     8     2     2     1     1    -0.00000000
   0.030    60     9     2     2     2    -1    -0.00000000
   0.030    60    10     2     2     2     1    -0.00000000
   0.030    60    11     3     3     0     1    -0.00000000
   0.030    60    12     3     3     1    -1     0.00000000
   0.030    60    13     3     1     0     1    -0.00000000
   0.030    60    14     3     1     1    -1     0.00000000
   0.030    60    15     3     3     1     1    -0.00199433
   0.030    60    16     3     3     2    -1     0.00015385
   0.030    60    17     3     1     1     1    -0.00420129
   0.030    60    18     3     3     2     1     0.00000000
   0.030    60    19     3     3     3    -1    -0.00000000
   0.030    60    20     3     3     3     1    -0.00000000
   0.030    60    21     4     4     0     1    -0.00000000
   0.030    60    22     4     4     1    -1     0.00000000
   0.030    60    23     4     2     0     1    -0.00000000
   0.030    60    24     4     2     1    -1     0.00000000
   0.030    60    25     4     0     0     1     0.00000000
   0.030    60    26     4     4     1     1     0.00000000
   0.030    60    27     4     4     2    -1    -0.00000000
   0.030    60    28     4     2     1     1    -0.00000000
   0.030    60    29     4     2     2    -1    -0.00000000
   0.030    60    30     4     4     2     1     0.00000000
   0.030    60    31     4     4     3    -1    -0.00000000
   0.030    60    32     4     2     2     1    -0.00000000
   0.030    60    33     4     4     3     1    -0.00000000
   0.030    60    34     4     4     4    -1     0.00000000
   0.030    60    35     4     4     4     1     0.00000000
   0.030    60    36     5     5     0     1    -0.00000000
   0.030    60    37     5     5     1    -1    -0.00000000
   0.030    60    38     5     3     0     1    -0.00000000
   0.030    60    39     5     3     1    -1    -0.00000000
   0.030    60    40     5     1     0     1     0.00000000
   0.030    60    41     5     1     1    -1    -0.00000000
   0.030    60    42     5     5     1     1    -0.00023495
   0.030    60    43     5     5     2    -1     0.00025359
   0.030    60    44     5     3     1     1     0.50659697
   0.030    60    45     5     3     2    -1    -0.86204345
   0.030    60    46     5     1     1     1     0.00767838
   0.030    60    47     5     5     2     1     0.00000000
   0.030    60    48     5     5     3    -1    -0.00000000
   0.030    60    49     5     3     2     1    -0.00000000
   0.030    60    50     5     3     3    -1     0.00000000
   0.030    60    51     5     5     3     1     0.00000000
   0.030    60    52     5     5     4    -1     0.00000000
   0.030    60    53     5     3     3     1    -0.00000000
   0.030    60    54     5     5     4     1    -0.00000000
   0.030    60    55     5     5     5    -1    -0.00000000
   0.030    60    56     5     5     5     1     0.00000000
   0.030    60    57     6     6     0     1    -0.00000000
   0.030    60    58     6     6     1    -1     0.00000000
   0.030    60    59     6     4     0     1    -0.00000000
   0.030    60    60     6     4     1    -1    -0.00000000
   0.030    60    61     6     2     0     1    -0.00000000
   0.030    60    62     6     2     1    -1     0.00000000
   0.030    60    63     6     0     0     1    -0.00000000
   0.030    60    64     6     6     1     1     0.00000000
   0.030    60    65     6     6     2    -1    -0.00000000
   0.030    60    66     6     4     1     1     0.00000000
   0.030    60    67     6     4     2    -1    -0.00000000
   0.030    60    68     6     2     1     1     0.00000000
   0.030    60    69     6     2     2    -1     0.00000000
   0.030    60    70     6     6     2     1     0.00000000
   0.030    60    71     6     6     3    -1    -0.00000000
   0.030    60    72     6     4     2     1    -0.00000000
   0.030    60    73     6     4     3    -1     0.00000000
   0.030    60    74     6     2     2     1     0.00000000
   0.030    60    75     6     6     3     1    -0.00000000
   0.030    60    76     6     6     4    -1    -0.00000000
   0.030    60    77     6     4     3     1     0.00000000
   0.030    60    78     6     4     4    -1     0.00000000
   0.030    60    79     6     6     4     1     0.00000000
   0.030    60    80     6     6     5    -1    -0.00000000
   0.030    60    81     6     4     4     1    -0.00000000
   0.030    60    82     6     6     5     1     0.00000000
   0.030    60    83     6     6     6    -1    -0.00000000
   0.030    60    84     6     6     6     1     0.00000000
   0.030    60    85     7     7     0     1     0.00000000
   0.030    60    86     7     7     1    -1    -0.00000000
   0.030    60    87     7     5     0     1     0.00000000
   0.030    60    88     7     5     1    -1     0.00000000
   0.030    60    89     7     3     0     1     0.00000000
   0.030    60    90     7     3     1    -1     0.00000000
   0.030    60    91     7     1     0     1     0.00000000
   0.030    60    92     7     1     1    -1    -0.00000000
   0.030    60    93     7     7     1     1    -0.00000292
   0.030    60    94     7     7     2    -1     0.00000222
   0.030    60    95     7     5     1     1     0.00642489
   0.030    60    96     7     5     2    -1    -0.00936483
   0.030    60    97     7     3     1     1     0.00396440
   0.030    60    98     7     3     2    -1     0.00032461
   0.030    60    99     7     1     1     1     0.00388123
   0.030    60   100     7     7     2     1    -0.00000000
   0.030    60   101     7     7     3    -1    -0.00000000
   0.030    60   102     7     5     2     1     0.00000000
   0.030    60   103     7     5     3    -1     0.00000000
   0.030    60   104     7     3     2     1     0.00000000
   0.030    60   105     7     3     3    -1    -0.00000000
   0.030    60   106     7     7     3     1    -0.00000000
   0.030    60   107     7     7     4    -1    -0.00000000
   0.030    60   108     7     5     3     1     0.00000000
   0.030    60   109     7     5     4    -1    -0.00000000
   0.030    60   110     7     3     3     1     0.00000000
   0.030    60   111     7     7     4     1     0.00000000
   0.030    60   112     7     7     5    -1     0.00000000
   0.030    60   113     7     5     4     1     0.00000000
   0.030    60   114     7     5     5    -1     0.00000000
   0.030    60   115     7     7     5     1     0.00000000
   0.030    60   116     7     7     6    -1     0.00000000
   0.030    60   117     7     5     5     1     0.00000000
   0.030    60   118     7     7     6     1     0.00000000
   0.030    60   119     7     7     7    -1     0.00000000
   0.030    60   120     7     7     7     1     0.00000000
   0.030    61     1     0     0     0     1    -0.00000000
   0.030    61     2     1     1     0     1     0.00000000
   0.030    61     3     1     1     1    -1     0.00000000
   0.030    61     4     1     1     1     1    -0.00001727
   0.030    61     5     2     2     0     1     0.00000000
   0.030    61     6     2     2     1    -1    -0.00000000
   0.030    61     7     2     0     0     1     0.00000000
   0.030    61     8     2     2     1     1     0.00000000
   0.030    61     9     2     2     2    -1     0.00000000
   0.030    61    10     2     2     2     1    -0.00000000
   0.030    61    11     3     3     0     1     0.00000000
   0.030    61    12     3     3     1    -1     0.00000000
   0.030    61    13     3     1     0     1    -0.00000000
   0.030    61    14     3     1     1    -1    -0.00000000
   0.030    61    15     3     3     1     1     0.00411175
   0.030    61    16     3     3     2    -1    -0.00031828
   0.030    61    17     3     1     1     1    -0.00533027
   0.030    61    18     3     3     2     1    -0.00000000
   0.030    61    19     3     3     3    -1     0.00000000
   0.030    61    20     3     3     3     1    -0.00000000
   0.030    61    21     4     4     0     1     0.00000000
   0.030    61    22     4     4     1    -1    -0.00000000
   0.030    61    23     4     2     0     1     0.00000000
   0.030    61    24     4     2     1    -1     0.00000000
   0.030    61    25     4     0     0     1    -0.00000000
   0.030    61    26     4     4     1     1    -0.00000000
   0.030    61    27     4     4     2    -1     0.00000000
   0.030    61    28     4     2     1     1     0.00000000
   0.030    61    29     4     2     2    -1    -0.00000000
   0.030    61    30     4     4     2     1     0.00000000
   0.030    61    31     4     4     3    -1    -0.00000000
   0.030    61    32     4     2     2     1     0.00000000
   0.030    61    33     4     4     3     1    -0.00000000
   0.030    61    34     4     4     4    -1    -0.00000000
   0.030    61    35     4     4     4     1    -0.00000000
   0.030    61    36     5     5     0     1    -0.00000000
   0.030    61    37     5     5     1    -1    -0.00000000
   0.030    61    38     5     3     0     1    -0.00000000
   0.030    61    39     5     3     1    -1    -0.00000000
   0.030    61    40     5     1     0     1    -0.00000000
   0.030    61    41     5     1     1    -1    -0.00000000
   0.030    61    42     5     5     1     1     0.00015028
   0.030    61    43     5     5     2    -1    -0.00005035
   0.030    61    44     5     3     1     1     0.00413798
   0.030    61    45     5     3     2    -1    -0.00648673
   0.030    61    46     5     1     1     1    -0.99982644
   0.030    61    47     5     5     2     1     0.00000000
   0.030    61    48     5     5     3    -1    -0.00000000
   0.030    61    49     5     3     2     1    -0.00000000
   0.030    61    50     5     3     3    -1     0.00000000
   0.030    61    51     5     5     3     1     0.00000000
   0.030    61    52     5     5     4    -1     0.00000000
   0.030    61    53     5     3     3     1    -0.00000000
   0.030    61    54     5     5     4     1    -0.00000000
   0.030    61    55     5     5     5    -1    -0.00000000
   0.030    61    56     5     5     5     1     0.00000000
   0.030    61    57     6     6     0     1     0.00000000
   0.030    61    58     6     6     1    -1    -0.00000000
   0.030    61    59     6     4     0     1     0.00000000
   0.030    61    60     6     4     1    -1     0.00000000
   0.030    61    61     6     2     0     1    -0.00000000
   0.030    61    62     6     2     1    -1    -0.00000000
   0.030    61    63     6     0     0     1     0.00000000
   0.030    61    64     6     6     1     1    -0.00000000
   0.030    61    65     6     6     2    -1     0.00000000
   0.030    61    66     6     4     1     1     0.00000000
   0.030    61    67     6     4     2    -1    -0.00000000
   0.030    61    68     6     2     1     1     0.00000000
   0.030    61    69     6     2     2    -1     0.00000000
   0.030    61    70     6     6     2     1     0.00000000
   0.030    61    71     6     6     3    -1    -0.00000000
   0.030    61    72     6     4     2     1     0.00000000
   0.030    61    73     6     4     3    -1     0.00000000
   0.030    61    74     6     2     2     1    -0.00000000
   0.030    61    75     6     6     3     1     0.00000000
   0.030    61    76     6     6     4    -1     0.00000000
   0.030    61    77     6     4     3     1    -0.00000000
   0.030    61    78     6     4     4    -1    -0.00000000
   0.030    61    79     6     6     4     1    -0.00000000
   0.030    61    80     6     6     5    -1     0.00000000
   0.030    61    81     6     4     4     1    -0.00000000
   0.030    61    82     6     6     5     1     0.00000000
   0.030    61    83     6     6     6    -1    -0.00000000
   0.030    61    84     6     6     6     1     0.00000000
   0.030    61    85     7     7     0     1    -0.00000000
   0.030    61    86     7     7     1    -1     0.00000000
   0.030    61    87     7     5     0     1    -0.00000000
   0.030    61    88     7     5     1    -1    -0.00000000
   0.030    61    89     7     3     0     1     0.00000000
   0.030    61    90     7     3     1    -1     0.00000000
   0.030    61    91     7     1     0     1    -0.00000000
   0.030    61    92     7     1     1    -1    -0.00000000
   0.030    61    93     7     7     1     1     0.00000262
   0.030    61    94     7     7     2    -1     0.00000029
   0.030    61    95     7     5     1     1     0.00005534
   0.030    61    96     7     5     2    -1    -0.00006990
   0.030    61    97     7     3     1     1    -0.01369134
   0.030    61    98     7     3     2    -1    -0.00112202
   0.030    61    99     7     1     1     1     0.00732933
   0.030    61   100     7     7     2     1    -0.00000000
   0.030    61   101     7     7     3    -1    -0.00000000
   0.030    61   102     7     5     2     1    -0.00000000
   0.030    61   103     7     5     3    -1    -0.00000000
   0.030    61   104     7     3     2     1     0.00000000
   0.030    61   105     7     3     3    -1    -0.00000000
   0.030    61   106     7     7     3     1    -0.00000000
   0.030    61   107     7     7     4    -1    -0.00000000
   0.030    61   108     7     5     3     1    -0.00000000
   0.030    61   109     7     5     4    -1    -0.00000000
   0.030    61   110     7     3     3     1     0.00000000
   0.030    61   111     7     7     4     1     0.00000000
   0.030    61   112     7     7     5    -1     0.00000000
   0.030    61   113     7     5     4     1     0.00000000
   0.030    61   114     7     5     5    -1     0.00000000
   0.030    61   115     7     7     5     1     0.00000000
   0.030    61   116     7     7     6    -1     0.00000000
   0.030    61   117     7     5     5     1     0.00000000
   0.030    61   118     7     7     6     1     0.00000000
   0.030    61   119     7     7     7    -1     0.00000000
   0.030    61   120     7     7     7     1     0.00000000
   0.030    62     1     0     0     0     1    -0.00000000
   0.030    62     2     1     1     0     1     0.00000000
   0.030    62     3     1     1     1    -1     0.00000000
   0.030    62     4     1     1     1     1     0.00000000
   0.030    62     5     2     2     0     1    -0.00000000
   0.030    62     6     2     2     1    -1     0.00000000
   0.030    62     7     2     0     0     1     0.00000000
   0.030    62     8     2     2     1     1    -0.00000000
   0.030    62     9     2     2     2    -1     0.00000000
   0.030    62    10     2     2     2     1    -0.00000000
   0.030    62    11     3     3     0     1     0.00000000
   0.030    62    12     3     3     1    -1     0.00000000
   0.030    62    13     3     1     0     1    -0.00000000
   0.030    62    14     3     1     1    -1     0.00000000
   0.030    62    15     3     3     1     1     0.00000000
   0.030    62    16     3     3     2    -1    -0.00000000
   0.030    62    17     3     1     1     1    -0.00000000
   0.030    62    18     3     3     2     1     0.00035917
   0.030    62    19     3     3     3    -1    -0.00667571
   0.030    62    20     3     3     3     1    -0.00000000
   0.030    62    21     4     4     0     1    -0.00000000
   0.030    62    22     4     4     1    -1    -0.00000000
   0.030    62    23     4     2     0     1    -0.00000000
   0.030    62    24     4     2     1    -1    -0.00000000
   0.030    62    25     4     0     0     1    -0.00000000
   0.030    62    26     4     4     1     1    -0.00000000
   0.030    62    27     4     4     2    -1    -0.00000000
   0.030    62    28     4     2     1     1    -0.00000000
   0.030    62    29     4     2     2    -1     0.00000000
   0.030    62    30     4     4     2     1    -0.00000000
   0.030    62    31     4     4     3    -1     0.00000000
   0.030    62    32     4     2     2     1    -0.00000000
   0.030    62    33     4     4     3     1    -0.00000000
   0.030    62    34     4     4     4    -1    -0.00000000
   0.030    62    35     4     4     4     1    -0.00000000
   0.030    62    36     5     5     0     1     0.00000000
   0.030    62    37     5     5     1    -1     0.00000000
   0.030    62    38     5     3     0     1    -0.00000000
   0.030    62    39     5     3     1    -1     0.00000000
   0.030    62    40     5     1     0     1    -0.00000000
   0.030    62    41     5     1     1    -1     0.00000000
   0.030    62    42     5     5     1     1     0.00000000
   0.030    62    43     5     5     2    -1    -0.00000000
   0.030    62    44     5     3     1     1     0.00000000
   0.030    62    45     5     3     2    -1     0.00000000
   0.030    62    46     5     1     1     1    -0.00000000
   0.030    62    47     5     5     2     1    -0.00005536
   0.030    62    48     5     5     3    -1     0.00001562
   0.030    62    49     5     3     2     1     0.34089514
   0.030    62    50     5     3     3    -1    -0.93998689
   0.030    62    51     5     5     3     1     0.00000000
   0.030    62    52     5     5     4    -1    -0.00000000
   0.030    62    53     5     3     3     1     0.00000000
   0.030    62    54     5     5     4     1    -0.00000000
   0.030    62    55     5     5     5    -1    -0.00000000
   0.030    62    56     5     5     5     1     0.00000000
   0.030    62    57     6     6     0     1     0.00000000
   0.030    62    58     6     6     1    -1    -0.00000000
   0.030    62    59     6     4     0     1    -0.00000000
   0.030    62    60     6     4     1    -1    -0.00000000
   0.030    62    61     6     2     0     1    -0.00000000
   0.030    62    62     6     2     1    -1    -0.00000000
   0.030    62    63     6     0     0     1    -0.00000000
   0.030    62    64     6     6     1     1    -0.00000000
   0.030    62    65     6     6     2    -1    -0.00000000
   0.030    62    66     6     4     1     1    -0.00000000
   0.030    62    67     6     4     2    -1     0.00000000
   0.030    62    68     6     2     1     1    -0.00000000
   0.030    62    69     6     2     2    -1    -0.00000000
   0.030    62    70     6     6     2     1    -0.00000000
   0.030    62    71     6     6     3    -1     0.00000000
   0.030    62    72     6     4     2     1    -0.00000000
   0.030    62    73     6     4     3    -1    -0.00000000
   0.030    62    74     6     2     2     1     0.00000000
   0.030    62    75     6     6     3     1    -0.00000000
   0.030    62    76     6     6     4    -1    -0.00000000
   0.030    62    77     6     4     3     1     0.00000000
   0.030    62    78     6     4     4    -1     0.00000000
   0.030    62    79     6     6     4     1    -0.00000000
   0.030    62    80     6     6     5    -1     0.00000000
   0.030    62    81     6     4     4     1     0.00000000
   0.030    62    82     6     6     5     1    -0.00000000
   0.030    62    83     6     6     6    -1     0.00000000
   0.030    62    84     6     6     6     1    -0.00000000
   0.030    62    85     7     7     0     1     0.00000000
   0.030    62    86     7     7     1    -1    -0.00000000
   0.030    62    87     7     5     0     1    -0.00000000
   0.030    62    88     7     5     1    -1    -0.00000000
   0.030    62    89     7     3     0     1     0.00000000
   0.030    62    90     7     3     1    -1     0.00000000
   0.030    62    91     7     1     0     1     0.00000000
   0.030    62    92     7     1     1    -1    -0.00000000
   0.030    62    93     7     7     1     1     0.00000000
   0.030    62    94     7     7     2    -1     0.00000000
   0.030    62    95     7     5     1     1     0.00000000
   0.030    62    96     7     5     2    -1     0.00000000
   0.030    62    97     7     3     1     1    -0.00000000
   0.030    62    98     7     3     2    -1    -0.00000000
   0.030    62    99     7     1     1     1    -0.00000000
   0.030    62   100     7     7     2     1    -0.00000102
   0.030    62   101     7     7     3    -1    -0.00000017
   0.030    62   102     7     5     2     1     0.00361575
   0.030    62   103     7     5     3    -1    -0.00691393
   0.030    62   104     7     3     2     1     0.00075505
   0.030    62   105     7     3     3    -1     0.01044053
   0.030    62   106     7     7     3     1     0.00000000
   0.030    62   107     7     7     4    -1     0.00000000
   0.030    62   108     7     5     3     1     0.00000000
   0.030    62   109     7     5     4    -1    -0.00000000
   0.030    62   110     7     3     3     1    -0.00000000
   0.030    62   111     7     7     4     1     0.00000000
   0.030    62   112     7     7     5    -1     0.00000000
   0.030    62   113     7     5     4     1     0.00000000
   0.030    62   114     7     5     5    -1     0.00000000
   0.030    62   115     7     7     5     1     0.00000000
   0.030    62   116     7     7     6    -1     0.00000000
   0.030    62   117     7     5     5     1     0.00000000
   0.030    62   118     7     7     6     1     0.00000000
   0.030    62   119     7     7     7    -1     0.00000000
   0.030    62   120     7     7     7     1     0.00000000
   0.030    63     1     0     0     0     1     0.00000000
   0.030    63     2     1     1     0     1    -0.00001795
   0.030    63     3     1     1     1    -1     0.00001585
   0.030    63     4     1     1     1     1     0.00000000
   0.030    63     5     2     2     0     1    -0.00000000
   0.030    63     6     2     2     1    -1    -0.00000000
   0.030    63     7     2     0     0     1     0.00000000
   0.030    63     8     2     2     1     1    -0.00000000
   0.030    63     9     2     2     2    -1     0.00000000
   0.030    63    10     2     2     2     1     0.00000000
   0.030    63    11     3     3     0     1     0.00224728
   0.030    63    12     3     3     1    -1    -0.00387181
   0.030    63    13     3     1     0     1     0.00385731
   0.030    63    14     3     1     1    -1     0.00463854
   0.030    63    15     3     3     1     1    -0.00000000
   0.030    63    16     3     3     2    -1     0.00000000
   0.030    63    17     3     1     1     1    -0.00000000
   0.030    63    18     3     3     2     1     0.00000000
   0.030    63    19     3     3     3    -1     0.00000000
   0.030    63    20     3     3     3     1     0.00000000
   0.030    63    21     4     4     0     1     0.00000000
   0.030    63    22     4     4     1    -1    -0.00000000
   0.030    63    23     4     2     0     1     0.00000000
   0.030    63    24     4     2     1    -1     0.00000000
   0.030    63    25     4     0     0     1    -0.00000000
   0.030    63    26     4     4     1     1     0.00000000
   0.030    63    27     4     4     2    -1    -0.00000000
   0.030    63    28     4     2     1     1    -0.00000000
   0.030    63    29     4     2     2    -1     0.00000000
   0.030    63    30     4     4     2     1     0.00000000
   0.030    63    31     4     4     3    -1     0.00000000
   0.030    63    32     4     2     2     1     0.00000000
   0.030    63    33     4     4     3     1     0.00000000
   0.030    63    34     4     4     4    -1     0.00000000
   0.030    63    35     4     4     4     1     0.00000000
   0.030    63    36     5     5     0     1     0.00009587
   0.030    63    37     5     5     1    -1    -0.00014365
   0.030    63    38     5     3     0     1     0.00067758
   0.030    63    39     5     3     1    -1    -0.00068680
   0.030    63    40     5     1     0     1    -0.40492994
   0.030    63    41     5     1     1    -1     0.91416565
   0.030    63    42     5     5     1     1     0.00000000
   0.030    63    43     5     5     2    -1    -0.00000000
   0.030    63    44     5     3     1     1     0.00000000
   0.030    63    45     5     3     2    -1    -0.00000000
   0.030    63    46     5     1     1     1     0.00000000
   0.030    63    47     5     5     2     1     0.00000000
   0.030    63    48     5     5     3    -1    -0.00000000
   0.030    63    49     5     3     2     1     0.00000000
   0.030    63    50     5     3     3    -1     0.00000000
   0.030    63    51     5     5     3     1    -0.00000000
   0.030    63    52     5     5     4    -1    -0.00000000
   0.030    63    53     5     3     3     1     0.00000000
   0.030    63    54     5     5     4     1     0.00000000
   0.030    63    55     5     5     5    -1    -0.00000000
   0.030    63    56     5     5     5     1     0.00000000
   0.030    63    57     6     6     0     1    -0.00000000
   0.030    63    58     6     6     1    -1     0.00000000
   0.030    63    59     6     4     0     1    -0.00000000
   0.030    63    60     6     4     1    -1    -0.00000000
   0.030    63    61     6     2     0     1     0.00000000
   0.030    63    62     6     2     1    -1    -0.00000000
   0.030    63    63     6     0     0     1    -0.00000000
   0.030    63    64     6     6     1     1    -0.00000000
   0.030    63    65     6     6     2    -1    -0.00000000
   0.030    63    66     6     4     1     1     0.00000000
   0.030    63    67     6     4     2    -1     0.00000000
   0.030    63    68     6     2     1     1     0.00000000
   0.030    63    69     6     2     2    -1    -0.00000000
   0.030    63    70     6     6     2     1     0.00000000
   0.030    63    71     6     6     3    -1     0.00000000
   0.030    63    72     6     4     2     1     0.00000000
   0.030    63    73     6     4     3    -1    -0.00000000
   0.030    63    74     6     2     2     1    -0.00000000
   0.030    63    75     6     6     3     1    -0.00000000
   0.030    63    76     6     6     4    -1     0.00000000
   0.030    63    77     6     4     3     1     0.00000000
   0.030    63    78     6     4     4    -1    -0.00000000
   0.030    63    79     6     6     4     1     0.00000000
   0.030    63    80     6     6     5    -1    -0.00000000
   0.030    63    81     6     4     4     1     0.00000000
   0.030    63    82     6     6     5     1     0.00000000
   0.030    63    83     6     6     6    -1     0.00000000
   0.030    63    84     6     6     6     1    -0.00000000
   0.030    63    85     7     7     0     1     0.00000078
   0.030    63    86     7     7     1    -1    -0.00000212
   0.030    63    87     7     5     0     1     0.00001117
   0.030    63    88     7     5     1    -1    -0.00001044
   0.030    63    89     7     3     0     1    -0.00586155
   0.030    63    90     7     3     1    -1     0.01208419
   0.030    63    91     7     1     0     1    -0.00676681
   0.030    63    92     7     1     1    -1    -0.00702410
   0.030    63    93     7     7     1     1     0.00000000
   0.030    63    94     7     7     2    -1     0.00000000
   0.030    63    95     7     5     1     1    -0.00000000
   0.030    63    96     7     5     2    -1    -0.00000000
   0.030    63    97     7     3     1     1    -0.00000000
   0.030    63    98     7     3     2    -1    -0.00000000
   0.030    63    99     7     1     1     1     0.00000000
   0.030    63   100     7     7     2     1    -0.00000000
   0.030    63   101     7     7     3    -1    -0.00000000
   0.030    63   102     7     5     2     1     0.00000000
   0.030    63   103     7     5     3    -1     0.00000000
   0.030    63   104     7     3     2     1    -0.00000000
   0.030    63   105     7     3     3    -1    -0.00000000
   0.030    63   106     7     7     3     1     0.00000000
   0.030    63   107     7     7     4    -1     0.00000000
   0.030    63   108     7     5     3     1    -0.00000000
   0.030    63   109     7     5     4    -1     0.00000000
   0.030    63   110     7     3     3     1    -0.00000000
   0.030    63   111     7     7     4     1    -0.00000000
   0.030    63   112     7     7     5    -1    -0.00000000
   0.030    63   113     7     5     4     1    -0.00000000
   0.030    63   114     7     5     5    -1     0.00000000
   0.030    63   115     7     7     5     1     0.00000000
   0.030    63   116     7     7     6    -1     0.00000000
   0.030    63   117     7     5     5     1     0.00000000
   0.030    63   118     7     7     6     1     0.00000000
   0.030    63   119     7     7     7    -1     0.00000000
   0.030    63   120     7     7     7     1     0.00000000
   0.030    64     1     0     0     0     1    -0.00000009
   0.030    64     2     1     1     0     1    -0.00000000
   0.030    64     3     1     1     1    -1    -0.00000000
   0.030    64     4     1     1     1     1    -0.00000000
   0.030    64     5     2     2     0     1     0.00004868
   0.030    64     6     2     2     1    -1     0.00002276
   0.030    64     7     2     0     0     1     0.00006450
   0.030    64     8     2     2     1     1     0.00000000
   0.030    64     9     2     2     2    -1     0.00000000
   0.030    64    10     2     2     2     1     0.00000000
   0.030    64    11     3     3     0     1     0.00000000
   0.030    64    12     3     3     1    -1    -0.00000000
   0.030    64    13     3     1     0     1     0.00000000
   0.030    64    14     3     1     1    -1    -0.00000000
   0.030    64    15     3     3     1     1     0.00000000
   0.030    64    16     3     3     2    -1    -0.00000000
   0.030    64    17     3     1     1     1    -0.00000000
   0.030    64    18     3     3     2     1    -0.00000000
   0.030    64    19     3     3     3    -1     0.00000000
   0.030    64    20     3     3     3     1    -0.00000000
   0.030    64    21     4     4     0     1    -0.00467296
   0.030    64    22     4     4     1    -1    -0.00334117
   0.030    64    23     4     2     0     1    -0.01043306
   0.030    64    24     4     2     1    -1    -0.00849697
   0.030    64    25     4     0     0     1     0.00001144
   0.030    64    26     4     4     1     1    -0.00000000
   0.030    64    27     4     4     2    -1    -0.00000000
   0.030    64    28     4     2     1     1    -0.00000000
   0.030    64    29     4     2     2    -1    -0.00000000
   0.030    64    30     4     4     2     1    -0.00000000
   0.030    64    31     4     4     3    -1    -0.00000000
   0.030    64    32     4     2     2     1     0.00000000
   0.030    64    33     4     4     3     1     0.00000000
   0.030    64    34     4     4     4    -1     0.00000000
   0.030    64    35     4     4     4     1    -0.00000000
   0.030    64    36     5     5     0     1     0.00000000
   0.030    64    37     5     5     1    -1     0.00000000
   0.030    64    38     5     3     0     1    -0.00000000
   0.030    64    39     5     3     1    -1     0.00000000
   0.030    64    40     5     1     0     1     0.00000000
   0.030    64    41     5     1     1    -1     0.00000000
   0.030    64    42     5     5     1     1    -0.00000000
   0.030    64    43     5     5     2    -1     0.00000000
   0.030    64    44     5     3     1     1     0.00000000
   0.030    64    45     5     3     2    -1    -0.00000000
   0.030    64    46     5     1     1     1     0.00000000
   0.030    64    47     5     5     2     1     0.00000000
   0.030    64    48     5     5     3    -1    -0.00000000
   0.030    64    49     5     3     2     1     0.00000000
   0.030    64    50     5     3     3    -1     0.00000000
   0.030    64    51     5     5     3     1     0.00000000
   0.030    64    52     5     5     4    -1    -0.00000000
   0.030    64    53     5     3     3     1    -0.00000000
   0.030    64    54     5     5     4     1     0.00000000
   0.030    64    55     5     5     5    -1    -0.00000000
   0.030    64    56     5     5     5     1     0.00000000
   0.030    64    57     6     6     0     1    -0.00004054
   0.030    64    58     6     6     1    -1     0.00023383
   0.030    64    59     6     4     0     1     0.74950327
   0.030    64    60     6     4     1    -1     0.66183855
   0.030    64    61     6     2     0     1    -0.00052157
   0.030    64    62     6     2     1    -1    -0.00029292
   0.030    64    63     6     0     0     1    -0.00033319
   0.030    64    64     6     6     1     1    -0.00000000
   0.030    64    65     6     6     2    -1     0.00000000
   0.030    64    66     6     4     1     1     0.00000000
   0.030    64    67     6     4     2    -1     0.00000000
   0.030    64    68     6     2     1     1     0.00000000
   0.030    64    69     6     2     2    -1     0.00000000
   0.030    64    70     6     6     2     1     0.00000000
   0.030    64    71     6     6     3    -1     0.00000000
   0.030    64    72     6     4     2     1    -0.00000000
   0.030    64    73     6     4     3    -1    -0.00000000
   0.030    64    74     6     2     2     1    -0.00000000
   0.030    64    75     6     6     3     1    -0.00000000
   0.030    64    76     6     6     4    -1     0.00000000
   0.030    64    77     6     4     3     1     0.00000000
   0.030    64    78     6     4     4    -1    -0.00000000
   0.030    64    79     6     6     4     1     0.00000000
   0.030    64    80     6     6     5    -1    -0.00000000
   0.030    64    81     6     4     4     1     0.00000000
   0.030    64    82     6     6     5     1     0.00000000
   0.030    64    83     6     6     6    -1     0.00000000
   0.030    64    84     6     6     6     1     0.00000000
   0.030    64    85     7     7     0     1     0.00000000
   0.030    64    86     7     7     1    -1     0.00000000
   0.030    64    87     7     5     0     1    -0.00000000
   0.030    64    88     7     5     1    -1    -0.00000000
   0.030    64    89     7     3     0     1    -0.00000000
   0.030    64    90     7     3     1    -1     0.00000000
   0.030    64    91     7     1     0     1    -0.00000000
   0.030    64    92     7     1     1    -1    -0.00000000
   0.030    64    93     7     7     1     1     0.00000000
   0.030    64    94     7     7     2    -1    -0.00000000
   0.030    64    95     7     5     1     1    -0.00000000
   0.030    64    96     7     5     2    -1     0.00000000
   0.030    64    97     7     3     1     1    -0.00000000
   0.030    64    98     7     3     2    -1     0.00000000
   0.030    64    99     7     1     1     1     0.00000000
   0.030    64   100     7     7     2     1     0.00000000
   0.030    64   101     7     7     3    -1    -0.00000000
   0.030    64   102     7     5     2     1     0.00000000
   0.030    64   103     7     5     3    -1    -0.00000000
   0.030    64   104     7     3     2     1     0.00000000
   0.030    64   105     7     3     3    -1    -0.00000000
   0.030    64   106     7     7     3     1     0.00000000
   0.030    64   107     7     7     4    -1    -0.00000000
   0.030    64   108     7     5     3     1    -0.00000000
   0.030    64   109     7     5     4    -1    -0.00000000
   0.030    64   110     7     3     3     1     0.00000000
   0.030    64   111     7     7     4     1     0.00000000
   0.030    64   112     7     7     5    -1    -0.00000000
   0.030    64   113     7     5     4     1     0.00000000
   0.030    64   114     7     5     5    -1     0.00000000
   0.030    64   115     7     7     5     1     0.00000000
   0.030    64   116     7     7     6    -1     0.00000000
   0.030    64   117     7     5     5     1     0.00000000
   0.030    64   118     7     7     6     1     0.00000000
   0.030    64   119     7     7     7    -1     0.00000000
   0.030    64   120     7     7     7     1     0.00000000
   0.030    65     1     0     0     0     1     0.00000000
   0.030    65     2     1     1     0     1    -0.00000000
   0.030    65     3     1     1     1    -1     0.00000000
   0.030    65     4     1     1     1     1    -0.00000000
   0.030    65     5     2     2     0     1    -0.00000000
   0.030    65     6     2     2     1    -1     0.00000000
   0.030    65     7     2     0     0     1    -0.00000000
   0.030    65     8     2     2     1     1    -0.00003114
   0.030    65     9     2     2     2    -1     0.00001596
   0.030    65    10     2     2     2     1    -0.00000000
   0.030    65    11     3     3     0     1    -0.00000000
   0.030    65    12     3     3     1    -1    -0.00000000
   0.030    65    13     3     1     0     1     0.00000000
   0.030    65    14     3     1     1    -1     0.00000000
   0.030    65    15     3     3     1     1     0.00000000
   0.030    65    16     3     3     2    -1    -0.00000000
   0.030    65    17     3     1     1     1    -0.00000000
   0.030    65    18     3     3     2     1    -0.00000000
   0.030    65    19     3     3     3    -1     0.00000000
   0.030    65    20     3     3     3     1    -0.00000000
   0.030    65    21     4     4     0     1    -0.00000000
   0.030    65    22     4     4     1    -1    -0.00000000
   0.030    65    23     4     2     0     1    -0.00000000
   0.030    65    24     4     2     1    -1    -0.00000000
   0.030    65    25     4     0     0     1     0.00000000
   0.030    65    26     4     4     1     1     0.00450838
   0.030    65    27     4     4     2    -1     0.00106309
   0.030    65    28     4     2     1     1     0.01055949
   0.030    65    29     4     2     2    -1     0.00522990
   0.030    65    30     4     4     2     1    -0.00000000
   0.030    65    31     4     4     3    -1     0.00000000
   0.030    65    32     4     2     2     1    -0.00000000
   0.030    65    33     4     4     3     1    -0.00000000
   0.030    65    34     4     4     4    -1    -0.00000000
   0.030    65    35     4     4     4     1    -0.00000000
   0.030    65    36     5     5     0     1     0.00000000
   0.030    65    37     5     5     1    -1    -0.00000000
   0.030    65    38     5     3     0     1     0.00000000
   0.030    65    39     5     3     1    -1    -0.00000000
   0.030    65    40     5     1     0     1     0.00000000
   0.030    65    41     5     1     1    -1     0.00000000
   0.030    65    42     5     5     1     1    -0.00000000
   0.030    65    43     5     5     2    -1     0.00000000
   0.030    65    44     5     3     1     1     0.00000000
   0.030    65    45     5     3     2    -1    -0.00000000
   0.030    65    46     5     1     1     1     0.00000000
   0.030    65    47     5     5     2     1     0.00000000
   0.030    65    48     5     5     3    -1    -0.00000000
   0.030    65    49     5     3     2     1     0.00000000
   0.030    65    50     5     3     3    -1     0.00000000
   0.030    65    51     5     5     3     1     0.00000000
   0.030    65    52     5     5     4    -1    -0.00000000
   0.030    65    53     5     3     3     1    -0.00000000
   0.030    65    54     5     5     4     1     0.00000000
   0.030    65    55     5     5     5    -1    -0.00000000
   0.030    65    56     5     5     5     1     0.00000000
   0.030    65    57     6     6     0     1     0.00000000
   0.030    65    58     6     6     1    -1    -0.00000000
   0.030    65    59     6     4     0     1     0.00000000
   0.030    65    60     6     4     1    -1     0.00000000
   0.030    65    61     6     2     0     1    -0.00000000
   0.030    65    62     6     2     1    -1    -0.00000000
   0.030    65    63     6     0     0     1     0.00000000
   0.030    65    64     6     6     1     1     0.00024548
   0.030    65    65     6     6     2    -1    -0.00046207
   0.030    65    66     6     4     1     1    -0.82666023
   0.030    65    67     6     4     2    -1    -0.56255862
   0.030    65    68     6     2     1     1     0.00026994
   0.030    65    69     6     2     2    -1    -0.00008061
   0.030    65    70     6     6     2     1     0.00000000
   0.030    65    71     6     6     3    -1    -0.00000000
   0.030    65    72     6     4     2     1     0.00000000
   0.030    65    73     6     4     3    -1     0.00000000
   0.030    65    74     6     2     2     1    -0.00000000
   0.030    65    75     6     6     3     1    -0.00000000
   0.030    65    76     6     6     4    -1     0.00000000
   0.030    65    77     6     4     3     1    -0.00000000
   0.030    65    78     6     4     4    -1    -0.00000000
   0.030    65    79     6     6     4     1     0.00000000
   0.030    65    80     6     6     5    -1    -0.00000000
   0.030    65    81     6     4     4     1    -0.00000000
   0.030    65    82     6     6     5     1    -0.00000000
   0.030    65    83     6     6     6    -1     0.00000000
   0.030    65    84     6     6     6     1    -0.00000000
   0.030    65    85     7     7     0     1     0.00000000
   0.030    65    86     7     7     1    -1     0.00000000
   0.030    65    87     7     5     0     1     0.00000000
   0.030    65    88     7     5     1    -1     0.00000000
   0.030    65    89     7     3     0     1    -0.00000000
   0.030    65    90     7     3     1    -1    -0.00000000
   0.030    65    91     7     1     0     1     0.00000000
   0.030    65    92     7     1     1    -1    -0.00000000
   0.030    65    93     7     7     1     1     0.00000000
   0.030    65    94     7     7     2    -1    -0.00000000
   0.030    65    95     7     5     1     1    -0.00000000
   0.030    65    96     7     5     2    -1     0.00000000
   0.030    65    97     7     3     1     1    -0.00000000
   0.030    65    98     7     3     2    -1     0.00000000
   0.030    65    99     7     1     1     1    -0.00000000
   0.030    65   100     7     7     2     1     0.00000000
   0.030    65   101     7     7     3    -1    -0.00000000
   0.030    65   102     7     5     2     1     0.00000000
   0.030    65   103     7     5     3    -1    -0.00000000
   0.030    65   104     7     3     2     1     0.00000000
   0.030    65   105     7     3     3    -1    -0.00000000
   0.030    65   106     7     7     3     1     0.00000000
   0.030    65   107     7     7     4    -1    -0.00000000
   0.030    65   108     7     5     3     1    -0.00000000
   0.030    65   109     7     5     4    -1    -0.00000000
   0.030    65   110     7     3     3     1     0.00000000
   0.030    65   111     7     7     4     1     0.00000000
   0.030    65   112     7     7     5    -1    -0.00000000
   0.030    65   113     7     5     4     1     0.00000000
   0.030    65   114     7     5     5    -1     0.00000000
   0.030    65   115     7     7     5     1     0.00000000
   0.030    65   116     7     7     6    -1     0.00000000
   0.030    65   117     7     5     5     1     0.00000000
   0.030    65   118     7     7     6     1     0.00000000
   0.030    65   119     7     7     7    -1     0.00000000
   0.030    65   120     7     7     7     1     0.00000000
   0.030    66     1     0     0     0     1     0.00000000
   0.030    66     2     1     1     0     1     0.00000000
   0.030    66     3     1     1     1    -1    -0.00000000
   0.030    66     4     1     1     1     1     0.00000000
   0.030    66     5     2     2     0     1     0.00000000
   0.030    66     6     2     2     1    -1     0.00000000
   0.030    66     7     2     0     0     1    -0.00000000
   0.030    66     8     2     2     1     1     0.00000000
   0.030    66     9     2     2     2    -1     0.00000000
   0.030    66    10     2     2     2     1    -0.00002042
   0.030    66    11     3     3     0     1     0.00000000
   0.030    66    12     3     3     1    -1    -0.00000000
   0.030    66    13     3     1     0     1     0.00000000
   0.030    66    14     3     1     1    -1     0.00000000
   0.030    66    15     3     3     1     1    -0.00000000
   0.030    66    16     3     3     2    -1     0.00000000
   0.030    66    17     3     1     1     1     0.00000000
   0.030    66    18     3     3     2     1     0.00000000
   0.030    66    19     3     3     3    -1    -0.00000000
   0.030    66    20     3     3     3     1     0.00000000
   0.030    66    21     4     4     0     1    -0.00000000
   0.030    66    22     4     4     1    -1     0.00000000
   0.030    66    23     4     2     0     1    -0.00000000
   0.030    66    24     4     2     1    -1    -0.00000000
   0.030    66    25     4     0     0     1     0.00000000
   0.030    66    26     4     4     1     1    -0.00000000
   0.030    66    27     4     4     2    -1     0.00000000
   0.030    66    28     4     2     1     1    -0.00000000
   0.030    66    29     4     2     2    -1     0.00000000
   0.030    66    30     4     4     2     1    -0.00243083
   0.030    66    31     4     4     3    -1     0.00144801
   0.030    66    32     4     2     2     1    -0.00822192
   0.030    66    33     4     4     3     1    -0.00000000
   0.030    66    34     4     4     4    -1    -0.00000000
   0.030    66    35     4     4     4     1    -0.00000000
   0.030    66    36     5     5     0     1    -0.00000000
   0.030    66    37     5     5     1    -1     0.00000000
   0.030    66    38     5     3     0     1    -0.00000000
   0.030    66    39     5     3     1    -1     0.00000000
   0.030    66    40     5     1     0     1    -0.00000000
   0.030    66    41     5     1     1    -1    -0.00000000
   0.030    66    42     5     5     1     1     0.00000000
   0.030    66    43     5     5     2    -1    -0.00000000
   0.030    66    44     5     3     1     1    -0.00000000
   0.030    66    45     5     3     2    -1     0.00000000
   0.030    66    46     5     1     1     1    -0.00000000
   0.030    66    47     5     5     2     1    -0.00000000
   0.030    66    48     5     5     3    -1     0.00000000
   0.030    66    49     5     3     2     1    -0.00000000
   0.030    66    50     5     3     3    -1    -0.00000000
   0.030    66    51     5     5     3     1    -0.00000000
   0.030    66    52     5     5     4    -1     0.00000000
   0.030    66    53     5     3     3     1     0.00000000
   0.030    66    54     5     5     4     1     0.00000000
   0.030    66    55     5     5     5    -1    -0.00000000
   0.030    66    56     5     5     5     1     0.00000000
   0.030    66    57     6     6     0     1     0.00000000
   0.030    66    58     6     6     1    -1    -0.00000000
   0.030    66    59     6     4     0     1     0.00000000
   0.030    66    60     6     4     1    -1     0.00000000
   0.030    66    61     6     2     0     1     0.00000000
   0.030    66    62     6     2     1    -1     0.00000000
   0.030    66    63     6     0     0     1    -0.00000000
   0.030    66    64     6     6     1     1    -0.00000000
   0.030    66    65     6     6     2    -1     0.00000000
   0.030    66    66     6     4     1     1     0.00000000
   0.030    66    67     6     4     2    -1     0.00000000
   0.030    66    68     6     2     1     1     0.00000000
   0.030    66    69     6     2     2    -1     0.00000000
   0.030    66    70     6     6     2     1    -0.00029594
   0.030    66    71     6     6     3    -1     0.00050288
   0.030    66    72     6     4     2     1     0.89380467
   0.030    66    73     6     4     3    -1     0.44837172
   0.030    66    74     6     2     2     1     0.00026530
   0.030    66    75     6     6     3     1    -0.00000000
   0.030    66    76     6     6     4    -1     0.00000000
   0.030    66    77     6     4     3     1    -0.00000000
   0.030    66    78     6     4     4    -1    -0.00000000
   0.030    66    79     6     6     4     1    -0.00000000
   0.030    66    80     6     6     5    -1    -0.00000000
   0.030    66    81     6     4     4     1     0.00000000
   0.030    66    82     6     6     5     1     0.00000000
   0.030    66    83     6     6     6    -1     0.00000000
   0.030    66    84     6     6     6     1     0.00000000
   0.030    66    85     7     7     0     1     0.00000000
   0.030    66    86     7     7     1    -1     0.00000000
   0.030    66    87     7     5     0     1     0.00000000
   0.030    66    88     7     5     1    -1     0.00000000
   0.030    66    89     7     3     0     1    -0.00000000
   0.030    66    90     7     3     1    -1    -0.00000000
   0.030    66    91     7     1     0     1    -0.00000000
   0.030    66    92     7     1     1    -1     0.00000000
   0.030    66    93     7     7     1     1     0.00000000
   0.030    66    94     7     7     2    -1     0.00000000
   0.030    66    95     7     5     1     1     0.00000000
   0.030    66    96     7     5     2    -1    -0.00000000
   0.030    66    97     7     3     1     1    -0.00000000
   0.030    66    98     7     3     2    -1    -0.00000000
   0.030    66    99     7     1     1     1     0.00000000
   0.030    66   100     7     7     2     1     0.00000000
   0.030    66   101     7     7     3    -1     0.00000000
   0.030    66   102     7     5     2     1    -0.00000000
   0.030    66   103     7     5     3    -1    -0.00000000
   0.030    66   104     7     3     2     1    -0.00000000
   0.030    66   105     7     3     3    -1     0.00000000
   0.030    66   106     7     7     3     1    -0.00000000
   0.030    66   107     7     7     4    -1     0.00000000
   0.030    66   108     7     5     3     1     0.00000000
   0.030    66   109     7     5     4    -1     0.00000000
   0.030    66   110     7     3     3     1    -0.00000000
   0.030    66   111     7     7     4     1     0.00000000
   0.030    66   112     7     7     5    -1    -0.00000000
   0.030    66   113     7     5     4     1    -0.00000000
   0.030    66   114     7     5     5    -1     0.00000000
   0.030    66   115     7     7     5     1     0.00000000
   0.030    66   116     7     7     6    -1     0.00000000
   0.030    66   117     7     5     5     1     0.00000000
   0.030    66   118     7     7     6     1     0.00000000
   0.030    66   119     7     7     7    -1     0.00000000
   0.030    66   120     7     7     7     1     0.00000000
   0.030    67     1     0     0     0     1     0.00000000
   0.030    67     2     1     1     0     1     0.00000000
   0.030    67     3     1     1     1    -1     0.00000000
   0.030    67     4     1     1     1     1     0.00000000
   0.030    67     5     2     2     0     1     0.00000000
   0.030    67     6     2     2     1    -1    -0.00000000
   0.030    67     7     2     0     0     1    -0.00000000
   0.030    67     8     2     2     1     1    -0.00000000
   0.030    67     9     2     2     2    -1     0.00000000
   0.030    67    10     2     2     2     1     0.00000000
   0.030    67    11     3     3     0     1     0.00000000
   0.030    67    12     3     3     1    -1     0.00000000
   0.030    67    13     3     1     0     1     0.00000000
   0.030    67    14     3     1     1    -1     0.00000000
   0.030    67    15     3     3     1     1     0.00000000
   0.030    67    16     3     3     2    -1    -0.00000000
   0.030    67    17     3     1     1     1    -0.00000000
   0.030    67    18     3     3     2     1    -0.00000000
   0.030    67    19     3     3     3    -1    -0.00000000
   0.030    67    20     3     3     3     1    -0.00000000
   0.030    67    21     4     4     0     1     0.00000000
   0.030    67    22     4     4     1    -1    -0.00000000
   0.030    67    23     4     2     0     1    -0.00000000
   0.030    67    24     4     2     1    -1     0.00000000
   0.030    67    25     4     0     0     1    -0.00000000
   0.030    67    26     4     4     1     1     0.00000000
   0.030    67    27     4     4     2    -1    -0.00000000
   0.030    67    28     4     2     1     1     0.00000000
   0.030    67    29     4     2     2    -1    -0.00000000
   0.030    67    30     4     4     2     1    -0.00000000
   0.030    67    31     4     4     3    -1     0.00000000
   0.030    67    32     4     2     2     1    -0.00000000
   0.030    67    33     4     4     3     1     0.00184389
   0.030    67    34     4     4     4    -1     0.00316241
   0.030    67    35     4     4     4     1    -0.00000000
   0.030    67    36     5     5     0     1     0.00000000
   0.030    67    37     5     5     1    -1    -0.00000000
   0.030    67    38     5     3     0     1    -0.00000000
   0.030    67    39     5     3     1    -1     0.00000000
   0.030    67    40     5     1     0     1    -0.00000000
   0.030    67    41     5     1     1    -1     0.00000000
   0.030    67    42     5     5     1     1    -0.00000000
   0.030    67    43     5     5     2    -1    -0.00000000
   0.030    67    44     5     3     1     1    -0.00000000
   0.030    67    45     5     3     2    -1     0.00000000
   0.030    67    46     5     1     1     1    -0.00000000
   0.030    67    47     5     5     2     1     0.00000000
   0.030    67    48     5     5     3    -1    -0.00000000
   0.030    67    49     5     3     2     1     0.00000000
   0.030    67    50     5     3     3    -1    -0.00000000
   0.030    67    51     5     5     3     1    -0.00000000
   0.030    67    52     5     5     4    -1     0.00000000
   0.030    67    53     5     3     3     1    -0.00000000
   0.030    67    54     5     5     4     1     0.00000000
   0.030    67    55     5     5     5    -1    -0.00000000
   0.030    67    56     5     5     5     1     0.00000000
   0.030    67    57     6     6     0     1    -0.00000000
   0.030    67    58     6     6     1    -1     0.00000000
   0.030    67    59     6     4     0     1     0.00000000
   0.030    67    60     6     4     1    -1    -0.00000000
   0.030    67    61     6     2     0     1     0.00000000
   0.030    67    62     6     2     1    -1     0.00000000
   0.030    67    63     6     0     0     1    -0.00000000
   0.030    67    64     6     6     1     1    -0.00000000
   0.030    67    65     6     6     2    -1     0.00000000
   0.030    67    66     6     4     1     1    -0.00000000
   0.030    67    67     6     4     2    -1    -0.00000000
   0.030    67    68     6     2     1     1    -0.00000000
   0.030    67    69     6     2     2    -1    -0.00000000
   0.030    67    70     6     6     2     1     0.00000000
   0.030    67    71     6     6     3    -1    -0.00000000
   0.030    67    72     6     4     2     1     0.00000000
   0.030    67    73     6     4     3    -1     0.00000000
   0.030    67    74     6     2     2     1    -0.00000000
   0.030    67    75     6     6     3     1    -0.00014318
   0.030    67    76     6     6     4    -1     0.00018551
   0.030    67    77     6     4     3     1     0.95138382
   0.030    67    78     6     4     4    -1     0.30798600
   0.030    67    79     6     6     4     1     0.00000000
   0.030    67    80     6     6     5    -1    -0.00000000
   0.030    67    81     6     4     4     1     0.00000000
   0.030    67    82     6     6     5     1     0.00000000
   0.030    67    83     6     6     6    -1    -0.00000000
   0.030    67    84     6     6     6     1     0.00000000
   0.030    67    85     7     7     0     1     0.00000000
   0.030    67    86     7     7     1    -1     0.00000000
   0.030    67    87     7     5     0     1    -0.00000000
   0.030    67    88     7     5     1    -1    -0.00000000
   0.030    67    89     7     3     0     1     0.00000000
   0.030    67    90     7     3     1    -1     0.00000000
   0.030    67    91     7     1     0     1    -0.00000000
   0.030    67    92     7     1     1    -1    -0.00000000
   0.030    67    93     7     7     1     1    -0.00000000
   0.030    67    94     7     7     2    -1    -0.00000000
   0.030    67    95     7     5     1     1     0.00000000
   0.030    67    96     7     5     2    -1    -0.00000000
   0.030    67    97     7     3     1     1     0.00000000
   0.030    67    98     7     3     2    -1     0.00000000
   0.030    67    99     7     1     1     1     0.00000000
   0.030    67   100     7     7     2     1    -0.00000000
   0.030    67   101     7     7     3    -1     0.00000000
   0.030    67   102     7     5     2     1    -0.00000000
   0.030    67   103     7     5     3    -1     0.00000000
   0.030    67   104     7     3     2     1    -0.00000000
   0.030    67   105     7     3     3    -1    -0.00000000
   0.030    67   106     7     7     3     1     0.00000000
   0.030    67   107     7     7     4    -1    -0.00000000
   0.030    67   108     7     5     3     1     0.00000000
   0.030    67   109     7     5     4    -1    -0.00000000
   0.030    67   110     7     3     3     1    -0.00000000
   0.030    67   111     7     7     4     1    -0.00000000
   0.030    67   112     7     7     5    -1     0.00000000
   0.030    67   113     7     5     4     1     0.00000000
   0.030    67   114     7     5     5    -1     0.00000000
   0.030    67   115     7     7     5     1     0.00000000
   0.030    67   116     7     7     6    -1     0.00000000
   0.030    67   117     7     5     5     1     0.00000000
   0.030    67   118     7     7     6     1     0.00000000
   0.030    67   119     7     7     7    -1     0.00000000
   0.030    67   120     7     7     7     1     0.00000000
   0.030    68     1     0     0     0     1    -0.00000004
   0.030    68     2     1     1     0     1    -0.00000000
   0.030    68     3     1     1     1    -1     0.00000000
   0.030    68     4     1     1     1     1    -0.00000000
   0.030    68     5     2     2     0     1     0.00002020
   0.030    68     6     2     2     1    -1    -0.00002002
   0.030    68     7     2     0     0     1    -0.00000001
   0.030    68     8     2     2     1     1    -0.00000000
   0.030    68     9     2     2     2    -1    -0.00000000
   0.030    68    10     2     2     2     1    -0.00000000
   0.030    68    11     3     3     0     1     0.00000000
   0.030    68    12     3     3     1    -1    -0.00000000
   0.030    68    13     3     1     0     1     0.00000000
   0.030    68    14     3     1     1    -1    -0.00000000
   0.030    68    15     3     3     1     1     0.00000000
   0.030    68    16     3     3     2    -1    -0.00000000
   0.030    68    17     3     1     1     1    -0.00000000
   0.030    68    18     3     3     2     1    -0.00000000
   0.030    68    19     3     3     3    -1    -0.00000000
   0.030    68    20     3     3     3     1    -0.00000000
   0.030    68    21     4     4     0     1    -0.00574283
   0.030    68    22     4     4     1    -1     0.00611551
   0.030    68    23     4     2     0     1     0.00000167
   0.030    68    24     4     2     1    -1    -0.00000476
   0.030    68    25     4     0     0     1     0.00000229
   0.030    68    26     4     4     1     1    -0.00000000
   0.030    68    27     4     4     2    -1     0.00000000
   0.030    68    28     4     2     1     1    -0.00000000
   0.030    68    29     4     2     2    -1     0.00000000
   0.030    68    30     4     4     2     1     0.00000000
   0.030    68    31     4     4     3    -1     0.00000000
   0.030    68    32     4     2     2     1     0.00000000
   0.030    68    33     4     4     3     1     0.00000000
   0.030    68    34     4     4     4    -1     0.00000000
   0.030    68    35     4     4     4     1     0.00000000
   0.030    68    36     5     5     0     1     0.00000000
   0.030    68    37     5     5     1    -1     0.00000000
   0.030    68    38     5     3     0     1     0.00000000
   0.030    68    39     5     3     1    -1     0.00000000
   0.030    68    40     5     1     0     1    -0.00000000
   0.030    68    41     5     1     1    -1     0.00000000
   0.030    68    42     5     5     1     1    -0.00000000
   0.030    68    43     5     5     2    -1     0.00000000
   0.030    68    44     5     3     1     1     0.00000000
   0.030    68    45     5     3     2    -1     0.00000000
   0.030    68    46     5     1     1     1     0.00000000
   0.030    68    47     5     5     2     1     0.00000000
   0.030    68    48     5     5     3    -1    -0.00000000
   0.030    68    49     5     3     2     1    -0.00000000
   0.030    68    50     5     3     3    -1    -0.00000000
   0.030    68    51     5     5     3     1    -0.00000000
   0.030    68    52     5     5     4    -1     0.00000000
   0.030    68    53     5     3     3     1    -0.00000000
   0.030    68    54     5     5     4     1     0.00000000
   0.030    68    55     5     5     5    -1    -0.00000000
   0.030    68    56     5     5     5     1     0.00000000
   0.030    68    57     6     6     0     1     0.67780982
   0.030    68    58     6     6     1    -1    -0.73518933
   0.030    68    59     6     4     0     1    -0.00001199
   0.030    68    60     6     4     1    -1     0.00030508
   0.030    68    61     6     2     0     1    -0.00011304
   0.030    68    62     6     2     1    -1     0.00008882
   0.030    68    63     6     0     0     1     0.00000006
   0.030    68    64     6     6     1     1     0.00000000
   0.030    68    65     6     6     2    -1    -0.00000000
   0.030    68    66     6     4     1     1     0.00000000
   0.030    68    67     6     4     2    -1     0.00000000
   0.030    68    68     6     2     1     1    -0.00000000
   0.030    68    69     6     2     2    -1    -0.00000000
   0.030    68    70     6     6     2     1    -0.00000000
   0.030    68    71     6     6     3    -1     0.00000000
   0.030    68    72     6     4     2     1    -0.00000000
   0.030    68    73     6     4     3    -1    -0.00000000
   0.030    68    74     6     2     2     1     0.00000000
   0.030    68    75     6     6     3     1     0.00000000
   0.030    68    76     6     6     4    -1    -0.00000000
   0.030    68    77     6     4     3     1     0.00000000
   0.030    68    78     6     4     4    -1     0.00000000
   0.030    68    79     6     6     4     1    -0.00000000
   0.030    68    80     6     6     5    -1     0.00000000
   0.030    68    81     6     4     4     1    -0.00000000
   0.030    68    82     6     6     5     1    -0.00000000
   0.030    68    83     6     6     6    -1    -0.00000000
   0.030    68    84     6     6     6     1    -0.00000000
   0.030    68    85     7     7     0     1     0.00000000
   0.030    68    86     7     7     1    -1     0.00000000
   0.030    68    87     7     5     0     1     0.00000000
   0.030    68    88     7     5     1    -1    -0.00000000
   0.030    68    89     7     3     0     1    -0.00000000
   0.030    68    90     7     3     1    -1    -0.00000000
   0.030    68    91     7     1     0     1    -0.00000000
   0.030    68    92     7     1     1    -1     0.00000000
   0.030    68    93     7     7     1     1    -0.00000000
   0.030    68    94     7     7     2    -1     0.00000000
   0.030    68    95     7     5     1     1    -0.00000000
   0.030    68    96     7     5     2    -1    -0.00000000
   0.030    68    97     7     3     1     1    -0.00000000
   0.030    68    98     7     3     2    -1    -0.00000000
   0.030    68    99     7     1     1     1     0.00000000
   0.030    68   100     7     7     2     1    -0.00000000
   0.030    68   101     7     7     3    -1     0.00000000
   0.030    68   102     7     5     2     1    -0.00000000
   0.030    68   103     7     5     3    -1    -0.00000000
   0.030    68   104     7     3     2     1    -0.00000000
   0.030    68   105     7     3     3    -1    -0.00000000
   0.030    68   106     7     7     3     1     0.00000000
   0.030    68   107     7     7     4    -1    -0.00000000
   0.030    68   108     7     5     3     1    -0.00000000
   0.030    68   109     7     5     4    -1    -0.00000000
   0.030    68   110     7     3     3     1    -0.00000000
   0.030    68   111     7     7     4     1    -0.00000000
   0.030    68   112     7     7     5    -1     0.00000000
   0.030    68   113     7     5     4     1     0.00000000
   0.030    68   114     7     5     5    -1     0.00000000
   0.030    68   115     7     7     5     1     0.00000000
   0.030    68   116     7     7     6    -1     0.00000000
   0.030    68   117     7     5     5     1     0.00000000
   0.030    68   118     7     7     6     1     0.00000000
   0.030    68   119     7     7     7    -1     0.00000000
   0.030    68   120     7     7     7     1     0.00000000
   0.030    69     1     0     0     0     1    -0.00000000
   0.030    69     2     1     1     0     1    -0.00000000
   0.030    69     3     1     1     1    -1    -0.00000000
   0.030    69     4     1     1     1     1    -0.00000000
   0.030    69     5     2     2     0     1     0.00000000
   0.030    69     6     2     2     1    -1     0.00000000
   0.030    69     7     2     0     0     1    -0.00000000
   0.030    69     8     2     2     1     1     0.00001549
   0.030    69     9     2     2     2    -1    -0.00001405
   0.030    69    10     2     2     2     1     0.00000000
   0.030    69    11     3     3     0     1     0.00000000
   0.030    69    12     3     3     1    -1     0.00000000
   0.030    69    13     3     1     0     1     0.00000000
   0.030    69    14     3     1     1    -1    -0.00000000
   0.030    69    15     3     3     1     1     0.00000000
   0.030    69    16     3     3     2    -1     0.00000000
   0.030    69    17     3     1     1     1    -0.00000000
   0.030    69    18     3     3     2     1     0.00000000
   0.030    69    19     3     3     3    -1     0.00000000
   0.030    69    20     3     3     3     1     0.00000000
   0.030    69    21     4     4     0     1     0.00000000
   0.030    69    22     4     4     1    -1    -0.00000000
   0.030    69    23     4     2     0     1     0.00000000
   0.030    69    24     4     2     1    -1    -0.00000000
   0.030    69    25     4     0     0     1     0.00000000
   0.030    69    26     4     4     1     1    -0.00493399
   0.030    69    27     4     4     2    -1     0.00594983
   0.030    69    28     4     2     1     1    -0.00000361
   0.030    69    29     4     2     2    -1    -0.00000324
   0.030    69    30     4     4     2     1    -0.00000000
   0.030    69    31     4     4     3    -1     0.00000000
   0.030    69    32     4     2     2     1    -0.00000000
   0.030    69    33     4     4     3     1    -0.00000000
   0.030    69    34     4     4     4    -1     0.00000000
   0.030    69    35     4     4     4     1     0.00000000
   0.030    69    36     5     5     0     1    -0.00000000
   0.030    69    37     5     5     1    -1     0.00000000
   0.030    69    38     5     3     0     1    -0.00000000
   0.030    69    39     5     3     1    -1     0.00000000
   0.030    69    40     5     1     0     1    -0.00000000
   0.030    69    41     5     1     1    -1    -0.00000000
   0.030    69    42     5     5     1     1    -0.00000000
   0.030    69    43     5     5     2    -1    -0.00000000
   0.030    69    44     5     3     1     1     0.00000000
   0.030    69    45     5     3     2    -1     0.00000000
   0.030    69    46     5     1     1     1     0.00000000
   0.030    69    47     5     5     2     1    -0.00000000
   0.030    69    48     5     5     3    -1     0.00000000
   0.030    69    49     5     3     2     1    -0.00000000
   0.030    69    50     5     3     3    -1     0.00000000
   0.030    69    51     5     5     3     1     0.00000000
   0.030    69    52     5     5     4    -1    -0.00000000
   0.030    69    53     5     3     3     1     0.00000000
   0.030    69    54     5     5     4     1    -0.00000000
   0.030    69    55     5     5     5    -1     0.00000000
   0.030    69    56     5     5     5     1     0.00000000
   0.030    69    57     6     6     0     1    -0.00000000
   0.030    69    58     6     6     1    -1     0.00000000
   0.030    69    59     6     4     0     1     0.00000000
   0.030    69    60     6     4     1    -1     0.00000000
   0.030    69    61     6     2     0     1    -0.00000000
   0.030    69    62     6     2     1    -1     0.00000000
   0.030    69    63     6     0     0     1     0.00000000
   0.030    69    64     6     6     1     1     0.61536368
   0.030    69    65     6     6     2    -1    -0.78820525
   0.030    69    66     6     4     1     1     0.00033942
   0.030    69    67     6     4     2    -1     0.00038870
   0.030    69    68     6     2     1     1    -0.00010489
   0.030    69    69     6     2     2    -1     0.00004929
   0.030    69    70     6     6     2     1     0.00000000
   0.030    69    71     6     6     3    -1    -0.00000000
   0.030    69    72     6     4     2     1    -0.00000000
   0.030    69    73     6     4     3    -1     0.00000000
   0.030    69    74     6     2     2     1    -0.00000000
   0.030    69    75     6     6     3     1    -0.00000000
   0.030    69    76     6     6     4    -1     0.00000000
   0.030    69    77     6     4     3     1     0.00000000
   0.030    69    78     6     4     4    -1     0.00000000
   0.030    69    79     6     6     4     1    -0.00000000
   0.030    69    80     6     6     5    -1    -0.00000000
   0.030    69    81     6     4     4     1     0.00000000
   0.030    69    82     6     6     5     1    -0.00000000
   0.030    69    83     6     6     6    -1     0.00000000
   0.030    69    84     6     6     6     1     0.00000000
   0.030    69    85     7     7     0     1     0.00000000
   0.030    69    86     7     7     1    -1     0.00000000
   0.030    69    87     7     5     0     1    -0.00000000
   0.030    69    88     7     5     1    -1     0.00000000
   0.030    69    89     7     3     0     1     0.00000000
   0.030    69    90     7     3     1    -1    -0.00000000
   0.030    69    91     7     1     0     1    -0.00000000
   0.030    69    92     7     1     1    -1     0.00000000
   0.030    69    93     7     7     1     1    -0.00000000
   0.030    69    94     7     7     2    -1     0.00000000
   0.030    69    95     7     5     1     1    -0.00000000
   0.030    69    96     7     5     2    -1    -0.00000000
   0.030    69    97     7     3     1     1     0.00000000
   0.030    69    98     7     3     2    -1    -0.00000000
   0.030    69    99     7     1     1     1     0.00000000
   0.030    69   100     7     7     2     1     0.00000000
   0.030    69   101     7     7     3    -1    -0.00000000
   0.030    69   102     7     5     2     1     0.00000000
   0.030    69   103     7     5     3    -1    -0.00000000
   0.030    69   104     7     3     2     1     0.00000000
   0.030    69   105     7     3     3    -1     0.00000000
   0.030    69   106     7     7     3     1    -0.00000000
   0.030    69   107     7     7     4    -1     0.00000000
   0.030    69   108     7     5     3     1    -0.00000000
   0.030    69   109     7     5     4    -1     0.00000000
   0.030    69   110     7     3     3     1     0.00000000
   0.030    69   111     7     7     4     1     0.00000000
   0.030    69   112     7     7     5    -1    -0.00000000
   0.030    69   113     7     5     4     1    -0.00000000
   0.030    69   114     7     5     5    -1    -0.00000000
   0.030    69   115     7     7     5     1     0.00000000
   0.030    69   116     7     7     6    -1     0.00000000
   0.030    69   117     7     5     5     1     0.00000000
   0.030    69   118     7     7     6     1     0.00000000
   0.030    69   119     7     7     7    -1     0.00000000
   0.030    69   120     7     7     7     1     0.00000000
   0.030    70     1     0     0     0     1     0.00000000
   0.030    70     2     1     1     0     1     0.00000000
   0.030    70     3     1     1     1    -1     0.00000000
   0.030    70     4     1     1     1     1     0.00000000
   0.030    70     5     2     2     0     1    -0.00000000
   0.030    70     6     2     2     1    -1    -0.00000000
   0.030    70     7     2     0     0     1     0.00000000
   0.030    70     8     2     2     1     1    -0.00000000
   0.030    70     9     2     2     2    -1    -0.00000000
   0.030    70    10     2     2     2     1     0.00000812
   0.030    70    11     3     3     0     1     0.00000000
   0.030    70    12     3     3     1    -1     0.00000000
   0.030    70    13     3     1     0     1     0.00000000
   0.030    70    14     3     1     1    -1     0.00000000
   0.030    70    15     3     3     1     1    -0.00000000
   0.030    70    16     3     3     2    -1     0.00000000
   0.030    70    17     3     1     1     1     0.00000000
   0.030    70    18     3     3     2     1    -0.00000000
   0.030    70    19     3     3     3    -1    -0.00000000
   0.030    70    20     3     3     3     1     0.00000000
   0.030    70    21     4     4     0     1     0.00000000
   0.030    70    22     4     4     1    -1     0.00000000
   0.030    70    23     4     2     0     1     0.00000000
   0.030    70    24     4     2     1    -1     0.00000000
   0.030    70    25     4     0     0     1    -0.00000000
   0.030    70    26     4     4     1     1     0.00000000
   0.030    70    27     4     4     2    -1    -0.00000000
   0.030    70    28     4     2     1     1     0.00000000
   0.030    70    29     4     2     2    -1     0.00000000
   0.030    70    30     4     4     2     1    -0.00379930
   0.030    70    31     4     4     3    -1     0.00513937
   0.030    70    32     4     2     2     1    -0.00000525
   0.030    70    33     4     4     3     1    -0.00000000
   0.030    70    34     4     4     4    -1     0.00000000
   0.030    70    35     4     4     4     1     0.00000000
   0.030    70    36     5     5     0     1     0.00000000
   0.030    70    37     5     5     1    -1    -0.00000000
   0.030    70    38     5     3     0     1    -0.00000000
   0.030    70    39     5     3     1    -1     0.00000000
   0.030    70    40     5     1     0     1    -0.00000000
   0.030    70    41     5     1     1    -1     0.00000000
   0.030    70    42     5     5     1     1     0.00000000
   0.030    70    43     5     5     2    -1    -0.00000000
   0.030    70    44     5     3     1     1    -0.00000000
   0.030    70    45     5     3     2    -1    -0.00000000
   0.030    70    46     5     1     1     1     0.00000000
   0.030    70    47     5     5     2     1    -0.00000000
   0.030    70    48     5     5     3    -1     0.00000000
   0.030    70    49     5     3     2     1     0.00000000
   0.030    70    50     5     3     3    -1     0.00000000
   0.030    70    51     5     5     3     1     0.00000000
   0.030    70    52     5     5     4    -1    -0.00000000
   0.030    70    53     5     3     3     1    -0.00000000
   0.030    70    54     5     5     4     1     0.00000000
   0.030    70    55     5     5     5    -1    -0.00000000
   0.030    70    56     5     5     5     1     0.00000000
   0.030    70    57     6     6     0     1     0.00000000
   0.030    70    58     6     6     1    -1    -0.00000000
   0.030    70    59     6     4     0     1    -0.00000000
   0.030    70    60     6     4     1    -1     0.00000000
   0.030    70    61     6     2     0     1    -0.00000000
   0.030    70    62     6     2     1    -1    -0.00000000
   0.030    70    63     6     0     0     1     0.00000000
   0.030    70    64     6     6     1     1    -0.00000000
   0.030    70    65     6     6     2    -1     0.00000000
   0.030    70    66     6     4     1     1     0.00000000
   0.030    70    67     6     4     2    -1     0.00000000
   0.030    70    68     6     2     1     1     0.00000000
   0.030    70    69     6     2     2    -1     0.00000000
   0.030    70    70     6     6     2     1     0.54668650
   0.030    70    71     6     6     3    -1    -0.83731278
   0.030    70    72     6     4     2     1     0.00051811
   0.030    70    73     6     4     3    -1     0.00022986
   0.030    70    74     6     2     2     1    -0.00006301
   0.030    70    75     6     6     3     1     0.00000000
   0.030    70    76     6     6     4    -1    -0.00000000
   0.030    70    77     6     4     3     1    -0.00000000
   0.030    70    78     6     4     4    -1    -0.00000000
   0.030    70    79     6     6     4     1     0.00000000
   0.030    70    80     6     6     5    -1    -0.00000000
   0.030    70    81     6     4     4     1     0.00000000
   0.030    70    82     6     6     5     1    -0.00000000
   0.030    70    83     6     6     6    -1     0.00000000
   0.030    70    84     6     6     6     1     0.00000000
   0.030    70    85     7     7     0     1    -0.00000000
   0.030    70    86     7     7     1    -1    -0.00000000
   0.030    70    87     7     5     0     1    -0.00000000
   0.030    70    88     7     5     1    -1     0.00000000
   0.030    70    89     7     3     0     1    -0.00000000
   0.030    70    90     7     3     1    -1     0.00000000
   0.030    70    91     7     1     0     1     0.00000000
   0.030    70    92     7     1     1    -1    -0.00000000
   0.030    70    93     7     7     1     1     0.00000000
   0.030    70    94     7     7     2    -1    -0.00000000
   0.030    70    95     7     5     1     1     0.00000000
   0.030    70    96     7     5     2    -1     0.00000000
   0.030    70    97     7     3     1     1     0.00000000
   0.030    70    98     7     3     2    -1     0.00000000
   0.030    70    99     7     1     1     1    -0.00000000
   0.030    70   100     7     7     2     1    -0.00000000
   0.030    70   101     7     7     3    -1     0.00000000
   0.030    70   102     7     5     2     1    -0.00000000
   0.030    70   103     7     5     3    -1     0.00000000
   0.030    70   104     7     3     2     1    -0.00000000
   0.030    70   105     7     3     3    -1    -0.00000000
   0.030    70   106     7     7     3     1     0.00000000
   0.030    70   107     7     7     4    -1    -0.00000000
   0.030    70   108     7     5     3     1    -0.00000000
   0.030    70   109     7     5     4    -1    -0.00000000
   0.030    70   110     7     3     3     1    -0.00000000
   0.030    70   111     7     7     4     1    -0.00000000
   0.030    70   112     7     7     5    -1    -0.00000000
   0.030    70   113     7     5     4     1     0.00000000
   0.030    70   114     7     5     5    -1     0.00000000
   0.030    70   115     7     7     5     1     0.00000000
   0.030    70   116     7     7     6    -1     0.00000000
   0.030    70   117     7     5     5     1     0.00000000
   0.030    70   118     7     7     6     1     0.00000000
   0.030    70   119     7     7     7    -1     0.00000000
   0.030    70   120     7     7     7     1     0.00000000
   0.030    71     1     0     0     0     1    -0.00000000
   0.030    71     2     1     1     0     1    -0.00000000
   0.030    71     3     1     1     1    -1    -0.00000000
   0.030    71     4     1     1     1     1     0.00000000
   0.030    71     5     2     2     0     1    -0.00000000
   0.030    71     6     2     2     1    -1    -0.00000000
   0.030    71     7     2     0     0     1     0.00000000
   0.030    71     8     2     2     1     1    -0.00000000
   0.030    71     9     2     2     2    -1     0.00000000
   0.030    71    10     2     2     2     1     0.00000000
   0.030    71    11     3     3     0     1     0.00000000
   0.030    71    12     3     3     1    -1    -0.00000000
   0.030    71    13     3     1     0     1     0.00000000
   0.030    71    14     3     1     1    -1    -0.00000000
   0.030    71    15     3     3     1     1    -0.00000000
   0.030    71    16     3     3     2    -1    -0.00000000
   0.030    71    17     3     1     1     1     0.00000000
   0.030    71    18     3     3     2     1    -0.00000000
   0.030    71    19     3     3     3    -1     0.00000000
   0.030    71    20     3     3     3     1    -0.00000000
   0.030    71    21     4     4     0     1     0.00000000
   0.030    71    22     4     4     1    -1    -0.00000000
   0.030    71    23     4     2     0     1     0.00000000
   0.030    71    24     4     2     1    -1    -0.00000000
   0.030    71    25     4     0     0     1    -0.00000000
   0.030    71    26     4     4     1     1     0.00000000
   0.030    71    27     4     4     2    -1    -0.00000000
   0.030    71    28     4     2     1     1    -0.00000000
   0.030    71    29     4     2     2    -1     0.00000000
   0.030    71    30     4     4     2     1    -0.00000000
   0.030    71    31     4     4     3    -1    -0.00000000
   0.030    71    32     4     2     2     1    -0.00000000
   0.030    71    33     4     4     3     1     0.00000000
   0.030    71    34     4     4     4    -1    -0.00000000
   0.030    71    35     4     4     4     1     0.00846320
   0.030    71    36     5     5     0     1     0.00000000
   0.030    71    37     5     5     1    -1     0.00000000
   0.030    71    38     5     3     0     1    -0.00000000
   0.030    71    39     5     3     1    -1     0.00000000
   0.030    71    40     5     1     0     1    -0.00000000
   0.030    71    41     5     1     1    -1    -0.00000000
   0.030    71    42     5     5     1     1    -0.00000000
   0.030    71    43     5     5     2    -1     0.00000000
   0.030    71    44     5     3     1     1    -0.00000000
   0.030    71    45     5     3     2    -1    -0.00000000
   0.030    71    46     5     1     1     1    -0.00000000
   0.030    71    47     5     5     2     1     0.00000000
   0.030    71    48     5     5     3    -1    -0.00000000
   0.030    71    49     5     3     2     1     0.00000000
   0.030    71    50     5     3     3    -1     0.00000000
   0.030    71    51     5     5     3     1     0.00000000
   0.030    71    52     5     5     4    -1    -0.00000000
   0.030    71    53     5     3     3     1    -0.00000000
   0.030    71    54     5     5     4     1     0.00000000
   0.030    71    55     5     5     5    -1    -0.00000000
   0.030    71    56     5     5     5     1     0.00000000
   0.030    71    57     6     6     0     1     0.00000000
   0.030    71    58     6     6     1    -1    -0.00000000
   0.030    71    59     6     4     0     1    -0.00000000
   0.030    71    60     6     4     1    -1    -0.00000000
   0.030    71    61     6     2     0     1    -0.00000000
   0.030    71    62     6     2     1    -1    -0.00000000
   0.030    71    63     6     0     0     1    -0.00000000
   0.030    71    64     6     6     1     1    -0.00000000
   0.030    71    65     6     6     2    -1     0.00000000
   0.030    71    66     6     4     1     1    -0.00000000
   0.030    71    67     6     4     2    -1    -0.00000000
   0.030    71    68     6     2     1     1    -0.00000000
   0.030    71    69     6     2     2    -1    -0.00000000
   0.030    71    70     6     6     2     1    -0.00000000
   0.030    71    71     6     6     3    -1     0.00000000
   0.030    71    72     6     4     2     1    -0.00000000
   0.030    71    73     6     4     3    -1    -0.00000000
   0.030    71    74     6     2     2     1    -0.00000000
   0.030    71    75     6     6     3     1    -0.00000000
   0.030    71    76     6     6     4    -1     0.00000000
   0.030    71    77     6     4     3     1    -0.00000000
   0.030    71    78     6     4     4    -1    -0.00000000
   0.030    71    79     6     6     4     1     0.00021068
   0.030    71    80     6     6     5    -1    -0.00070898
   0.030    71    81     6     4     4     1     0.99996391
   0.030    71    82     6     6     5     1    -0.00000000
   0.030    71    83     6     6     6    -1     0.00000000
   0.030    71    84     6     6     6     1    -0.00000000
   0.030    71    85     7     7     0     1    -0.00000000
   0.030    71    86     7     7     1    -1     0.00000000
   0.030    71    87     7     5     0     1     0.00000000
   0.030    71    88     7     5     1    -1     0.00000000
   0.030    71    89     7     3     0     1     0.00000000
   0.030    71    90     7     3     1    -1    -0.00000000
   0.030    71    91     7     1     0     1     0.00000000
   0.030    71    92     7     1     1    -1     0.00000000
   0.030    71    93     7     7     1     1     0.00000000
   0.030    71    94     7     7     2    -1     0.00000000
   0.030    71    95     7     5     1     1     0.00000000
   0.030    71    96     7     5     2    -1     0.00000000
   0.030    71    97     7     3     1     1    -0.00000000
   0.030    71    98     7     3     2    -1    -0.00000000
   0.030    71    99     7     1     1     1     0.00000000
   0.030    71   100     7     7     2     1    -0.00000000
   0.030    71   101     7     7     3    -1     0.00000000
   0.030    71   102     7     5     2     1     0.00000000
   0.030    71   103     7     5     3    -1     0.00000000
   0.030    71   104     7     3     2     1     0.00000000
   0.030    71   105     7     3     3    -1    -0.00000000
   0.030    71   106     7     7     3     1    -0.00000000
   0.030    71   107     7     7     4    -1     0.00000000
   0.030    71   108     7     5     3     1    -0.00000000
   0.030    71   109     7     5     4    -1     0.00000000
   0.030    71   110     7     3     3     1     0.00000000
   0.030    71   111     7     7     4     1     0.00000000
   0.030    71   112     7     7     5    -1    -0.00000000
   0.030    71   113     7     5     4     1     0.00000000
   0.030    71   114     7     5     5    -1     0.00000000
   0.030    71   115     7     7     5     1     0.00000000
   0.030    71   116     7     7     6    -1     0.00000000
   0.030    71   117     7     5     5     1     0.00000000
   0.030    71   118     7     7     6     1     0.00000000
   0.030    71   119     7     7     7    -1     0.00000000
   0.030    71   120     7     7     7     1     0.00000000
   0.030    72     1     0     0     0     1    -0.00000000
   0.030    72     2     1     1     0     1     0.00000000
   0.030    72     3     1     1     1    -1     0.00000000
   0.030    72     4     1     1     1     1    -0.00000000
   0.030    72     5     2     2     0     1     0.00000000
   0.030    72     6     2     2     1    -1     0.00000000
   0.030    72     7     2     0     0     1    -0.00000000
   0.030    72     8     2     2     1     1    -0.00000000
   0.030    72     9     2     2     2    -1    -0.00000000
   0.030    72    10     2     2     2     1     0.00000000
   0.030    72    11     3     3     0     1     0.00000000
   0.030    72    12     3     3     1    -1     0.00000000
   0.030    72    13     3     1     0     1     0.00000000
   0.030    72    14     3     1     1    -1    -0.00000000
   0.030    72    15     3     3     1     1     0.00000000
   0.030    72    16     3     3     2    -1    -0.00000000
   0.030    72    17     3     1     1     1    -0.00000000
   0.030    72    18     3     3     2     1    -0.00000000
   0.030    72    19     3     3     3    -1     0.00000000
   0.030    72    20     3     3     3     1    -0.00000000
   0.030    72    21     4     4     0     1     0.00000000
   0.030    72    22     4     4     1    -1    -0.00000000
   0.030    72    23     4     2     0     1     0.00000000
   0.030    72    24     4     2     1    -1     0.00000000
   0.030    72    25     4     0     0     1     0.00000000
   0.030    72    26     4     4     1     1     0.00000000
   0.030    72    27     4     4     2    -1     0.00000000
   0.030    72    28     4     2     1     1    -0.00000000
   0.030    72    29     4     2     2    -1    -0.00000000
   0.030    72    30     4     4     2     1    -0.00000000
   0.030    72    31     4     4     3    -1     0.00000000
   0.030    72    32     4     2     2     1     0.00000000
   0.030    72    33     4     4     3     1     0.00247307
   0.030    72    34     4     4     4    -1    -0.00354607
   0.030    72    35     4     4     4     1    -0.00000000
   0.030    72    36     5     5     0     1     0.00000000
   0.030    72    37     5     5     1    -1    -0.00000000
   0.030    72    38     5     3     0     1    -0.00000000
   0.030    72    39     5     3     1    -1     0.00000000
   0.030    72    40     5     1     0     1    -0.00000000
   0.030    72    41     5     1     1    -1    -0.00000000
   0.030    72    42     5     5     1     1     0.00000000
   0.030    72    43     5     5     2    -1    -0.00000000
   0.030    72    44     5     3     1     1     0.00000000
   0.030    72    45     5     3     2    -1    -0.00000000
   0.030    72    46     5     1     1     1     0.00000000
   0.030    72    47     5     5     2     1     0.00000000
   0.030    72    48     5     5     3    -1    -0.00000000
   0.030    72    49     5     3     2     1     0.00000000
   0.030    72    50     5     3     3    -1     0.00000000
   0.030    72    51     5     5     3     1    -0.00000000
   0.030    72    52     5     5     4    -1     0.00000000
   0.030    72    53     5     3     3     1     0.00000000
   0.030    72    54     5     5     4     1    -0.00000000
   0.030    72    55     5     5     5    -1     0.00000000
   0.030    72    56     5     5     5     1     0.00000000
   0.030    72    57     6     6     0     1     0.00000000
   0.030    72    58     6     6     1    -1    -0.00000000
   0.030    72    59     6     4     0     1    -0.00000000
   0.030    72    60     6     4     1    -1    -0.00000000
   0.030    72    61     6     2     0     1    -0.00000000
   0.030    72    62     6     2     1    -1    -0.00000000
   0.030    72    63     6     0     0     1     0.00000000
   0.030    72    64     6     6     1     1    -0.00000000
   0.030    72    65     6     6     2    -1     0.00000000
   0.030    72    66     6     4     1     1     0.00000000
   0.030    72    67     6     4     2    -1     0.00000000
   0.030    72    68     6     2     1     1     0.00000000
   0.030    72    69     6     2     2    -1     0.00000000
   0.030    72    70     6     6     2     1     0.00000000
   0.030    72    71     6     6     3    -1    -0.00000000
   0.030    72    72     6     4     2     1    -0.00000000
   0.030    72    73     6     4     3    -1    -0.00000000
   0.030    72    74     6     2     2     1    -0.00000000
   0.030    72    75     6     6     3     1    -0.46967654
   0.030    72    76     6     6     4    -1     0.88282795
   0.030    72    77     6     4     3     1    -0.00025561
   0.030    72    78     6     4     4    -1     0.00006108
   0.030    72    79     6     6     4     1     0.00000000
   0.030    72    80     6     6     5    -1    -0.00000000
   0.030    72    81     6     4     4     1    -0.00000000
   0.030    72    82     6     6     5     1     0.00000000
   0.030    72    83     6     6     6    -1    -0.00000000
   0.030    72    84     6     6     6     1     0.00000000
   0.030    72    85     7     7     0     1    -0.00000000
   0.030    72    86     7     7     1    -1    -0.00000000
   0.030    72    87     7     5     0     1    -0.00000000
   0.030    72    88     7     5     1    -1     0.00000000
   0.030    72    89     7     3     0     1     0.00000000
   0.030    72    90     7     3     1    -1    -0.00000000
   0.030    72    91     7     1     0     1    -0.00000000
   0.030    72    92     7     1     1    -1     0.00000000
   0.030    72    93     7     7     1     1     0.00000000
   0.030    72    94     7     7     2    -1     0.00000000
   0.030    72    95     7     5     1     1     0.00000000
   0.030    72    96     7     5     2    -1     0.00000000
   0.030    72    97     7     3     1     1     0.00000000
   0.030    72    98     7     3     2    -1     0.00000000
   0.030    72    99     7     1     1     1    -0.00000000
   0.030    72   100     7     7     2     1     0.00000000
   0.030    72   101     7     7     3    -1    -0.00000000
   0.030    72   102     7     5     2     1     0.00000000
   0.030    72   103     7     5     3    -1     0.00000000
   0.030    72   104     7     3     2     1     0.00000000
   0.030    72   105     7     3     3    -1    -0.00000000
   0.030    72   106     7     7     3     1     0.00000000
   0.030    72   107     7     7     4    -1    -0.00000000
   0.030    72   108     7     5     3     1     0.00000000
   0.030    72   109     7     5     4    -1    -0.00000000
   0.030    72   110     7     3     3     1    -0.00000000
   0.030    72   111     7     7     4     1    -0.00000000
   0.030    72   112     7     7     5    -1     0.00000000
   0.030    72   113     7     5     4     1    -0.00000000
   0.030    72   114     7     5     5    -1    -0.00000000
   0.030    72   115     7     7     5     1     0.00000000
   0.030    72   116     7     7     6    -1     0.00000000
   0.030    72   117     7     5     5     1     0.00000000
   0.030    72   118     7     7     6     1     0.00000000
   0.030    72   119     7     7     7    -1     0.00000000
   0.030    72   120     7     7     7     1     0.00000000
   0.030    73     1     0     0     0     1     0.00000000
   0.030    73     2     1     1     0     1    -0.00000000
   0.030    73     3     1     1     1    -1    -0.00000000
   0.030    73     4     1     1     1     1    -0.00000000
   0.030    73     5     2     2     0     1     0.00000000
   0.030    73     6     2     2     1    -1    -0.00000000
   0.030    73     7     2     0     0     1     0.00000000
   0.030    73     8     2     2     1     1    -0.00000000
   0.030    73     9     2     2     2    -1     0.00000000
   0.030    73    10     2     2     2     1    -0.00000000
   0.030    73    11     3     3     0     1    -0.00000000
   0.030    73    12     3     3     1    -1     0.00000000
   0.030    73    13     3     1     0     1    -0.00000000
   0.030    73    14     3     1     1    -1    -0.00000000
   0.030    73    15     3     3     1     1    -0.00000000
   0.030    73    16     3     3     2    -1    -0.00000000
   0.030    73    17     3     1     1     1    -0.00000000
   0.030    73    18     3     3     2     1     0.00000000
   0.030    73    19     3     3     3    -1    -0.00000000
   0.030    73    20     3     3     3     1     0.00000000
   0.030    73    21     4     4     0     1    -0.00000000
   0.030    73    22     4     4     1    -1    -0.00000000
   0.030    73    23     4     2     0     1    -0.00000000
   0.030    73    24     4     2     1    -1     0.00000000
   0.030    73    25     4     0     0     1    -0.00000000
   0.030    73    26     4     4     1     1     0.00000000
   0.030    73    27     4     4     2    -1    -0.00000000
   0.030    73    28     4     2     1     1     0.00000000
   0.030    73    29     4     2     2    -1    -0.00000000
   0.030    73    30     4     4     2     1    -0.00000000
   0.030    73    31     4     4     3    -1    -0.00000000
   0.030    73    32     4     2     2     1    -0.00000000
   0.030    73    33     4     4     3     1    -0.00000000
   0.030    73    34     4     4     4    -1     0.00000000
   0.030    73    35     4     4     4     1    -0.00114105
   0.030    73    36     5     5     0     1     0.00000000
   0.030    73    37     5     5     1    -1    -0.00000000
   0.030    73    38     5     3     0     1    -0.00000000
   0.030    73    39     5     3     1    -1     0.00000000
   0.030    73    40     5     1     0     1    -0.00000000
   0.030    73    41     5     1     1    -1    -0.00000000
   0.030    73    42     5     5     1     1    -0.00000000
   0.030    73    43     5     5     2    -1     0.00000000
   0.030    73    44     5     3     1     1     0.00000000
   0.030    73    45     5     3     2    -1     0.00000000
   0.030    73    46     5     1     1     1    -0.00000000
   0.030    73    47     5     5     2     1    -0.00000000
   0.030    73    48     5     5     3    -1     0.00000000
   0.030    73    49     5     3     2     1    -0.00000000
   0.030    73    50     5     3     3    -1    -0.00000000
   0.030    73    51     5     5     3     1    -0.00000000
   0.030    73    52     5     5     4    -1     0.00000000
   0.030    73    53     5     3     3     1     0.00000000
   0.030    73    54     5     5     4     1     0.00000000
   0.030    73    55     5     5     5    -1    -0.00000000
   0.030    73    56     5     5     5     1     0.00000000
   0.030    73    57     6     6     0     1     0.00000000
   0.030    73    58     6     6     1    -1    -0.00000000
   0.030    73    59     6     4     0     1    -0.00000000
   0.030    73    60     6     4     1    -1    -0.00000000
   0.030    73    61     6     2     0     1    -0.00000000
   0.030    73    62     6     2     1    -1     0.00000000
   0.030    73    63     6     0     0     1    -0.00000000
   0.030    73    64     6     6     1     1     0.00000000
   0.030    73    65     6     6     2    -1     0.00000000
   0.030    73    66     6     4     1     1     0.00000000
   0.030    73    67     6     4     2    -1    -0.00000000
   0.030    73    68     6     2     1     1     0.00000000
   0.030    73    69     6     2     2    -1     0.00000000
   0.030    73    70     6     6     2     1     0.00000000
   0.030    73    71     6     6     3    -1     0.00000000
   0.030    73    72     6     4     2     1    -0.00000000
   0.030    73    73     6     4     3    -1    -0.00000000
   0.030    73    74     6     2     2     1     0.00000000
   0.030    73    75     6     6     3     1     0.00000000
   0.030    73    76     6     6     4    -1    -0.00000000
   0.030    73    77     6     4     3     1    -0.00000000
   0.030    73    78     6     4     4    -1    -0.00000000
   0.030    73    79     6     6     4     1     0.37999595
   0.030    73    80     6     6     5    -1    -0.92498716
   0.030    73    81     6     4     4     1    -0.00072623
   0.030    73    82     6     6     5     1     0.00000000
   0.030    73    83     6     6     6    -1    -0.00000000
   0.030    73    84     6     6     6     1    -0.00000000
   0.030    73    85     7     7     0     1     0.00000000
   0.030    73    86     7     7     1    -1     0.00000000
   0.030    73    87     7     5     0     1     0.00000000
   0.030    73    88     7     5     1    -1     0.00000000
   0.030    73    89     7     3     0     1    -0.00000000
   0.030    73    90     7     3     1    -1    -0.00000000
   0.030    73    91     7     1     0     1     0.00000000
   0.030    73    92     7     1     1    -1     0.00000000
   0.030    73    93     7     7     1     1     0.00000000
   0.030    73    94     7     7     2    -1     0.00000000
   0.030    73    95     7     5     1     1    -0.00000000
   0.030    73    96     7     5     2    -1     0.00000000
   0.030    73    97     7     3     1     1     0.00000000
   0.030    73    98     7     3     2    -1     0.00000000
   0.030    73    99     7     1     1     1     0.00000000
   0.030    73   100     7     7     2     1     0.00000000
   0.030    73   101     7     7     3    -1    -0.00000000
   0.030    73   102     7     5     2     1    -0.00000000
   0.030    73   103     7     5     3    -1    -0.00000000
   0.030    73   104     7     3     2     1    -0.00000000
   0.030    73   105     7     3     3    -1     0.00000000
   0.030    73   106     7     7     3     1     0.00000000
   0.030    73   107     7     7     4    -1    -0.00000000
   0.030    73   108     7     5     3     1     0.00000000
   0.030    73   109     7     5     4    -1    -0.00000000
   0.030    73   110     7     3     3     1    -0.00000000
   0.030    73   111     7     7     4     1    -0.00000000
   0.030    73   112     7     7     5    -1     0.00000000
   0.030    73   113     7     5     4     1    -0.00000000
   0.030    73   114     7     5     5    -1     0.00000000
   0.030    73   115     7     7     5     1     0.00000000
   0.030    73   116     7     7     6    -1     0.00000000
   0.030    73   117     7     5     5     1     0.00000000
   0.030    73   118     7     7     6     1     0.00000000
   0.030    73   119     7     7     7    -1     0.00000000
   0.030    73   120     7     7     7     1     0.00000000
   0.030    74     1     0     0     0     1    -0.00000000
   0.030    74     2     1     1     0     1     0.00000000
   0.030    74     3     1     1     1    -1    -0.00000000
   0.030    74     4     1     1     1     1    -0.00000000
   0.030    74     5     2     2     0     1     0.00000000
   0.030    74     6     2     2     1    -1    -0.00000000
   0.030    74     7     2     0     0     1     0.00000000
   0.030    74     8     2     2     1     1    -0.00000000
   0.030    74     9     2     2     2    -1     0.00000000
   0.030    74    10     2     2     2     1    -0.00000000
   0.030    74    11     3     3     0     1    -0.00000000
   0.030    74    12     3     3     1    -1     0.00000000
   0.030    74    13     3     1     0     1     0.00000000
   0.030    74    14     3     1     1    -1    -0.00000000
   0.030    74    15     3     3     1     1     0.00000000
   0.030    74    16     3     3     2    -1     0.00000000
   0.030    74    17     3     1     1     1     0.00000000
   0.030    74    18     3     3     2     1    -0.00000000
   0.030    74    19     3     3     3    -1    -0.00000000
   0.030    74    20     3     3     3     1    -0.00000000
   0.030    74    21     4     4     0     1     0.00000000
   0.030    74    22     4     4     1    -1    -0.00000000
   0.030    74    23     4     2     0     1     0.00000000
   0.030    74    24     4     2     1    -1    -0.00000000
   0.030    74    25     4     0     0     1    -0.00000000
   0.030    74    26     4     4     1     1     0.00000000
   0.030    74    27     4     4     2    -1     0.00000000
   0.030    74    28     4     2     1     1     0.00000000
   0.030    74    29     4     2     2    -1    -0.00000000
   0.030    74    30     4     4     2     1    -0.00000000
   0.030    74    31     4     4     3    -1     0.00000000
   0.030    74    32     4     2     2     1    -0.00000000
   0.030    74    33     4     4     3     1    -0.00000000
   0.030    74    34     4     4     4    -1     0.00000000
   0.030    74    35     4     4     4     1    -0.00000000
   0.030    74    36     5     5     0     1    -0.00000000
   0.030    74    37     5     5     1    -1     0.00000000
   0.030    74    38     5     3     0     1    -0.00000000
   0.030    74    39     5     3     1    -1     0.00000000
   0.030    74    40     5     1     0     1     0.00000000
   0.030    74    41     5     1     1    -1     0.00000000
   0.030    74    42     5     5     1     1    -0.00000000
   0.030    74    43     5     5     2    -1    -0.00000000
   0.030    74    44     5     3     1     1    -0.00000000
   0.030    74    45     5     3     2    -1     0.00000000
   0.030    74    46     5     1     1     1     0.00000000
   0.030    74    47     5     5     2     1    -0.00000000
   0.030    74    48     5     5     3    -1     0.00000000
   0.030    74    49     5     3     2     1    -0.00000000
   0.030    74    50     5     3     3    -1    -0.00000000
   0.030    74    51     5     5     3     1    -0.00000000
   0.030    74    52     5     5     4    -1     0.00000000
   0.030    74    53     5     3     3     1     0.00000000
   0.030    74    54     5     5     4     1    -0.00000000
   0.030    74    55     5     5     5    -1     0.00000000
   0.030    74    56     5     5     5     1     0.00000000
   0.030    74    57     6     6     0     1    -0.00000000
   0.030    74    58     6     6     1    -1     0.00000000
   0.030    74    59     6     4     0     1    -0.00000000
   0.030    74    60     6     4     1    -1     0.00000000
   0.030    74    61     6     2     0     1    -0.00000000
   0.030    74    62     6     2     1    -1     0.00000000
   0.030    74    63     6     0     0     1     0.00000000
   0.030    74    64     6     6     1     1     0.00000000
   0.030    74    65     6     6     2    -1    -0.00000000
   0.030    74    66     6     4     1     1    -0.00000000
   0.030    74    67     6     4     2    -1    -0.00000000
   0.030    74    68     6     2     1     1    -0.00000000
   0.030    74    69     6     2     2    -1     0.00000000
   0.030    74    70     6     6     2     1     0.00000000
   0.030    74    71     6     6     3    -1    -0.00000000
   0.030    74    72     6     4     2     1     0.00000000
   0.030    74    73     6     4     3    -1    -0.00000000
   0.030    74    74     6     2     2     1    -0.00000000
   0.030    74    75     6     6     3     1     0.00000000
   0.030    74    76     6     6     4    -1    -0.00000000
   0.030    74    77     6     4     3     1    -0.00000000
   0.030    74    78     6     4     4    -1    -0.00000000
   0.030    74    79     6     6     4     1    -0.00000000
   0.030    74    80     6     6     5    -1     0.00000000
   0.030    74    81     6     4     4     1     0.00000000
   0.030    74    82     6     6     5     1     0.26596108
   0.030    74    83     6     6     6    -1    -0.96398377
   0.030    74    84     6     6     6     1     0.00000000
   0.030    74    85     7     7     0     1    -0.00000000
   0.030    74    86     7     7     1    -1    -0.00000000
   0.030    74    87     7     5     0     1    -0.00000000
   0.030    74    88     7     5     1    -1    -0.00000000
   0.030    74    89     7     3     0     1    -0.00000000
   0.030    74    90     7     3     1    -1     0.00000000
   0.030    74    91     7     1     0     1    -0.00000000
   0.030    74    92     7     1     1    -1     0.00000000
   0.030    74    93     7     7     1     1    -0.00000000
   0.030    74    94     7     7     2    -1    -0.00000000
   0.030    74    95     7     5     1     1     0.00000000
   0.030    74    96     7     5     2    -1     0.00000000
   0.030    74    97     7     3     1     1     0.00000000
   0.030    74    98     7     3     2    -1    -0.00000000
   0.030    74    99     7     1     1     1    -0.00000000
   0.030    74   100     7     7     2     1    -0.00000000
   0.030    74   101     7     7     3    -1    -0.00000000
   0.030    74   102     7     5     2     1    -0.00000000
   0.030    74   103     7     5     3    -1    -0.00000000
   0.030    74   104     7     3     2     1    -0.00000000
   0.030    74   105     7     3     3    -1     0.00000000
   0.030    74   106     7     7     3     1     0.00000000
   0.030    74   107     7     7     4    -1    -0.00000000
   0.030    74   108     7     5     3     1     0.00000000
   0.030    74   109     7     5     4    -1    -0.00000000
   0.030    74   110     7     3     3     1    -0.00000000
   0.030    74   111     7     7     4     1    -0.00000000
   0.030    74   112     7     7     5    -1     0.00000000
   0.030    74   113     7     5     4     1    -0.00000000
   0.030    74   114     7     5     5    -1    -0.00000000
   0.030    74   115     7     7     5     1     0.00000000
   0.030    74   116     7     7     6    -1     0.00000000
   0.030    74   117     7     5     5     1     0.00000000
   0.030    74   118     7     7     6     1     0.00000000
   0.030    74   119     7     7     7    -1     0.00000000
   0.030    74   120     7     7     7     1     0.00000000
   0.030    75     1     0     0     0     1     0.00000000
   0.030    75     2     1     1     0     1    -0.00000007
   0.030    75     3     1     1     1    -1    -0.00000005
   0.030    75     4     1     1     1     1     0.00000000
   0.030    75     5     2     2     0     1    -0.00000000
   0.030    75     6     2     2     1    -1     0.00000000
   0.030    75     7     2     0     0     1    -0.00000000
   0.030    75     8     2     2     1     1    -0.00000000
   0.030    75     9     2     2     2    -1    -0.00000000
   0.030    75    10     2     2     2     1    -0.00000000
   0.030    75    11     3     3     0     1     0.00003235
   0.030    75    12     3     3     1    -1     0.00002806
   0.030    75    13     3     1     0     1    -0.00000006
   0.030    75    14     3     1     1    -1    -0.00000001
   0.030    75    15     3     3     1     1     0.00000000
   0.030    75    16     3     3     2    -1    -0.00000000
   0.030    75    17     3     1     1     1     0.00000000
   0.030    75    18     3     3     2     1     0.00000000
   0.030    75    19     3     3     3    -1    -0.00000000
   0.030    75    20     3     3     3     1     0.00000000
   0.030    75    21     4     4     0     1    -0.00000000
   0.030    75    22     4     4     1    -1     0.00000000
   0.030    75    23     4     2     0     1     0.00000000
   0.030    75    24     4     2     1    -1    -0.00000000
   0.030    75    25     4     0     0     1     0.00000000
   0.030    75    26     4     4     1     1    -0.00000000
   0.030    75    27     4     4     2    -1     0.00000000
   0.030    75    28     4     2     1     1    -0.00000000
   0.030    75    29     4     2     2    -1     0.00000000
   0.030    75    30     4     4     2     1     0.00000000
   0.030    75    31     4     4     3    -1     0.00000000
   0.030    75    32     4     2     2     1     0.00000000
   0.030    75    33     4     4     3     1     0.00000000
   0.030    75    34     4     4     4    -1     0.00000000
   0.030    75    35     4     4     4     1    -0.00000000
   0.030    75    36     5     5     0     1    -0.00738513
   0.030    75    37     5     5     1    -1    -0.00673374
   0.030    75    38     5     3     0     1     0.00000493
   0.030    75    39     5     3     1    -1     0.00000367
   0.030    75    40     5     1     0     1     0.00000276
   0.030    75    41     5     1     1    -1     0.00000230
   0.030    75    42     5     5     1     1     0.00000000
   0.030    75    43     5     5     2    -1     0.00000000
   0.030    75    44     5     3     1     1    -0.00000000
   0.030    75    45     5     3     2    -1     0.00000000
   0.030    75    46     5     1     1     1    -0.00000000
   0.030    75    47     5     5     2     1    -0.00000000
   0.030    75    48     5     5     3    -1     0.00000000
   0.030    75    49     5     3     2     1    -0.00000000
   0.030    75    50     5     3     3    -1    -0.00000000
   0.030    75    51     5     5     3     1    -0.00000000
   0.030    75    52     5     5     4    -1     0.00000000
   0.030    75    53     5     3     3     1     0.00000000
   0.030    75    54     5     5     4     1    -0.00000000
   0.030    75    55     5     5     5    -1     0.00000000
   0.030    75    56     5     5     5     1     0.00000000
   0.030    75    57     6     6     0     1    -0.00000000
   0.030    75    58     6     6     1    -1     0.00000000
   0.030    75    59     6     4     0     1    -0.00000000
   0.030    75    60     6     4     1    -1    -0.00000000
   0.030    75    61     6     2     0     1    -0.00000000
   0.030    75    62     6     2     1    -1    -0.00000000
   0.030    75    63     6     0     0     1     0.00000000
   0.030    75    64     6     6     1     1    -0.00000000
   0.030    75    65     6     6     2    -1     0.00000000
   0.030    75    66     6     4     1     1     0.00000000
   0.030    75    67     6     4     2    -1     0.00000000
   0.030    75    68     6     2     1     1     0.00000000
   0.030    75    69     6     2     2    -1     0.00000000
   0.030    75    70     6     6     2     1     0.00000000
   0.030    75    71     6     6     3    -1    -0.00000000
   0.030    75    72     6     4     2     1    -0.00000000
   0.030    75    73     6     4     3    -1    -0.00000000
   0.030    75    74     6     2     2     1    -0.00000000
   0.030    75    75     6     6     3     1    -0.00000000
   0.030    75    76     6     6     4    -1     0.00000000
   0.030    75    77     6     4     3     1    -0.00000000
   0.030    75    78     6     4     4    -1    -0.00000000
   0.030    75    79     6     6     4     1    -0.00000000
   0.030    75    80     6     6     5    -1     0.00000000
   0.030    75    81     6     4     4     1    -0.00000000
   0.030    75    82     6     6     5     1     0.00000000
   0.030    75    83     6     6     6    -1    -0.00000000
   0.030    75    84     6     6     6     1     0.00000000
   0.030    75    85     7     7     0     1     0.73130469
   0.030    75    86     7     7     1    -1     0.68197765
   0.030    75    87     7     5     0     1    -0.00015240
   0.030    75    88     7     5     1    -1    -0.00013103
   0.030    75    89     7     3     0     1    -0.00007347
   0.030    75    90     7     3     1    -1    -0.00006310
   0.030    75    91     7     1     0     1     0.00000013
   0.030    75    92     7     1     1    -1     0.00000002
   0.030    75    93     7     7     1     1    -0.00000000
   0.030    75    94     7     7     2    -1    -0.00000000
   0.030    75    95     7     5     1     1     0.00000000
   0.030    75    96     7     5     2    -1     0.00000000
   0.030    75    97     7     3     1     1    -0.00000000
   0.030    75    98     7     3     2    -1    -0.00000000
   0.030    75    99     7     1     1     1     0.00000000
   0.030    75   100     7     7     2     1     0.00000000
   0.030    75   101     7     7     3    -1     0.00000000
   0.030    75   102     7     5     2     1    -0.00000000
   0.030    75   103     7     5     3    -1     0.00000000
   0.030    75   104     7     3     2     1    -0.00000000
   0.030    75   105     7     3     3    -1     0.00000000
   0.030    75   106     7     7     3     1     0.00000000
   0.030    75   107     7     7     4    -1    -0.00000000
   0.030    75   108     7     5     3     1     0.00000000
   0.030    75   109     7     5     4    -1     0.00000000
   0.030    75   110     7     3     3     1     0.00000000
   0.030    75   111     7     7     4     1     0.00000000
   0.030    75   112     7     7     5    -1    -0.00000000
   0.030    75   113     7     5     4     1     0.00000000
   0.030    75   114     7     5     5    -1    -0.00000000
   0.030    75   115     7     7     5     1     0.00000000
   0.030    75   116     7     7     6    -1     0.00000000
   0.030    75   117     7     5     5     1     0.00000000
   0.030    75   118     7     7     6     1     0.00000000
   0.030    75   119     7     7     7    -1     0.00000000
   0.030    75   120     7     7     7     1     0.00000000
   0.030    76     1     0     0     0     1     0.00000000
   0.030    76     2     1     1     0     1    -0.00000000
   0.030    76     3     1     1     1    -1     0.00000000
   0.030    76     4     1     1     1     1    -0.00000006
   0.030    76     5     2     2     0     1     0.00000000
   0.030    76     6     2     2     1    -1     0.00000000
   0.030    76     7     2     0     0     1    -0.00000000
   0.030    76     8     2     2     1     1     0.00000000
   0.030    76     9     2     2     2    -1     0.00000000
   0.030    76    10     2     2     2     1     0.00000000
   0.030    76    11     3     3     0     1     0.00000000
   0.030    76    12     3     3     1    -1     0.00000000
   0.030    76    13     3     1     0     1    -0.00000000
   0.030    76    14     3     1     1    -1    -0.00000000
   0.030    76    15     3     3     1     1     0.00003187
   0.030    76    16     3     3     2    -1     0.00002023
   0.030    76    17     3     1     1     1    -0.00000002
   0.030    76    18     3     3     2     1    -0.00000000
   0.030    76    19     3     3     3    -1     0.00000000
   0.030    76    20     3     3     3     1    -0.00000000
   0.030    76    21     4     4     0     1     0.00000000
   0.030    76    22     4     4     1    -1    -0.00000000
   0.030    76    23     4     2     0     1    -0.00000000
   0.030    76    24     4     2     1    -1     0.00000000
   0.030    76    25     4     0     0     1     0.00000000
   0.030    76    26     4     4     1     1    -0.00000000
   0.030    76    27     4     4     2    -1     0.00000000
   0.030    76    28     4     2     1     1     0.00000000
   0.030    76    29     4     2     2    -1    -0.00000000
   0.030    76    30     4     4     2     1    -0.00000000
   0.030    76    31     4     4     3    -1     0.00000000
   0.030    76    32     4     2     2     1    -0.00000000
   0.030    76    33     4     4     3     1    -0.00000000
   0.030    76    34     4     4     4    -1    -0.00000000
   0.030    76    35     4     4     4     1    -0.00000000
   0.030    76    36     5     5     0     1    -0.00000000
   0.030    76    37     5     5     1    -1     0.00000000
   0.030    76    38     5     3     0     1    -0.00000000
   0.030    76    39     5     3     1    -1    -0.00000000
   0.030    76    40     5     1     0     1     0.00000000
   0.030    76    41     5     1     1    -1     0.00000000
   0.030    76    42     5     5     1     1    -0.00766055
   0.030    76    43     5     5     2    -1    -0.00577039
   0.030    76    44     5     3     1     1     0.00000423
   0.030    76    45     5     3     2    -1     0.00000135
   0.030    76    46     5     1     1     1     0.00000253
   0.030    76    47     5     5     2     1     0.00000000
   0.030    76    48     5     5     3    -1     0.00000000
   0.030    76    49     5     3     2     1    -0.00000000
   0.030    76    50     5     3     3    -1     0.00000000
   0.030    76    51     5     5     3     1     0.00000000
   0.030    76    52     5     5     4    -1    -0.00000000
   0.030    76    53     5     3     3     1    -0.00000000
   0.030    76    54     5     5     4     1     0.00000000
   0.030    76    55     5     5     5    -1    -0.00000000
   0.030    76    56     5     5     5     1     0.00000000
   0.030    76    57     6     6     0     1     0.00000000
   0.030    76    58     6     6     1    -1     0.00000000
   0.030    76    59     6     4     0     1    -0.00000000
   0.030    76    60     6     4     1    -1     0.00000000
   0.030    76    61     6     2     0     1    -0.00000000
   0.030    76    62     6     2     1    -1    -0.00000000
   0.030    76    63     6     0     0     1    -0.00000000
   0.030    76    64     6     6     1     1     0.00000000
   0.030    76    65     6     6     2    -1     0.00000000
   0.030    76    66     6     4     1     1     0.00000000
   0.030    76    67     6     4     2    -1    -0.00000000
   0.030    76    68     6     2     1     1     0.00000000
   0.030    76    69     6     2     2    -1     0.00000000
   0.030    76    70     6     6     2     1     0.00000000
   0.030    76    71     6     6     3    -1    -0.00000000
   0.030    76    72     6     4     2     1    -0.00000000
   0.030    76    73     6     4     3    -1     0.00000000
   0.030    76    74     6     2     2     1     0.00000000
   0.030    76    75     6     6     3     1     0.00000000
   0.030    76    76     6     6     4    -1    -0.00000000
   0.030    76    77     6     4     3     1     0.00000000
   0.030    76    78     6     4     4    -1     0.00000000
   0.030    76    79     6     6     4     1    -0.00000000
   0.030    76    80     6     6     5    -1     0.00000000
   0.030    76    81     6     4     4     1    -0.00000000
   0.030    76    82     6     6     5     1     0.00000000
   0.030    76    83     6     6     6    -1    -0.00000000
   0.030    76    84     6     6     6     1    -0.00000000
   0.030    76    85     7     7     0     1     0.00000000
   0.030    76    86     7     7     1    -1     0.00000000
   0.030    76    87     7     5     0     1    -0.00000000
   0.030    76    88     7     5     1    -1    -0.00000000
   0.030    76    89     7     3     0     1    -0.00000000
   0.030    76    90     7     3     1    -1    -0.00000000
   0.030    76    91     7     1     0     1    -0.00000000
   0.030    76    92     7     1     1    -1    -0.00000000
   0.030    76    93     7     7     1     1     0.77739977
   0.030    76    94     7     7     2    -1     0.62893369
   0.030    76    95     7     5     1     1    -0.00013680
   0.030    76    96     7     5     2    -1    -0.00008295
   0.030    76    97     7     3     1     1    -0.00007177
   0.030    76    98     7     3     2    -1    -0.00004427
   0.030    76    99     7     1     1     1     0.00000002
   0.030    76   100     7     7     2     1    -0.00000000
   0.030    76   101     7     7     3    -1    -0.00000000
   0.030    76   102     7     5     2     1     0.00000000
   0.030    76   103     7     5     3    -1    -0.00000000
   0.030    76   104     7     3     2     1     0.00000000
   0.030    76   105     7     3     3    -1     0.00000000
   0.030    76   106     7     7     3     1    -0.00000000
   0.030    76   107     7     7     4    -1     0.00000000
   0.030    76   108     7     5     3     1    -0.00000000
   0.030    76   109     7     5     4    -1    -0.00000000
   0.030    76   110     7     3     3     1    -0.00000000
   0.030    76   111     7     7     4     1    -0.00000000
   0.030    76   112     7     7     5    -1     0.00000000
   0.030    76   113     7     5     4     1    -0.00000000
   0.030    76   114     7     5     5    -1     0.00000000
   0.030    76   115     7     7     5     1     0.00000000
   0.030    76   116     7     7     6    -1     0.00000000
   0.030    76   117     7     5     5     1     0.00000000
   0.030    76   118     7     7     6     1     0.00000000
   0.030    76   119     7     7     7    -1     0.00000000
   0.030    76   120     7     7     7     1     0.00000000
   0.030    77     1     0     0     0     1     0.00000000
   0.030    77     2     1     1     0     1     0.00000000
   0.030    77     3     1     1     1    -1    -0.00000000
   0.030    77     4     1     1     1     1     0.00000000
   0.030    77     5     2     2     0     1     0.00000000
   0.030    77     6     2     2     1    -1     0.00000000
   0.030    77     7     2     0     0     1    -0.00000000
   0.030    77     8     2     2     1     1     0.00000000
   0.030    77     9     2     2     2    -1     0.00000000
   0.030    77    10     2     2     2     1     0.00000000
   0.030    77    11     3     3     0     1    -0.00000000
   0.030    77    12     3     3     1    -1    -0.00000000
   0.030    77    13     3     1     0     1    -0.00000000
   0.030    77    14     3     1     1    -1     0.00000000
   0.030    77    15     3     3     1     1     0.00000000
   0.030    77    16     3     3     2    -1    -0.00000000
   0.030    77    17     3     1     1     1     0.00000000
   0.030    77    18     3     3     2     1     0.00002621
   0.030    77    19     3     3     3    -1     0.00001075
   0.030    77    20     3     3     3     1    -0.00000000
   0.030    77    21     4     4     0     1     0.00000000
   0.030    77    22     4     4     1    -1    -0.00000000
   0.030    77    23     4     2     0     1     0.00000000
   0.030    77    24     4     2     1    -1    -0.00000000
   0.030    77    25     4     0     0     1     0.00000000
   0.030    77    26     4     4     1     1     0.00000000
   0.030    77    27     4     4     2    -1    -0.00000000
   0.030    77    28     4     2     1     1    -0.00000000
   0.030    77    29     4     2     2    -1     0.00000000
   0.030    77    30     4     4     2     1    -0.00000000
   0.030    77    31     4     4     3    -1     0.00000000
   0.030    77    32     4     2     2     1     0.00000000
   0.030    77    33     4     4     3     1    -0.00000000
   0.030    77    34     4     4     4    -1     0.00000000
   0.030    77    35     4     4     4     1    -0.00000000
   0.030    77    36     5     5     0     1     0.00000000
   0.030    77    37     5     5     1    -1    -0.00000000
   0.030    77    38     5     3     0     1     0.00000000
   0.030    77    39     5     3     1    -1     0.00000000
   0.030    77    40     5     1     0     1     0.00000000
   0.030    77    41     5     1     1    -1     0.00000000
   0.030    77    42     5     5     1     1     0.00000000
   0.030    77    43     5     5     2    -1    -0.00000000
   0.030    77    44     5     3     1     1     0.00000000
   0.030    77    45     5     3     2    -1    -0.00000000
   0.030    77    46     5     1     1     1    -0.00000000
   0.030    77    47     5     5     2     1    -0.00749864
   0.030    77    48     5     5     3    -1    -0.00456490
   0.030    77    49     5     3     2     1     0.00000188
   0.030    77    50     5     3     3    -1    -0.00000044
   0.030    77    51     5     5     3     1     0.00000000
   0.030    77    52     5     5     4    -1     0.00000000
   0.030    77    53     5     3     3     1    -0.00000000
   0.030    77    54     5     5     4     1    -0.00000000
   0.030    77    55     5     5     5    -1     0.00000000
   0.030    77    56     5     5     5     1     0.00000000
   0.030    77    57     6     6     0     1    -0.00000000
   0.030    77    58     6     6     1    -1    -0.00000000
   0.030    77    59     6     4     0     1     0.00000000
   0.030    77    60     6     4     1    -1    -0.00000000
   0.030    77    61     6     2     0     1     0.00000000
   0.030    77    62     6     2     1    -1    -0.00000000
   0.030    77    63     6     0     0     1     0.00000000
   0.030    77    64     6     6     1     1     0.00000000
   0.030    77    65     6     6     2    -1    -0.00000000
   0.030    77    66     6     4     1     1    -0.00000000
   0.030    77    67     6     4     2    -1     0.00000000
   0.030    77    68     6     2     1     1     0.00000000
   0.030    77    69     6     2     2    -1    -0.00000000
   0.030    77    70     6     6     2     1    -0.00000000
   0.030    77    71     6     6     3    -1     0.00000000
   0.030    77    72     6     4     2     1    -0.00000000
   0.030    77    73     6     4     3    -1    -0.00000000
   0.030    77    74     6     2     2     1    -0.00000000
   0.030    77    75     6     6     3     1     0.00000000
   0.030    77    76     6     6     4    -1     0.00000000
   0.030    77    77     6     4     3     1    -0.00000000
   0.030    77    78     6     4     4    -1     0.00000000
   0.030    77    79     6     6     4     1     0.00000000
   0.030    77    80     6     6     5    -1     0.00000000
   0.030    77    81     6     4     4     1     0.00000000
   0.030    77    82     6     6     5     1     0.00000000
   0.030    77    83     6     6     6    -1     0.00000000
   0.030    77    84     6     6     6     1     0.00000000
   0.030    77    85     7     7     0     1    -0.00000000
   0.030    77    86     7     7     1    -1     0.00000000
   0.030    77    87     7     5     0     1     0.00000000
   0.030    77    88     7     5     1    -1     0.00000000
   0.030    77    89     7     3     0     1     0.00000000
   0.030    77    90     7     3     1    -1     0.00000000
   0.030    77    91     7     1     0     1     0.00000000
   0.030    77    92     7     1     1    -1     0.00000000
   0.030    77    93     7     7     1     1     0.00000000
   0.030    77    94     7     7     2    -1     0.00000000
   0.030    77    95     7     5     1     1     0.00000000
   0.030    77    96     7     5     2    -1     0.00000000
   0.030    77    97     7     3     1     1     0.00000000
   0.030    77    98     7     3     2    -1     0.00000000
   0.030    77    99     7     1     1     1    -0.00000000
   0.030    77   100     7     7     2     1     0.82059876
   0.030    77   101     7     7     3    -1     0.57143731
   0.030    77   102     7     5     2     1    -0.00008402
   0.030    77   103     7     5     3    -1    -0.00002540
   0.030    77   104     7     3     2     1    -0.00005751
   0.030    77   105     7     3     3    -1    -0.00002249
   0.030    77   106     7     7     3     1    -0.00000000
   0.030    77   107     7     7     4    -1    -0.00000000
   0.030    77   108     7     5     3     1    -0.00000000
   0.030    77   109     7     5     4    -1    -0.00000000
   0.030    77   110     7     3     3     1     0.00000000
   0.030    77   111     7     7     4     1     0.00000000
   0.030    77   112     7     7     5    -1     0.00000000
   0.030    77   113     7     5     4     1     0.00000000
   0.030    77   114     7     5     5    -1    -0.00000000
   0.030    77   115     7     7     5     1     0.00000000
   0.030    77   116     7     7     6    -1     0.00000000
   0.030    77   117     7     5     5     1     0.00000000
   0.030    77   118     7     7     6     1     0.00000000
   0.030    77   119     7     7     7    -1     0.00000000
   0.030    77   120     7     7     7     1     0.00000000
   0.030    78     1     0     0     0     1     0.00000000
   0.030    78     2     1     1     0     1    -0.00000000
   0.030    78     3     1     1     1    -1    -0.00000000
   0.030    78     4     1     1     1     1    -0.00000000
   0.030    78     5     2     2     0     1    -0.00000000
   0.030    78     6     2     2     1    -1     0.00000000
   0.030    78     7     2     0     0     1    -0.00000000
   0.030    78     8     2     2     1     1     0.00000000
   0.030    78     9     2     2     2    -1    -0.00000000
   0.030    78    10     2     2     2     1     0.00000000
   0.030    78    11     3     3     0     1     0.00000000
   0.030    78    12     3     3     1    -1    -0.00000000
   0.030    78    13     3     1     0     1     0.00000000
   0.030    78    14     3     1     1    -1     0.00000000
   0.030    78    15     3     3     1     1    -0.00000000
   0.030    78    16     3     3     2    -1    -0.00000000
   0.030    78    17     3     1     1     1     0.00000000
   0.030    78    18     3     3     2     1    -0.00000000
   0.030    78    19     3     3     3    -1     0.00000000
   0.030    78    20     3     3     3     1     0.00001603
   0.030    78    21     4     4     0     1    -0.00000000
   0.030    78    22     4     4     1    -1     0.00000000
   0.030    78    23     4     2     0     1    -0.00000000
   0.030    78    24     4     2     1    -1    -0.00000000
   0.030    78    25     4     0     0     1    -0.00000000
   0.030    78    26     4     4     1     1     0.00000000
   0.030    78    27     4     4     2    -1    -0.00000000
   0.030    78    28     4     2     1     1     0.00000000
   0.030    78    29     4     2     2    -1     0.00000000
   0.030    78    30     4     4     2     1     0.00000000
   0.030    78    31     4     4     3    -1     0.00000000
   0.030    78    32     4     2     2     1     0.00000000
   0.030    78    33     4     4     3     1     0.00000000
   0.030    78    34     4     4     4    -1    -0.00000000
   0.030    78    35     4     4     4     1     0.00000000
   0.030    78    36     5     5     0     1    -0.00000000
   0.030    78    37     5     5     1    -1    -0.00000000
   0.030    78    38     5     3     0     1    -0.00000000
   0.030    78    39     5     3     1    -1    -0.00000000
   0.030    78    40     5     1     0     1    -0.00000000
   0.030    78    41     5     1     1    -1    -0.00000000
   0.030    78    42     5     5     1     1     0.00000000
   0.030    78    43     5     5     2    -1    -0.00000000
   0.030    78    44     5     3     1     1     0.00000000
   0.030    78    45     5     3     2    -1    -0.00000000
   0.030    78    46     5     1     1     1    -0.00000000
   0.030    78    47     5     5     2     1    -0.00000000
   0.030    78    48     5     5     3    -1    -0.00000000
   0.030    78    49     5     3     2     1    -0.00000000
   0.030    78    50     5     3     3    -1     0.00000000
   0.030    78    51     5     5     3     1    -0.00683747
   0.030    78    52     5     5     4    -1    -0.00319657
   0.030    78    53     5     3     3     1    -0.00000050
   0.030    78    54     5     5     4     1     0.00000000
   0.030    78    55     5     5     5    -1    -0.00000000
   0.030    78    56     5     5     5     1     0.00000000
   0.030    78    57     6     6     0     1     0.00000000
   0.030    78    58     6     6     1    -1    -0.00000000
   0.030    78    59     6     4     0     1     0.00000000
   0.030    78    60     6     4     1    -1     0.00000000
   0.030    78    61     6     2     0     1    -0.00000000
   0.030    78    62     6     2     1    -1    -0.00000000
   0.030    78    63     6     0     0     1    -0.00000000
   0.030    78    64     6     6     1     1     0.00000000
   0.030    78    65     6     6     2    -1     0.00000000
   0.030    78    66     6     4     1     1     0.00000000
   0.030    78    67     6     4     2    -1     0.00000000
   0.030    78    68     6     2     1     1     0.00000000
   0.030    78    69     6     2     2    -1    -0.00000000
   0.030    78    70     6     6     2     1     0.00000000
   0.030    78    71     6     6     3    -1    -0.00000000
   0.030    78    72     6     4     2     1     0.00000000
   0.030    78    73     6     4     3    -1    -0.00000000
   0.030    78    74     6     2     2     1     0.00000000
   0.030    78    75     6     6     3     1     0.00000000
   0.030    78    76     6     6     4    -1    -0.00000000
   0.030    78    77     6     4     3     1     0.00000000
   0.030    78    78     6     4     4    -1     0.00000000
   0.030    78    79     6     6     4     1     0.00000000
   0.030    78    80     6     6     5    -1     0.00000000
   0.030    78    81     6     4     4     1     0.00000000
   0.030    78    82     6     6     5     1     0.00000000
   0.030    78    83     6     6     6    -1     0.00000000
   0.030    78    84     6     6     6     1    -0.00000000
   0.030    78    85     7     7     0     1    -0.00000000
   0.030    78    86     7     7     1    -1     0.00000000
   0.030    78    87     7     5     0     1     0.00000000
   0.030    78    88     7     5     1    -1     0.00000000
   0.030    78    89     7     3     0     1     0.00000000
   0.030    78    90     7     3     1    -1     0.00000000
   0.030    78    91     7     1     0     1     0.00000000
   0.030    78    92     7     1     1    -1    -0.00000000
   0.030    78    93     7     7     1     1    -0.00000000
   0.030    78    94     7     7     2    -1     0.00000000
   0.030    78    95     7     5     1     1     0.00000000
   0.030    78    96     7     5     2    -1     0.00000000
   0.030    78    97     7     3     1     1    -0.00000000
   0.030    78    98     7     3     2    -1    -0.00000000
   0.030    78    99     7     1     1     1    -0.00000000
   0.030    78   100     7     7     2     1     0.00000000
   0.030    78   101     7     7     3    -1     0.00000000
   0.030    78   102     7     5     2     1    -0.00000000
   0.030    78   103     7     5     3    -1     0.00000000
   0.030    78   104     7     3     2     1    -0.00000000
   0.030    78   105     7     3     3    -1     0.00000000
   0.030    78   106     7     7     3     1     0.86114501
   0.030    78   107     7     7     4    -1     0.50830335
   0.030    78   108     7     5     3     1    -0.00000602
   0.030    78   109     7     5     4    -1     0.00002136
   0.030    78   110     7     3     3     1    -0.00003366
   0.030    78   111     7     7     4     1    -0.00000000
   0.030    78   112     7     7     5    -1    -0.00000000
   0.030    78   113     7     5     4     1    -0.00000000
   0.030    78   114     7     5     5    -1     0.00000000
   0.030    78   115     7     7     5     1     0.00000000
   0.030    78   116     7     7     6    -1     0.00000000
   0.030    78   117     7     5     5     1     0.00000000
   0.030    78   118     7     7     6     1     0.00000000
   0.030    78   119     7     7     7    -1     0.00000000
   0.030    78   120     7     7     7     1     0.00000000
   0.030    79     1     0     0     0     1     0.00000000
   0.030    79     2     1     1     0     1     0.00000000
   0.030    79     3     1     1     1    -1     0.00000000
   0.030    79     4     1     1     1     1    -0.00000000
   0.030    79     5     2     2     0     1     0.00000000
   0.030    79     6     2     2     1    -1    -0.00000000
   0.030    79     7     2     0     0     1    -0.00000000
   0.030    79     8     2     2     1     1     0.00000000
   0.030    79     9     2     2     2    -1     0.00000000
   0.030    79    10     2     2     2     1    -0.00000000
   0.030    79    11     3     3     0     1     0.00000000
   0.030    79    12     3     3     1    -1     0.00000000
   0.030    79    13     3     1     0     1    -0.00000000
   0.030    79    14     3     1     1    -1    -0.00000000
   0.030    79    15     3     3     1     1    -0.00000000
   0.030    79    16     3     3     2    -1     0.00000000
   0.030    79    17     3     1     1     1     0.00000000
   0.030    79    18     3     3     2     1    -0.00000000
   0.030    79    19     3     3     3    -1    -0.00000000
   0.030    79    20     3     3     3     1     0.00000000
   0.030    79    21     4     4     0     1     0.00000000
   0.030    79    22     4     4     1    -1    -0.00000000
   0.030    79    23     4     2     0     1     0.00000000
   0.030    79    24     4     2     1    -1    -0.00000000
   0.030    79    25     4     0     0     1    -0.00000000
   0.030    79    26     4     4     1     1     0.00000000
   0.030    79    27     4     4     2    -1     0.00000000
   0.030    79    28     4     2     1     1    -0.00000000
   0.030    79    29     4     2     2    -1    -0.00000000
   0.030    79    30     4     4     2     1     0.00000000
   0.030    79    31     4     4     3    -1     0.00000000
   0.030    79    32     4     2     2     1     0.00000000
   0.030    79    33     4     4     3     1     0.00000000
   0.030    79    34     4     4     4    -1     0.00000000
   0.030    79    35     4     4     4     1    -0.00000000
   0.030    79    36     5     5     0     1     0.00000000
   0.030    79    37     5     5     1    -1    -0.00000000
   0.030    79    38     5     3     0     1    -0.00000000
   0.030    79    39     5     3     1    -1    -0.00000000
   0.030    79    40     5     1     0     1    -0.00000000
   0.030    79    41     5     1     1    -1    -0.00000000
   0.030    79    42     5     5     1     1     0.00000000
   0.030    79    43     5     5     2    -1     0.00000000
   0.030    79    44     5     3     1     1     0.00000000
   0.030    79    45     5     3     2    -1     0.00000000
   0.030    79    46     5     1     1     1    -0.00000000
   0.030    79    47     5     5     2     1    -0.00000000
   0.030    79    48     5     5     3    -1    -0.00000000
   0.030    79    49     5     3     2     1     0.00000000
   0.030    79    50     5     3     3    -1     0.00000000
   0.030    79    51     5     5     3     1    -0.00000000
   0.030    79    52     5     5     4    -1    -0.00000000
   0.030    79    53     5     3     3     1    -0.00000000
   0.030    79    54     5     5     4     1     0.00560874
   0.030    79    55     5     5     5    -1     0.00175476
   0.030    79    56     5     5     5     1     0.00000000
   0.030    79    57     6     6     0     1    -0.00000000
   0.030    79    58     6     6     1    -1     0.00000000
   0.030    79    59     6     4     0     1     0.00000000
   0.030    79    60     6     4     1    -1    -0.00000000
   0.030    79    61     6     2     0     1     0.00000000
   0.030    79    62     6     2     1    -1    -0.00000000
   0.030    79    63     6     0     0     1    -0.00000000
   0.030    79    64     6     6     1     1     0.00000000
   0.030    79    65     6     6     2    -1     0.00000000
   0.030    79    66     6     4     1     1    -0.00000000
   0.030    79    67     6     4     2    -1    -0.00000000
   0.030    79    68     6     2     1     1    -0.00000000
   0.030    79    69     6     2     2    -1     0.00000000
   0.030    79    70     6     6     2     1     0.00000000
   0.030    79    71     6     6     3    -1     0.00000000
   0.030    79    72     6     4     2     1    -0.00000000
   0.030    79    73     6     4     3    -1     0.00000000
   0.030    79    74     6     2     2     1     0.00000000
   0.030    79    75     6     6     3     1     0.00000000
   0.030    79    76     6     6     4    -1     0.00000000
   0.030    79    77     6     4     3     1    -0.00000000
   0.030    79    78     6     4     4    -1    -0.00000000
   0.030    79    79     6     6     4     1    -0.00000000
   0.030    79    80     6     6     5    -1    -0.00000000
   0.030    79    81     6     4     4     1     0.00000000
   0.030    79    82     6     6     5     1     0.00000000
   0.030    79    83     6     6     6    -1    -0.00000000
   0.030    79    84     6     6     6     1    -0.00000000
   0.030    79    85     7     7     0     1     0.00000000
   0.030    79    86     7     7     1    -1     0.00000000
   0.030    79    87     7     5     0     1    -0.00000000
   0.030    79    88     7     5     1    -1     0.00000000
   0.030    79    89     7     3     0     1    -0.00000000
   0.030    79    90     7     3     1    -1     0.00000000
   0.030    79    91     7     1     0     1     0.00000000
   0.030    79    92     7     1     1    -1     0.00000000
   0.030    79    93     7     7     1     1    -0.00000000
   0.030    79    94     7     7     2    -1     0.00000000
   0.030    79    95     7     5     1     1     0.00000000
   0.030    79    96     7     5     2    -1    -0.00000000
   0.030    79    97     7     3     1     1    -0.00000000
   0.030    79    98     7     3     2    -1     0.00000000
   0.030    79    99     7     1     1     1    -0.00000000
   0.030    79   100     7     7     2     1     0.00000000
   0.030    79   101     7     7     3    -1    -0.00000000
   0.030    79   102     7     5     2     1    -0.00000000
   0.030    79   103     7     5     3    -1    -0.00000000
   0.030    79   104     7     3     2     1     0.00000000
   0.030    79   105     7     3     3    -1    -0.00000000
   0.030    79   106     7     7     3     1    -0.00000000
   0.030    79   107     7     7     4    -1     0.00000000
   0.030    79   108     7     5     3     1     0.00000000
   0.030    79   109     7     5     4    -1     0.00000000
   0.030    79   110     7     3     3     1     0.00000000
   0.030    79   111     7     7     4     1    -0.89922304
   0.030    79   112     7     7     5    -1    -0.43745100
   0.030    79   113     7     5     4     1    -0.00007174
   0.030    79   114     7     5     5    -1    -0.00003854
   0.030    79   115     7     7     5     1     0.00000000
   0.030    79   116     7     7     6    -1     0.00000000
   0.030    79   117     7     5     5     1     0.00000000
   0.030    79   118     7     7     6     1     0.00000000
   0.030    79   119     7     7     7    -1     0.00000000
   0.030    79   120     7     7     7     1     0.00000000
   0.030    80     1     0     0     0     1    -0.00000000
   0.030    80     2     1     1     0     1    -0.00000000
   0.030    80     3     1     1     1    -1    -0.00000000
   0.030    80     4     1     1     1     1    -0.00000000
   0.030    80     5     2     2     0     1    -0.00000000
   0.030    80     6     2     2     1    -1    -0.00000000
   0.030    80     7     2     0     0     1    -0.00000000
   0.030    80     8     2     2     1     1    -0.00000000
   0.030    80     9     2     2     2    -1    -0.00000000
   0.030    80    10     2     2     2     1    -0.00000000
   0.030    80    11     3     3     0     1    -0.00000000
   0.030    80    12     3     3     1    -1    -0.00000000
   0.030    80    13     3     1     0     1    -0.00000000
   0.030    80    14     3     1     1    -1    -0.00000000
   0.030    80    15     3     3     1     1    -0.00000000
   0.030    80    16     3     3     2    -1    -0.00000000
   0.030    80    17     3     1     1     1    -0.00000000
   0.030    80    18     3     3     2     1    -0.00000000
   0.030    80    19     3     3     3    -1    -0.00000000
   0.030    80    20     3     3     3     1    -0.00000000
   0.030    80    21     4     4     0     1    -0.00000000
   0.030    80    22     4     4     1    -1    -0.00000000
   0.030    80    23     4     2     0     1    -0.00000000
   0.030    80    24     4     2     1    -1    -0.00000000
   0.030    80    25     4     0     0     1    -0.00000000
   0.030    80    26     4     4     1     1    -0.00000000
   0.030    80    27     4     4     2    -1    -0.00000000
   0.030    80    28     4     2     1     1    -0.00000000
   0.030    80    29     4     2     2    -1    -0.00000000
   0.030    80    30     4     4     2     1    -0.00000000
   0.030    80    31     4     4     3    -1    -0.00000000
   0.030    80    32     4     2     2     1    -0.00000000
   0.030    80    33     4     4     3     1    -0.00000000
   0.030    80    34     4     4     4    -1    -0.00000000
   0.030    80    35     4     4     4     1    -0.00000000
   0.030    80    36     5     5     0     1    -0.00000000
   0.030    80    37     5     5     1    -1    -0.00000000
   0.030    80    38     5     3     0     1    -0.00000000
   0.030    80    39     5     3     1    -1    -0.00000000
   0.030    80    40     5     1     0     1    -0.00000000
   0.030    80    41     5     1     1    -1    -0.00000000
   0.030    80    42     5     5     1     1    -0.00000000
   0.030    80    43     5     5     2    -1    -0.00000000
   0.030    80    44     5     3     1     1    -0.00000000
   0.030    80    45     5     3     2    -1    -0.00000000
   0.030    80    46     5     1     1     1    -0.00000000
   0.030    80    47     5     5     2     1    -0.00000000
   0.030    80    48     5     5     3    -1    -0.00000000
   0.030    80    49     5     3     2     1    -0.00000000
   0.030    80    50     5     3     3    -1    -0.00000000
   0.030    80    51     5     5     3     1    -0.00000000
   0.030    80    52     5     5     4    -1    -0.00000000
   0.030    80    53     5     3     3     1    -0.00000000
   0.030    80    54     5     5     4     1    -0.00000000
   0.030    80    55     5     5     5    -1    -0.00000000
   0.030    80    56     5     5     5     1     0.00371172
   0.030    80    57     6     6     0     1    -0.00000000
   0.030    80    58     6     6     1    -1    -0.00000000
   0.030    80    59     6     4     0     1    -0.00000000
   0.030    80    60     6     4     1    -1    -0.00000000
   0.030    80    61     6     2     0     1    -0.00000000
   0.030    80    62     6     2     1    -1    -0.00000000
   0.030    80    63     6     0     0     1    -0.00000000
   0.030    80    64     6     6     1     1    -0.00000000
   0.030    80    65     6     6     2    -1    -0.00000000
   0.030    80    66     6     4     1     1    -0.00000000
   0.030    80    67     6     4     2    -1    -0.00000000
   0.030    80    68     6     2     1     1    -0.00000000
   0.030    80    69     6     2     2    -1    -0.00000000
   0.030    80    70     6     6     2     1    -0.00000000
   0.030    80    71     6     6     3    -1    -0.00000000
   0.030    80    72     6     4     2     1    -0.00000000
   0.030    80    73     6     4     3    -1    -0.00000000
   0.030    80    74     6     2     2     1    -0.00000000
   0.030    80    75     6     6     3     1    -0.00000000
   0.030    80    76     6     6     4    -1    -0.00000000
   0.030    80    77     6     4     3     1    -0.00000000
   0.030    80    78     6     4     4    -1    -0.00000000
   0.030    80    79     6     6     4     1    -0.00000000
   0.030    80    80     6     6     5    -1    -0.00000000
   0.030    80    81     6     4     4     1    -0.00000000
   0.030    80    82     6     6     5     1    -0.00000000
   0.030    80    83     6     6     6    -1    -0.00000000
   0.030    80    84     6     6     6     1    -0.00000000
   0.030    80    85     7     7     0     1    -0.00000000
   0.030    80    86     7     7     1    -1    -0.00000000
   0.030    80    87     7     5     0     1    -0.00000000
   0.030    80    88     7     5     1    -1    -0.00000000
   0.030    80    89     7     3     0     1    -0.00000000
   0.030    80    90     7     3     1    -1    -0.00000000
   0.030    80    91     7     1     0     1    -0.00000000
   0.030    80    92     7     1     1    -1    -0.00000000
   0.030    80    93     7     7     1     1    -0.00000000
   0.030    80    94     7     7     2    -1    -0.00000000
   0.030    80    95     7     5     1     1    -0.00000000
   0.030    80    96     7     5     2    -1    -0.00000000
   0.030    80    97     7     3     1     1    -0.00000000
   0.030    80    98     7     3     2    -1    -0.00000000
   0.030    80    99     7     1     1     1    -0.00000000
   0.030    80   100     7     7     2     1    -0.00000000
   0.030    80   101     7     7     3    -1    -0.00000000
   0.030    80   102     7     5     2     1    -0.00000000
   0.030    80   103     7     5     3    -1    -0.00000000
   0.030    80   104     7     3     2     1    -0.00000000
   0.030    80   105     7     3     3    -1    -0.00000000
   0.030    80   106     7     7     3     1    -0.00000000
   0.030    80   107     7     7     4    -1    -0.00000000
   0.030    80   108     7     5     3     1    -0.00000000
   0.030    80   109     7     5     4    -1    -0.00000000
   0.030    80   110     7     3     3     1    -0.00000000
   0.030    80   111     7     7     4     1    -0.00000000
   0.030    80   112     7     7     5    -1    -0.00000000
   0.030    80   113     7     5     4     1    -0.00000000
   0.030    80   114     7     5     5    -1    -0.00000000
   0.030    80   115     7     7     5     1    -0.93497949
   0.030    80   116     7     7     6    -1    -0.35468234
   0.030    80   117     7     5     5     1    -0.00010906
   0.030    80   118     7     7     6     1    -0.00000000
   0.030    80   119     7     7     7    -1    -0.00000000
   0.030    80   120     7     7     7     1    -0.00000000
   0.030    81     1     0     0     0     1     0.00000000
   0.030    81     2     1     1     0     1     0.00000000
   0.030    81     3     1     1     1    -1     0.00000000
   0.030    81     4     1     1     1     1     0.00000000
   0.030    81     5     2     2     0     1     0.00000000
   0.030    81     6     2     2     1    -1     0.00000000
   0.030    81     7     2     0     0     1     0.00000000
   0.030    81     8     2     2     1     1     0.00000000
   0.030    81     9     2     2     2    -1     0.00000000
   0.030    81    10     2     2     2     1     0.00000000
   0.030    81    11     3     3     0     1     0.00000000
   0.030    81    12     3     3     1    -1     0.00000000
   0.030    81    13     3     1     0     1     0.00000000
   0.030    81    14     3     1     1    -1     0.00000000
   0.030    81    15     3     3     1     1     0.00000000
   0.030    81    16     3     3     2    -1     0.00000000
   0.030    81    17     3     1     1     1     0.00000000
   0.030    81    18     3     3     2     1     0.00000000
   0.030    81    19     3     3     3    -1     0.00000000
   0.030    81    20     3     3     3     1     0.00000000
   0.030    81    21     4     4     0     1     0.00000000
   0.030    81    22     4     4     1    -1     0.00000000
   0.030    81    23     4     2     0     1     0.00000000
   0.030    81    24     4     2     1    -1     0.00000000
   0.030    81    25     4     0     0     1     0.00000000
   0.030    81    26     4     4     1     1     0.00000000
   0.030    81    27     4     4     2    -1     0.00000000
   0.030    81    28     4     2     1     1     0.00000000
   0.030    81    29     4     2     2    -1     0.00000000
   0.030    81    30     4     4     2     1     0.00000000
   0.030    81    31     4     4     3    -1     0.00000000
   0.030    81    32     4     2     2     1     0.00000000
   0.030    81    33     4     4     3     1     0.00000000
   0.030    81    34     4     4     4    -1     0.00000000
   0.030    81    35     4     4     4     1     0.00000000
   0.030    81    36     5     5     0     1     0.00000000
   0.030    81    37     5     5     1    -1     0.00000000
   0.030    81    38     5     3     0     1     0.00000000
   0.030    81    39     5     3     1    -1     0.00000000
   0.030    81    40     5     1     0     1     0.00000000
   0.030    81    41     5     1     1    -1     0.00000000
   0.030    81    42     5     5     1     1     0.00000000
   0.030    81    43     5     5     2    -1     0.00000000
   0.030    81    44     5     3     1     1     0.00000000
   0.030    81    45     5     3     2    -1     0.00000000
   0.030    81    46     5     1     1     1     0.00000000
   0.030    81    47     5     5     2     1     0.00000000
   0.030    81    48     5     5     3    -1     0.00000000
   0.030    81    49     5     3     2     1     0.00000000
   0.030    81    50     5     3     3    -1     0.00000000
   0.030    81    51     5     5     3     1     0.00000000
   0.030    81    52     5     5     4    -1     0.00000000
   0.030    81    53     5     3     3     1     0.00000000
   0.030    81    54     5     5     4     1     0.00000000
   0.030    81    55     5     5     5    -1     0.00000000
   0.030    81    56     5     5     5     1     0.00000000
   0.030    81    57     6     6     0     1     0.00000000
   0.030    81    58     6     6     1    -1     0.00000000
   0.030    81    59     6     4     0     1     0.00000000
   0.030    81    60     6     4     1    -1     0.00000000
   0.030    81    61     6     2     0     1     0.00000000
   0.030    81    62     6     2     1    -1     0.00000000
   0.030    81    63     6     0     0     1     0.00000000
   0.030    81    64     6     6     1     1     0.00000000
   0.030    81    65     6     6     2    -1     0.00000000
   0.030    81    66     6     4     1     1     0.00000000
   0.030    81    67     6     4     2    -1     0.00000000
   0.030    81    68     6     2     1     1     0.00000000
   0.030    81    69     6     2     2    -1     0.00000000
   0.030    81    70     6     6     2     1     0.00000000
   0.030    81    71     6     6     3    -1     0.00000000
   0.030    81    72     6     4     2     1     0.00000000
   0.030    81    73     6     4     3    -1     0.00000000
   0.030    81    74     6     2     2     1     0.00000000
   0.030    81    75     6     6     3     1     0.00000000
   0.030    81    76     6     6     4    -1     0.00000000
   0.030    81    77     6     4     3     1     0.00000000
   0.030    81    78     6     4     4    -1     0.00000000
   0.030    81    79     6     6     4     1     0.00000000
   0.030    81    80     6     6     5    -1     0.00000000
   0.030    81    81     6     4     4     1     0.00000000
   0.030    81    82     6     6     5     1     0.00000000
   0.030    81    83     6     6     6    -1     0.00000000
   0.030    81    84     6     6     6     1     0.00000000
   0.030    81    85     7     7     0     1     0.00000000
   0.030    81    86     7     7     1    -1     0.00000000
   0.030    81    87     7     5     0     1     0.00000000
   0.030    81    88     7     5     1    -1     0.00000000
   0.030    81    89     7     3     0     1     0.00000000
   0.030    81    90     7     3     1    -1     0.00000000
   0.030    81    91     7     1     0     1     0.00000000
   0.030    81    92     7     1     1    -1     0.00000000
   0.030    81    93     7     7     1     1     0.00000000
   0.030    81    94     7     7     2    -1     0.00000000
   0.030    81    95     7     5     1     1     0.00000000
   0.030    81    96     7     5     2    -1     0.00000000
   0.030    81    97     7     3     1     1     0.00000000
   0.030    81    98     7     3     2    -1     0.00000000
   0.030    81    99     7     1     1     1     0.00000000
   0.030    81   100     7     7     2     1     0.00000000
   0.030    81   101     7     7     3    -1     0.00000000
   0.030    81   102     7     5     2     1     0.00000000
   0.030    81   103     7     5     3    -1     0.00000000
   0.030    81   104     7     3     2     1     0.00000000
   0.030    81   105     7     3     3    -1     0.00000000
   0.030    81   106     7     7     3     1     0.00000000
   0.030    81   107     7     7     4    -1     0.00000000
   0.030    81   108     7     5     3     1     0.00000000
   0.030    81   109     7     5     4    -1     0.00000000
   0.030    81   110     7     3     3     1     0.00000000
   0.030    81   111     7     7     4     1     0.00000000
   0.030    81   112     7     7     5    -1     0.00000000
   0.030    81   113     7     5     4     1     0.00000000
   0.030    81   114     7     5     5    -1     0.00000000
   0.030    81   115     7     7     5     1     0.00000000
   0.030    81   116     7     7     6    -1     0.00000000
   0.030    81   117     7     5     5     1     0.00000000
   0.030    81   118     7     7     6     1    -0.96853645
   0.030    81   119     7     7     7    -1    -0.24887173
   0.030    81   120     7     7     7     1    -0.00000000
   0.030    82     1     0     0     0     1     0.00000000
   0.030    82     2     1     1     0     1     0.00000000
   0.030    82     3     1     1     1    -1     0.00000000
   0.030    82     4     1     1     1     1     0.00000000
   0.030    82     5     2     2     0     1     0.00000000
   0.030    82     6     2     2     1    -1     0.00000000
   0.030    82     7     2     0     0     1     0.00000000
   0.030    82     8     2     2     1     1     0.00000000
   0.030    82     9     2     2     2    -1     0.00000000
   0.030    82    10     2     2     2     1     0.00000000
   0.030    82    11     3     3     0     1     0.00000000
   0.030    82    12     3     3     1    -1     0.00000000
   0.030    82    13     3     1     0     1     0.00000000
   0.030    82    14     3     1     1    -1     0.00000000
   0.030    82    15     3     3     1     1     0.00000000
   0.030    82    16     3     3     2    -1     0.00000000
   0.030    82    17     3     1     1     1     0.00000000
   0.030    82    18     3     3     2     1     0.00000000
   0.030    82    19     3     3     3    -1     0.00000000
   0.030    82    20     3     3     3     1     0.00000000
   0.030    82    21     4     4     0     1     0.00000000
   0.030    82    22     4     4     1    -1     0.00000000
   0.030    82    23     4     2     0     1     0.00000000
   0.030    82    24     4     2     1    -1     0.00000000
   0.030    82    25     4     0     0     1     0.00000000
   0.030    82    26     4     4     1     1     0.00000000
   0.030    82    27     4     4     2    -1     0.00000000
   0.030    82    28     4     2     1     1     0.00000000
   0.030    82    29     4     2     2    -1     0.00000000
   0.030    82    30     4     4     2     1     0.00000000
   0.030    82    31     4     4     3    -1     0.00000000
   0.030    82    32     4     2     2     1     0.00000000
   0.030    82    33     4     4     3     1     0.00000000
   0.030    82    34     4     4     4    -1     0.00000000
   0.030    82    35     4     4     4     1     0.00000000
   0.030    82    36     5     5     0     1     0.00000000
   0.030    82    37     5     5     1    -1     0.00000000
   0.030    82    38     5     3     0     1     0.00000000
   0.030    82    39     5     3     1    -1     0.00000000
   0.030    82    40     5     1     0     1     0.00000000
   0.030    82    41     5     1     1    -1     0.00000000
   0.030    82    42     5     5     1     1     0.00000000
   0.030    82    43     5     5     2    -1     0.00000000
   0.030    82    44     5     3     1     1     0.00000000
   0.030    82    45     5     3     2    -1     0.00000000
   0.030    82    46     5     1     1     1     0.00000000
   0.030    82    47     5     5     2     1     0.00000000
   0.030    82    48     5     5     3    -1     0.00000000
   0.030    82    49     5     3     2     1     0.00000000
   0.030    82    50     5     3     3    -1     0.00000000
   0.030    82    51     5     5     3     1     0.00000000
   0.030    82    52     5     5     4    -1     0.00000000
   0.030    82    53     5     3     3     1     0.00000000
   0.030    82    54     5     5     4     1     0.00000000
   0.030    82    55     5     5     5    -1     0.00000000
   0.030    82    56     5     5     5     1     0.00000000
   0.030    82    57     6     6     0     1     0.00000000
   0.030    82    58     6     6     1    -1     0.00000000
   0.030    82    59     6     4     0     1     0.00000000
   0.030    82    60     6     4     1    -1     0.00000000
   0.030    82    61     6     2     0     1     0.00000000
   0.030    82    62     6     2     1    -1     0.00000000
   0.030    82    63     6     0     0     1     0.00000000
   0.030    82    64     6     6     1     1     0.00000000
   0.030    82    65     6     6     2    -1     0.00000000
   0.030    82    66     6     4     1     1     0.00000000
   0.030    82    67     6     4     2    -1     0.00000000
   0.030    82    68     6     2     1     1     0.00000000
   0.030    82    69     6     2     2    -1     0.00000000
   0.030    82    70     6     6     2     1     0.00000000
   0.030    82    71     6     6     3    -1     0.00000000
   0.030    82    72     6     4     2     1     0.00000000
   0.030    82    73     6     4     3    -1     0.00000000
   0.030    82    74     6     2     2     1     0.00000000
   0.030    82    75     6     6     3     1     0.00000000
   0.030    82    76     6     6     4    -1     0.00000000
   0.030    82    77     6     4     3     1     0.00000000
   0.030    82    78     6     4     4    -1     0.00000000
   0.030    82    79     6     6     4     1     0.00000000
   0.030    82    80     6     6     5    -1     0.00000000
   0.030    82    81     6     4     4     1     0.00000000
   0.030    82    82     6     6     5     1     0.00000000
   0.030    82    83     6     6     6    -1     0.00000000
   0.030    82    84     6     6     6     1     0.00000000
   0.030    82    85     7     7     0     1     0.00000000
   0.030    82    86     7     7     1    -1     0.00000000
   0.030    82    87     7     5     0     1     0.00000000
   0.030    82    88     7     5     1    -1     0.00000000
   0.030    82    89     7     3     0     1     0.00000000
   0.030    82    90     7     3     1    -1     0.00000000
   0.030    82    91     7     1     0     1     0.00000000
   0.030    82    92     7     1     1    -1     0.00000000
   0.030    82    93     7     7     1     1     0.00000000
   0.030    82    94     7     7     2    -1     0.00000000
   0.030    82    95     7     5     1     1     0.00000000
   0.030    82    96     7     5     2    -1     0.00000000
   0.030    82    97     7     3     1     1     0.00000000
   0.030    82    98     7     3     2    -1     0.00000000
   0.030    82    99     7     1     1     1     0.00000000
   0.030    82   100     7     7     2     1     0.00000000
   0.030    82   101     7     7     3    -1     0.00000000
   0.030    82   102     7     5     2     1     0.00000000
   0.030    82   103     7     5     3    -1     0.00000000
   0.030    82   104     7     3     2     1     0.00000000
   0.030    82   105     7     3     3    -1     0.00000000
   0.030    82   106     7     7     3     1     0.00000000
   0.030    82   107     7     7     4    -1     0.00000000
   0.030    82   108     7     5     3     1     0.00000000
   0.030    82   109     7     5     4    -1     0.00000000
   0.030    82   110     7     3     3     1     0.00000000
   0.030    82   111     7     7     4     1     0.00000000
   0.030    82   112     7     7     5    -1     0.00000000
   0.030    82   113     7     5     4     1     0.00000000
   0.030    82   114     7     5     5    -1     0.00000000
   0.030    82   115     7     7     5     1     0.00000000
   0.030    82   116     7     7     6    -1     0.00000000
   0.030    82   117     7     5     5     1     0.00000000
   0.030    82   118     7     7     6     1     0.00000000
   0.030    82   119     7     7     7    -1     0.00000000
   0.030    82   120     7     7     7     1     1.00000000
   0.030    83     1     0     0     0     1     0.00000014
   0.030    83     2     1     1     0     1     0.00000000
   0.030    83     3     1     1     1    -1     0.00000000
   0.030    83     4     1     1     1     1     0.00000000
   0.030    83     5     2     2     0     1    -0.00007779
   0.030    83     6     2     2     1    -1    -0.00000763
   0.030    83     7     2     0     0     1    -0.00003870
   0.030    83     8     2     2     1     1     0.00000000
   0.030    83     9     2     2     2    -1    -0.00000000
   0.030    83    10     2     2     2     1    -0.00000000
   0.030    83    11     3     3     0     1    -0.00000000
   0.030    83    12     3     3     1    -1    -0.00000000
   0.030    83    13     3     1     0     1     0.00000000
   0.030    83    14     3     1     1    -1    -0.00000000
   0.030    83    15     3     3     1     1    -0.00000000
   0.030    83    16     3     3     2    -1     0.00000000
   0.030    83    17     3     1     1     1     0.00000000
   0.030    83    18     3     3     2     1     0.00000000
   0.030    83    19     3     3     3    -1    -0.00000000
   0.030    83    20     3     3     3     1     0.00000000
   0.030    83    21     4     4     0     1     0.00367356
   0.030    83    22     4     4     1    -1     0.00238823
   0.030    83    23     4     2     0     1     0.00704734
   0.030    83    24     4     2     1    -1     0.00236317
   0.030    83    25     4     0     0     1     0.01384912
   0.030    83    26     4     4     1     1     0.00000000
   0.030    83    27     4     4     2    -1    -0.00000000
   0.030    83    28     4     2     1     1    -0.00000000
   0.030    83    29     4     2     2    -1    -0.00000000
   0.030    83    30     4     4     2     1    -0.00000000
   0.030    83    31     4     4     3    -1    -0.00000000
   0.030    83    32     4     2     2     1    -0.00000000
   0.030    83    33     4     4     3     1    -0.00000000
   0.030    83    34     4     4     4    -1    -0.00000000
   0.030    83    35     4     4     4     1     0.00000000
   0.030    83    36     5     5     0     1     0.00000000
   0.030    83    37     5     5     1    -1    -0.00000000
   0.030    83    38     5     3     0     1    -0.00000000
   0.030    83    39     5     3     1    -1     0.00000000
   0.030    83    40     5     1     0     1     0.00000000
   0.030    83    41     5     1     1    -1     0.00000000
   0.030    83    42     5     5     1     1     0.00000000
   0.030    83    43     5     5     2    -1    -0.00000000
   0.030    83    44     5     3     1     1    -0.00000000
   0.030    83    45     5     3     2    -1     0.00000000
   0.030    83    46     5     1     1     1    -0.00000000
   0.030    83    47     5     5     2     1    -0.00000000
   0.030    83    48     5     5     3    -1     0.00000000
   0.030    83    49     5     3     2     1    -0.00000000
   0.030    83    50     5     3     3    -1    -0.00000000
   0.030    83    51     5     5     3     1    -0.00000000
   0.030    83    52     5     5     4    -1     0.00000000
   0.030    83    53     5     3     3     1     0.00000000
   0.030    83    54     5     5     4     1    -0.00000000
   0.030    83    55     5     5     5    -1     0.00000000
   0.030    83    56     5     5     5     1     0.00000000
   0.030    83    57     6     6     0     1    -0.00006246
   0.030    83    58     6     6     1    -1    -0.00001697
   0.030    83    59     6     4     0     1     0.00118769
   0.030    83    60     6     4     1    -1    -0.00206125
   0.030    83    61     6     2     0     1    -0.79914197
   0.030    83    62     6     2     1    -1    -0.60091586
   0.030    83    63     6     0     0     1     0.00057348
   0.030    83    64     6     6     1     1    -0.00000000
   0.030    83    65     6     6     2    -1     0.00000000
   0.030    83    66     6     4     1     1     0.00000000
   0.030    83    67     6     4     2    -1    -0.00000000
   0.030    83    68     6     2     1     1    -0.00000000
   0.030    83    69     6     2     2    -1    -0.00000000
   0.030    83    70     6     6     2     1    -0.00000000
   0.030    83    71     6     6     3    -1     0.00000000
   0.030    83    72     6     4     2     1     0.00000000
   0.030    83    73     6     4     3    -1    -0.00000000
   0.030    83    74     6     2     2     1     0.00000000
   0.030    83    75     6     6     3     1     0.00000000
   0.030    83    76     6     6     4    -1    -0.00000000
   0.030    83    77     6     4     3     1     0.00000000
   0.030    83    78     6     4     4    -1     0.00000000
   0.030    83    79     6     6     4     1    -0.00000000
   0.030    83    80     6     6     5    -1     0.00000000
   0.030    83    81     6     4     4     1    -0.00000000
   0.030    83    82     6     6     5     1     0.00000000
   0.030    83    83     6     6     6    -1    -0.00000000
   0.030    83    84     6     6     6     1     0.00000000
   0.030    83    85     7     7     0     1    -0.00000000
   0.030    83    86     7     7     1    -1    -0.00000000
   0.030    83    87     7     5     0     1    -0.00000000
   0.030    83    88     7     5     1    -1    -0.00000000
   0.030    83    89     7     3     0     1     0.00000000
   0.030    83    90     7     3     1    -1     0.00000000
   0.030    83    91     7     1     0     1    -0.00000000
   0.030    83    92     7     1     1    -1    -0.00000000
   0.030    83    93     7     7     1     1    -0.00000000
   0.030    83    94     7     7     2    -1     0.00000000
   0.030    83    95     7     5     1     1     0.00000000
   0.030    83    96     7     5     2    -1    -0.00000000
   0.030    83    97     7     3     1     1     0.00000000
   0.030    83    98     7     3     2    -1    -0.00000000
   0.030    83    99     7     1     1     1     0.00000000
   0.030    83   100     7     7     2     1    -0.00000000
   0.030    83   101     7     7     3    -1     0.00000000
   0.030    83   102     7     5     2     1    -0.00000000
   0.030    83   103     7     5     3    -1     0.00000000
   0.030    83   104     7     3     2     1    -0.00000000
   0.030    83   105     7     3     3    -1     0.00000000
   0.030    83   106     7     7     3     1    -0.00000000
   0.030    83   107     7     7     4    -1     0.00000000
   0.030    83   108     7     5     3     1     0.00000000
   0.030    83   109     7     5     4    -1     0.00000000
   0.030    83   110     7     3     3     1    -0.00000000
   0.030    83   111     7     7     4     1    -0.00000000
   0.030    83   112     7     7     5    -1    -0.00000000
   0.030    83   113     7     5     4     1     0.00000000
   0.030    83   114     7     5     5    -1    -0.00000000
   0.030    83   115     7     7     5     1     0.00000000
   0.030    83   116     7     7     6    -1     0.00000000
   0.030    83   117     7     5     5     1     0.00000000
   0.030    83   118     7     7     6     1     0.00000000
   0.030    83   119     7     7     7    -1     0.00000000
   0.030    83   120     7     7     7     1     0.00000000
   0.030    84     1     0     0     0     1    -0.00000000
   0.030    84     2     1     1     0     1    -0.00000000
   0.030    84     3     1     1     1    -1     0.00000000
   0.030    84     4     1     1     1     1    -0.00000000
   0.030    84     5     2     2     0     1    -0.00000000
   0.030    84     6     2     2     1    -1     0.00000000
   0.030    84     7     2     0     0     1     0.00000000
   0.030    84     8     2     2     1     1    -0.00001650
   0.030    84     9     2     2     2    -1    -0.00001236
   0.030    84    10     2     2     2     1    -0.00000000
   0.030    84    11     3     3     0     1     0.00000000
   0.030    84    12     3     3     1    -1     0.00000000
   0.030    84    13     3     1     0     1     0.00000000
   0.030    84    14     3     1     1    -1     0.00000000
   0.030    84    15     3     3     1     1     0.00000000
   0.030    84    16     3     3     2    -1     0.00000000
   0.030    84    17     3     1     1     1     0.00000000
   0.030    84    18     3     3     2     1    -0.00000000
   0.030    84    19     3     3     3    -1    -0.00000000
   0.030    84    20     3     3     3     1     0.00000000
   0.030    84    21     4     4     0     1    -0.00000000
   0.030    84    22     4     4     1    -1    -0.00000000
   0.030    84    23     4     2     0     1     0.00000000
   0.030    84    24     4     2     1    -1    -0.00000000
   0.030    84    25     4     0     0     1    -0.00000000
   0.030    84    26     4     4     1     1     0.00395319
   0.030    84    27     4     4     2    -1     0.00082494
   0.030    84    28     4     2     1     1     0.00424680
   0.030    84    29     4     2     2    -1    -0.00378426
   0.030    84    30     4     4     2     1     0.00000000
   0.030    84    31     4     4     3    -1    -0.00000000
   0.030    84    32     4     2     2     1     0.00000000
   0.030    84    33     4     4     3     1     0.00000000
   0.030    84    34     4     4     4    -1    -0.00000000
   0.030    84    35     4     4     4     1    -0.00000000
   0.030    84    36     5     5     0     1    -0.00000000
   0.030    84    37     5     5     1    -1     0.00000000
   0.030    84    38     5     3     0     1     0.00000000
   0.030    84    39     5     3     1    -1    -0.00000000
   0.030    84    40     5     1     0     1     0.00000000
   0.030    84    41     5     1     1    -1     0.00000000
   0.030    84    42     5     5     1     1    -0.00000000
   0.030    84    43     5     5     2    -1     0.00000000
   0.030    84    44     5     3     1     1    -0.00000000
   0.030    84    45     5     3     2    -1     0.00000000
   0.030    84    46     5     1     1     1    -0.00000000
   0.030    84    47     5     5     2     1    -0.00000000
   0.030    84    48     5     5     3    -1     0.00000000
   0.030    84    49     5     3     2     1     0.00000000
   0.030    84    50     5     3     3    -1     0.00000000
   0.030    84    51     5     5     3     1    -0.00000000
   0.030    84    52     5     5     4    -1     0.00000000
   0.030    84    53     5     3     3     1     0.00000000
   0.030    84    54     5     5     4     1     0.00000000
   0.030    84    55     5     5     5    -1    -0.00000000
   0.030    84    56     5     5     5     1     0.00000000
   0.030    84    57     6     6     0     1    -0.00000000
   0.030    84    58     6     6     1    -1     0.00000000
   0.030    84    59     6     4     0     1    -0.00000000
   0.030    84    60     6     4     1    -1     0.00000000
   0.030    84    61     6     2     0     1     0.00000000
   0.030    84    62     6     2     1    -1     0.00000000
   0.030    84    63     6     0     0     1     0.00000000
   0.030    84    64     6     6     1     1    -0.00007547
   0.030    84    65     6     6     2    -1     0.00002257
   0.030    84    66     6     4     1     1     0.00243241
   0.030    84    67     6     4     2    -1    -0.00389052
   0.030    84    68     6     2     1     1    -0.93035253
   0.030    84    69     6     2     2    -1    -0.36657121
   0.030    84    70     6     6     2     1     0.00000000
   0.030    84    71     6     6     3    -1    -0.00000000
   0.030    84    72     6     4     2     1     0.00000000
   0.030    84    73     6     4     3    -1     0.00000000
   0.030    84    74     6     2     2     1     0.00000000
   0.030    84    75     6     6     3     1    -0.00000000
   0.030    84    76     6     6     4    -1     0.00000000
   0.030    84    77     6     4     3     1     0.00000000
   0.030    84    78     6     4     4    -1    -0.00000000
   0.030    84    79     6     6     4     1     0.00000000
   0.030    84    80     6     6     5    -1    -0.00000000
   0.030    84    81     6     4     4     1    -0.00000000
   0.030    84    82     6     6     5     1     0.00000000
   0.030    84    83     6     6     6    -1     0.00000000
   0.030    84    84     6     6     6     1    -0.00000000
   0.030    84    85     7     7     0     1     0.00000000
   0.030    84    86     7     7     1    -1     0.00000000
   0.030    84    87     7     5     0     1     0.00000000
   0.030    84    88     7     5     1    -1     0.00000000
   0.030    84    89     7     3     0     1    -0.00000000
   0.030    84    90     7     3     1    -1    -0.00000000
   0.030    84    91     7     1     0     1    -0.00000000
   0.030    84    92     7     1     1    -1     0.00000000
   0.030    84    93     7     7     1     1     0.00000000
   0.030    84    94     7     7     2    -1    -0.00000000
   0.030    84    95     7     5     1     1    -0.00000000
   0.030    84    96     7     5     2    -1     0.00000000
   0.030    84    97     7     3     1     1     0.00000000
   0.030    84    98     7     3     2    -1     0.00000000
   0.030    84    99     7     1     1     1     0.00000000
   0.030    84   100     7     7     2     1     0.00000000
   0.030    84   101     7     7     3    -1     0.00000000
   0.030    84   102     7     5     2     1    -0.00000000
   0.030    84   103     7     5     3    -1     0.00000000
   0.030    84   104     7     3     2     1    -0.00000000
   0.030    84   105     7     3     3    -1    -0.00000000
   0.030    84   106     7     7     3     1     0.00000000
   0.030    84   107     7     7     4    -1    -0.00000000
   0.030    84   108     7     5     3     1     0.00000000
   0.030    84   109     7     5     4    -1    -0.00000000
   0.030    84   110     7     3     3     1    -0.00000000
   0.030    84   111     7     7     4     1    -0.00000000
   0.030    84   112     7     7     5    -1    -0.00000000
   0.030    84   113     7     5     4     1     0.00000000
   0.030    84   114     7     5     5    -1     0.00000000
   0.030    84   115     7     7     5     1     0.00000000
   0.030    84   116     7     7     6    -1     0.00000000
   0.030    84   117     7     5     5     1     0.00000000
   0.030    84   118     7     7     6     1     0.00000000
   0.030    84   119     7     7     7    -1     0.00000000
   0.030    84   120     7     7     7     1     0.00000000
   0.030    85     1     0     0     0     1    -0.00000006
   0.030    85     2     1     1     0     1     0.00000000
   0.030    85     3     1     1     1    -1    -0.00000000
   0.030    85     4     1     1     1     1    -0.00000000
   0.030    85     5     2     2     0     1     0.00003586
   0.030    85     6     2     2     1    -1    -0.00002463
   0.030    85     7     2     0     0     1     0.00004405
   0.030    85     8     2     2     1     1    -0.00000000
   0.030    85     9     2     2     2    -1    -0.00000000
   0.030    85    10     2     2     2     1     0.00000000
   0.030    85    11     3     3     0     1    -0.00000000
   0.030    85    12     3     3     1    -1     0.00000000
   0.030    85    13     3     1     0     1     0.00000000
   0.030    85    14     3     1     1    -1     0.00000000
   0.030    85    15     3     3     1     1     0.00000000
   0.030    85    16     3     3     2    -1    -0.00000000
   0.030    85    17     3     1     1     1     0.00000000
   0.030    85    18     3     3     2     1    -0.00000000
   0.030    85    19     3     3     3    -1    -0.00000000
   0.030    85    20     3     3     3     1    -0.00000000
   0.030    85    21     4     4     0     1    -0.00399419
   0.030    85    22     4     4     1    -1     0.00394469
   0.030    85    23     4     2     0     1    -0.00809431
   0.030    85    24     4     2     1    -1     0.00859734
   0.030    85    25     4     0     0     1    -0.00002213
   0.030    85    26     4     4     1     1    -0.00000000
   0.030    85    27     4     4     2    -1    -0.00000000
   0.030    85    28     4     2     1     1    -0.00000000
   0.030    85    29     4     2     2    -1     0.00000000
   0.030    85    30     4     4     2     1    -0.00000000
   0.030    85    31     4     4     3    -1    -0.00000000
   0.030    85    32     4     2     2     1    -0.00000000
   0.030    85    33     4     4     3     1    -0.00000000
   0.030    85    34     4     4     4    -1     0.00000000
   0.030    85    35     4     4     4     1    -0.00000000
   0.030    85    36     5     5     0     1     0.00000000
   0.030    85    37     5     5     1    -1    -0.00000000
   0.030    85    38     5     3     0     1    -0.00000000
   0.030    85    39     5     3     1    -1     0.00000000
   0.030    85    40     5     1     0     1     0.00000000
   0.030    85    41     5     1     1    -1     0.00000000
   0.030    85    42     5     5     1     1    -0.00000000
   0.030    85    43     5     5     2    -1     0.00000000
   0.030    85    44     5     3     1     1     0.00000000
   0.030    85    45     5     3     2    -1    -0.00000000
   0.030    85    46     5     1     1     1     0.00000000
   0.030    85    47     5     5     2     1     0.00000000
   0.030    85    48     5     5     3    -1    -0.00000000
   0.030    85    49     5     3     2     1    -0.00000000
   0.030    85    50     5     3     3    -1    -0.00000000
   0.030    85    51     5     5     3     1    -0.00000000
   0.030    85    52     5     5     4    -1     0.00000000
   0.030    85    53     5     3     3     1    -0.00000000
   0.030    85    54     5     5     4     1     0.00000000
   0.030    85    55     5     5     5    -1    -0.00000000
   0.030    85    56     5     5     5     1     0.00000000
   0.030    85    57     6     6     0     1     0.00013187
   0.030    85    58     6     6     1    -1    -0.00013624
   0.030    85    59     6     4     0     1     0.66183894
   0.030    85    60     6     4     1    -1    -0.74952760
   0.030    85    61     6     2     0     1     0.00128698
   0.030    85    62     6     2     1    -1     0.00209649
   0.030    85    63     6     0     0     1    -0.00075339
   0.030    85    64     6     6     1     1     0.00000000
   0.030    85    65     6     6     2    -1    -0.00000000
   0.030    85    66     6     4     1     1     0.00000000
   0.030    85    67     6     4     2    -1    -0.00000000
   0.030    85    68     6     2     1     1    -0.00000000
   0.030    85    69     6     2     2    -1    -0.00000000
   0.030    85    70     6     6     2     1     0.00000000
   0.030    85    71     6     6     3    -1    -0.00000000
   0.030    85    72     6     4     2     1    -0.00000000
   0.030    85    73     6     4     3    -1     0.00000000
   0.030    85    74     6     2     2     1    -0.00000000
   0.030    85    75     6     6     3     1    -0.00000000
   0.030    85    76     6     6     4    -1     0.00000000
   0.030    85    77     6     4     3     1    -0.00000000
   0.030    85    78     6     4     4    -1    -0.00000000
   0.030    85    79     6     6     4     1    -0.00000000
   0.030    85    80     6     6     5    -1     0.00000000
   0.030    85    81     6     4     4     1    -0.00000000
   0.030    85    82     6     6     5     1     0.00000000
   0.030    85    83     6     6     6    -1    -0.00000000
   0.030    85    84     6     6     6     1     0.00000000
   0.030    85    85     7     7     0     1    -0.00000000
   0.030    85    86     7     7     1    -1     0.00000000
   0.030    85    87     7     5     0     1    -0.00000000
   0.030    85    88     7     5     1    -1    -0.00000000
   0.030    85    89     7     3     0     1    -0.00000000
   0.030    85    90     7     3     1    -1    -0.00000000
   0.030    85    91     7     1     0     1     0.00000000
   0.030    85    92     7     1     1    -1    -0.00000000
   0.030    85    93     7     7     1     1     0.00000000
   0.030    85    94     7     7     2    -1    -0.00000000
   0.030    85    95     7     5     1     1    -0.00000000
   0.030    85    96     7     5     2    -1     0.00000000
   0.030    85    97     7     3     1     1    -0.00000000
   0.030    85    98     7     3     2    -1     0.00000000
   0.030    85    99     7     1     1     1     0.00000000
   0.030    85   100     7     7     2     1     0.00000000
   0.030    85   101     7     7     3    -1     0.00000000
   0.030    85   102     7     5     2     1    -0.00000000
   0.030    85   103     7     5     3    -1     0.00000000
   0.030    85   104     7     3     2     1    -0.00000000
   0.030    85   105     7     3     3    -1    -0.00000000
   0.030    85   106     7     7     3     1     0.00000000
   0.030    85   107     7     7     4    -1    -0.00000000
   0.030    85   108     7     5     3     1     0.00000000
   0.030    85   109     7     5     4    -1    -0.00000000
   0.030    85   110     7     3     3     1    -0.00000000
   0.030    85   111     7     7     4     1    -0.00000000
   0.030    85   112     7     7     5    -1     0.00000000
   0.030    85   113     7     5     4     1     0.00000000
   0.030    85   114     7     5     5    -1     0.00000000
   0.030    85   115     7     7     5     1     0.00000000
   0.030    85   116     7     7     6    -1     0.00000000
   0.030    85   117     7     5     5     1     0.00000000
   0.030    85   118     7     7     6     1     0.00000000
   0.030    85   119     7     7     7    -1     0.00000000
   0.030    85   120     7     7     7     1     0.00000000
   0.030    86     1     0     0     0     1     0.00000000
   0.030    86     2     1     1     0     1    -0.00000000
   0.030    86     3     1     1     1    -1     0.00000000
   0.030    86     4     1     1     1     1     0.00000000
   0.030    86     5     2     2     0     1    -0.00000000
   0.030    86     6     2     2     1    -1     0.00000000
   0.030    86     7     2     0     0     1    -0.00000000
   0.030    86     8     2     2     1     1     0.00001557
   0.030    86     9     2     2     2    -1     0.00001550
   0.030    86    10     2     2     2     1    -0.00000000
   0.030    86    11     3     3     0     1     0.00000000
   0.030    86    12     3     3     1    -1     0.00000000
   0.030    86    13     3     1     0     1    -0.00000000
   0.030    86    14     3     1     1    -1     0.00000000
   0.030    86    15     3     3     1     1     0.00000000
   0.030    86    16     3     3     2    -1    -0.00000000
   0.030    86    17     3     1     1     1    -0.00000000
   0.030    86    18     3     3     2     1     0.00000000
   0.030    86    19     3     3     3    -1     0.00000000
   0.030    86    20     3     3     3     1     0.00000000
   0.030    86    21     4     4     0     1     0.00000000
   0.030    86    22     4     4     1    -1    -0.00000000
   0.030    86    23     4     2     0     1     0.00000000
   0.030    86    24     4     2     1    -1    -0.00000000
   0.030    86    25     4     0     0     1    -0.00000000
   0.030    86    26     4     4     1     1    -0.00274575
   0.030    86    27     4     4     2    -1     0.00214969
   0.030    86    28     4     2     1     1    -0.00608055
   0.030    86    29     4     2     2    -1     0.00694576
   0.030    86    30     4     4     2     1     0.00000000
   0.030    86    31     4     4     3    -1     0.00000000
   0.030    86    32     4     2     2     1     0.00000000
   0.030    86    33     4     4     3     1    -0.00000000
   0.030    86    34     4     4     4    -1    -0.00000000
   0.030    86    35     4     4     4     1    -0.00000000
   0.030    86    36     5     5     0     1     0.00000000
   0.030    86    37     5     5     1    -1    -0.00000000
   0.030    86    38     5     3     0     1     0.00000000
   0.030    86    39     5     3     1    -1    -0.00000000
   0.030    86    40     5     1     0     1     0.00000000
   0.030    86    41     5     1     1    -1     0.00000000
   0.030    86    42     5     5     1     1    -0.00000000
   0.030    86    43     5     5     2    -1     0.00000000
   0.030    86    44     5     3     1     1    -0.00000000
   0.030    86    45     5     3     2    -1     0.00000000
   0.030    86    46     5     1     1     1    -0.00000000
   0.030    86    47     5     5     2     1     0.00000000
   0.030    86    48     5     5     3    -1    -0.00000000
   0.030    86    49     5     3     2     1    -0.00000000
   0.030    86    50     5     3     3    -1     0.00000000
   0.030    86    51     5     5     3     1     0.00000000
   0.030    86    52     5     5     4    -1    -0.00000000
   0.030    86    53     5     3     3     1    -0.00000000
   0.030    86    54     5     5     4     1    -0.00000000
   0.030    86    55     5     5     5    -1     0.00000000
   0.030    86    56     5     5     5     1     0.00000000
   0.030    86    57     6     6     0     1     0.00000000
   0.030    86    58     6     6     1    -1     0.00000000
   0.030    86    59     6     4     0     1    -0.00000000
   0.030    86    60     6     4     1    -1     0.00000000
   0.030    86    61     6     2     0     1     0.00000000
   0.030    86    62     6     2     1    -1     0.00000000
   0.030    86    63     6     0     0     1    -0.00000000
   0.030    86    64     6     6     1     1     0.00007392
   0.030    86    65     6     6     2    -1    -0.00007480
   0.030    86    66     6     4     1     1     0.56254016
   0.030    86    67     6     4     2    -1    -0.82669865
   0.030    86    68     6     2     1     1     0.00430093
   0.030    86    69     6     2     2    -1     0.00142412
   0.030    86    70     6     6     2     1    -0.00000000
   0.030    86    71     6     6     3    -1     0.00000000
   0.030    86    72     6     4     2     1    -0.00000000
   0.030    86    73     6     4     3    -1     0.00000000
   0.030    86    74     6     2     2     1    -0.00000000
   0.030    86    75     6     6     3     1    -0.00000000
   0.030    86    76     6     6     4    -1     0.00000000
   0.030    86    77     6     4     3     1    -0.00000000
   0.030    86    78     6     4     4    -1     0.00000000
   0.030    86    79     6     6     4     1    -0.00000000
   0.030    86    80     6     6     5    -1     0.00000000
   0.030    86    81     6     4     4     1     0.00000000
   0.030    86    82     6     6     5     1    -0.00000000
   0.030    86    83     6     6     6    -1     0.00000000
   0.030    86    84     6     6     6     1    -0.00000000
   0.030    86    85     7     7     0     1    -0.00000000
   0.030    86    86     7     7     1    -1    -0.00000000
   0.030    86    87     7     5     0     1     0.00000000
   0.030    86    88     7     5     1    -1     0.00000000
   0.030    86    89     7     3     0     1     0.00000000
   0.030    86    90     7     3     1    -1    -0.00000000
   0.030    86    91     7     1     0     1    -0.00000000
   0.030    86    92     7     1     1    -1    -0.00000000
   0.030    86    93     7     7     1     1     0.00000000
   0.030    86    94     7     7     2    -1    -0.00000000
   0.030    86    95     7     5     1     1    -0.00000000
   0.030    86    96     7     5     2    -1     0.00000000
   0.030    86    97     7     3     1     1     0.00000000
   0.030    86    98     7     3     2    -1     0.00000000
   0.030    86    99     7     1     1     1     0.00000000
   0.030    86   100     7     7     2     1    -0.00000000
   0.030    86   101     7     7     3    -1    -0.00000000
   0.030    86   102     7     5     2     1     0.00000000
   0.030    86   103     7     5     3    -1    -0.00000000
   0.030    86   104     7     3     2     1     0.00000000
   0.030    86   105     7     3     3    -1    -0.00000000
   0.030    86   106     7     7     3     1    -0.00000000
   0.030    86   107     7     7     4    -1     0.00000000
   0.030    86   108     7     5     3     1    -0.00000000
   0.030    86   109     7     5     4    -1     0.00000000
   0.030    86   110     7     3     3     1     0.00000000
   0.030    86   111     7     7     4     1     0.00000000
   0.030    86   112     7     7     5    -1    -0.00000000
   0.030    86   113     7     5     4     1    -0.00000000
   0.030    86   114     7     5     5    -1    -0.00000000
   0.030    86   115     7     7     5     1     0.00000000
   0.030    86   116     7     7     6    -1     0.00000000
   0.030    86   117     7     5     5     1     0.00000000
   0.030    86   118     7     7     6     1     0.00000000
   0.030    86   119     7     7     7    -1     0.00000000
   0.030    86   120     7     7     7     1     0.00000000
   0.030    87     1     0     0     0     1     0.00000000
   0.030    87     2     1     1     0     1     0.00000000
   0.030    87     3     1     1     1    -1     0.00000000
   0.030    87     4     1     1     1     1    -0.00000000
   0.030    87     5     2     2     0     1     0.00000000
   0.030    87     6     2     2     1    -1    -0.00000000
   0.030    87     7     2     0     0     1    -0.00000000
   0.030    87     8     2     2     1     1    -0.00000000
   0.030    87     9     2     2     2    -1     0.00000000
   0.030    87    10     2     2     2     1     0.00000457
   0.030    87    11     3     3     0     1    -0.00000000
   0.030    87    12     3     3     1    -1    -0.00000000
   0.030    87    13     3     1     0     1    -0.00000000
   0.030    87    14     3     1     1    -1    -0.00000000
   0.030    87    15     3     3     1     1    -0.00000000
   0.030    87    16     3     3     2    -1     0.00000000
   0.030    87    17     3     1     1     1    -0.00000000
   0.030    87    18     3     3     2     1    -0.00000000
   0.030    87    19     3     3     3    -1    -0.00000000
   0.030    87    20     3     3     3     1     0.00000000
   0.030    87    21     4     4     0     1     0.00000000
   0.030    87    22     4     4     1    -1    -0.00000000
   0.030    87    23     4     2     0     1     0.00000000
   0.030    87    24     4     2     1    -1     0.00000000
   0.030    87    25     4     0     0     1    -0.00000000
   0.030    87    26     4     4     1     1     0.00000000
   0.030    87    27     4     4     2    -1    -0.00000000
   0.030    87    28     4     2     1     1     0.00000000
   0.030    87    29     4     2     2    -1    -0.00000000
   0.030    87    30     4     4     2     1     0.00104857
   0.030    87    31     4     4     3    -1     0.00171602
   0.030    87    32     4     2     2     1     0.00238903
   0.030    87    33     4     4     3     1     0.00000000
   0.030    87    34     4     4     4    -1     0.00000000
   0.030    87    35     4     4     4     1    -0.00000000
   0.030    87    36     5     5     0     1     0.00000000
   0.030    87    37     5     5     1    -1    -0.00000000
   0.030    87    38     5     3     0     1    -0.00000000
   0.030    87    39     5     3     1    -1     0.00000000
   0.030    87    40     5     1     0     1     0.00000000
   0.030    87    41     5     1     1    -1     0.00000000
   0.030    87    42     5     5     1     1     0.00000000
   0.030    87    43     5     5     2    -1    -0.00000000
   0.030    87    44     5     3     1     1     0.00000000
   0.030    87    45     5     3     2    -1    -0.00000000
   0.030    87    46     5     1     1     1     0.00000000
   0.030    87    47     5     5     2     1     0.00000000
   0.030    87    48     5     5     3    -1    -0.00000000
   0.030    87    49     5     3     2     1     0.00000000
   0.030    87    50     5     3     3    -1     0.00000000
   0.030    87    51     5     5     3     1    -0.00000000
   0.030    87    52     5     5     4    -1     0.00000000
   0.030    87    53     5     3     3     1    -0.00000000
   0.030    87    54     5     5     4     1     0.00000000
   0.030    87    55     5     5     5    -1    -0.00000000
   0.030    87    56     5     5     5     1     0.00000000
   0.030    87    57     6     6     0     1     0.00000000
   0.030    87    58     6     6     1    -1    -0.00000000
   0.030    87    59     6     4     0     1    -0.00000000
   0.030    87    60     6     4     1    -1     0.00000000
   0.030    87    61     6     2     0     1    -0.00000000
   0.030    87    62     6     2     1    -1    -0.00000000
   0.030    87    63     6     0     0     1    -0.00000000
   0.030    87    64     6     6     1     1    -0.00000000
   0.030    87    65     6     6     2    -1     0.00000000
   0.030    87    66     6     4     1     1    -0.00000000
   0.030    87    67     6     4     2    -1     0.00000000
   0.030    87    68     6     2     1     1    -0.00000000
   0.030    87    69     6     2     2    -1     0.00000000
   0.030    87    70     6     6     2     1    -0.00000608
   0.030    87    71     6     6     3    -1    -0.00002335
   0.030    87    72     6     4     2     1    -0.44653083
   0.030    87    73     6     4     3    -1     0.89023214
   0.030    87    74     6     2     2     1    -0.08992883
   0.030    87    75     6     6     3     1     0.00000000
   0.030    87    76     6     6     4    -1     0.00000000
   0.030    87    77     6     4     3     1     0.00000000
   0.030    87    78     6     4     4    -1    -0.00000000
   0.030    87    79     6     6     4     1     0.00000000
   0.030    87    80     6     6     5    -1    -0.00000000
   0.030    87    81     6     4     4     1     0.00000000
   0.030    87    82     6     6     5     1     0.00000000
   0.030    87    83     6     6     6    -1    -0.00000000
   0.030    87    84     6     6     6     1     0.00000000
   0.030    87    85     7     7     0     1     0.00000000
   0.030    87    86     7     7     1    -1     0.00000000
   0.030    87    87     7     5     0     1    -0.00000000
   0.030    87    88     7     5     1    -1    -0.00000000
   0.030    87    89     7     3     0     1     0.00000000
   0.030    87    90     7     3     1    -1     0.00000000
   0.030    87    91     7     1     0     1     0.00000000
   0.030    87    92     7     1     1    -1     0.00000000
   0.030    87    93     7     7     1     1    -0.00000000
   0.030    87    94     7     7     2    -1    -0.00000000
   0.030    87    95     7     5     1     1     0.00000000
   0.030    87    96     7     5     2    -1     0.00000000
   0.030    87    97     7     3     1     1     0.00000000
   0.030    87    98     7     3     2    -1     0.00000000
   0.030    87    99     7     1     1     1    -0.00000000
   0.030    87   100     7     7     2     1     0.00000000
   0.030    87   101     7     7     3    -1    -0.00000000
   0.030    87   102     7     5     2     1    -0.00000000
   0.030    87   103     7     5     3    -1     0.00000000
   0.030    87   104     7     3     2     1    -0.00000000
   0.030    87   105     7     3     3    -1    -0.00000000
   0.030    87   106     7     7     3     1     0.00000000
   0.030    87   107     7     7     4    -1    -0.00000000
   0.030    87   108     7     5     3     1     0.00000000
   0.030    87   109     7     5     4    -1    -0.00000000
   0.030    87   110     7     3     3     1    -0.00000000
   0.030    87   111     7     7     4     1    -0.00000000
   0.030    87   112     7     7     5    -1     0.00000000
   0.030    87   113     7     5     4     1     0.00000000
   0.030    87   114     7     5     5    -1     0.00000000
   0.030    87   115     7     7     5     1     0.00000000
   0.030    87   116     7     7     6    -1     0.00000000
   0.030    87   117     7     5     5     1     0.00000000
   0.030    87   118     7     7     6     1     0.00000000
   0.030    87   119     7     7     7    -1     0.00000000
   0.030    87   120     7     7     7     1     0.00000000
   0.030    88     1     0     0     0     1    -0.00000000
   0.030    88     2     1     1     0     1     0.00000000
   0.030    88     3     1     1     1    -1     0.00000000
   0.030    88     4     1     1     1     1     0.00000000
   0.030    88     5     2     2     0     1     0.00000000
   0.030    88     6     2     2     1    -1    -0.00000000
   0.030    88     7     2     0     0     1    -0.00000000
   0.030    88     8     2     2     1     1     0.00000000
   0.030    88     9     2     2     2    -1    -0.00000000
   0.030    88    10     2     2     2     1     0.00002963
   0.030    88    11     3     3     0     1     0.00000000
   0.030    88    12     3     3     1    -1     0.00000000
   0.030    88    13     3     1     0     1     0.00000000
   0.030    88    14     3     1     1    -1     0.00000000
   0.030    88    15     3     3     1     1    -0.00000000
   0.030    88    16     3     3     2    -1    -0.00000000
   0.030    88    17     3     1     1     1     0.00000000
   0.030    88    18     3     3     2     1     0.00000000
   0.030    88    19     3     3     3    -1    -0.00000000
   0.030    88    20     3     3     3     1     0.00000000
   0.030    88    21     4     4     0     1    -0.00000000
   0.030    88    22     4     4     1    -1    -0.00000000
   0.030    88    23     4     2     0     1    -0.00000000
   0.030    88    24     4     2     1    -1     0.00000000
   0.030    88    25     4     0     0     1     0.00000000
   0.030    88    26     4     4     1     1     0.00000000
   0.030    88    27     4     4     2    -1    -0.00000000
   0.030    88    28     4     2     1     1     0.00000000
   0.030    88    29     4     2     2    -1    -0.00000000
   0.030    88    30     4     4     2     1    -0.00289137
   0.030    88    31     4     4     3    -1     0.00042103
   0.030    88    32     4     2     2     1     0.00877163
   0.030    88    33     4     4     3     1     0.00000000
   0.030    88    34     4     4     4    -1     0.00000000
   0.030    88    35     4     4     4     1     0.00000000
   0.030    88    36     5     5     0     1    -0.00000000
   0.030    88    37     5     5     1    -1     0.00000000
   0.030    88    38     5     3     0     1     0.00000000
   0.030    88    39     5     3     1    -1    -0.00000000
   0.030    88    40     5     1     0     1    -0.00000000
   0.030    88    41     5     1     1    -1     0.00000000
   0.030    88    42     5     5     1     1     0.00000000
   0.030    88    43     5     5     2    -1     0.00000000
   0.030    88    44     5     3     1     1    -0.00000000
   0.030    88    45     5     3     2    -1     0.00000000
   0.030    88    46     5     1     1     1    -0.00000000
   0.030    88    47     5     5     2     1    -0.00000000
   0.030    88    48     5     5     3    -1     0.00000000
   0.030    88    49     5     3     2     1    -0.00000000
   0.030    88    50     5     3     3    -1    -0.00000000
   0.030    88    51     5     5     3     1    -0.00000000
   0.030    88    52     5     5     4    -1     0.00000000
   0.030    88    53     5     3     3     1     0.00000000
   0.030    88    54     5     5     4     1    -0.00000000
   0.030    88    55     5     5     5    -1     0.00000000
   0.030    88    56     5     5     5     1     0.00000000
   0.030    88    57     6     6     0     1    -0.00000000
   0.030    88    58     6     6     1    -1     0.00000000
   0.030    88    59     6     4     0     1     0.00000000
   0.030    88    60     6     4     1    -1    -0.00000000
   0.030    88    61     6     2     0     1     0.00000000
   0.030    88    62     6     2     1    -1    -0.00000000
   0.030    88    63     6     0     0     1    -0.00000000
   0.030    88    64     6     6     1     1     0.00000000
   0.030    88    65     6     6     2    -1    -0.00000000
   0.030    88    66     6     4     1     1    -0.00000000
   0.030    88    67     6     4     2    -1     0.00000000
   0.030    88    68     6     2     1     1    -0.00000000
   0.030    88    69     6     2     2    -1     0.00000000
   0.030    88    70     6     6     2     1     0.00004903
   0.030    88    71     6     6     3    -1    -0.00003030
   0.030    88    72     6     4     2     1    -0.04049174
   0.030    88    73     6     4     3    -1     0.08027268
   0.030    88    74     6     2     2     1     0.99590724
   0.030    88    75     6     6     3     1    -0.00000000
   0.030    88    76     6     6     4    -1     0.00000000
   0.030    88    77     6     4     3     1     0.00000000
   0.030    88    78     6     4     4    -1    -0.00000000
   0.030    88    79     6     6     4     1    -0.00000000
   0.030    88    80     6     6     5    -1     0.00000000
   0.030    88    81     6     4     4     1     0.00000000
   0.030    88    82     6     6     5     1     0.00000000
   0.030    88    83     6     6     6    -1    -0.00000000
   0.030    88    84     6     6     6     1    -0.00000000
   0.030    88    85     7     7     0     1     0.00000000
   0.030    88    86     7     7     1    -1    -0.00000000
   0.030    88    87     7     5     0     1     0.00000000
   0.030    88    88     7     5     1    -1     0.00000000
   0.030    88    89     7     3     0     1     0.00000000
   0.030    88    90     7     3     1    -1     0.00000000
   0.030    88    91     7     1     0     1     0.00000000
   0.030    88    92     7     1     1    -1    -0.00000000
   0.030    88    93     7     7     1     1    -0.00000000
   0.030    88    94     7     7     2    -1    -0.00000000
   0.030    88    95     7     5     1     1    -0.00000000
   0.030    88    96     7     5     2    -1    -0.00000000
   0.030    88    97     7     3     1     1    -0.00000000
   0.030    88    98     7     3     2    -1    -0.00000000
   0.030    88    99     7     1     1     1    -0.00000000
   0.030    88   100     7     7     2     1     0.00000000
   0.030    88   101     7     7     3    -1    -0.00000000
   0.030    88   102     7     5     2     1    -0.00000000
   0.030    88   103     7     5     3    -1    -0.00000000
   0.030    88   104     7     3     2     1    -0.00000000
   0.030    88   105     7     3     3    -1     0.00000000
   0.030    88   106     7     7     3     1    -0.00000000
   0.030    88   107     7     7     4    -1     0.00000000
   0.030    88   108     7     5     3     1     0.00000000
   0.030    88   109     7     5     4    -1     0.00000000
   0.030    88   110     7     3     3     1    -0.00000000
   0.030    88   111     7     7     4     1    -0.00000000
   0.030    88   112     7     7     5    -1     0.00000000
   0.030    88   113     7     5     4     1    -0.00000000
   0.030    88   114     7     5     5    -1    -0.00000000
   0.030    88   115     7     7     5     1     0.00000000
   0.030    88   116     7     7     6    -1     0.00000000
   0.030    88   117     7     5     5     1     0.00000000
   0.030    88   118     7     7     6     1     0.00000000
   0.030    88   119     7     7     7    -1     0.00000000
   0.030    88   120     7     7     7     1     0.00000000
   0.030    89     1     0     0     0     1    -0.00000000
   0.030    89     2     1     1     0     1    -0.00000000
   0.030    89     3     1     1     1    -1    -0.00000000
   0.030    89     4     1     1     1     1     0.00000000
   0.030    89     5     2     2     0     1    -0.00000000
   0.030    89     6     2     2     1    -1    -0.00000000
   0.030    89     7     2     0     0     1    -0.00000000
   0.030    89     8     2     2     1     1     0.00000000
   0.030    89     9     2     2     2    -1     0.00000000
   0.030    89    10     2     2     2     1     0.00000000
   0.030    89    11     3     3     0     1     0.00000000
   0.030    89    12     3     3     1    -1    -0.00000000
   0.030    89    13     3     1     0     1     0.00000000
   0.030    89    14     3     1     1    -1     0.00000000
   0.030    89    15     3     3     1     1     0.00000000
   0.030    89    16     3     3     2    -1    -0.00000000
   0.030    89    17     3     1     1     1    -0.00000000
   0.030    89    18     3     3     2     1     0.00000000
   0.030    89    19     3     3     3    -1     0.00000000
   0.030    89    20     3     3     3     1    -0.00000000
   0.030    89    21     4     4     0     1    -0.00000000
   0.030    89    22     4     4     1    -1     0.00000000
   0.030    89    23     4     2     0     1     0.00000000
   0.030    89    24     4     2     1    -1     0.00000000
   0.030    89    25     4     0     0     1     0.00000000
   0.030    89    26     4     4     1     1     0.00000000
   0.030    89    27     4     4     2    -1    -0.00000000
   0.030    89    28     4     2     1     1     0.00000000
   0.030    89    29     4     2     2    -1     0.00000000
   0.030    89    30     4     4     2     1     0.00000000
   0.030    89    31     4     4     3    -1    -0.00000000
   0.030    89    32     4     2     2     1     0.00000000
   0.030    89    33     4     4     3     1    -0.00099837
   0.030    89    34     4     4     4    -1     0.00794230
   0.030    89    35     4     4     4     1     0.00000000
   0.030    89    36     5     5     0     1    -0.00000000
   0.030    89    37     5     5     1    -1     0.00000000
   0.030    89    38     5     3     0     1    -0.00000000
   0.030    89    39     5     3     1    -1    -0.00000000
   0.030    89    40     5     1     0     1    -0.00000000
   0.030    89    41     5     1     1    -1     0.00000000
   0.030    89    42     5     5     1     1    -0.00000000
   0.030    89    43     5     5     2    -1    -0.00000000
   0.030    89    44     5     3     1     1    -0.00000000
   0.030    89    45     5     3     2    -1     0.00000000
   0.030    89    46     5     1     1     1    -0.00000000
   0.030    89    47     5     5     2     1    -0.00000000
   0.030    89    48     5     5     3    -1     0.00000000
   0.030    89    49     5     3     2     1    -0.00000000
   0.030    89    50     5     3     3    -1    -0.00000000
   0.030    89    51     5     5     3     1    -0.00000000
   0.030    89    52     5     5     4    -1     0.00000000
   0.030    89    53     5     3     3     1    -0.00000000
   0.030    89    54     5     5     4     1     0.00000000
   0.030    89    55     5     5     5    -1    -0.00000000
   0.030    89    56     5     5     5     1     0.00000000
   0.030    89    57     6     6     0     1    -0.00000000
   0.030    89    58     6     6     1    -1     0.00000000
   0.030    89    59     6     4     0     1     0.00000000
   0.030    89    60     6     4     1    -1    -0.00000000
   0.030    89    61     6     2     0     1     0.00000000
   0.030    89    62     6     2     1    -1    -0.00000000
   0.030    89    63     6     0     0     1     0.00000000
   0.030    89    64     6     6     1     1    -0.00000000
   0.030    89    65     6     6     2    -1     0.00000000
   0.030    89    66     6     4     1     1    -0.00000000
   0.030    89    67     6     4     2    -1     0.00000000
   0.030    89    68     6     2     1     1    -0.00000000
   0.030    89    69     6     2     2    -1     0.00000000
   0.030    89    70     6     6     2     1     0.00000000
   0.030    89    71     6     6     3    -1    -0.00000000
   0.030    89    72     6     4     2     1    -0.00000000
   0.030    89    73     6     4     3    -1     0.00000000
   0.030    89    74     6     2     2     1     0.00000000
   0.030    89    75     6     6     3     1     0.00003836
   0.030    89    76     6     6     4    -1    -0.00009989
   0.030    89    77     6     4     3     1    -0.30800033
   0.030    89    78     6     4     4    -1     0.95135257
   0.030    89    79     6     6     4     1    -0.00000000
   0.030    89    80     6     6     5    -1    -0.00000000
   0.030    89    81     6     4     4     1    -0.00000000
   0.030    89    82     6     6     5     1     0.00000000
   0.030    89    83     6     6     6    -1     0.00000000
   0.030    89    84     6     6     6     1     0.00000000
   0.030    89    85     7     7     0     1     0.00000000
   0.030    89    86     7     7     1    -1     0.00000000
   0.030    89    87     7     5     0     1    -0.00000000
   0.030    89    88     7     5     1    -1     0.00000000
   0.030    89    89     7     3     0     1    -0.00000000
   0.030    89    90     7     3     1    -1     0.00000000
   0.030    89    91     7     1     0     1    -0.00000000
   0.030    89    92     7     1     1    -1     0.00000000
   0.030    89    93     7     7     1     1     0.00000000
   0.030    89    94     7     7     2    -1     0.00000000
   0.030    89    95     7     5     1     1     0.00000000
   0.030    89    96     7     5     2    -1    -0.00000000
   0.030    89    97     7     3     1     1     0.00000000
   0.030    89    98     7     3     2    -1     0.00000000
   0.030    89    99     7     1     1     1    -0.00000000
   0.030    89   100     7     7     2     1    -0.00000000
   0.030    89   101     7     7     3    -1    -0.00000000
   0.030    89   102     7     5     2     1    -0.00000000
   0.030    89   103     7     5     3    -1     0.00000000
   0.030    89   104     7     3     2     1    -0.00000000
   0.030    89   105     7     3     3    -1    -0.00000000
   0.030    89   106     7     7     3     1     0.00000000
   0.030    89   107     7     7     4    -1    -0.00000000
   0.030    89   108     7     5     3     1     0.00000000
   0.030    89   109     7     5     4    -1    -0.00000000
   0.030    89   110     7     3     3     1    -0.00000000
   0.030    89   111     7     7     4     1    -0.00000000
   0.030    89   112     7     7     5    -1     0.00000000
   0.030    89   113     7     5     4     1    -0.00000000
   0.030    89   114     7     5     5    -1     0.00000000
   0.030    89   115     7     7     5     1     0.00000000
   0.030    89   116     7     7     6    -1     0.00000000
   0.030    89   117     7     5     5     1     0.00000000
   0.030    89   118     7     7     6     1     0.00000000
   0.030    89   119     7     7     7    -1     0.00000000
   0.030    89   120     7     7     7     1     0.00000000
   0.030    90     1     0     0     0     1     0.00000008
   0.030    90     2     1     1     0     1    -0.00000000
   0.030    90     3     1     1     1    -1    -0.00000000
   0.030    90     4     1     1     1     1     0.00000000
   0.030    90     5     2     2     0     1    -0.00005078
   0.030    90     6     2     2     1    -1     0.00001589
   0.030    90     7     2     0     0     1    -0.00002528
   0.030    90     8     2     2     1     1    -0.00000000
   0.030    90     9     2     2     2    -1     0.00000000
   0.030    90    10     2     2     2     1     0.00000000
   0.030    90    11     3     3     0     1     0.00000000
   0.030    90    12     3     3     1    -1     0.00000000
   0.030    90    13     3     1     0     1     0.00000000
   0.030    90    14     3     1     1    -1     0.00000000
   0.030    90    15     3     3     1     1    -0.00000000
   0.030    90    16     3     3     2    -1    -0.00000000
   0.030    90    17     3     1     1     1    -0.00000000
   0.030    90    18     3     3     2     1     0.00000000
   0.030    90    19     3     3     3    -1     0.00000000
   0.030    90    20     3     3     3     1    -0.00000000
   0.030    90    21     4     4     0     1     0.00296937
   0.030    90    22     4     4     1    -1    -0.00356024
   0.030    90    23     4     2     0     1     0.00491791
   0.030    90    24     4     2     1    -1    -0.00357699
   0.030    90    25     4     0     0     1     0.00907548
   0.030    90    26     4     4     1     1    -0.00000000
   0.030    90    27     4     4     2    -1     0.00000000
   0.030    90    28     4     2     1     1     0.00000000
   0.030    90    29     4     2     2    -1     0.00000000
   0.030    90    30     4     4     2     1    -0.00000000
   0.030    90    31     4     4     3    -1    -0.00000000
   0.030    90    32     4     2     2     1     0.00000000
   0.030    90    33     4     4     3     1     0.00000000
   0.030    90    34     4     4     4    -1     0.00000000
   0.030    90    35     4     4     4     1     0.00000000
   0.030    90    36     5     5     0     1    -0.00000000
   0.030    90    37     5     5     1    -1    -0.00000000
   0.030    90    38     5     3     0     1    -0.00000000
   0.030    90    39     5     3     1    -1     0.00000000
   0.030    90    40     5     1     0     1    -0.00000000
   0.030    90    41     5     1     1    -1     0.00000000
   0.030    90    42     5     5     1     1    -0.00000000
   0.030    90    43     5     5     2    -1     0.00000000
   0.030    90    44     5     3     1     1    -0.00000000
   0.030    90    45     5     3     2    -1     0.00000000
   0.030    90    46     5     1     1     1    -0.00000000
   0.030    90    47     5     5     2     1    -0.00000000
   0.030    90    48     5     5     3    -1    -0.00000000
   0.030    90    49     5     3     2     1    -0.00000000
   0.030    90    50     5     3     3    -1    -0.00000000
   0.030    90    51     5     5     3     1     0.00000000
   0.030    90    52     5     5     4    -1     0.00000000
   0.030    90    53     5     3     3     1    -0.00000000
   0.030    90    54     5     5     4     1    -0.00000000
   0.030    90    55     5     5     5    -1     0.00000000
   0.030    90    56     5     5     5     1     0.00000000
   0.030    90    57     6     6     0     1    -0.00006682
   0.030    90    58     6     6     1    -1     0.00007483
   0.030    90    59     6     4     0     1    -0.00057005
   0.030    90    60     6     4     1    -1     0.00056404
   0.030    90    61     6     2     0     1    -0.60081271
   0.030    90    62     6     2     1    -1     0.79926571
   0.030    90    63     6     0     0     1     0.00754453
   0.030    90    64     6     6     1     1    -0.00000000
   0.030    90    65     6     6     2    -1     0.00000000
   0.030    90    66     6     4     1     1     0.00000000
   0.030    90    67     6     4     2    -1    -0.00000000
   0.030    90    68     6     2     1     1    -0.00000000
   0.030    90    69     6     2     2    -1     0.00000000
   0.030    90    70     6     6     2     1     0.00000000
   0.030    90    71     6     6     3    -1     0.00000000
   0.030    90    72     6     4     2     1     0.00000000
   0.030    90    73     6     4     3    -1    -0.00000000
   0.030    90    74     6     2     2     1     0.00000000
   0.030    90    75     6     6     3     1     0.00000000
   0.030    90    76     6     6     4    -1    -0.00000000
   0.030    90    77     6     4     3     1    -0.00000000
   0.030    90    78     6     4     4    -1     0.00000000
   0.030    90    79     6     6     4     1    -0.00000000
   0.030    90    80     6     6     5    -1     0.00000000
   0.030    90    81     6     4     4     1    -0.00000000
   0.030    90    82     6     6     5     1    -0.00000000
   0.030    90    83     6     6     6    -1     0.00000000
   0.030    90    84     6     6     6     1     0.00000000
   0.030    90    85     7     7     0     1    -0.00000000
   0.030    90    86     7     7     1    -1     0.00000000
   0.030    90    87     7     5     0     1     0.00000000
   0.030    90    88     7     5     1    -1     0.00000000
   0.030    90    89     7     3     0     1    -0.00000000
   0.030    90    90     7     3     1    -1    -0.00000000
   0.030    90    91     7     1     0     1    -0.00000000
   0.030    90    92     7     1     1    -1    -0.00000000
   0.030    90    93     7     7     1     1    -0.00000000
   0.030    90    94     7     7     2    -1     0.00000000
   0.030    90    95     7     5     1     1    -0.00000000
   0.030    90    96     7     5     2    -1     0.00000000
   0.030    90    97     7     3     1     1     0.00000000
   0.030    90    98     7     3     2    -1     0.00000000
   0.030    90    99     7     1     1     1     0.00000000
   0.030    90   100     7     7     2     1     0.00000000
   0.030    90   101     7     7     3    -1     0.00000000
   0.030    90   102     7     5     2     1    -0.00000000
   0.030    90   103     7     5     3    -1    -0.00000000
   0.030    90   104     7     3     2     1    -0.00000000
   0.030    90   105     7     3     3    -1    -0.00000000
   0.030    90   106     7     7     3     1    -0.00000000
   0.030    90   107     7     7     4    -1    -0.00000000
   0.030    90   108     7     5     3     1    -0.00000000
   0.030    90   109     7     5     4    -1    -0.00000000
   0.030    90   110     7     3     3     1     0.00000000
   0.030    90   111     7     7     4     1     0.00000000
   0.030    90   112     7     7     5    -1     0.00000000
   0.030    90   113     7     5     4     1     0.00000000
   0.030    90   114     7     5     5    -1    -0.00000000
   0.030    90   115     7     7     5     1     0.00000000
   0.030    90   116     7     7     6    -1     0.00000000
   0.030    90   117     7     5     5     1     0.00000000
   0.030    90   118     7     7     6     1     0.00000000
   0.030    90   119     7     7     7    -1     0.00000000
   0.030    90   120     7     7     7     1     0.00000000
   0.030    91     1     0     0     0     1     0.00000005
   0.030    91     2     1     1     0     1    -0.00000000
   0.030    91     3     1     1     1    -1    -0.00000000
   0.030    91     4     1     1     1     1    -0.00000000
   0.030    91     5     2     2     0     1    -0.00002745
   0.030    91     6     2     2     1    -1     0.00000176
   0.030    91     7     2     0     0     1    -0.00005219
   0.030    91     8     2     2     1     1    -0.00000000
   0.030    91     9     2     2     2    -1     0.00000000
   0.030    91    10     2     2     2     1     0.00000000
   0.030    91    11     3     3     0     1     0.00000000
   0.030    91    12     3     3     1    -1     0.00000000
   0.030    91    13     3     1     0     1     0.00000000
   0.030    91    14     3     1     1    -1     0.00000000
   0.030    91    15     3     3     1     1     0.00000000
   0.030    91    16     3     3     2    -1    -0.00000000
   0.030    91    17     3     1     1     1    -0.00000000
   0.030    91    18     3     3     2     1     0.00000000
   0.030    91    19     3     3     3    -1     0.00000000
   0.030    91    20     3     3     3     1    -0.00000000
   0.030    91    21     4     4     0     1     0.00002707
   0.030    91    22     4     4     1    -1    -0.00002720
   0.030    91    23     4     2     0     1     0.01018994
   0.030    91    24     4     2     1    -1    -0.00062044
   0.030    91    25     4     0     0     1     0.00007372
   0.030    91    26     4     4     1     1    -0.00000000
   0.030    91    27     4     4     2    -1     0.00000000
   0.030    91    28     4     2     1     1     0.00000000
   0.030    91    29     4     2     2    -1     0.00000000
   0.030    91    30     4     4     2     1     0.00000000
   0.030    91    31     4     4     3    -1     0.00000000
   0.030    91    32     4     2     2     1     0.00000000
   0.030    91    33     4     4     3     1     0.00000000
   0.030    91    34     4     4     4    -1     0.00000000
   0.030    91    35     4     4     4     1    -0.00000000
   0.030    91    36     5     5     0     1    -0.00000000
   0.030    91    37     5     5     1    -1     0.00000000
   0.030    91    38     5     3     0     1    -0.00000000
   0.030    91    39     5     3     1    -1     0.00000000
   0.030    91    40     5     1     0     1    -0.00000000
   0.030    91    41     5     1     1    -1    -0.00000000
   0.030    91    42     5     5     1     1     0.00000000
   0.030    91    43     5     5     2    -1     0.00000000
   0.030    91    44     5     3     1     1     0.00000000
   0.030    91    45     5     3     2    -1    -0.00000000
   0.030    91    46     5     1     1     1     0.00000000
   0.030    91    47     5     5     2     1    -0.00000000
   0.030    91    48     5     5     3    -1    -0.00000000
   0.030    91    49     5     3     2     1     0.00000000
   0.030    91    50     5     3     3    -1     0.00000000
   0.030    91    51     5     5     3     1     0.00000000
   0.030    91    52     5     5     4    -1     0.00000000
   0.030    91    53     5     3     3     1    -0.00000000
   0.030    91    54     5     5     4     1    -0.00000000
   0.030    91    55     5     5     5    -1     0.00000000
   0.030    91    56     5     5     5     1     0.00000000
   0.030    91    57     6     6     0     1    -0.00000057
   0.030    91    58     6     6     1    -1     0.00000058
   0.030    91    59     6     4     0     1    -0.00061877
   0.030    91    60     6     4     1    -1     0.00034872
   0.030    91    61     6     2     0     1    -0.00490455
   0.030    91    62     6     2     1    -1     0.00568456
   0.030    91    63     6     0     0     1    -0.99991944
   0.030    91    64     6     6     1     1     0.00000000
   0.030    91    65     6     6     2    -1    -0.00000000
   0.030    91    66     6     4     1     1    -0.00000000
   0.030    91    67     6     4     2    -1     0.00000000
   0.030    91    68     6     2     1     1    -0.00000000
   0.030    91    69     6     2     2    -1     0.00000000
   0.030    91    70     6     6     2     1     0.00000000
   0.030    91    71     6     6     3    -1    -0.00000000
   0.030    91    72     6     4     2     1     0.00000000
   0.030    91    73     6     4     3    -1    -0.00000000
   0.030    91    74     6     2     2     1    -0.00000000
   0.030    91    75     6     6     3     1    -0.00000000
   0.030    91    76     6     6     4    -1     0.00000000
   0.030    91    77     6     4     3     1    -0.00000000
   0.030    91    78     6     4     4    -1     0.00000000
   0.030    91    79     6     6     4     1    -0.00000000
   0.030    91    80     6     6     5    -1     0.00000000
   0.030    91    81     6     4     4     1    -0.00000000
   0.030    91    82     6     6     5     1     0.00000000
   0.030    91    83     6     6     6    -1    -0.00000000
   0.030    91    84     6     6     6     1     0.00000000
   0.030    91    85     7     7     0     1    -0.00000000
   0.030    91    86     7     7     1    -1     0.00000000
   0.030    91    87     7     5     0     1    -0.00000000
   0.030    91    88     7     5     1    -1    -0.00000000
   0.030    91    89     7     3     0     1     0.00000000
   0.030    91    90     7     3     1    -1     0.00000000
   0.030    91    91     7     1     0     1     0.00000000
   0.030    91    92     7     1     1    -1    -0.00000000
   0.030    91    93     7     7     1     1    -0.00000000
   0.030    91    94     7     7     2    -1    -0.00000000
   0.030    91    95     7     5     1     1    -0.00000000
   0.030    91    96     7     5     2    -1     0.00000000
   0.030    91    97     7     3     1     1     0.00000000
   0.030    91    98     7     3     2    -1     0.00000000
   0.030    91    99     7     1     1     1    -0.00000000
   0.030    91   100     7     7     2     1     0.00000000
   0.030    91   101     7     7     3    -1     0.00000000
   0.030    91   102     7     5     2     1    -0.00000000
   0.030    91   103     7     5     3    -1    -0.00000000
   0.030    91   104     7     3     2     1    -0.00000000
   0.030    91   105     7     3     3    -1    -0.00000000
   0.030    91   106     7     7     3     1    -0.00000000
   0.030    91   107     7     7     4    -1    -0.00000000
   0.030    91   108     7     5     3     1    -0.00000000
   0.030    91   109     7     5     4    -1    -0.00000000
   0.030    91   110     7     3     3     1     0.00000000
   0.030    91   111     7     7     4     1     0.00000000
   0.030    91   112     7     7     5    -1     0.00000000
   0.030    91   113     7     5     4     1     0.00000000
   0.030    91   114     7     5     5    -1    -0.00000000
   0.030    91   115     7     7     5     1     0.00000000
   0.030    91   116     7     7     6    -1     0.00000000
   0.030    91   117     7     5     5     1     0.00000000
   0.030    91   118     7     7     6     1     0.00000000
   0.030    91   119     7     7     7    -1     0.00000000
   0.030    91   120     7     7     7     1     0.00000000
   0.030    92     1     0     0     0     1     0.00000000
   0.030    92     2     1     1     0     1    -0.00000000
   0.030    92     3     1     1     1    -1    -0.00000000
   0.030    92     4     1     1     1     1     0.00000000
   0.030    92     5     2     2     0     1    -0.00000000
   0.030    92     6     2     2     1    -1    -0.00000000
   0.030    92     7     2     0     0     1     0.00000000
   0.030    92     8     2     2     1     1    -0.00000622
   0.030    92     9     2     2     2    -1     0.00002656
   0.030    92    10     2     2     2     1     0.00000000
   0.030    92    11     3     3     0     1    -0.00000000
   0.030    92    12     3     3     1    -1    -0.00000000
   0.030    92    13     3     1     0     1    -0.00000000
   0.030    92    14     3     1     1    -1    -0.00000000
   0.030    92    15     3     3     1     1    -0.00000000
   0.030    92    16     3     3     2    -1     0.00000000
   0.030    92    17     3     1     1     1    -0.00000000
   0.030    92    18     3     3     2     1     0.00000000
   0.030    92    19     3     3     3    -1     0.00000000
   0.030    92    20     3     3     3     1     0.00000000
   0.030    92    21     4     4     0     1     0.00000000
   0.030    92    22     4     4     1    -1     0.00000000
   0.030    92    23     4     2     0     1    -0.00000000
   0.030    92    24     4     2     1    -1     0.00000000
   0.030    92    25     4     0     0     1    -0.00000000
   0.030    92    26     4     4     1     1     0.00164555
   0.030    92    27     4     4     2    -1    -0.00284723
   0.030    92    28     4     2     1     1     0.00105368
   0.030    92    29     4     2     2    -1     0.00772504
   0.030    92    30     4     4     2     1    -0.00000000
   0.030    92    31     4     4     3    -1     0.00000000
   0.030    92    32     4     2     2     1    -0.00000000
   0.030    92    33     4     4     3     1    -0.00000000
   0.030    92    34     4     4     4    -1    -0.00000000
   0.030    92    35     4     4     4     1     0.00000000
   0.030    92    36     5     5     0     1     0.00000000
   0.030    92    37     5     5     1    -1    -0.00000000
   0.030    92    38     5     3     0     1    -0.00000000
   0.030    92    39     5     3     1    -1     0.00000000
   0.030    92    40     5     1     0     1    -0.00000000
   0.030    92    41     5     1     1    -1     0.00000000
   0.030    92    42     5     5     1     1     0.00000000
   0.030    92    43     5     5     2    -1    -0.00000000
   0.030    92    44     5     3     1     1     0.00000000
   0.030    92    45     5     3     2    -1    -0.00000000
   0.030    92    46     5     1     1     1     0.00000000
   0.030    92    47     5     5     2     1    -0.00000000
   0.030    92    48     5     5     3    -1    -0.00000000
   0.030    92    49     5     3     2     1    -0.00000000
   0.030    92    50     5     3     3    -1    -0.00000000
   0.030    92    51     5     5     3     1    -0.00000000
   0.030    92    52     5     5     4    -1    -0.00000000
   0.030    92    53     5     3     3     1    -0.00000000
   0.030    92    54     5     5     4     1     0.00000000
   0.030    92    55     5     5     5    -1    -0.00000000
   0.030    92    56     5     5     5     1     0.00000000
   0.030    92    57     6     6     0     1     0.00000000
   0.030    92    58     6     6     1    -1    -0.00000000
   0.030    92    59     6     4     0     1    -0.00000000
   0.030    92    60     6     4     1    -1     0.00000000
   0.030    92    61     6     2     0     1     0.00000000
   0.030    92    62     6     2     1    -1    -0.00000000
   0.030    92    63     6     0     0     1     0.00000000
   0.030    92    64     6     6     1     1    -0.00003427
   0.030    92    65     6     6     2    -1     0.00004826
   0.030    92    66     6     4     1     1     0.00002343
   0.030    92    67     6     4     2    -1    -0.00024431
   0.030    92    68     6     2     1     1    -0.36658909
   0.030    92    69     6     2     2    -1     0.93034444
   0.030    92    70     6     6     2     1    -0.00000000
   0.030    92    71     6     6     3    -1    -0.00000000
   0.030    92    72     6     4     2     1     0.00000000
   0.030    92    73     6     4     3    -1    -0.00000000
   0.030    92    74     6     2     2     1    -0.00000000
   0.030    92    75     6     6     3     1    -0.00000000
   0.030    92    76     6     6     4    -1    -0.00000000
   0.030    92    77     6     4     3     1     0.00000000
   0.030    92    78     6     4     4    -1    -0.00000000
   0.030    92    79     6     6     4     1    -0.00000000
   0.030    92    80     6     6     5    -1     0.00000000
   0.030    92    81     6     4     4     1     0.00000000
   0.030    92    82     6     6     5     1    -0.00000000
   0.030    92    83     6     6     6    -1     0.00000000
   0.030    92    84     6     6     6     1     0.00000000
   0.030    92    85     7     7     0     1     0.00000000
   0.030    92    86     7     7     1    -1    -0.00000000
   0.030    92    87     7     5     0     1    -0.00000000
   0.030    92    88     7     5     1    -1    -0.00000000
   0.030    92    89     7     3     0     1     0.00000000
   0.030    92    90     7     3     1    -1     0.00000000
   0.030    92    91     7     1     0     1     0.00000000
   0.030    92    92     7     1     1    -1    -0.00000000
   0.030    92    93     7     7     1     1    -0.00000000
   0.030    92    94     7     7     2    -1     0.00000000
   0.030    92    95     7     5     1     1     0.00000000
   0.030    92    96     7     5     2    -1     0.00000000
   0.030    92    97     7     3     1     1    -0.00000000
   0.030    92    98     7     3     2    -1    -0.00000000
   0.030    92    99     7     1     1     1     0.00000000
   0.030    92   100     7     7     2     1     0.00000000
   0.030    92   101     7     7     3    -1     0.00000000
   0.030    92   102     7     5     2     1    -0.00000000
   0.030    92   103     7     5     3    -1    -0.00000000
   0.030    92   104     7     3     2     1    -0.00000000
   0.030    92   105     7     3     3    -1    -0.00000000
   0.030    92   106     7     7     3     1     0.00000000
   0.030    92   107     7     7     4    -1     0.00000000
   0.030    92   108     7     5     3     1    -0.00000000
   0.030    92   109     7     5     4    -1     0.00000000
   0.030    92   110     7     3     3     1    -0.00000000
   0.030    92   111     7     7     4     1    -0.00000000
   0.030    92   112     7     7     5    -1    -0.00000000
   0.030    92   113     7     5     4     1    -0.00000000
   0.030    92   114     7     5     5    -1     0.00000000
   0.030    92   115     7     7     5     1     0.00000000
   0.030    92   116     7     7     6    -1     0.00000000
   0.030    92   117     7     5     5     1     0.00000000
   0.030    92   118     7     7     6     1     0.00000000
   0.030    92   119     7     7     7    -1     0.00000000
   0.030    92   120     7     7     7     1     0.00000000
   0.030    93     1     0     0     0     1    -0.00000000
   0.030    93     2     1     1     0     1     0.00000028
   0.030    93     3     1     1     1    -1    -0.00000001
   0.030    93     4     1     1     1     1    -0.00000000
   0.030    93     5     2     2     0     1    -0.00000000
   0.030    93     6     2     2     1    -1     0.00000000
   0.030    93     7     2     0     0     1     0.00000000
   0.030    93     8     2     2     1     1    -0.00000000
   0.030    93     9     2     2     2    -1     0.00000000
   0.030    93    10     2     2     2     1     0.00000000
   0.030    93    11     3     3     0     1    -0.00005407
   0.030    93    12     3     3     1    -1    -0.00003577
   0.030    93    13     3     1     0     1    -0.00007085
   0.030    93    14     3     1     1    -1    -0.00005096
   0.030    93    15     3     3     1     1     0.00000000
   0.030    93    16     3     3     2    -1     0.00000000
   0.030    93    17     3     1     1     1    -0.00000000
   0.030    93    18     3     3     2     1     0.00000000
   0.030    93    19     3     3     3    -1     0.00000000
   0.030    93    20     3     3     3     1    -0.00000000
   0.030    93    21     4     4     0     1     0.00000000
   0.030    93    22     4     4     1    -1     0.00000000
   0.030    93    23     4     2     0     1    -0.00000000
   0.030    93    24     4     2     1    -1    -0.00000000
   0.030    93    25     4     0     0     1     0.00000000
   0.030    93    26     4     4     1     1    -0.00000000
   0.030    93    27     4     4     2    -1     0.00000000
   0.030    93    28     4     2     1     1     0.00000000
   0.030    93    29     4     2     2    -1     0.00000000
   0.030    93    30     4     4     2     1    -0.00000000
   0.030    93    31     4     4     3    -1     0.00000000
   0.030    93    32     4     2     2     1     0.00000000
   0.030    93    33     4     4     3     1    -0.00000000
   0.030    93    34     4     4     4    -1     0.00000000
   0.030    93    35     4     4     4     1    -0.00000000
   0.030    93    36     5     5     0     1     0.00476565
   0.030    93    37     5     5     1    -1     0.00373640
   0.030    93    38     5     3     0     1     0.01123612
   0.030    93    39     5     3     1    -1     0.00970575
   0.030    93    40     5     1     0     1    -0.00001769
   0.030    93    41     5     1     1    -1    -0.00000502
   0.030    93    42     5     5     1     1     0.00000000
   0.030    93    43     5     5     2    -1     0.00000000
   0.030    93    44     5     3     1     1     0.00000000
   0.030    93    45     5     3     2    -1     0.00000000
   0.030    93    46     5     1     1     1     0.00000000
   0.030    93    47     5     5     2     1    -0.00000000
   0.030    93    48     5     5     3    -1     0.00000000
   0.030    93    49     5     3     2     1     0.00000000
   0.030    93    50     5     3     3    -1     0.00000000
   0.030    93    51     5     5     3     1     0.00000000
   0.030    93    52     5     5     4    -1    -0.00000000
   0.030    93    53     5     3     3     1     0.00000000
   0.030    93    54     5     5     4     1     0.00000000
   0.030    93    55     5     5     5    -1    -0.00000000
   0.030    93    56     5     5     5     1     0.00000000
   0.030    93    57     6     6     0     1    -0.00000000
   0.030    93    58     6     6     1    -1     0.00000000
   0.030    93    59     6     4     0     1    -0.00000000
   0.030    93    60     6     4     1    -1     0.00000000
   0.030    93    61     6     2     0     1    -0.00000000
   0.030    93    62     6     2     1    -1     0.00000000
   0.030    93    63     6     0     0     1     0.00000000
   0.030    93    64     6     6     1     1    -0.00000000
   0.030    93    65     6     6     2    -1     0.00000000
   0.030    93    66     6     4     1     1     0.00000000
   0.030    93    67     6     4     2    -1    -0.00000000
   0.030    93    68     6     2     1     1     0.00000000
   0.030    93    69     6     2     2    -1    -0.00000000
   0.030    93    70     6     6     2     1     0.00000000
   0.030    93    71     6     6     3    -1    -0.00000000
   0.030    93    72     6     4     2     1     0.00000000
   0.030    93    73     6     4     3    -1    -0.00000000
   0.030    93    74     6     2     2     1     0.00000000
   0.030    93    75     6     6     3     1    -0.00000000
   0.030    93    76     6     6     4    -1     0.00000000
   0.030    93    77     6     4     3     1    -0.00000000
   0.030    93    78     6     4     4    -1     0.00000000
   0.030    93    79     6     6     4     1     0.00000000
   0.030    93    80     6     6     5    -1    -0.00000000
   0.030    93    81     6     4     4     1     0.00000000
   0.030    93    82     6     6     5     1    -0.00000000
   0.030    93    83     6     6     6    -1     0.00000000
   0.030    93    84     6     6     6     1    -0.00000000
   0.030    93    85     7     7     0     1    -0.00005785
   0.030    93    86     7     7     1    -1    -0.00014407
   0.030    93    87     7     5     0     1    -0.74107425
   0.030    93    88     7     5     1    -1    -0.67123115
   0.030    93    89     7     3     0     1     0.00052188
   0.030    93    90     7     3     1    -1     0.00038537
   0.030    93    91     7     1     0     1     0.00029213
   0.030    93    92     7     1     1    -1     0.00018523
   0.030    93    93     7     7     1     1    -0.00000000
   0.030    93    94     7     7     2    -1    -0.00000000
   0.030    93    95     7     5     1     1    -0.00000000
   0.030    93    96     7     5     2    -1    -0.00000000
   0.030    93    97     7     3     1     1     0.00000000
   0.030    93    98     7     3     2    -1    -0.00000000
   0.030    93    99     7     1     1     1    -0.00000000
   0.030    93   100     7     7     2     1     0.00000000
   0.030    93   101     7     7     3    -1    -0.00000000
   0.030    93   102     7     5     2     1    -0.00000000
   0.030    93   103     7     5     3    -1    -0.00000000
   0.030    93   104     7     3     2     1    -0.00000000
   0.030    93   105     7     3     3    -1    -0.00000000
   0.030    93   106     7     7     3     1     0.00000000
   0.030    93   107     7     7     4    -1     0.00000000
   0.030    93   108     7     5     3     1     0.00000000
   0.030    93   109     7     5     4    -1     0.00000000
   0.030    93   110     7     3     3     1    -0.00000000
   0.030    93   111     7     7     4     1    -0.00000000
   0.030    93   112     7     7     5    -1    -0.00000000
   0.030    93   113     7     5     4     1    -0.00000000
   0.030    93   114     7     5     5    -1     0.00000000
   0.030    93   115     7     7     5     1     0.00000000
   0.030    93   116     7     7     6    -1     0.00000000
   0.030    93   117     7     5     5     1     0.00000000
   0.030    93   118     7     7     6     1     0.00000000
   0.030    93   119     7     7     7    -1     0.00000000
   0.030    93   120     7     7     7     1     0.00000000
   0.030    94     1     0     0     0     1     0.00000000
   0.030    94     2     1     1     0     1     0.00000000
   0.030    94     3     1     1     1    -1     0.00000000
   0.030    94     4     1     1     1     1    -0.00000000
   0.030    94     5     2     2     0     1    -0.00000000
   0.030    94     6     2     2     1    -1    -0.00000000
   0.030    94     7     2     0     0     1     0.00000000
   0.030    94     8     2     2     1     1    -0.00000000
   0.030    94     9     2     2     2    -1     0.00000000
   0.030    94    10     2     2     2     1    -0.00000000
   0.030    94    11     3     3     0     1    -0.00000000
   0.030    94    12     3     3     1    -1    -0.00000000
   0.030    94    13     3     1     0     1    -0.00000000
   0.030    94    14     3     1     1    -1    -0.00000000
   0.030    94    15     3     3     1     1     0.00004559
   0.030    94    16     3     3     2    -1     0.00000392
   0.030    94    17     3     1     1     1     0.00006068
   0.030    94    18     3     3     2     1    -0.00000000
   0.030    94    19     3     3     3    -1     0.00000000
   0.030    94    20     3     3     3     1     0.00000000
   0.030    94    21     4     4     0     1     0.00000000
   0.030    94    22     4     4     1    -1    -0.00000000
   0.030    94    23     4     2     0     1    -0.00000000
   0.030    94    24     4     2     1    -1     0.00000000
   0.030    94    25     4     0     0     1     0.00000000
   0.030    94    26     4     4     1     1    -0.00000000
   0.030    94    27     4     4     2    -1    -0.00000000
   0.030    94    28     4     2     1     1     0.00000000
   0.030    94    29     4     2     2    -1    -0.00000000
   0.030    94    30     4     4     2     1     0.00000000
   0.030    94    31     4     4     3    -1    -0.00000000
   0.030    94    32     4     2     2     1     0.00000000
   0.030    94    33     4     4     3     1    -0.00000000
   0.030    94    34     4     4     4    -1     0.00000000
   0.030    94    35     4     4     4     1     0.00000000
   0.030    94    36     5     5     0     1     0.00000000
   0.030    94    37     5     5     1    -1     0.00000000
   0.030    94    38     5     3     0     1     0.00000000
   0.030    94    39     5     3     1    -1     0.00000000
   0.030    94    40     5     1     0     1    -0.00000000
   0.030    94    41     5     1     1    -1    -0.00000000
   0.030    94    42     5     5     1     1    -0.00477545
   0.030    94    43     5     5     2    -1    -0.00198559
   0.030    94    44     5     3     1     1    -0.01158922
   0.030    94    45     5     3     2    -1    -0.00727049
   0.030    94    46     5     1     1     1     0.00000531
   0.030    94    47     5     5     2     1     0.00000000
   0.030    94    48     5     5     3    -1     0.00000000
   0.030    94    49     5     3     2     1    -0.00000000
   0.030    94    50     5     3     3    -1     0.00000000
   0.030    94    51     5     5     3     1     0.00000000
   0.030    94    52     5     5     4    -1     0.00000000
   0.030    94    53     5     3     3     1     0.00000000
   0.030    94    54     5     5     4     1    -0.00000000
   0.030    94    55     5     5     5    -1     0.00000000
   0.030    94    56     5     5     5     1     0.00000000
   0.030    94    57     6     6     0     1    -0.00000000
   0.030    94    58     6     6     1    -1    -0.00000000
   0.030    94    59     6     4     0     1    -0.00000000
   0.030    94    60     6     4     1    -1    -0.00000000
   0.030    94    61     6     2     0     1    -0.00000000
   0.030    94    62     6     2     1    -1    -0.00000000
   0.030    94    63     6     0     0     1    -0.00000000
   0.030    94    64     6     6     1     1    -0.00000000
   0.030    94    65     6     6     2    -1    -0.00000000
   0.030    94    66     6     4     1     1     0.00000000
   0.030    94    67     6     4     2    -1    -0.00000000
   0.030    94    68     6     2     1     1     0.00000000
   0.030    94    69     6     2     2    -1     0.00000000
   0.030    94    70     6     6     2     1     0.00000000
   0.030    94    71     6     6     3    -1    -0.00000000
   0.030    94    72     6     4     2     1     0.00000000
   0.030    94    73     6     4     3    -1     0.00000000
   0.030    94    74     6     2     2     1     0.00000000
   0.030    94    75     6     6     3     1     0.00000000
   0.030    94    76     6     6     4    -1    -0.00000000
   0.030    94    77     6     4     3     1     0.00000000
   0.030    94    78     6     4     4    -1    -0.00000000
   0.030    94    79     6     6     4     1    -0.00000000
   0.030    94    80     6     6     5    -1    -0.00000000
   0.030    94    81     6     4     4     1    -0.00000000
   0.030    94    82     6     6     5     1     0.00000000
   0.030    94    83     6     6     6    -1     0.00000000
   0.030    94    84     6     6     6     1    -0.00000000
   0.030    94    85     7     7     0     1     0.00000000
   0.030    94    86     7     7     1    -1    -0.00000000
   0.030    94    87     7     5     0     1    -0.00000000
   0.030    94    88     7     5     1    -1    -0.00000000
   0.030    94    89     7     3     0     1     0.00000000
   0.030    94    90     7     3     1    -1     0.00000000
   0.030    94    91     7     1     0     1    -0.00000000
   0.030    94    92     7     1     1    -1     0.00000000
   0.030    94    93     7     7     1     1    -0.00002413
   0.030    94    94     7     7     2    -1     0.00020678
   0.030    94    95     7     5     1     1     0.80436724
   0.030    94    96     7     5     2    -1     0.59395216
   0.030    94    97     7     3     1     1    -0.00039098
   0.030    94    98     7     3     2    -1    -0.00010582
   0.030    94    99     7     1     1     1    -0.00021995
   0.030    94   100     7     7     2     1    -0.00000000
   0.030    94   101     7     7     3    -1     0.00000000
   0.030    94   102     7     5     2     1     0.00000000
   0.030    94   103     7     5     3    -1     0.00000000
   0.030    94   104     7     3     2     1     0.00000000
   0.030    94   105     7     3     3    -1    -0.00000000
   0.030    94   106     7     7     3     1    -0.00000000
   0.030    94   107     7     7     4    -1    -0.00000000
   0.030    94   108     7     5     3     1     0.00000000
   0.030    94   109     7     5     4    -1    -0.00000000
   0.030    94   110     7     3     3     1    -0.00000000
   0.030    94   111     7     7     4     1    -0.00000000
   0.030    94   112     7     7     5    -1    -0.00000000
   0.030    94   113     7     5     4     1     0.00000000
   0.030    94   114     7     5     5    -1    -0.00000000
   0.030    94   115     7     7     5     1     0.00000000
   0.030    94   116     7     7     6    -1     0.00000000
   0.030    94   117     7     5     5     1     0.00000000
   0.030    94   118     7     7     6     1     0.00000000
   0.030    94   119     7     7     7    -1     0.00000000
   0.030    94   120     7     7     7     1     0.00000000
   0.030    95     1     0     0     0     1     0.00000000
   0.030    95     2     1     1     0     1     0.00000000
   0.030    95     3     1     1     1    -1    -0.00000000
   0.030    95     4     1     1     1     1    -0.00000000
   0.030    95     5     2     2     0     1    -0.00000000
   0.030    95     6     2     2     1    -1    -0.00000000
   0.030    95     7     2     0     0     1    -0.00000000
   0.030    95     8     2     2     1     1     0.00000000
   0.030    95     9     2     2     2    -1     0.00000000
   0.030    95    10     2     2     2     1     0.00000000
   0.030    95    11     3     3     0     1    -0.00000000
   0.030    95    12     3     3     1    -1    -0.00000000
   0.030    95    13     3     1     0     1    -0.00000000
   0.030    95    14     3     1     1    -1     0.00000000
   0.030    95    15     3     3     1     1     0.00000000
   0.030    95    16     3     3     2    -1    -0.00000000
   0.030    95    17     3     1     1     1    -0.00000000
   0.030    95    18     3     3     2     1     0.00001094
   0.030    95    19     3     3     3    -1    -0.00001953
   0.030    95    20     3     3     3     1    -0.00000000
   0.030    95    21     4     4     0     1    -0.00000000
   0.030    95    22     4     4     1    -1    -0.00000000
   0.030    95    23     4     2     0     1    -0.00000000
   0.030    95    24     4     2     1    -1    -0.00000000
   0.030    95    25     4     0     0     1    -0.00000000
   0.030    95    26     4     4     1     1    -0.00000000
   0.030    95    27     4     4     2    -1     0.00000000
   0.030    95    28     4     2     1     1    -0.00000000
   0.030    95    29     4     2     2    -1    -0.00000000
   0.030    95    30     4     4     2     1    -0.00000000
   0.030    95    31     4     4     3    -1    -0.00000000
   0.030    95    32     4     2     2     1     0.00000000
   0.030    95    33     4     4     3     1    -0.00000000
   0.030    95    34     4     4     4    -1     0.00000000
   0.030    95    35     4     4     4     1    -0.00000000
   0.030    95    36     5     5     0     1     0.00000000
   0.030    95    37     5     5     1    -1     0.00000000
   0.030    95    38     5     3     0     1     0.00000000
   0.030    95    39     5     3     1    -1    -0.00000000
   0.030    95    40     5     1     0     1     0.00000000
   0.030    95    41     5     1     1    -1     0.00000000
   0.030    95    42     5     5     1     1     0.00000000
   0.030    95    43     5     5     2    -1     0.00000000
   0.030    95    44     5     3     1     1     0.00000000
   0.030    95    45     5     3     2    -1     0.00000000
   0.030    95    46     5     1     1     1    -0.00000000
   0.030    95    47     5     5     2     1    -0.00352519
   0.030    95    48     5     5     3    -1     0.00011882
   0.030    95    49     5     3     2     1    -0.01046984
   0.030    95    50     5     3     3    -1    -0.00421368
   0.030    95    51     5     5     3     1    -0.00000000
   0.030    95    52     5     5     4    -1    -0.00000000
   0.030    95    53     5     3     3     1     0.00000000
   0.030    95    54     5     5     4     1     0.00000000
   0.030    95    55     5     5     5    -1    -0.00000000
   0.030    95    56     5     5     5     1     0.00000000
   0.030    95    57     6     6     0     1    -0.00000000
   0.030    95    58     6     6     1    -1    -0.00000000
   0.030    95    59     6     4     0     1    -0.00000000
   0.030    95    60     6     4     1    -1    -0.00000000
   0.030    95    61     6     2     0     1    -0.00000000
   0.030    95    62     6     2     1    -1    -0.00000000
   0.030    95    63     6     0     0     1    -0.00000000
   0.030    95    64     6     6     1     1     0.00000000
   0.030    95    65     6     6     2    -1     0.00000000
   0.030    95    66     6     4     1     1    -0.00000000
   0.030    95    67     6     4     2    -1    -0.00000000
   0.030    95    68     6     2     1     1    -0.00000000
   0.030    95    69     6     2     2    -1    -0.00000000
   0.030    95    70     6     6     2     1    -0.00000000
   0.030    95    71     6     6     3    -1    -0.00000000
   0.030    95    72     6     4     2     1    -0.00000000
   0.030    95    73     6     4     3    -1     0.00000000
   0.030    95    74     6     2     2     1    -0.00000000
   0.030    95    75     6     6     3     1     0.00000000
   0.030    95    76     6     6     4    -1     0.00000000
   0.030    95    77     6     4     3     1    -0.00000000
   0.030    95    78     6     4     4    -1    -0.00000000
   0.030    95    79     6     6     4     1     0.00000000
   0.030    95    80     6     6     5    -1     0.00000000
   0.030    95    81     6     4     4     1    -0.00000000
   0.030    95    82     6     6     5     1    -0.00000000
   0.030    95    83     6     6     6    -1    -0.00000000
   0.030    95    84     6     6     6     1    -0.00000000
   0.030    95    85     7     7     0     1     0.00000000
   0.030    95    86     7     7     1    -1     0.00000000
   0.030    95    87     7     5     0     1    -0.00000000
   0.030    95    88     7     5     1    -1     0.00000000
   0.030    95    89     7     3     0     1    -0.00000000
   0.030    95    90     7     3     1    -1    -0.00000000
   0.030    95    91     7     1     0     1     0.00000000
   0.030    95    92     7     1     1    -1     0.00000000
   0.030    95    93     7     7     1     1     0.00000000
   0.030    95    94     7     7     2    -1    -0.00000000
   0.030    95    95     7     5     1     1    -0.00000000
   0.030    95    96     7     5     2    -1    -0.00000000
   0.030    95    97     7     3     1     1     0.00000000
   0.030    95    98     7     3     2    -1    -0.00000000
   0.030    95    99     7     1     1     1     0.00000000
   0.030    95   100     7     7     2     1    -0.00007890
   0.030    95   101     7     7     3    -1     0.00021726
   0.030    95   102     7     5     2     1     0.86160179
   0.030    95   103     7     5     3    -1     0.50744702
   0.030    95   104     7     3     2     1    -0.00003188
   0.030    95   105     7     3     3    -1     0.00010748
   0.030    95   106     7     7     3     1     0.00000000
   0.030    95   107     7     7     4    -1    -0.00000000
   0.030    95   108     7     5     3     1    -0.00000000
   0.030    95   109     7     5     4    -1    -0.00000000
   0.030    95   110     7     3     3     1     0.00000000
   0.030    95   111     7     7     4     1    -0.00000000
   0.030    95   112     7     7     5    -1    -0.00000000
   0.030    95   113     7     5     4     1    -0.00000000
   0.030    95   114     7     5     5    -1     0.00000000
   0.030    95   115     7     7     5     1     0.00000000
   0.030    95   116     7     7     6    -1     0.00000000
   0.030    95   117     7     5     5     1     0.00000000
   0.030    95   118     7     7     6     1     0.00000000
   0.030    95   119     7     7     7    -1     0.00000000
   0.030    95   120     7     7     7     1     0.00000000
   0.030    96     1     0     0     0     1     0.00000000
   0.030    96     2     1     1     0     1     0.00000000
   0.030    96     3     1     1     1    -1     0.00000000
   0.030    96     4     1     1     1     1     0.00000000
   0.030    96     5     2     2     0     1     0.00000000
   0.030    96     6     2     2     1    -1     0.00000000
   0.030    96     7     2     0     0     1    -0.00000000
   0.030    96     8     2     2     1     1    -0.00000000
   0.030    96     9     2     2     2    -1    -0.00000000
   0.030    96    10     2     2     2     1    -0.00000000
   0.030    96    11     3     3     0     1     0.00000000
   0.030    96    12     3     3     1    -1     0.00000000
   0.030    96    13     3     1     0     1    -0.00000000
   0.030    96    14     3     1     1    -1     0.00000000
   0.030    96    15     3     3     1     1    -0.00000000
   0.030    96    16     3     3     2    -1     0.00000000
   0.030    96    17     3     1     1     1     0.00000000
   0.030    96    18     3     3     2     1     0.00000000
   0.030    96    19     3     3     3    -1     0.00000000
   0.030    96    20     3     3     3     1     0.00002886
   0.030    96    21     4     4     0     1     0.00000000
   0.030    96    22     4     4     1    -1     0.00000000
   0.030    96    23     4     2     0     1    -0.00000000
   0.030    96    24     4     2     1    -1    -0.00000000
   0.030    96    25     4     0     0     1     0.00000000
   0.030    96    26     4     4     1     1    -0.00000000
   0.030    96    27     4     4     2    -1    -0.00000000
   0.030    96    28     4     2     1     1    -0.00000000
   0.030    96    29     4     2     2    -1     0.00000000
   0.030    96    30     4     4     2     1    -0.00000000
   0.030    96    31     4     4     3    -1    -0.00000000
   0.030    96    32     4     2     2     1     0.00000000
   0.030    96    33     4     4     3     1    -0.00000000
   0.030    96    34     4     4     4    -1     0.00000000
   0.030    96    35     4     4     4     1     0.00000000
   0.030    96    36     5     5     0     1     0.00000000
   0.030    96    37     5     5     1    -1     0.00000000
   0.030    96    38     5     3     0     1     0.00000000
   0.030    96    39     5     3     1    -1    -0.00000000
   0.030    96    40     5     1     0     1    -0.00000000
   0.030    96    41     5     1     1    -1     0.00000000
   0.030    96    42     5     5     1     1    -0.00000000
   0.030    96    43     5     5     2    -1     0.00000000
   0.030    96    44     5     3     1     1    -0.00000000
   0.030    96    45     5     3     2    -1     0.00000000
   0.030    96    46     5     1     1     1     0.00000000
   0.030    96    47     5     5     2     1     0.00000000
   0.030    96    48     5     5     3    -1     0.00000000
   0.030    96    49     5     3     2     1     0.00000000
   0.030    96    50     5     3     3    -1     0.00000000
   0.030    96    51     5     5     3     1     0.00082821
   0.030    96    52     5     5     4    -1    -0.00209919
   0.030    96    53     5     3     3     1     0.00749658
   0.030    96    54     5     5     4     1    -0.00000000
   0.030    96    55     5     5     5    -1     0.00000000
   0.030    96    56     5     5     5     1     0.00000000
   0.030    96    57     6     6     0     1     0.00000000
   0.030    96    58     6     6     1    -1    -0.00000000
   0.030    96    59     6     4     0     1    -0.00000000
   0.030    96    60     6     4     1    -1    -0.00000000
   0.030    96    61     6     2     0     1    -0.00000000
   0.030    96    62     6     2     1    -1    -0.00000000
   0.030    96    63     6     0     0     1    -0.00000000
   0.030    96    64     6     6     1     1    -0.00000000
   0.030    96    65     6     6     2    -1    -0.00000000
   0.030    96    66     6     4     1     1    -0.00000000
   0.030    96    67     6     4     2    -1    -0.00000000
   0.030    96    68     6     2     1     1    -0.00000000
   0.030    96    69     6     2     2    -1    -0.00000000
   0.030    96    70     6     6     2     1     0.00000000
   0.030    96    71     6     6     3    -1    -0.00000000
   0.030    96    72     6     4     2     1     0.00000000
   0.030    96    73     6     4     3    -1     0.00000000
   0.030    96    74     6     2     2     1    -0.00000000
   0.030    96    75     6     6     3     1    -0.00000000
   0.030    96    76     6     6     4    -1    -0.00000000
   0.030    96    77     6     4     3     1    -0.00000000
   0.030    96    78     6     4     4    -1    -0.00000000
   0.030    96    79     6     6     4     1     0.00000000
   0.030    96    80     6     6     5    -1     0.00000000
   0.030    96    81     6     4     4     1    -0.00000000
   0.030    96    82     6     6     5     1     0.00000000
   0.030    96    83     6     6     6    -1     0.00000000
   0.030    96    84     6     6     6     1    -0.00000000
   0.030    96    85     7     7     0     1    -0.00000000
   0.030    96    86     7     7     1    -1     0.00000000
   0.030    96    87     7     5     0     1    -0.00000000
   0.030    96    88     7     5     1    -1     0.00000000
   0.030    96    89     7     3     0     1     0.00000000
   0.030    96    90     7     3     1    -1    -0.00000000
   0.030    96    91     7     1     0     1    -0.00000000
   0.030    96    92     7     1     1    -1     0.00000000
   0.030    96    93     7     7     1     1     0.00000000
   0.030    96    94     7     7     2    -1    -0.00000000
   0.030    96    95     7     5     1     1     0.00000000
   0.030    96    96     7     5     2    -1    -0.00000000
   0.030    96    97     7     3     1     1    -0.00000000
   0.030    96    98     7     3     2    -1     0.00000000
   0.030    96    99     7     1     1     1     0.00000000
   0.030    96   100     7     7     2     1    -0.00000000
   0.030    96   101     7     7     3    -1    -0.00000000
   0.030    96   102     7     5     2     1    -0.00000000
   0.030    96   103     7     5     3    -1    -0.00000000
   0.030    96   104     7     3     2     1    -0.00000000
   0.030    96   105     7     3     3    -1     0.00000000
   0.030    96   106     7     7     3     1     0.00009176
   0.030    96   107     7     7     4    -1    -0.00015121
   0.030    96   108     7     5     3     1    -0.91310319
   0.030    96   109     7     5     4    -1    -0.40765322
   0.030    96   110     7     3     3     1    -0.00031233
   0.030    96   111     7     7     4     1     0.00000000
   0.030    96   112     7     7     5    -1    -0.00000000
   0.030    96   113     7     5     4     1    -0.00000000
   0.030    96   114     7     5     5    -1    -0.00000000
   0.030    96   115     7     7     5     1     0.00000000
   0.030    96   116     7     7     6    -1     0.00000000
   0.030    96   117     7     5     5     1     0.00000000
   0.030    96   118     7     7     6     1     0.00000000
   0.030    96   119     7     7     7    -1     0.00000000
   0.030    96   120     7     7     7     1     0.00000000
   0.030    97     1     0     0     0     1     0.00000000
   0.030    97     2     1     1     0     1     0.00000000
   0.030    97     3     1     1     1    -1    -0.00000000
   0.030    97     4     1     1     1     1    -0.00000000
   0.030    97     5     2     2     0     1     0.00000000
   0.030    97     6     2     2     1    -1     0.00000000
   0.030    97     7     2     0     0     1    -0.00000000
   0.030    97     8     2     2     1     1    -0.00000000
   0.030    97     9     2     2     2    -1    -0.00000000
   0.030    97    10     2     2     2     1     0.00000000
   0.030    97    11     3     3     0     1    -0.00000000
   0.030    97    12     3     3     1    -1    -0.00000000
   0.030    97    13     3     1     0     1     0.00000000
   0.030    97    14     3     1     1    -1     0.00000000
   0.030    97    15     3     3     1     1    -0.00000000
   0.030    97    16     3     3     2    -1    -0.00000000
   0.030    97    17     3     1     1     1    -0.00000000
   0.030    97    18     3     3     2     1     0.00000000
   0.030    97    19     3     3     3    -1    -0.00000000
   0.030    97    20     3     3     3     1    -0.00000000
   0.030    97    21     4     4     0     1     0.00000000
   0.030    97    22     4     4     1    -1     0.00000000
   0.030    97    23     4     2     0     1     0.00000000
   0.030    97    24     4     2     1    -1    -0.00000000
   0.030    97    25     4     0     0     1     0.00000000
   0.030    97    26     4     4     1     1    -0.00000000
   0.030    97    27     4     4     2    -1    -0.00000000
   0.030    97    28     4     2     1     1    -0.00000000
   0.030    97    29     4     2     2    -1     0.00000000
   0.030    97    30     4     4     2     1     0.00000000
   0.030    97    31     4     4     3    -1     0.00000000
   0.030    97    32     4     2     2     1    -0.00000000
   0.030    97    33     4     4     3     1    -0.00000000
   0.030    97    34     4     4     4    -1    -0.00000000
   0.030    97    35     4     4     4     1     0.00000000
   0.030    97    36     5     5     0     1     0.00000000
   0.030    97    37     5     5     1    -1    -0.00000000
   0.030    97    38     5     3     0     1    -0.00000000
   0.030    97    39     5     3     1    -1     0.00000000
   0.030    97    40     5     1     0     1    -0.00000000
   0.030    97    41     5     1     1    -1    -0.00000000
   0.030    97    42     5     5     1     1     0.00000000
   0.030    97    43     5     5     2    -1    -0.00000000
   0.030    97    44     5     3     1     1    -0.00000000
   0.030    97    45     5     3     2    -1    -0.00000000
   0.030    97    46     5     1     1     1     0.00000000
   0.030    97    47     5     5     2     1     0.00000000
   0.030    97    48     5     5     3    -1    -0.00000000
   0.030    97    49     5     3     2     1    -0.00000000
   0.030    97    50     5     3     3    -1     0.00000000
   0.030    97    51     5     5     3     1    -0.00000000
   0.030    97    52     5     5     4    -1    -0.00000000
   0.030    97    53     5     3     3     1    -0.00000000
   0.030    97    54     5     5     4     1    -0.00344770
   0.030    97    55     5     5     5    -1    -0.00321749
   0.030    97    56     5     5     5     1     0.00000000
   0.030    97    57     6     6     0     1     0.00000000
   0.030    97    58     6     6     1    -1     0.00000000
   0.030    97    59     6     4     0     1     0.00000000
   0.030    97    60     6     4     1    -1     0.00000000
   0.030    97    61     6     2     0     1     0.00000000
   0.030    97    62     6     2     1    -1     0.00000000
   0.030    97    63     6     0     0     1     0.00000000
   0.030    97    64     6     6     1     1    -0.00000000
   0.030    97    65     6     6     2    -1    -0.00000000
   0.030    97    66     6     4     1     1    -0.00000000
   0.030    97    67     6     4     2    -1     0.00000000
   0.030    97    68     6     2     1     1    -0.00000000
   0.030    97    69     6     2     2    -1    -0.00000000
   0.030    97    70     6     6     2     1     0.00000000
   0.030    97    71     6     6     3    -1     0.00000000
   0.030    97    72     6     4     2     1    -0.00000000
   0.030    97    73     6     4     3    -1    -0.00000000
   0.030    97    74     6     2     2     1     0.00000000
   0.030    97    75     6     6     3     1    -0.00000000
   0.030    97    76     6     6     4    -1     0.00000000
   0.030    97    77     6     4     3     1    -0.00000000
   0.030    97    78     6     4     4    -1     0.00000000
   0.030    97    79     6     6     4     1     0.00000000
   0.030    97    80     6     6     5    -1     0.00000000
   0.030    97    81     6     4     4     1     0.00000000
   0.030    97    82     6     6     5     1     0.00000000
   0.030    97    83     6     6     6    -1    -0.00000000
   0.030    97    84     6     6     6     1     0.00000000
   0.030    97    85     7     7     0     1     0.00000000
   0.030    97    86     7     7     1    -1    -0.00000000
   0.030    97    87     7     5     0     1     0.00000000
   0.030    97    88     7     5     1    -1    -0.00000000
   0.030    97    89     7     3     0     1    -0.00000000
   0.030    97    90     7     3     1    -1     0.00000000
   0.030    97    91     7     1     0     1     0.00000000
   0.030    97    92     7     1     1    -1    -0.00000000
   0.030    97    93     7     7     1     1    -0.00000000
   0.030    97    94     7     7     2    -1     0.00000000
   0.030    97    95     7     5     1     1    -0.00000000
   0.030    97    96     7     5     2    -1     0.00000000
   0.030    97    97     7     3     1     1    -0.00000000
   0.030    97    98     7     3     2    -1     0.00000000
   0.030    97    99     7     1     1     1     0.00000000
   0.030    97   100     7     7     2     1     0.00000000
   0.030    97   101     7     7     3    -1    -0.00000000
   0.030    97   102     7     5     2     1     0.00000000
   0.030    97   103     7     5     3    -1    -0.00000000
   0.030    97   104     7     3     2     1    -0.00000000
   0.030    97   105     7     3     3    -1     0.00000000
   0.030    97   106     7     7     3     1    -0.00000000
   0.030    97   107     7     7     4    -1     0.00000000
   0.030    97   108     7     5     3     1     0.00000000
   0.030    97   109     7     5     4    -1    -0.00000000
   0.030    97   110     7     3     3     1     0.00000000
   0.030    97   111     7     7     4     1     0.00006055
   0.030    97   112     7     7     5    -1     0.00000065
   0.030    97   113     7     5     4     1    -0.95913728
   0.030    97   114     7     5     5    -1    -0.28290182
   0.030    97   115     7     7     5     1     0.00000000
   0.030    97   116     7     7     6    -1     0.00000000
   0.030    97   117     7     5     5     1     0.00000000
   0.030    97   118     7     7     6     1     0.00000000
   0.030    97   119     7     7     7    -1     0.00000000
   0.030    97   120     7     7     7     1     0.00000000
   0.030    98     1     0     0     0     1     0.00000000
   0.030    98     2     1     1     0     1     0.00000000
   0.030    98     3     1     1     1    -1     0.00000000
   0.030    98     4     1     1     1     1     0.00000000
   0.030    98     5     2     2     0     1     0.00000000
   0.030    98     6     2     2     1    -1     0.00000000
   0.030    98     7     2     0     0     1     0.00000000
   0.030    98     8     2     2     1     1     0.00000000
   0.030    98     9     2     2     2    -1     0.00000000
   0.030    98    10     2     2     2     1     0.00000000
   0.030    98    11     3     3     0     1     0.00000000
   0.030    98    12     3     3     1    -1     0.00000000
   0.030    98    13     3     1     0     1     0.00000000
   0.030    98    14     3     1     1    -1     0.00000000
   0.030    98    15     3     3     1     1     0.00000000
   0.030    98    16     3     3     2    -1     0.00000000
   0.030    98    17     3     1     1     1     0.00000000
   0.030    98    18     3     3     2     1     0.00000000
   0.030    98    19     3     3     3    -1     0.00000000
   0.030    98    20     3     3     3     1     0.00000000
   0.030    98    21     4     4     0     1     0.00000000
   0.030    98    22     4     4     1    -1     0.00000000
   0.030    98    23     4     2     0     1     0.00000000
   0.030    98    24     4     2     1    -1     0.00000000
   0.030    98    25     4     0     0     1     0.00000000
   0.030    98    26     4     4     1     1     0.00000000
   0.030    98    27     4     4     2    -1     0.00000000
   0.030    98    28     4     2     1     1     0.00000000
   0.030    98    29     4     2     2    -1     0.00000000
   0.030    98    30     4     4     2     1     0.00000000
   0.030    98    31     4     4     3    -1     0.00000000
   0.030    98    32     4     2     2     1     0.00000000
   0.030    98    33     4     4     3     1     0.00000000
   0.030    98    34     4     4     4    -1     0.00000000
   0.030    98    35     4     4     4     1     0.00000000
   0.030    98    36     5     5     0     1     0.00000000
   0.030    98    37     5     5     1    -1     0.00000000
   0.030    98    38     5     3     0     1     0.00000000
   0.030    98    39     5     3     1    -1     0.00000000
   0.030    98    40     5     1     0     1     0.00000000
   0.030    98    41     5     1     1    -1     0.00000000
   0.030    98    42     5     5     1     1     0.00000000
   0.030    98    43     5     5     2    -1     0.00000000
   0.030    98    44     5     3     1     1     0.00000000
   0.030    98    45     5     3     2    -1     0.00000000
   0.030    98    46     5     1     1     1     0.00000000
   0.030    98    47     5     5     2     1     0.00000000
   0.030    98    48     5     5     3    -1     0.00000000
   0.030    98    49     5     3     2     1     0.00000000
   0.030    98    50     5     3     3    -1     0.00000000
   0.030    98    51     5     5     3     1     0.00000000
   0.030    98    52     5     5     4    -1     0.00000000
   0.030    98    53     5     3     3     1     0.00000000
   0.030    98    54     5     5     4     1     0.00000000
   0.030    98    55     5     5     5    -1     0.00000000
   0.030    98    56     5     5     5     1     0.00937877
   0.030    98    57     6     6     0     1     0.00000000
   0.030    98    58     6     6     1    -1     0.00000000
   0.030    98    59     6     4     0     1     0.00000000
   0.030    98    60     6     4     1    -1     0.00000000
   0.030    98    61     6     2     0     1     0.00000000
   0.030    98    62     6     2     1    -1     0.00000000
   0.030    98    63     6     0     0     1     0.00000000
   0.030    98    64     6     6     1     1     0.00000000
   0.030    98    65     6     6     2    -1     0.00000000
   0.030    98    66     6     4     1     1     0.00000000
   0.030    98    67     6     4     2    -1     0.00000000
   0.030    98    68     6     2     1     1     0.00000000
   0.030    98    69     6     2     2    -1     0.00000000
   0.030    98    70     6     6     2     1     0.00000000
   0.030    98    71     6     6     3    -1     0.00000000
   0.030    98    72     6     4     2     1     0.00000000
   0.030    98    73     6     4     3    -1     0.00000000
   0.030    98    74     6     2     2     1     0.00000000
   0.030    98    75     6     6     3     1     0.00000000
   0.030    98    76     6     6     4    -1     0.00000000
   0.030    98    77     6     4     3     1     0.00000000
   0.030    98    78     6     4     4    -1     0.00000000
   0.030    98    79     6     6     4     1     0.00000000
   0.030    98    80     6     6     5    -1     0.00000000
   0.030    98    81     6     4     4     1     0.00000000
   0.030    98    82     6     6     5     1     0.00000000
   0.030    98    83     6     6     6    -1     0.00000000
   0.030    98    84     6     6     6     1     0.00000000
   0.030    98    85     7     7     0     1     0.00000000
   0.030    98    86     7     7     1    -1     0.00000000
   0.030    98    87     7     5     0     1     0.00000000
   0.030    98    88     7     5     1    -1     0.00000000
   0.030    98    89     7     3     0     1     0.00000000
   0.030    98    90     7     3     1    -1     0.00000000
   0.030    98    91     7     1     0     1     0.00000000
   0.030    98    92     7     1     1    -1     0.00000000
   0.030    98    93     7     7     1     1     0.00000000
   0.030    98    94     7     7     2    -1     0.00000000
   0.030    98    95     7     5     1     1     0.00000000
   0.030    98    96     7     5     2    -1     0.00000000
   0.030    98    97     7     3     1     1     0.00000000
   0.030    98    98     7     3     2    -1     0.00000000
   0.030    98    99     7     1     1     1     0.00000000
   0.030    98   100     7     7     2     1     0.00000000
   0.030    98   101     7     7     3    -1     0.00000000
   0.030    98   102     7     5     2     1     0.00000000
   0.030    98   103     7     5     3    -1     0.00000000
   0.030    98   104     7     3     2     1     0.00000000
   0.030    98   105     7     3     3    -1     0.00000000
   0.030    98   106     7     7     3     1     0.00000000
   0.030    98   107     7     7     4    -1     0.00000000
   0.030    98   108     7     5     3     1     0.00000000
   0.030    98   109     7     5     4    -1     0.00000000
   0.030    98   110     7     3     3     1     0.00000000
   0.030    98   111     7     7     4     1     0.00000000
   0.030    98   112     7     7     5    -1     0.00000000
   0.030    98   113     7     5     4     1     0.00000000
   0.030    98   114     7     5     5    -1     0.00000000
   0.030    98   115     7     7     5     1    -0.00000348
   0.030    98   116     7     7     6    -1    -0.00020015
   0.030    98   117     7     5     5     1     0.99995600
   0.030    98   118     7     7     6     1     0.00000000
   0.030    98   119     7     7     7    -1     0.00000000
   0.030    98   120     7     7     7     1     0.00000000
   0.030    99     1     0     0     0     1     0.00000000
   0.030    99     2     1     1     0     1     0.00000005
   0.030    99     3     1     1     1    -1    -0.00000004
   0.030    99     4     1     1     1     1    -0.00000000
   0.030    99     5     2     2     0     1    -0.00000000
   0.030    99     6     2     2     1    -1     0.00000000
   0.030    99     7     2     0     0     1     0.00000000
   0.030    99     8     2     2     1     1     0.00000000
   0.030    99     9     2     2     2    -1     0.00000000
   0.030    99    10     2     2     2     1    -0.00000000
   0.030    99    11     3     3     0     1    -0.00002297
   0.030    99    12     3     3     1    -1     0.00002345
   0.030    99    13     3     1     0     1     0.00000004
   0.030    99    14     3     1     1    -1    -0.00000002
   0.030    99    15     3     3     1     1    -0.00000000
   0.030    99    16     3     3     2    -1     0.00000000
   0.030    99    17     3     1     1     1     0.00000000
   0.030    99    18     3     3     2     1     0.00000000
   0.030    99    19     3     3     3    -1     0.00000000
   0.030    99    20     3     3     3     1    -0.00000000
   0.030    99    21     4     4     0     1     0.00000000
   0.030    99    22     4     4     1    -1     0.00000000
   0.030    99    23     4     2     0     1     0.00000000
   0.030    99    24     4     2     1    -1    -0.00000000
   0.030    99    25     4     0     0     1    -0.00000000
   0.030    99    26     4     4     1     1    -0.00000000
   0.030    99    27     4     4     2    -1    -0.00000000
   0.030    99    28     4     2     1     1    -0.00000000
   0.030    99    29     4     2     2    -1    -0.00000000
   0.030    99    30     4     4     2     1    -0.00000000
   0.030    99    31     4     4     3    -1     0.00000000
   0.030    99    32     4     2     2     1    -0.00000000
   0.030    99    33     4     4     3     1    -0.00000000
   0.030    99    34     4     4     4    -1    -0.00000000
   0.030    99    35     4     4     4     1    -0.00000000
   0.030    99    36     5     5     0     1     0.00601342
   0.030    99    37     5     5     1    -1    -0.00637472
   0.030    99    38     5     3     0     1    -0.00000349
   0.030    99    39     5     3     1    -1     0.00000457
   0.030    99    40     5     1     0     1    -0.00000215
   0.030    99    41     5     1     1    -1     0.00000167
   0.030    99    42     5     5     1     1     0.00000000
   0.030    99    43     5     5     2    -1    -0.00000000
   0.030    99    44     5     3     1     1     0.00000000
   0.030    99    45     5     3     2    -1    -0.00000000
   0.030    99    46     5     1     1     1     0.00000000
   0.030    99    47     5     5     2     1     0.00000000
   0.030    99    48     5     5     3    -1    -0.00000000
   0.030    99    49     5     3     2     1     0.00000000
   0.030    99    50     5     3     3    -1    -0.00000000
   0.030    99    51     5     5     3     1    -0.00000000
   0.030    99    52     5     5     4    -1     0.00000000
   0.030    99    53     5     3     3     1    -0.00000000
   0.030    99    54     5     5     4     1     0.00000000
   0.030    99    55     5     5     5    -1    -0.00000000
   0.030    99    56     5     5     5     1     0.00000000
   0.030    99    57     6     6     0     1    -0.00000000
   0.030    99    58     6     6     1    -1    -0.00000000
   0.030    99    59     6     4     0     1    -0.00000000
   0.030    99    60     6     4     1    -1     0.00000000
   0.030    99    61     6     2     0     1     0.00000000
   0.030    99    62     6     2     1    -1    -0.00000000
   0.030    99    63     6     0     0     1     0.00000000
   0.030    99    64     6     6     1     1     0.00000000
   0.030    99    65     6     6     2    -1    -0.00000000
   0.030    99    66     6     4     1     1    -0.00000000
   0.030    99    67     6     4     2    -1     0.00000000
   0.030    99    68     6     2     1     1    -0.00000000
   0.030    99    69     6     2     2    -1     0.00000000
   0.030    99    70     6     6     2     1     0.00000000
   0.030    99    71     6     6     3    -1    -0.00000000
   0.030    99    72     6     4     2     1     0.00000000
   0.030    99    73     6     4     3    -1    -0.00000000
   0.030    99    74     6     2     2     1     0.00000000
   0.030    99    75     6     6     3     1    -0.00000000
   0.030    99    76     6     6     4    -1     0.00000000
   0.030    99    77     6     4     3     1    -0.00000000
   0.030    99    78     6     4     4    -1    -0.00000000
   0.030    99    79     6     6     4     1     0.00000000
   0.030    99    80     6     6     5    -1    -0.00000000
   0.030    99    81     6     4     4     1    -0.00000000
   0.030    99    82     6     6     5     1     0.00000000
   0.030    99    83     6     6     6    -1    -0.00000000
   0.030    99    84     6     6     6     1    -0.00000000
   0.030    99    85     7     7     0     1    -0.68198444
   0.030    99    86     7     7     1    -1     0.73131412
   0.030    99    87     7     5     0     1     0.00012755
   0.030    99    88     7     5     1    -1    -0.00023177
   0.030    99    89     7     3     0     1     0.00010363
   0.030    99    90     7     3     1    -1    -0.00008727
   0.030    99    91     7     1     0     1    -0.00000020
   0.030    99    92     7     1     1    -1     0.00000004
   0.030    99    93     7     7     1     1    -0.00000000
   0.030    99    94     7     7     2    -1     0.00000000
   0.030    99    95     7     5     1     1     0.00000000
   0.030    99    96     7     5     2    -1     0.00000000
   0.030    99    97     7     3     1     1     0.00000000
   0.030    99    98     7     3     2    -1     0.00000000
   0.030    99    99     7     1     1     1     0.00000000
   0.030    99   100     7     7     2     1    -0.00000000
   0.030    99   101     7     7     3    -1     0.00000000
   0.030    99   102     7     5     2     1     0.00000000
   0.030    99   103     7     5     3    -1    -0.00000000
   0.030    99   104     7     3     2     1    -0.00000000
   0.030    99   105     7     3     3    -1     0.00000000
   0.030    99   106     7     7     3     1    -0.00000000
   0.030    99   107     7     7     4    -1    -0.00000000
   0.030    99   108     7     5     3     1    -0.00000000
   0.030    99   109     7     5     4    -1    -0.00000000
   0.030    99   110     7     3     3     1     0.00000000
   0.030    99   111     7     7     4     1    -0.00000000
   0.030    99   112     7     7     5    -1    -0.00000000
   0.030    99   113     7     5     4     1    -0.00000000
   0.030    99   114     7     5     5    -1     0.00000000
   0.030    99   115     7     7     5     1     0.00000000
   0.030    99   116     7     7     6    -1     0.00000000
   0.030    99   117     7     5     5     1     0.00000000
   0.030    99   118     7     7     6     1     0.00000000
   0.030    99   119     7     7     7    -1     0.00000000
   0.030    99   120     7     7     7     1     0.00000000
   0.030   100     1     0     0     0     1     0.00000000
   0.030   100     2     1     1     0     1    -0.00000000
   0.030   100     3     1     1     1    -1    -0.00000000
   0.030   100     4     1     1     1     1    -0.00000003
   0.030   100     5     2     2     0     1    -0.00000000
   0.030   100     6     2     2     1    -1    -0.00000000
   0.030   100     7     2     0     0     1     0.00000000
   0.030   100     8     2     2     1     1     0.00000000
   0.030   100     9     2     2     2    -1     0.00000000
   0.030   100    10     2     2     2     1    -0.00000000
   0.030   100    11     3     3     0     1    -0.00000000
   0.030   100    12     3     3     1    -1    -0.00000000
   0.030   100    13     3     1     0     1    -0.00000000
   0.030   100    14     3     1     1    -1     0.00000000
   0.030   100    15     3     3     1     1     0.00001896
   0.030   100    16     3     3     2    -1    -0.00001981
   0.030   100    17     3     1     1     1     0.00000000
   0.030   100    18     3     3     2     1     0.00000000
   0.030   100    19     3     3     3    -1    -0.00000000
   0.030   100    20     3     3     3     1     0.00000000
   0.030   100    21     4     4     0     1    -0.00000000
   0.030   100    22     4     4     1    -1     0.00000000
   0.030   100    23     4     2     0     1     0.00000000
   0.030   100    24     4     2     1    -1     0.00000000
   0.030   100    25     4     0     0     1    -0.00000000
   0.030   100    26     4     4     1     1     0.00000000
   0.030   100    27     4     4     2    -1    -0.00000000
   0.030   100    28     4     2     1     1     0.00000000
   0.030   100    29     4     2     2    -1     0.00000000
   0.030   100    30     4     4     2     1     0.00000000
   0.030   100    31     4     4     3    -1     0.00000000
   0.030   100    32     4     2     2     1     0.00000000
   0.030   100    33     4     4     3     1    -0.00000000
   0.030   100    34     4     4     4    -1    -0.00000000
   0.030   100    35     4     4     4     1    -0.00000000
   0.030   100    36     5     5     0     1     0.00000000
   0.030   100    37     5     5     1    -1    -0.00000000
   0.030   100    38     5     3     0     1     0.00000000
   0.030   100    39     5     3     1    -1    -0.00000000
   0.030   100    40     5     1     0     1    -0.00000000
   0.030   100    41     5     1     1    -1    -0.00000000
   0.030   100    42     5     5     1     1    -0.00532632
   0.030   100    43     5     5     2    -1     0.00634623
   0.030   100    44     5     3     1     1     0.00000076
   0.030   100    45     5     3     2    -1    -0.00000332
   0.030   100    46     5     1     1     1     0.00000173
   0.030   100    47     5     5     2     1    -0.00000000
   0.030   100    48     5     5     3    -1     0.00000000
   0.030   100    49     5     3     2     1     0.00000000
   0.030   100    50     5     3     3    -1    -0.00000000
   0.030   100    51     5     5     3     1     0.00000000
   0.030   100    52     5     5     4    -1     0.00000000
   0.030   100    53     5     3     3     1     0.00000000
   0.030   100    54     5     5     4     1    -0.00000000
   0.030   100    55     5     5     5    -1    -0.00000000
   0.030   100    56     5     5     5     1     0.00000000
   0.030   100    57     6     6     0     1    -0.00000000
   0.030   100    58     6     6     1    -1     0.00000000
   0.030   100    59     6     4     0     1     0.00000000
   0.030   100    60     6     4     1    -1    -0.00000000
   0.030   100    61     6     2     0     1    -0.00000000
   0.030   100    62     6     2     1    -1     0.00000000
   0.030   100    63     6     0     0     1    -0.00000000
   0.030   100    64     6     6     1     1    -0.00000000
   0.030   100    65     6     6     2    -1     0.00000000
   0.030   100    66     6     4     1     1     0.00000000
   0.030   100    67     6     4     2    -1     0.00000000
   0.030   100    68     6     2     1     1    -0.00000000
   0.030   100    69     6     2     2    -1     0.00000000
   0.030   100    70     6     6     2     1     0.00000000
   0.030   100    71     6     6     3    -1     0.00000000
   0.030   100    72     6     4     2     1    -0.00000000
   0.030   100    73     6     4     3    -1     0.00000000
   0.030   100    74     6     2     2     1     0.00000000
   0.030   100    75     6     6     3     1     0.00000000
   0.030   100    76     6     6     4    -1     0.00000000
   0.030   100    77     6     4     3     1    -0.00000000
   0.030   100    78     6     4     4    -1     0.00000000
   0.030   100    79     6     6     4     1    -0.00000000
   0.030   100    80     6     6     5    -1     0.00000000
   0.030   100    81     6     4     4     1    -0.00000000
   0.030   100    82     6     6     5     1     0.00000000
   0.030   100    83     6     6     6    -1    -0.00000000
   0.030   100    84     6     6     6     1     0.00000000
   0.030   100    85     7     7     0     1    -0.00000000
   0.030   100    86     7     7     1    -1     0.00000000
   0.030   100    87     7     5     0     1    -0.00000000
   0.030   100    88     7     5     1    -1     0.00000000
   0.030   100    89     7     3     0     1     0.00000000
   0.030   100    90     7     3     1    -1     0.00000000
   0.030   100    91     7     1     0     1    -0.00000000
   0.030   100    92     7     1     1    -1     0.00000000
   0.030   100    93     7     7     1     1     0.62893778
   0.030   100    94     7     7     2    -1    -0.77741144
   0.030   100    95     7     5     1     1     0.00002343
   0.030   100    96     7     5     2    -1     0.00024278
   0.030   100    97     7     3     1     1    -0.00010297
   0.030   100    98     7     3     2    -1     0.00006138
   0.030   100    99     7     1     1     1    -0.00000002
   0.030   100   100     7     7     2     1     0.00000000
   0.030   100   101     7     7     3    -1    -0.00000000
   0.030   100   102     7     5     2     1    -0.00000000
   0.030   100   103     7     5     3    -1    -0.00000000
   0.030   100   104     7     3     2     1    -0.00000000
   0.030   100   105     7     3     3    -1    -0.00000000
   0.030   100   106     7     7     3     1     0.00000000
   0.030   100   107     7     7     4    -1     0.00000000
   0.030   100   108     7     5     3     1     0.00000000
   0.030   100   109     7     5     4    -1    -0.00000000
   0.030   100   110     7     3     3     1    -0.00000000
   0.030   100   111     7     7     4     1    -0.00000000
   0.030   100   112     7     7     5    -1    -0.00000000
   0.030   100   113     7     5     4     1     0.00000000
   0.030   100   114     7     5     5    -1     0.00000000
   0.030   100   115     7     7     5     1     0.00000000
   0.030   100   116     7     7     6    -1     0.00000000
   0.030   100   117     7     5     5     1     0.00000000
   0.030   100   118     7     7     6     1     0.00000000
   0.030   100   119     7     7     7    -1     0.00000000
   0.030   100   120     7     7     7     1     0.00000000
   0.030   101     1     0     0     0     1    -0.00000000
   0.030   101     2     1     1     0     1    -0.00000000
   0.030   101     3     1     1     1    -1     0.00000000
   0.030   101     4     1     1     1     1    -0.00000000
   0.030   101     5     2     2     0     1     0.00000000
   0.030   101     6     2     2     1    -1     0.00000000
   0.030   101     7     2     0     0     1     0.00000000
   0.030   101     8     2     2     1     1     0.00000000
   0.030   101     9     2     2     2    -1     0.00000000
   0.030   101    10     2     2     2     1     0.00000000
   0.030   101    11     3     3     0     1    -0.00000000
   0.030   101    12     3     3     1    -1     0.00000000
   0.030   101    13     3     1     0     1     0.00000000
   0.030   101    14     3     1     1    -1    -0.00000000
   0.030   101    15     3     3     1     1     0.00000000
   0.030   101    16     3     3     2    -1    -0.00000000
   0.030   101    17     3     1     1     1     0.00000000
   0.030   101    18     3     3     2     1     0.00001272
   0.030   101    19     3     3     3    -1    -0.00001238
   0.030   101    20     3     3     3     1     0.00000000
   0.030   101    21     4     4     0     1    -0.00000000
   0.030   101    22     4     4     1    -1    -0.00000000
   0.030   101    23     4     2     0     1    -0.00000000
   0.030   101    24     4     2     1    -1     0.00000000
   0.030   101    25     4     0     0     1    -0.00000000
   0.030   101    26     4     4     1     1    -0.00000000
   0.030   101    27     4     4     2    -1     0.00000000
   0.030   101    28     4     2     1     1    -0.00000000
   0.030   101    29     4     2     2    -1    -0.00000000
   0.030   101    30     4     4     2     1     0.00000000
   0.030   101    31     4     4     3    -1     0.00000000
   0.030   101    32     4     2     2     1     0.00000000
   0.030   101    33     4     4     3     1    -0.00000000
   0.030   101    34     4     4     4    -1    -0.00000000
   0.030   101    35     4     4     4     1     0.00000000
   0.030   101    36     5     5     0     1    -0.00000000
   0.030   101    37     5     5     1    -1    -0.00000000
   0.030   101    38     5     3     0     1    -0.00000000
   0.030   101    39     5     3     1    -1    -0.00000000
   0.030   101    40     5     1     0     1     0.00000000
   0.030   101    41     5     1     1    -1     0.00000000
   0.030   101    42     5     5     1     1    -0.00000000
   0.030   101    43     5     5     2    -1     0.00000000
   0.030   101    44     5     3     1     1    -0.00000000
   0.030   101    45     5     3     2    -1    -0.00000000
   0.030   101    46     5     1     1     1     0.00000000
   0.030   101    47     5     5     2     1    -0.00438240
   0.030   101    48     5     5     3    -1     0.00586482
   0.030   101    49     5     3     2     1    -0.00000168
   0.030   101    50     5     3     3    -1    -0.00000087
   0.030   101    51     5     5     3     1    -0.00000000
   0.030   101    52     5     5     4    -1     0.00000000
   0.030   101    53     5     3     3     1     0.00000000
   0.030   101    54     5     5     4     1     0.00000000
   0.030   101    55     5     5     5    -1    -0.00000000
   0.030   101    56     5     5     5     1     0.00000000
   0.030   101    57     6     6     0     1     0.00000000
   0.030   101    58     6     6     1    -1     0.00000000
   0.030   101    59     6     4     0     1     0.00000000
   0.030   101    60     6     4     1    -1     0.00000000
   0.030   101    61     6     2     0     1     0.00000000
   0.030   101    62     6     2     1    -1    -0.00000000
   0.030   101    63     6     0     0     1     0.00000000
   0.030   101    64     6     6     1     1    -0.00000000
   0.030   101    65     6     6     2    -1     0.00000000
   0.030   101    66     6     4     1     1    -0.00000000
   0.030   101    67     6     4     2    -1    -0.00000000
   0.030   101    68     6     2     1     1    -0.00000000
   0.030   101    69     6     2     2    -1     0.00000000
   0.030   101    70     6     6     2     1     0.00000000
   0.030   101    71     6     6     3    -1     0.00000000
   0.030   101    72     6     4     2     1     0.00000000
   0.030   101    73     6     4     3    -1     0.00000000
   0.030   101    74     6     2     2     1    -0.00000000
   0.030   101    75     6     6     3     1    -0.00000000
   0.030   101    76     6     6     4    -1    -0.00000000
   0.030   101    77     6     4     3     1     0.00000000
   0.030   101    78     6     4     4    -1     0.00000000
   0.030   101    79     6     6     4     1     0.00000000
   0.030   101    80     6     6     5    -1     0.00000000
   0.030   101    81     6     4     4     1    -0.00000000
   0.030   101    82     6     6     5     1     0.00000000
   0.030   101    83     6     6     6    -1     0.00000000
   0.030   101    84     6     6     6     1     0.00000000
   0.030   101    85     7     7     0     1    -0.00000000
   0.030   101    86     7     7     1    -1     0.00000000
   0.030   101    87     7     5     0     1     0.00000000
   0.030   101    88     7     5     1    -1     0.00000000
   0.030   101    89     7     3     0     1     0.00000000
   0.030   101    90     7     3     1    -1    -0.00000000
   0.030   101    91     7     1     0     1    -0.00000000
   0.030   101    92     7     1     1    -1    -0.00000000
   0.030   101    93     7     7     1     1    -0.00000000
   0.030   101    94     7     7     2    -1     0.00000000
   0.030   101    95     7     5     1     1     0.00000000
   0.030   101    96     7     5     2    -1     0.00000000
   0.030   101    97     7     3     1     1    -0.00000000
   0.030   101    98     7     3     2    -1    -0.00000000
   0.030   101    99     7     1     1     1     0.00000000
   0.030   101   100     7     7     2     1     0.57143901
   0.030   101   101     7     7     3    -1    -0.82061184
   0.030   101   102     7     5     2     1     0.00015056
   0.030   101   103     7     5     3    -1     0.00015269
   0.030   101   104     7     3     2     1    -0.00008219
   0.030   101   105     7     3     3    -1     0.00003269
   0.030   101   106     7     7     3     1     0.00000000
   0.030   101   107     7     7     4    -1    -0.00000000
   0.030   101   108     7     5     3     1     0.00000000
   0.030   101   109     7     5     4    -1     0.00000000
   0.030   101   110     7     3     3     1    -0.00000000
   0.030   101   111     7     7     4     1     0.00000000
   0.030   101   112     7     7     5    -1     0.00000000
   0.030   101   113     7     5     4     1    -0.00000000
   0.030   101   114     7     5     5    -1     0.00000000
   0.030   101   115     7     7     5     1     0.00000000
   0.030   101   116     7     7     6    -1     0.00000000
   0.030   101   117     7     5     5     1     0.00000000
   0.030   101   118     7     7     6     1     0.00000000
   0.030   101   119     7     7     7    -1     0.00000000
   0.030   101   120     7     7     7     1     0.00000000
   0.030   102     1     0     0     0     1     0.00000000
   0.030   102     2     1     1     0     1    -0.00000000
   0.030   102     3     1     1     1    -1     0.00000000
   0.030   102     4     1     1     1     1    -0.00000000
   0.030   102     5     2     2     0     1     0.00000000
   0.030   102     6     2     2     1    -1     0.00000000
   0.030   102     7     2     0     0     1     0.00000000
   0.030   102     8     2     2     1     1     0.00000000
   0.030   102     9     2     2     2    -1    -0.00000000
   0.030   102    10     2     2     2     1     0.00000000
   0.030   102    11     3     3     0     1     0.00000000
   0.030   102    12     3     3     1    -1     0.00000000
   0.030   102    13     3     1     0     1     0.00000000
   0.030   102    14     3     1     1    -1    -0.00000000
   0.030   102    15     3     3     1     1     0.00000000
   0.030   102    16     3     3     2    -1    -0.00000000
   0.030   102    17     3     1     1     1    -0.00000000
   0.030   102    18     3     3     2     1     0.00000000
   0.030   102    19     3     3     3    -1    -0.00000000
   0.030   102    20     3     3     3     1    -0.00000603
   0.030   102    21     4     4     0     1     0.00000000
   0.030   102    22     4     4     1    -1    -0.00000000
   0.030   102    23     4     2     0     1    -0.00000000
   0.030   102    24     4     2     1    -1     0.00000000
   0.030   102    25     4     0     0     1    -0.00000000
   0.030   102    26     4     4     1     1     0.00000000
   0.030   102    27     4     4     2    -1    -0.00000000
   0.030   102    28     4     2     1     1     0.00000000
   0.030   102    29     4     2     2    -1     0.00000000
   0.030   102    30     4     4     2     1     0.00000000
   0.030   102    31     4     4     3    -1     0.00000000
   0.030   102    32     4     2     2     1     0.00000000
   0.030   102    33     4     4     3     1     0.00000000
   0.030   102    34     4     4     4    -1     0.00000000
   0.030   102    35     4     4     4     1    -0.00000000
   0.030   102    36     5     5     0     1     0.00000000
   0.030   102    37     5     5     1    -1     0.00000000
   0.030   102    38     5     3     0     1    -0.00000000
   0.030   102    39     5     3     1    -1    -0.00000000
   0.030   102    40     5     1     0     1    -0.00000000
   0.030   102    41     5     1     1    -1     0.00000000
   0.030   102    42     5     5     1     1     0.00000000
   0.030   102    43     5     5     2    -1    -0.00000000
   0.030   102    44     5     3     1     1     0.00000000
   0.030   102    45     5     3     2    -1    -0.00000000
   0.030   102    46     5     1     1     1    -0.00000000
   0.030   102    47     5     5     2     1    -0.00000000
   0.030   102    48     5     5     3    -1     0.00000000
   0.030   102    49     5     3     2     1     0.00000000
   0.030   102    50     5     3     3    -1    -0.00000000
   0.030   102    51     5     5     3     1     0.00326106
   0.030   102    52     5     5     4    -1    -0.00486271
   0.030   102    53     5     3     3     1     0.00000194
   0.030   102    54     5     5     4     1     0.00000000
   0.030   102    55     5     5     5    -1    -0.00000000
   0.030   102    56     5     5     5     1     0.00000000
   0.030   102    57     6     6     0     1    -0.00000000
   0.030   102    58     6     6     1    -1     0.00000000
   0.030   102    59     6     4     0     1     0.00000000
   0.030   102    60     6     4     1    -1     0.00000000
   0.030   102    61     6     2     0     1    -0.00000000
   0.030   102    62     6     2     1    -1     0.00000000
   0.030   102    63     6     0     0     1    -0.00000000
   0.030   102    64     6     6     1     1     0.00000000
   0.030   102    65     6     6     2    -1    -0.00000000
   0.030   102    66     6     4     1     1     0.00000000
   0.030   102    67     6     4     2    -1     0.00000000
   0.030   102    68     6     2     1     1     0.00000000
   0.030   102    69     6     2     2    -1    -0.00000000
   0.030   102    70     6     6     2     1     0.00000000
   0.030   102    71     6     6     3    -1     0.00000000
   0.030   102    72     6     4     2     1    -0.00000000
   0.030   102    73     6     4     3    -1    -0.00000000
   0.030   102    74     6     2     2     1     0.00000000
   0.030   102    75     6     6     3     1     0.00000000
   0.030   102    76     6     6     4    -1     0.00000000
   0.030   102    77     6     4     3     1     0.00000000
   0.030   102    78     6     4     4    -1     0.00000000
   0.030   102    79     6     6     4     1    -0.00000000
   0.030   102    80     6     6     5    -1    -0.00000000
   0.030   102    81     6     4     4     1     0.00000000
   0.030   102    82     6     6     5     1    -0.00000000
   0.030   102    83     6     6     6    -1     0.00000000
   0.030   102    84     6     6     6     1     0.00000000
   0.030   102    85     7     7     0     1     0.00000000
   0.030   102    86     7     7     1    -1     0.00000000
   0.030   102    87     7     5     0     1     0.00000000
   0.030   102    88     7     5     1    -1    -0.00000000
   0.030   102    89     7     3     0     1     0.00000000
   0.030   102    90     7     3     1    -1    -0.00000000
   0.030   102    91     7     1     0     1     0.00000000
   0.030   102    92     7     1     1    -1     0.00000000
   0.030   102    93     7     7     1     1    -0.00000000
   0.030   102    94     7     7     2    -1     0.00000000
   0.030   102    95     7     5     1     1    -0.00000000
   0.030   102    96     7     5     2    -1     0.00000000
   0.030   102    97     7     3     1     1     0.00000000
   0.030   102    98     7     3     2    -1    -0.00000000
   0.030   102    99     7     1     1     1     0.00000000
   0.030   102   100     7     7     2     1     0.00000000
   0.030   102   101     7     7     3    -1    -0.00000000
   0.030   102   102     7     5     2     1    -0.00000000
   0.030   102   103     7     5     3    -1     0.00000000
   0.030   102   104     7     3     2     1    -0.00000000
   0.030   102   105     7     3     3    -1    -0.00000000
   0.030   102   106     7     7     3     1    -0.50830330
   0.030   102   107     7     7     4    -1     0.86115820
   0.030   102   108     7     5     3     1    -0.00017961
   0.030   102   109     7     5     4    -1     0.00000012
   0.030   102   110     7     3     3     1     0.00004659
   0.030   102   111     7     7     4     1     0.00000000
   0.030   102   112     7     7     5    -1     0.00000000
   0.030   102   113     7     5     4     1    -0.00000000
   0.030   102   114     7     5     5    -1     0.00000000
   0.030   102   115     7     7     5     1     0.00000000
   0.030   102   116     7     7     6    -1     0.00000000
   0.030   102   117     7     5     5     1     0.00000000
   0.030   102   118     7     7     6     1     0.00000000
   0.030   102   119     7     7     7    -1     0.00000000
   0.030   102   120     7     7     7     1     0.00000000
   0.030   103     1     0     0     0     1     0.00000000
   0.030   103     2     1     1     0     1     0.00000000
   0.030   103     3     1     1     1    -1     0.00000000
   0.030   103     4     1     1     1     1     0.00000000
   0.030   103     5     2     2     0     1    -0.00000000
   0.030   103     6     2     2     1    -1    -0.00000000
   0.030   103     7     2     0     0     1    -0.00000000
   0.030   103     8     2     2     1     1     0.00000000
   0.030   103     9     2     2     2    -1    -0.00000000
   0.030   103    10     2     2     2     1    -0.00000000
   0.030   103    11     3     3     0     1     0.00000000
   0.030   103    12     3     3     1    -1     0.00000000
   0.030   103    13     3     1     0     1     0.00000000
   0.030   103    14     3     1     1    -1     0.00000000
   0.030   103    15     3     3     1     1     0.00000000
   0.030   103    16     3     3     2    -1    -0.00000000
   0.030   103    17     3     1     1     1    -0.00000000
   0.030   103    18     3     3     2     1    -0.00000000
   0.030   103    19     3     3     3    -1    -0.00000000
   0.030   103    20     3     3     3     1    -0.00000000
   0.030   103    21     4     4     0     1    -0.00000000
   0.030   103    22     4     4     1    -1    -0.00000000
   0.030   103    23     4     2     0     1    -0.00000000
   0.030   103    24     4     2     1    -1    -0.00000000
   0.030   103    25     4     0     0     1    -0.00000000
   0.030   103    26     4     4     1     1     0.00000000
   0.030   103    27     4     4     2    -1    -0.00000000
   0.030   103    28     4     2     1     1     0.00000000
   0.030   103    29     4     2     2    -1    -0.00000000
   0.030   103    30     4     4     2     1     0.00000000
   0.030   103    31     4     4     3    -1    -0.00000000
   0.030   103    32     4     2     2     1     0.00000000
   0.030   103    33     4     4     3     1    -0.00000000
   0.030   103    34     4     4     4    -1    -0.00000000
   0.030   103    35     4     4     4     1     0.00000000
   0.030   103    36     5     5     0     1     0.00000000
   0.030   103    37     5     5     1    -1     0.00000000
   0.030   103    38     5     3     0     1     0.00000000
   0.030   103    39     5     3     1    -1    -0.00000000
   0.030   103    40     5     1     0     1     0.00000000
   0.030   103    41     5     1     1    -1     0.00000000
   0.030   103    42     5     5     1     1     0.00000000
   0.030   103    43     5     5     2    -1    -0.00000000
   0.030   103    44     5     3     1     1     0.00000000
   0.030   103    45     5     3     2    -1    -0.00000000
   0.030   103    46     5     1     1     1     0.00000000
   0.030   103    47     5     5     2     1    -0.00000000
   0.030   103    48     5     5     3    -1    -0.00000000
   0.030   103    49     5     3     2     1    -0.00000000
   0.030   103    50     5     3     3    -1     0.00000000
   0.030   103    51     5     5     3     1     0.00000000
   0.030   103    52     5     5     4    -1    -0.00000000
   0.030   103    53     5     3     3     1     0.00000000
   0.030   103    54     5     5     4     1     0.00206078
   0.030   103    55     5     5     5    -1    -0.00324518
   0.030   103    56     5     5     5     1     0.00000000
   0.030   103    57     6     6     0     1    -0.00000000
   0.030   103    58     6     6     1    -1    -0.00000000
   0.030   103    59     6     4     0     1    -0.00000000
   0.030   103    60     6     4     1    -1    -0.00000000
   0.030   103    61     6     2     0     1    -0.00000000
   0.030   103    62     6     2     1    -1     0.00000000
   0.030   103    63     6     0     0     1    -0.00000000
   0.030   103    64     6     6     1     1     0.00000000
   0.030   103    65     6     6     2    -1    -0.00000000
   0.030   103    66     6     4     1     1     0.00000000
   0.030   103    67     6     4     2    -1     0.00000000
   0.030   103    68     6     2     1     1     0.00000000
   0.030   103    69     6     2     2    -1    -0.00000000
   0.030   103    70     6     6     2     1    -0.00000000
   0.030   103    71     6     6     3    -1    -0.00000000
   0.030   103    72     6     4     2     1     0.00000000
   0.030   103    73     6     4     3    -1     0.00000000
   0.030   103    74     6     2     2     1    -0.00000000
   0.030   103    75     6     6     3     1     0.00000000
   0.030   103    76     6     6     4    -1    -0.00000000
   0.030   103    77     6     4     3     1     0.00000000
   0.030   103    78     6     4     4    -1    -0.00000000
   0.030   103    79     6     6     4     1     0.00000000
   0.030   103    80     6     6     5    -1     0.00000000
   0.030   103    81     6     4     4     1     0.00000000
   0.030   103    82     6     6     5     1     0.00000000
   0.030   103    83     6     6     6    -1    -0.00000000
   0.030   103    84     6     6     6     1    -0.00000000
   0.030   103    85     7     7     0     1     0.00000000
   0.030   103    86     7     7     1    -1     0.00000000
   0.030   103    87     7     5     0     1    -0.00000000
   0.030   103    88     7     5     1    -1     0.00000000
   0.030   103    89     7     3     0     1    -0.00000000
   0.030   103    90     7     3     1    -1     0.00000000
   0.030   103    91     7     1     0     1    -0.00000000
   0.030   103    92     7     1     1    -1     0.00000000
   0.030   103    93     7     7     1     1    -0.00000000
   0.030   103    94     7     7     2    -1     0.00000000
   0.030   103    95     7     5     1     1    -0.00000000
   0.030   103    96     7     5     2    -1     0.00000000
   0.030   103    97     7     3     1     1    -0.00000000
   0.030   103    98     7     3     2    -1     0.00000000
   0.030   103    99     7     1     1     1     0.00000000
   0.030   103   100     7     7     2     1    -0.00000000
   0.030   103   101     7     7     3    -1     0.00000000
   0.030   103   102     7     5     2     1    -0.00000000
   0.030   103   103     7     5     3    -1    -0.00000000
   0.030   103   104     7     3     2     1    -0.00000000
   0.030   103   105     7     3     3    -1     0.00000000
   0.030   103   106     7     7     3     1    -0.00000000
   0.030   103   107     7     7     4    -1     0.00000000
   0.030   103   108     7     5     3     1    -0.00000000
   0.030   103   109     7     5     4    -1    -0.00000000
   0.030   103   110     7     3     3     1    -0.00000000
   0.030   103   111     7     7     4     1    -0.43745005
   0.030   103   112     7     7     5    -1     0.89923448
   0.030   103   113     7     5     4     1    -0.00006102
   0.030   103   114     7     5     5    -1     0.00012711
   0.030   103   115     7     7     5     1     0.00000000
   0.030   103   116     7     7     6    -1     0.00000000
   0.030   103   117     7     5     5     1     0.00000000
   0.030   103   118     7     7     6     1     0.00000000
   0.030   103   119     7     7     7    -1     0.00000000
   0.030   103   120     7     7     7     1     0.00000000
   0.030   104     1     0     0     0     1     0.00000000
   0.030   104     2     1     1     0     1     0.00000000
   0.030   104     3     1     1     1    -1     0.00000000
   0.030   104     4     1     1     1     1     0.00000000
   0.030   104     5     2     2     0     1     0.00000000
   0.030   104     6     2     2     1    -1     0.00000000
   0.030   104     7     2     0     0     1     0.00000000
   0.030   104     8     2     2     1     1     0.00000000
   0.030   104     9     2     2     2    -1     0.00000000
   0.030   104    10     2     2     2     1     0.00000000
   0.030   104    11     3     3     0     1     0.00000000
   0.030   104    12     3     3     1    -1     0.00000000
   0.030   104    13     3     1     0     1     0.00000000
   0.030   104    14     3     1     1    -1     0.00000000
   0.030   104    15     3     3     1     1     0.00000000
   0.030   104    16     3     3     2    -1     0.00000000
   0.030   104    17     3     1     1     1     0.00000000
   0.030   104    18     3     3     2     1     0.00000000
   0.030   104    19     3     3     3    -1     0.00000000
   0.030   104    20     3     3     3     1     0.00000000
   0.030   104    21     4     4     0     1     0.00000000
   0.030   104    22     4     4     1    -1     0.00000000
   0.030   104    23     4     2     0     1     0.00000000
   0.030   104    24     4     2     1    -1     0.00000000
   0.030   104    25     4     0     0     1     0.00000000
   0.030   104    26     4     4     1     1     0.00000000
   0.030   104    27     4     4     2    -1     0.00000000
   0.030   104    28     4     2     1     1     0.00000000
   0.030   104    29     4     2     2    -1     0.00000000
   0.030   104    30     4     4     2     1     0.00000000
   0.030   104    31     4     4     3    -1     0.00000000
   0.030   104    32     4     2     2     1     0.00000000
   0.030   104    33     4     4     3     1     0.00000000
   0.030   104    34     4     4     4    -1     0.00000000
   0.030   104    35     4     4     4     1     0.00000000
   0.030   104    36     5     5     0     1     0.00000000
   0.030   104    37     5     5     1    -1     0.00000000
   0.030   104    38     5     3     0     1     0.00000000
   0.030   104    39     5     3     1    -1     0.00000000
   0.030   104    40     5     1     0     1     0.00000000
   0.030   104    41     5     1     1    -1     0.00000000
   0.030   104    42     5     5     1     1     0.00000000
   0.030   104    43     5     5     2    -1     0.00000000
   0.030   104    44     5     3     1     1     0.00000000
   0.030   104    45     5     3     2    -1     0.00000000
   0.030   104    46     5     1     1     1     0.00000000
   0.030   104    47     5     5     2     1     0.00000000
   0.030   104    48     5     5     3    -1     0.00000000
   0.030   104    49     5     3     2     1     0.00000000
   0.030   104    50     5     3     3    -1     0.00000000
   0.030   104    51     5     5     3     1     0.00000000
   0.030   104    52     5     5     4    -1     0.00000000
   0.030   104    53     5     3     3     1     0.00000000
   0.030   104    54     5     5     4     1     0.00000000
   0.030   104    55     5     5     5    -1     0.00000000
   0.030   104    56     5     5     5     1    -0.00091618
   0.030   104    57     6     6     0     1     0.00000000
   0.030   104    58     6     6     1    -1     0.00000000
   0.030   104    59     6     4     0     1     0.00000000
   0.030   104    60     6     4     1    -1     0.00000000
   0.030   104    61     6     2     0     1     0.00000000
   0.030   104    62     6     2     1    -1     0.00000000
   0.030   104    63     6     0     0     1     0.00000000
   0.030   104    64     6     6     1     1     0.00000000
   0.030   104    65     6     6     2    -1     0.00000000
   0.030   104    66     6     4     1     1     0.00000000
   0.030   104    67     6     4     2    -1     0.00000000
   0.030   104    68     6     2     1     1     0.00000000
   0.030   104    69     6     2     2    -1     0.00000000
   0.030   104    70     6     6     2     1     0.00000000
   0.030   104    71     6     6     3    -1     0.00000000
   0.030   104    72     6     4     2     1     0.00000000
   0.030   104    73     6     4     3    -1     0.00000000
   0.030   104    74     6     2     2     1     0.00000000
   0.030   104    75     6     6     3     1     0.00000000
   0.030   104    76     6     6     4    -1     0.00000000
   0.030   104    77     6     4     3     1     0.00000000
   0.030   104    78     6     4     4    -1     0.00000000
   0.030   104    79     6     6     4     1     0.00000000
   0.030   104    80     6     6     5    -1     0.00000000
   0.030   104    81     6     4     4     1     0.00000000
   0.030   104    82     6     6     5     1     0.00000000
   0.030   104    83     6     6     6    -1     0.00000000
   0.030   104    84     6     6     6     1     0.00000000
   0.030   104    85     7     7     0     1     0.00000000
   0.030   104    86     7     7     1    -1     0.00000000
   0.030   104    87     7     5     0     1     0.00000000
   0.030   104    88     7     5     1    -1     0.00000000
   0.030   104    89     7     3     0     1     0.00000000
   0.030   104    90     7     3     1    -1     0.00000000
   0.030   104    91     7     1     0     1     0.00000000
   0.030   104    92     7     1     1    -1     0.00000000
   0.030   104    93     7     7     1     1     0.00000000
   0.030   104    94     7     7     2    -1     0.00000000
   0.030   104    95     7     5     1     1     0.00000000
   0.030   104    96     7     5     2    -1     0.00000000
   0.030   104    97     7     3     1     1     0.00000000
   0.030   104    98     7     3     2    -1     0.00000000
   0.030   104    99     7     1     1     1     0.00000000
   0.030   104   100     7     7     2     1     0.00000000
   0.030   104   101     7     7     3    -1     0.00000000
   0.030   104   102     7     5     2     1     0.00000000
   0.030   104   103     7     5     3    -1     0.00000000
   0.030   104   104     7     3     2     1     0.00000000
   0.030   104   105     7     3     3    -1     0.00000000
   0.030   104   106     7     7     3     1     0.00000000
   0.030   104   107     7     7     4    -1     0.00000000
   0.030   104   108     7     5     3     1     0.00000000
   0.030   104   109     7     5     4    -1     0.00000000
   0.030   104   110     7     3     3     1     0.00000000
   0.030   104   111     7     7     4     1     0.00000000
   0.030   104   112     7     7     5    -1     0.00000000
   0.030   104   113     7     5     4     1     0.00000000
   0.030   104   114     7     5     5    -1     0.00000000
   0.030   104   115     7     7     5     1     0.35468147
   0.030   104   116     7     7     6    -1    -0.93498673
   0.030   104   117     7     5     5     1    -0.00017732
   0.030   104   118     7     7     6     1     0.00000000
   0.030   104   119     7     7     7    -1     0.00000000
   0.030   104   120     7     7     7     1     0.00000000
   0.030   105     1     0     0     0     1     0.00000000
   0.030   105     2     1     1     0     1     0.00000000
   0.030   105     3     1     1     1    -1     0.00000000
   0.030   105     4     1     1     1     1     0.00000000
   0.030   105     5     2     2     0     1     0.00000000
   0.030   105     6     2     2     1    -1     0.00000000
   0.030   105     7     2     0     0     1     0.00000000
   0.030   105     8     2     2     1     1     0.00000000
   0.030   105     9     2     2     2    -1     0.00000000
   0.030   105    10     2     2     2     1     0.00000000
   0.030   105    11     3     3     0     1     0.00000000
   0.030   105    12     3     3     1    -1     0.00000000
   0.030   105    13     3     1     0     1     0.00000000
   0.030   105    14     3     1     1    -1     0.00000000
   0.030   105    15     3     3     1     1     0.00000000
   0.030   105    16     3     3     2    -1     0.00000000
   0.030   105    17     3     1     1     1     0.00000000
   0.030   105    18     3     3     2     1     0.00000000
   0.030   105    19     3     3     3    -1     0.00000000
   0.030   105    20     3     3     3     1     0.00000000
   0.030   105    21     4     4     0     1     0.00000000
   0.030   105    22     4     4     1    -1     0.00000000
   0.030   105    23     4     2     0     1     0.00000000
   0.030   105    24     4     2     1    -1     0.00000000
   0.030   105    25     4     0     0     1     0.00000000
   0.030   105    26     4     4     1     1     0.00000000
   0.030   105    27     4     4     2    -1     0.00000000
   0.030   105    28     4     2     1     1     0.00000000
   0.030   105    29     4     2     2    -1     0.00000000
   0.030   105    30     4     4     2     1     0.00000000
   0.030   105    31     4     4     3    -1     0.00000000
   0.030   105    32     4     2     2     1     0.00000000
   0.030   105    33     4     4     3     1     0.00000000
   0.030   105    34     4     4     4    -1     0.00000000
   0.030   105    35     4     4     4     1     0.00000000
   0.030   105    36     5     5     0     1     0.00000000
   0.030   105    37     5     5     1    -1     0.00000000
   0.030   105    38     5     3     0     1     0.00000000
   0.030   105    39     5     3     1    -1     0.00000000
   0.030   105    40     5     1     0     1     0.00000000
   0.030   105    41     5     1     1    -1     0.00000000
   0.030   105    42     5     5     1     1     0.00000000
   0.030   105    43     5     5     2    -1     0.00000000
   0.030   105    44     5     3     1     1     0.00000000
   0.030   105    45     5     3     2    -1     0.00000000
   0.030   105    46     5     1     1     1     0.00000000
   0.030   105    47     5     5     2     1     0.00000000
   0.030   105    48     5     5     3    -1     0.00000000
   0.030   105    49     5     3     2     1     0.00000000
   0.030   105    50     5     3     3    -1     0.00000000
   0.030   105    51     5     5     3     1     0.00000000
   0.030   105    52     5     5     4    -1     0.00000000
   0.030   105    53     5     3     3     1     0.00000000
   0.030   105    54     5     5     4     1     0.00000000
   0.030   105    55     5     5     5    -1     0.00000000
   0.030   105    56     5     5     5     1     0.00000000
   0.030   105    57     6     6     0     1     0.00000000
   0.030   105    58     6     6     1    -1     0.00000000
   0.030   105    59     6     4     0     1     0.00000000
   0.030   105    60     6     4     1    -1     0.00000000
   0.030   105    61     6     2     0     1     0.00000000
   0.030   105    62     6     2     1    -1     0.00000000
   0.030   105    63     6     0     0     1     0.00000000
   0.030   105    64     6     6     1     1     0.00000000
   0.030   105    65     6     6     2    -1     0.00000000
   0.030   105    66     6     4     1     1     0.00000000
   0.030   105    67     6     4     2    -1     0.00000000
   0.030   105    68     6     2     1     1     0.00000000
   0.030   105    69     6     2     2    -1     0.00000000
   0.030   105    70     6     6     2     1     0.00000000
   0.030   105    71     6     6     3    -1     0.00000000
   0.030   105    72     6     4     2     1     0.00000000
   0.030   105    73     6     4     3    -1     0.00000000
   0.030   105    74     6     2     2     1     0.00000000
   0.030   105    75     6     6     3     1     0.00000000
   0.030   105    76     6     6     4    -1     0.00000000
   0.030   105    77     6     4     3     1     0.00000000
   0.030   105    78     6     4     4    -1     0.00000000
   0.030   105    79     6     6     4     1     0.00000000
   0.030   105    80     6     6     5    -1     0.00000000
   0.030   105    81     6     4     4     1     0.00000000
   0.030   105    82     6     6     5     1     0.00000000
   0.030   105    83     6     6     6    -1     0.00000000
   0.030   105    84     6     6     6     1     0.00000000
   0.030   105    85     7     7     0     1     0.00000000
   0.030   105    86     7     7     1    -1     0.00000000
   0.030   105    87     7     5     0     1     0.00000000
   0.030   105    88     7     5     1    -1     0.00000000
   0.030   105    89     7     3     0     1     0.00000000
   0.030   105    90     7     3     1    -1     0.00000000
   0.030   105    91     7     1     0     1     0.00000000
   0.030   105    92     7     1     1    -1     0.00000000
   0.030   105    93     7     7     1     1     0.00000000
   0.030   105    94     7     7     2    -1     0.00000000
   0.030   105    95     7     5     1     1     0.00000000
   0.030   105    96     7     5     2    -1     0.00000000
   0.030   105    97     7     3     1     1     0.00000000
   0.030   105    98     7     3     2    -1     0.00000000
   0.030   105    99     7     1     1     1     0.00000000
   0.030   105   100     7     7     2     1     0.00000000
   0.030   105   101     7     7     3    -1     0.00000000
   0.030   105   102     7     5     2     1     0.00000000
   0.030   105   103     7     5     3    -1     0.00000000
   0.030   105   104     7     3     2     1     0.00000000
   0.030   105   105     7     3     3    -1     0.00000000
   0.030   105   106     7     7     3     1     0.00000000
   0.030   105   107     7     7     4    -1     0.00000000
   0.030   105   108     7     5     3     1     0.00000000
   0.030   105   109     7     5     4    -1     0.00000000
   0.030   105   110     7     3     3     1     0.00000000
   0.030   105   111     7     7     4     1     0.00000000
   0.030   105   112     7     7     5    -1     0.00000000
   0.030   105   113     7     5     4     1     0.00000000
   0.030   105   114     7     5     5    -1     0.00000000
   0.030   105   115     7     7     5     1     0.00000000
   0.030   105   116     7     7     6    -1     0.00000000
   0.030   105   117     7     5     5     1     0.00000000
   0.030   105   118     7     7     6     1    -0.24887173
   0.030   105   119     7     7     7    -1     0.96853645
   0.030   105   120     7     7     7     1     0.00000000
   0.030   106     1     0     0     0     1    -0.00000000
   0.030   106     2     1     1     0     1    -0.00000038
   0.030   106     3     1     1     1    -1    -0.00000006
   0.030   106     4     1     1     1     1     0.00000000
   0.030   106     5     2     2     0     1    -0.00000000
   0.030   106     6     2     2     1    -1    -0.00000000
   0.030   106     7     2     0     0     1    -0.00000000
   0.030   106     8     2     2     1     1    -0.00000000
   0.030   106     9     2     2     2    -1     0.00000000
   0.030   106    10     2     2     2     1     0.00000000
   0.030   106    11     3     3     0     1     0.00006744
   0.030   106    12     3     3     1    -1     0.00003674
   0.030   106    13     3     1     0     1     0.00011384
   0.030   106    14     3     1     1    -1    -0.00001112
   0.030   106    15     3     3     1     1    -0.00000000
   0.030   106    16     3     3     2    -1     0.00000000
   0.030   106    17     3     1     1     1     0.00000000
   0.030   106    18     3     3     2     1     0.00000000
   0.030   106    19     3     3     3    -1     0.00000000
   0.030   106    20     3     3     3     1    -0.00000000
   0.030   106    21     4     4     0     1    -0.00000000
   0.030   106    22     4     4     1    -1    -0.00000000
   0.030   106    23     4     2     0     1    -0.00000000
   0.030   106    24     4     2     1    -1    -0.00000000
   0.030   106    25     4     0     0     1    -0.00000000
   0.030   106    26     4     4     1     1     0.00000000
   0.030   106    27     4     4     2    -1     0.00000000
   0.030   106    28     4     2     1     1     0.00000000
   0.030   106    29     4     2     2    -1    -0.00000000
   0.030   106    30     4     4     2     1     0.00000000
   0.030   106    31     4     4     3    -1     0.00000000
   0.030   106    32     4     2     2     1    -0.00000000
   0.030   106    33     4     4     3     1    -0.00000000
   0.030   106    34     4     4     4    -1    -0.00000000
   0.030   106    35     4     4     4     1     0.00000000
   0.030   106    36     5     5     0     1    -0.00330678
   0.030   106    37     5     5     1    -1    -0.00254081
   0.030   106    38     5     3     0     1    -0.00683651
   0.030   106    39     5     3     1    -1    -0.00405029
   0.030   106    40     5     1     0     1    -0.01295856
   0.030   106    41     5     1     1    -1    -0.00933502
   0.030   106    42     5     5     1     1    -0.00000000
   0.030   106    43     5     5     2    -1    -0.00000000
   0.030   106    44     5     3     1     1    -0.00000000
   0.030   106    45     5     3     2    -1     0.00000000
   0.030   106    46     5     1     1     1     0.00000000
   0.030   106    47     5     5     2     1     0.00000000
   0.030   106    48     5     5     3    -1    -0.00000000
   0.030   106    49     5     3     2     1     0.00000000
   0.030   106    50     5     3     3    -1     0.00000000
   0.030   106    51     5     5     3     1     0.00000000
   0.030   106    52     5     5     4    -1    -0.00000000
   0.030   106    53     5     3     3     1    -0.00000000
   0.030   106    54     5     5     4     1     0.00000000
   0.030   106    55     5     5     5    -1    -0.00000000
   0.030   106    56     5     5     5     1     0.00000000
   0.030   106    57     6     6     0     1     0.00000000
   0.030   106    58     6     6     1    -1    -0.00000000
   0.030   106    59     6     4     0     1     0.00000000
   0.030   106    60     6     4     1    -1    -0.00000000
   0.030   106    61     6     2     0     1     0.00000000
   0.030   106    62     6     2     1    -1     0.00000000
   0.030   106    63     6     0     0     1     0.00000000
   0.030   106    64     6     6     1     1    -0.00000000
   0.030   106    65     6     6     2    -1     0.00000000
   0.030   106    66     6     4     1     1    -0.00000000
   0.030   106    67     6     4     2    -1    -0.00000000
   0.030   106    68     6     2     1     1     0.00000000
   0.030   106    69     6     2     2    -1    -0.00000000
   0.030   106    70     6     6     2     1     0.00000000
   0.030   106    71     6     6     3    -1     0.00000000
   0.030   106    72     6     4     2     1     0.00000000
   0.030   106    73     6     4     3    -1    -0.00000000
   0.030   106    74     6     2     2     1    -0.00000000
   0.030   106    75     6     6     3     1     0.00000000
   0.030   106    76     6     6     4    -1     0.00000000
   0.030   106    77     6     4     3     1    -0.00000000
   0.030   106    78     6     4     4    -1     0.00000000
   0.030   106    79     6     6     4     1     0.00000000
   0.030   106    80     6     6     5    -1    -0.00000000
   0.030   106    81     6     4     4     1    -0.00000000
   0.030   106    82     6     6     5     1    -0.00000000
   0.030   106    83     6     6     6    -1     0.00000000
   0.030   106    84     6     6     6     1    -0.00000000
   0.030   106    85     7     7     0     1     0.00005385
   0.030   106    86     7     7     1    -1     0.00002362
   0.030   106    87     7     5     0     1     0.00001062
   0.030   106    88     7     5     1    -1     0.00074179
   0.030   106    89     7     3     0     1     0.76593641
   0.030   106    90     7     3     1    -1     0.64265281
   0.030   106    91     7     1     0     1    -0.00161034
   0.030   106    92     7     1     1    -1    -0.00008505
   0.030   106    93     7     7     1     1    -0.00000000
   0.030   106    94     7     7     2    -1     0.00000000
   0.030   106    95     7     5     1     1    -0.00000000
   0.030   106    96     7     5     2    -1     0.00000000
   0.030   106    97     7     3     1     1     0.00000000
   0.030   106    98     7     3     2    -1     0.00000000
   0.030   106    99     7     1     1     1     0.00000000
   0.030   106   100     7     7     2     1    -0.00000000
   0.030   106   101     7     7     3    -1    -0.00000000
   0.030   106   102     7     5     2     1     0.00000000
   0.030   106   103     7     5     3    -1     0.00000000
   0.030   106   104     7     3     2     1     0.00000000
   0.030   106   105     7     3     3    -1     0.00000000
   0.030   106   106     7     7     3     1     0.00000000
   0.030   106   107     7     7     4    -1    -0.00000000
   0.030   106   108     7     5     3     1    -0.00000000
   0.030   106   109     7     5     4    -1    -0.00000000
   0.030   106   110     7     3     3     1    -0.00000000
   0.030   106   111     7     7     4     1     0.00000000
   0.030   106   112     7     7     5    -1     0.00000000
   0.030   106   113     7     5     4     1    -0.00000000
   0.030   106   114     7     5     5    -1     0.00000000
   0.030   106   115     7     7     5     1     0.00000000
   0.030   106   116     7     7     6    -1     0.00000000
   0.030   106   117     7     5     5     1     0.00000000
   0.030   106   118     7     7     6     1     0.00000000
   0.030   106   119     7     7     7    -1     0.00000000
   0.030   106   120     7     7     7     1     0.00000000
   0.030   107     1     0     0     0     1    -0.00000000
   0.030   107     2     1     1     0     1    -0.00000000
   0.030   107     3     1     1     1    -1    -0.00000000
   0.030   107     4     1     1     1     1    -0.00000009
   0.030   107     5     2     2     0     1     0.00000000
   0.030   107     6     2     2     1    -1     0.00000000
   0.030   107     7     2     0     0     1     0.00000000
   0.030   107     8     2     2     1     1    -0.00000000
   0.030   107     9     2     2     2    -1     0.00000000
   0.030   107    10     2     2     2     1    -0.00000000
   0.030   107    11     3     3     0     1     0.00000000
   0.030   107    12     3     3     1    -1    -0.00000000
   0.030   107    13     3     1     0     1     0.00000000
   0.030   107    14     3     1     1    -1     0.00000000
   0.030   107    15     3     3     1     1     0.00005344
   0.030   107    16     3     3     2    -1     0.00000182
   0.030   107    17     3     1     1     1    -0.00000875
   0.030   107    18     3     3     2     1     0.00000000
   0.030   107    19     3     3     3    -1     0.00000000
   0.030   107    20     3     3     3     1     0.00000000
   0.030   107    21     4     4     0     1     0.00000000
   0.030   107    22     4     4     1    -1    -0.00000000
   0.030   107    23     4     2     0     1     0.00000000
   0.030   107    24     4     2     1    -1     0.00000000
   0.030   107    25     4     0     0     1     0.00000000
   0.030   107    26     4     4     1     1    -0.00000000
   0.030   107    27     4     4     2    -1     0.00000000
   0.030   107    28     4     2     1     1    -0.00000000
   0.030   107    29     4     2     2    -1    -0.00000000
   0.030   107    30     4     4     2     1    -0.00000000
   0.030   107    31     4     4     3    -1     0.00000000
   0.030   107    32     4     2     2     1     0.00000000
   0.030   107    33     4     4     3     1     0.00000000
   0.030   107    34     4     4     4    -1    -0.00000000
   0.030   107    35     4     4     4     1     0.00000000
   0.030   107    36     5     5     0     1     0.00000000
   0.030   107    37     5     5     1    -1     0.00000000
   0.030   107    38     5     3     0     1     0.00000000
   0.030   107    39     5     3     1    -1     0.00000000
   0.030   107    40     5     1     0     1     0.00000000
   0.030   107    41     5     1     1    -1     0.00000000
   0.030   107    42     5     5     1     1    -0.00359973
   0.030   107    43     5     5     2    -1    -0.00151858
   0.030   107    44     5     3     1     1    -0.00599019
   0.030   107    45     5     3     2    -1     0.00052679
   0.030   107    46     5     1     1     1    -0.01245241
   0.030   107    47     5     5     2     1     0.00000000
   0.030   107    48     5     5     3    -1    -0.00000000
   0.030   107    49     5     3     2     1    -0.00000000
   0.030   107    50     5     3     3    -1    -0.00000000
   0.030   107    51     5     5     3     1    -0.00000000
   0.030   107    52     5     5     4    -1    -0.00000000
   0.030   107    53     5     3     3     1     0.00000000
   0.030   107    54     5     5     4     1     0.00000000
   0.030   107    55     5     5     5    -1     0.00000000
   0.030   107    56     5     5     5     1     0.00000000
   0.030   107    57     6     6     0     1     0.00000000
   0.030   107    58     6     6     1    -1     0.00000000
   0.030   107    59     6     4     0     1     0.00000000
   0.030   107    60     6     4     1    -1     0.00000000
   0.030   107    61     6     2     0     1     0.00000000
   0.030   107    62     6     2     1    -1    -0.00000000
   0.030   107    63     6     0     0     1     0.00000000
   0.030   107    64     6     6     1     1    -0.00000000
   0.030   107    65     6     6     2    -1     0.00000000
   0.030   107    66     6     4     1     1    -0.00000000
   0.030   107    67     6     4     2    -1    -0.00000000
   0.030   107    68     6     2     1     1     0.00000000
   0.030   107    69     6     2     2    -1    -0.00000000
   0.030   107    70     6     6     2     1     0.00000000
   0.030   107    71     6     6     3    -1    -0.00000000
   0.030   107    72     6     4     2     1    -0.00000000
   0.030   107    73     6     4     3    -1     0.00000000
   0.030   107    74     6     2     2     1     0.00000000
   0.030   107    75     6     6     3     1     0.00000000
   0.030   107    76     6     6     4    -1    -0.00000000
   0.030   107    77     6     4     3     1     0.00000000
   0.030   107    78     6     4     4    -1    -0.00000000
   0.030   107    79     6     6     4     1     0.00000000
   0.030   107    80     6     6     5    -1     0.00000000
   0.030   107    81     6     4     4     1     0.00000000
   0.030   107    82     6     6     5     1    -0.00000000
   0.030   107    83     6     6     6    -1     0.00000000
   0.030   107    84     6     6     6     1    -0.00000000
   0.030   107    85     7     7     0     1     0.00000000
   0.030   107    86     7     7     1    -1    -0.00000000
   0.030   107    87     7     5     0     1     0.00000000
   0.030   107    88     7     5     1    -1    -0.00000000
   0.030   107    89     7     3     0     1    -0.00000000
   0.030   107    90     7     3     1    -1    -0.00000000
   0.030   107    91     7     1     0     1    -0.00000000
   0.030   107    92     7     1     1    -1    -0.00000000
   0.030   107    93     7     7     1     1     0.00006804
   0.030   107    94     7     7     2    -1    -0.00000775
   0.030   107    95     7     5     1     1    -0.00048898
   0.030   107    96     7     5     2    -1     0.00117727
   0.030   107    97     7     3     1     1     0.86651249
   0.030   107    98     7     3     2    -1     0.49894682
   0.030   107    99     7     1     1     1     0.00024792
   0.030   107   100     7     7     2     1     0.00000000
   0.030   107   101     7     7     3    -1    -0.00000000
   0.030   107   102     7     5     2     1     0.00000000
   0.030   107   103     7     5     3    -1    -0.00000000
   0.030   107   104     7     3     2     1    -0.00000000
   0.030   107   105     7     3     3    -1    -0.00000000
   0.030   107   106     7     7     3     1     0.00000000
   0.030   107   107     7     7     4    -1     0.00000000
   0.030   107   108     7     5     3     1    -0.00000000
   0.030   107   109     7     5     4    -1     0.00000000
   0.030   107   110     7     3     3     1    -0.00000000
   0.030   107   111     7     7     4     1    -0.00000000
   0.030   107   112     7     7     5    -1     0.00000000
   0.030   107   113     7     5     4     1    -0.00000000
   0.030   107   114     7     5     5    -1    -0.00000000
   0.030   107   115     7     7     5     1     0.00000000
   0.030   107   116     7     7     6    -1     0.00000000
   0.030   107   117     7     5     5     1     0.00000000
   0.030   107   118     7     7     6     1     0.00000000
   0.030   107   119     7     7     7    -1     0.00000000
   0.030   107   120     7     7     7     1     0.00000000
   0.030   108     1     0     0     0     1     0.00000000
   0.030   108     2     1     1     0     1    -0.00000000
   0.030   108     3     1     1     1    -1    -0.00000000
   0.030   108     4     1     1     1     1     0.00000000
   0.030   108     5     2     2     0     1     0.00000000
   0.030   108     6     2     2     1    -1     0.00000000
   0.030   108     7     2     0     0     1     0.00000000
   0.030   108     8     2     2     1     1     0.00000000
   0.030   108     9     2     2     2    -1    -0.00000000
   0.030   108    10     2     2     2     1    -0.00000000
   0.030   108    11     3     3     0     1     0.00000000
   0.030   108    12     3     3     1    -1     0.00000000
   0.030   108    13     3     1     0     1    -0.00000000
   0.030   108    14     3     1     1    -1     0.00000000
   0.030   108    15     3     3     1     1    -0.00000000
   0.030   108    16     3     3     2    -1     0.00000000
   0.030   108    17     3     1     1     1     0.00000000
   0.030   108    18     3     3     2     1     0.00000782
   0.030   108    19     3     3     3    -1     0.00001742
   0.030   108    20     3     3     3     1     0.00000000
   0.030   108    21     4     4     0     1     0.00000000
   0.030   108    22     4     4     1    -1    -0.00000000
   0.030   108    23     4     2     0     1     0.00000000
   0.030   108    24     4     2     1    -1     0.00000000
   0.030   108    25     4     0     0     1     0.00000000
   0.030   108    26     4     4     1     1     0.00000000
   0.030   108    27     4     4     2    -1    -0.00000000
   0.030   108    28     4     2     1     1     0.00000000
   0.030   108    29     4     2     2    -1     0.00000000
   0.030   108    30     4     4     2     1     0.00000000
   0.030   108    31     4     4     3    -1     0.00000000
   0.030   108    32     4     2     2     1     0.00000000
   0.030   108    33     4     4     3     1    -0.00000000
   0.030   108    34     4     4     4    -1    -0.00000000
   0.030   108    35     4     4     4     1     0.00000000
   0.030   108    36     5     5     0     1     0.00000000
   0.030   108    37     5     5     1    -1    -0.00000000
   0.030   108    38     5     3     0     1    -0.00000000
   0.030   108    39     5     3     1    -1    -0.00000000
   0.030   108    40     5     1     0     1    -0.00000000
   0.030   108    41     5     1     1    -1    -0.00000000
   0.030   108    42     5     5     1     1    -0.00000000
   0.030   108    43     5     5     2    -1    -0.00000000
   0.030   108    44     5     3     1     1    -0.00000000
   0.030   108    45     5     3     2    -1    -0.00000000
   0.030   108    46     5     1     1     1    -0.00000000
   0.030   108    47     5     5     2     1    -0.00328433
   0.030   108    48     5     5     3    -1    -0.00050094
   0.030   108    49     5     3     2     1    -0.00026248
   0.030   108    50     5     3     3    -1     0.00432618
   0.030   108    51     5     5     3     1    -0.00000000
   0.030   108    52     5     5     4    -1     0.00000000
   0.030   108    53     5     3     3     1     0.00000000
   0.030   108    54     5     5     4     1     0.00000000
   0.030   108    55     5     5     5    -1     0.00000000
   0.030   108    56     5     5     5     1     0.00000000
   0.030   108    57     6     6     0     1     0.00000000
   0.030   108    58     6     6     1    -1     0.00000000
   0.030   108    59     6     4     0     1     0.00000000
   0.030   108    60     6     4     1    -1     0.00000000
   0.030   108    61     6     2     0     1     0.00000000
   0.030   108    62     6     2     1    -1     0.00000000
   0.030   108    63     6     0     0     1     0.00000000
   0.030   108    64     6     6     1     1    -0.00000000
   0.030   108    65     6     6     2    -1    -0.00000000
   0.030   108    66     6     4     1     1    -0.00000000
   0.030   108    67     6     4     2    -1     0.00000000
   0.030   108    68     6     2     1     1     0.00000000
   0.030   108    69     6     2     2    -1    -0.00000000
   0.030   108    70     6     6     2     1    -0.00000000
   0.030   108    71     6     6     3    -1    -0.00000000
   0.030   108    72     6     4     2     1     0.00000000
   0.030   108    73     6     4     3    -1    -0.00000000
   0.030   108    74     6     2     2     1    -0.00000000
   0.030   108    75     6     6     3     1     0.00000000
   0.030   108    76     6     6     4    -1    -0.00000000
   0.030   108    77     6     4     3     1     0.00000000
   0.030   108    78     6     4     4    -1    -0.00000000
   0.030   108    79     6     6     4     1    -0.00000000
   0.030   108    80     6     6     5    -1     0.00000000
   0.030   108    81     6     4     4     1     0.00000000
   0.030   108    82     6     6     5     1     0.00000000
   0.030   108    83     6     6     6    -1     0.00000000
   0.030   108    84     6     6     6     1     0.00000000
   0.030   108    85     7     7     0     1    -0.00000000
   0.030   108    86     7     7     1    -1     0.00000000
   0.030   108    87     7     5     0     1     0.00000000
   0.030   108    88     7     5     1    -1     0.00000000
   0.030   108    89     7     3     0     1    -0.00000000
   0.030   108    90     7     3     1    -1     0.00000000
   0.030   108    91     7     1     0     1     0.00000000
   0.030   108    92     7     1     1    -1     0.00000000
   0.030   108    93     7     7     1     1    -0.00000000
   0.030   108    94     7     7     2    -1    -0.00000000
   0.030   108    95     7     5     1     1    -0.00000000
   0.030   108    96     7     5     2    -1     0.00000000
   0.030   108    97     7     3     1     1     0.00000000
   0.030   108    98     7     3     2    -1     0.00000000
   0.030   108    99     7     1     1     1     0.00000000
   0.030   108   100     7     7     2     1     0.00006012
   0.030   108   101     7     7     3    -1    -0.00002548
   0.030   108   102     7     5     2     1    -0.00043265
   0.030   108   103     7     5     3    -1     0.00073173
   0.030   108   104     7     3     2     1     0.94381090
   0.030   108   105     7     3     3    -1     0.33043977
   0.030   108   106     7     7     3     1    -0.00000000
   0.030   108   107     7     7     4    -1     0.00000000
   0.030   108   108     7     5     3     1    -0.00000000
   0.030   108   109     7     5     4    -1     0.00000000
   0.030   108   110     7     3     3     1     0.00000000
   0.030   108   111     7     7     4     1     0.00000000
   0.030   108   112     7     7     5    -1     0.00000000
   0.030   108   113     7     5     4     1    -0.00000000
   0.030   108   114     7     5     5    -1    -0.00000000
   0.030   108   115     7     7     5     1     0.00000000
   0.030   108   116     7     7     6    -1     0.00000000
   0.030   108   117     7     5     5     1     0.00000000
   0.030   108   118     7     7     6     1     0.00000000
   0.030   108   119     7     7     7    -1     0.00000000
   0.030   108   120     7     7     7     1     0.00000000
   0.030   109     1     0     0     0     1     0.00000000
   0.030   109     2     1     1     0     1     0.00000019
   0.030   109     3     1     1     1    -1    -0.00000001
   0.030   109     4     1     1     1     1    -0.00000000
   0.030   109     5     2     2     0     1     0.00000000
   0.030   109     6     2     2     1    -1    -0.00000000
   0.030   109     7     2     0     0     1     0.00000000
   0.030   109     8     2     2     1     1    -0.00000000
   0.030   109     9     2     2     2    -1     0.00000000
   0.030   109    10     2     2     2     1     0.00000000
   0.030   109    11     3     3     0     1    -0.00004113
   0.030   109    12     3     3     1    -1     0.00003622
   0.030   109    13     3     1     0     1    -0.00004968
   0.030   109    14     3     1     1    -1     0.00004492
   0.030   109    15     3     3     1     1    -0.00000000
   0.030   109    16     3     3     2    -1    -0.00000000
   0.030   109    17     3     1     1     1    -0.00000000
   0.030   109    18     3     3     2     1     0.00000000
   0.030   109    19     3     3     3    -1    -0.00000000
   0.030   109    20     3     3     3     1    -0.00000000
   0.030   109    21     4     4     0     1    -0.00000000
   0.030   109    22     4     4     1    -1     0.00000000
   0.030   109    23     4     2     0     1    -0.00000000
   0.030   109    24     4     2     1    -1     0.00000000
   0.030   109    25     4     0     0     1    -0.00000000
   0.030   109    26     4     4     1     1     0.00000000
   0.030   109    27     4     4     2    -1     0.00000000
   0.030   109    28     4     2     1     1     0.00000000
   0.030   109    29     4     2     2    -1     0.00000000
   0.030   109    30     4     4     2     1    -0.00000000
   0.030   109    31     4     4     3    -1    -0.00000000
   0.030   109    32     4     2     2     1    -0.00000000
   0.030   109    33     4     4     3     1    -0.00000000
   0.030   109    34     4     4     4    -1     0.00000000
   0.030   109    35     4     4     4     1     0.00000000
   0.030   109    36     5     5     0     1     0.00419901
   0.030   109    37     5     5     1    -1    -0.00426075
   0.030   109    38     5     3     0     1     0.00894155
   0.030   109    39     5     3     1    -1    -0.00955605
   0.030   109    40     5     1     0     1    -0.00001471
   0.030   109    41     5     1     1    -1     0.00001425
   0.030   109    42     5     5     1     1    -0.00000000
   0.030   109    43     5     5     2    -1     0.00000000
   0.030   109    44     5     3     1     1    -0.00000000
   0.030   109    45     5     3     2    -1     0.00000000
   0.030   109    46     5     1     1     1     0.00000000
   0.030   109    47     5     5     2     1    -0.00000000
   0.030   109    48     5     5     3    -1     0.00000000
   0.030   109    49     5     3     2     1     0.00000000
   0.030   109    50     5     3     3    -1    -0.00000000
   0.030   109    51     5     5     3     1     0.00000000
   0.030   109    52     5     5     4    -1     0.00000000
   0.030   109    53     5     3     3     1    -0.00000000
   0.030   109    54     5     5     4     1    -0.00000000
   0.030   109    55     5     5     5    -1     0.00000000
   0.030   109    56     5     5     5     1     0.00000000
   0.030   109    57     6     6     0     1     0.00000000
   0.030   109    58     6     6     1    -1     0.00000000
   0.030   109    59     6     4     0     1     0.00000000
   0.030   109    60     6     4     1    -1    -0.00000000
   0.030   109    61     6     2     0     1     0.00000000
   0.030   109    62     6     2     1    -1    -0.00000000
   0.030   109    63     6     0     0     1     0.00000000
   0.030   109    64     6     6     1     1    -0.00000000
   0.030   109    65     6     6     2    -1     0.00000000
   0.030   109    66     6     4     1     1    -0.00000000
   0.030   109    67     6     4     2    -1    -0.00000000
   0.030   109    68     6     2     1     1    -0.00000000
   0.030   109    69     6     2     2    -1     0.00000000
   0.030   109    70     6     6     2     1    -0.00000000
   0.030   109    71     6     6     3    -1     0.00000000
   0.030   109    72     6     4     2     1     0.00000000
   0.030   109    73     6     4     3    -1    -0.00000000
   0.030   109    74     6     2     2     1    -0.00000000
   0.030   109    75     6     6     3     1     0.00000000
   0.030   109    76     6     6     4    -1    -0.00000000
   0.030   109    77     6     4     3     1     0.00000000
   0.030   109    78     6     4     4    -1    -0.00000000
   0.030   109    79     6     6     4     1     0.00000000
   0.030   109    80     6     6     5    -1    -0.00000000
   0.030   109    81     6     4     4     1    -0.00000000
   0.030   109    82     6     6     5     1     0.00000000
   0.030   109    83     6     6     6    -1     0.00000000
   0.030   109    84     6     6     6     1    -0.00000000
   0.030   109    85     7     7     0     1    -0.00014191
   0.030   109    86     7     7     1    -1     0.00014787
   0.030   109    87     7     5     0     1    -0.67123892
   0.030   109    88     7     5     1    -1     0.74110017
   0.030   109    89     7     3     0     1     0.00024336
   0.030   109    90     7     3     1    -1    -0.00109319
   0.030   109    91     7     1     0     1     0.00065504
   0.030   109    92     7     1     1    -1    -0.00027034
   0.030   109    93     7     7     1     1    -0.00000000
   0.030   109    94     7     7     2    -1     0.00000000
   0.030   109    95     7     5     1     1     0.00000000
   0.030   109    96     7     5     2    -1    -0.00000000
   0.030   109    97     7     3     1     1     0.00000000
   0.030   109    98     7     3     2    -1     0.00000000
   0.030   109    99     7     1     1     1    -0.00000000
   0.030   109   100     7     7     2     1    -0.00000000
   0.030   109   101     7     7     3    -1    -0.00000000
   0.030   109   102     7     5     2     1    -0.00000000
   0.030   109   103     7     5     3    -1    -0.00000000
   0.030   109   104     7     3     2     1    -0.00000000
   0.030   109   105     7     3     3    -1     0.00000000
   0.030   109   106     7     7     3     1    -0.00000000
   0.030   109   107     7     7     4    -1    -0.00000000
   0.030   109   108     7     5     3     1     0.00000000
   0.030   109   109     7     5     4    -1     0.00000000
   0.030   109   110     7     3     3     1     0.00000000
   0.030   109   111     7     7     4     1     0.00000000
   0.030   109   112     7     7     5    -1     0.00000000
   0.030   109   113     7     5     4     1     0.00000000
   0.030   109   114     7     5     5    -1    -0.00000000
   0.030   109   115     7     7     5     1     0.00000000
   0.030   109   116     7     7     6    -1     0.00000000
   0.030   109   117     7     5     5     1     0.00000000
   0.030   109   118     7     7     6     1     0.00000000
   0.030   109   119     7     7     7    -1     0.00000000
   0.030   109   120     7     7     7     1     0.00000000
   0.030   110     1     0     0     0     1     0.00000000
   0.030   110     2     1     1     0     1    -0.00000000
   0.030   110     3     1     1     1    -1    -0.00000000
   0.030   110     4     1     1     1     1     0.00000000
   0.030   110     5     2     2     0     1    -0.00000000
   0.030   110     6     2     2     1    -1    -0.00000000
   0.030   110     7     2     0     0     1     0.00000000
   0.030   110     8     2     2     1     1    -0.00000000
   0.030   110     9     2     2     2    -1     0.00000000
   0.030   110    10     2     2     2     1     0.00000000
   0.030   110    11     3     3     0     1    -0.00000000
   0.030   110    12     3     3     1    -1    -0.00000000
   0.030   110    13     3     1     0     1     0.00000000
   0.030   110    14     3     1     1    -1     0.00000000
   0.030   110    15     3     3     1     1    -0.00000000
   0.030   110    16     3     3     2    -1    -0.00000000
   0.030   110    17     3     1     1     1     0.00000000
   0.030   110    18     3     3     2     1    -0.00000000
   0.030   110    19     3     3     3    -1    -0.00000000
   0.030   110    20     3     3     3     1    -0.00004209
   0.030   110    21     4     4     0     1    -0.00000000
   0.030   110    22     4     4     1    -1    -0.00000000
   0.030   110    23     4     2     0     1    -0.00000000
   0.030   110    24     4     2     1    -1    -0.00000000
   0.030   110    25     4     0     0     1    -0.00000000
   0.030   110    26     4     4     1     1     0.00000000
   0.030   110    27     4     4     2    -1    -0.00000000
   0.030   110    28     4     2     1     1    -0.00000000
   0.030   110    29     4     2     2    -1    -0.00000000
   0.030   110    30     4     4     2     1     0.00000000
   0.030   110    31     4     4     3    -1    -0.00000000
   0.030   110    32     4     2     2     1    -0.00000000
   0.030   110    33     4     4     3     1    -0.00000000
   0.030   110    34     4     4     4    -1     0.00000000
   0.030   110    35     4     4     4     1    -0.00000000
   0.030   110    36     5     5     0     1     0.00000000
   0.030   110    37     5     5     1    -1     0.00000000
   0.030   110    38     5     3     0     1    -0.00000000
   0.030   110    39     5     3     1    -1     0.00000000
   0.030   110    40     5     1     0     1    -0.00000000
   0.030   110    41     5     1     1    -1    -0.00000000
   0.030   110    42     5     5     1     1    -0.00000000
   0.030   110    43     5     5     2    -1     0.00000000
   0.030   110    44     5     3     1     1    -0.00000000
   0.030   110    45     5     3     2    -1     0.00000000
   0.030   110    46     5     1     1     1    -0.00000000
   0.030   110    47     5     5     2     1    -0.00000000
   0.030   110    48     5     5     3    -1    -0.00000000
   0.030   110    49     5     3     2     1    -0.00000000
   0.030   110    50     5     3     3    -1     0.00000000
   0.030   110    51     5     5     3     1     0.00229754
   0.030   110    52     5     5     4    -1    -0.00022590
   0.030   110    53     5     3     3     1    -0.01081583
   0.030   110    54     5     5     4     1    -0.00000000
   0.030   110    55     5     5     5    -1     0.00000000
   0.030   110    56     5     5     5     1     0.00000000
   0.030   110    57     6     6     0     1    -0.00000000
   0.030   110    58     6     6     1    -1    -0.00000000
   0.030   110    59     6     4     0     1    -0.00000000
   0.030   110    60     6     4     1    -1    -0.00000000
   0.030   110    61     6     2     0     1    -0.00000000
   0.030   110    62     6     2     1    -1    -0.00000000
   0.030   110    63     6     0     0     1     0.00000000
   0.030   110    64     6     6     1     1    -0.00000000
   0.030   110    65     6     6     2    -1    -0.00000000
   0.030   110    66     6     4     1     1    -0.00000000
   0.030   110    67     6     4     2    -1    -0.00000000
   0.030   110    68     6     2     1     1    -0.00000000
   0.030   110    69     6     2     2    -1    -0.00000000
   0.030   110    70     6     6     2     1     0.00000000
   0.030   110    71     6     6     3    -1     0.00000000
   0.030   110    72     6     4     2     1    -0.00000000
   0.030   110    73     6     4     3    -1    -0.00000000
   0.030   110    74     6     2     2     1     0.00000000
   0.030   110    75     6     6     3     1    -0.00000000
   0.030   110    76     6     6     4    -1     0.00000000
   0.030   110    77     6     4     3     1    -0.00000000
   0.030   110    78     6     4     4    -1     0.00000000
   0.030   110    79     6     6     4     1    -0.00000000
   0.030   110    80     6     6     5    -1    -0.00000000
   0.030   110    81     6     4     4     1    -0.00000000
   0.030   110    82     6     6     5     1    -0.00000000
   0.030   110    83     6     6     6    -1     0.00000000
   0.030   110    84     6     6     6     1    -0.00000000
   0.030   110    85     7     7     0     1    -0.00000000
   0.030   110    86     7     7     1    -1    -0.00000000
   0.030   110    87     7     5     0     1     0.00000000
   0.030   110    88     7     5     1    -1    -0.00000000
   0.030   110    89     7     3     0     1     0.00000000
   0.030   110    90     7     3     1    -1    -0.00000000
   0.030   110    91     7     1     0     1     0.00000000
   0.030   110    92     7     1     1    -1    -0.00000000
   0.030   110    93     7     7     1     1     0.00000000
   0.030   110    94     7     7     2    -1    -0.00000000
   0.030   110    95     7     5     1     1     0.00000000
   0.030   110    96     7     5     2    -1    -0.00000000
   0.030   110    97     7     3     1     1     0.00000000
   0.030   110    98     7     3     2    -1    -0.00000000
   0.030   110    99     7     1     1     1     0.00000000
   0.030   110   100     7     7     2     1     0.00000000
   0.030   110   101     7     7     3    -1    -0.00000000
   0.030   110   102     7     5     2     1     0.00000000
   0.030   110   103     7     5     3    -1    -0.00000000
   0.030   110   104     7     3     2     1     0.00000000
   0.030   110   105     7     3     3    -1     0.00000000
   0.030   110   106     7     7     3     1    -0.00003541
   0.030   110   107     7     7     4    -1     0.00002321
   0.030   110   108     7     5     3     1    -0.00020801
   0.030   110   109     7     5     4    -1     0.00103895
   0.030   110   110     7     3     3     1    -0.99993828
   0.030   110   111     7     7     4     1     0.00000000
   0.030   110   112     7     7     5    -1    -0.00000000
   0.030   110   113     7     5     4     1    -0.00000000
   0.030   110   114     7     5     5    -1    -0.00000000
   0.030   110   115     7     7     5     1     0.00000000
   0.030   110   116     7     7     6    -1     0.00000000
   0.030   110   117     7     5     5     1     0.00000000
   0.030   110   118     7     7     6     1     0.00000000
   0.030   110   119     7     7     7    -1     0.00000000
   0.030   110   120     7     7     7     1     0.00000000
   0.030   111     1     0     0     0     1    -0.00000000
   0.030   111     2     1     1     0     1     0.00000000
   0.030   111     3     1     1     1    -1    -0.00000000
   0.030   111     4     1     1     1     1    -0.00000000
   0.030   111     5     2     2     0     1    -0.00000000
   0.030   111     6     2     2     1    -1     0.00000000
   0.030   111     7     2     0     0     1     0.00000000
   0.030   111     8     2     2     1     1    -0.00000000
   0.030   111     9     2     2     2    -1     0.00000000
   0.030   111    10     2     2     2     1     0.00000000
   0.030   111    11     3     3     0     1    -0.00000000
   0.030   111    12     3     3     1    -1    -0.00000000
   0.030   111    13     3     1     0     1    -0.00000000
   0.030   111    14     3     1     1    -1     0.00000000
   0.030   111    15     3     3     1     1     0.00002595
   0.030   111    16     3     3     2    -1    -0.00000945
   0.030   111    17     3     1     1     1     0.00003264
   0.030   111    18     3     3     2     1    -0.00000000
   0.030   111    19     3     3     3    -1     0.00000000
   0.030   111    20     3     3     3     1    -0.00000000
   0.030   111    21     4     4     0     1    -0.00000000
   0.030   111    22     4     4     1    -1    -0.00000000
   0.030   111    23     4     2     0     1     0.00000000
   0.030   111    24     4     2     1    -1    -0.00000000
   0.030   111    25     4     0     0     1    -0.00000000
   0.030   111    26     4     4     1     1    -0.00000000
   0.030   111    27     4     4     2    -1     0.00000000
   0.030   111    28     4     2     1     1    -0.00000000
   0.030   111    29     4     2     2    -1    -0.00000000
   0.030   111    30     4     4     2     1     0.00000000
   0.030   111    31     4     4     3    -1     0.00000000
   0.030   111    32     4     2     2     1    -0.00000000
   0.030   111    33     4     4     3     1     0.00000000
   0.030   111    34     4     4     4    -1    -0.00000000
   0.030   111    35     4     4     4     1    -0.00000000
   0.030   111    36     5     5     0     1    -0.00000000
   0.030   111    37     5     5     1    -1     0.00000000
   0.030   111    38     5     3     0     1    -0.00000000
   0.030   111    39     5     3     1    -1     0.00000000
   0.030   111    40     5     1     0     1     0.00000000
   0.030   111    41     5     1     1    -1    -0.00000000
   0.030   111    42     5     5     1     1    -0.00323148
   0.030   111    43     5     5     2    -1     0.00316112
   0.030   111    44     5     3     1     1    -0.00732893
   0.030   111    45     5     3     2    -1     0.00886234
   0.030   111    46     5     1     1     1    -0.00001535
   0.030   111    47     5     5     2     1     0.00000000
   0.030   111    48     5     5     3    -1    -0.00000000
   0.030   111    49     5     3     2     1     0.00000000
   0.030   111    50     5     3     3    -1    -0.00000000
   0.030   111    51     5     5     3     1     0.00000000
   0.030   111    52     5     5     4    -1    -0.00000000
   0.030   111    53     5     3     3     1     0.00000000
   0.030   111    54     5     5     4     1    -0.00000000
   0.030   111    55     5     5     5    -1    -0.00000000
   0.030   111    56     5     5     5     1     0.00000000
   0.030   111    57     6     6     0     1    -0.00000000
   0.030   111    58     6     6     1    -1    -0.00000000
   0.030   111    59     6     4     0     1     0.00000000
   0.030   111    60     6     4     1    -1    -0.00000000
   0.030   111    61     6     2     0     1     0.00000000
   0.030   111    62     6     2     1    -1    -0.00000000
   0.030   111    63     6     0     0     1     0.00000000
   0.030   111    64     6     6     1     1    -0.00000000
   0.030   111    65     6     6     2    -1     0.00000000
   0.030   111    66     6     4     1     1    -0.00000000
   0.030   111    67     6     4     2    -1    -0.00000000
   0.030   111    68     6     2     1     1    -0.00000000
   0.030   111    69     6     2     2    -1     0.00000000
   0.030   111    70     6     6     2     1    -0.00000000
   0.030   111    71     6     6     3    -1     0.00000000
   0.030   111    72     6     4     2     1     0.00000000
   0.030   111    73     6     4     3    -1    -0.00000000
   0.030   111    74     6     2     2     1    -0.00000000
   0.030   111    75     6     6     3     1    -0.00000000
   0.030   111    76     6     6     4    -1     0.00000000
   0.030   111    77     6     4     3     1    -0.00000000
   0.030   111    78     6     4     4    -1    -0.00000000
   0.030   111    79     6     6     4     1     0.00000000
   0.030   111    80     6     6     5    -1    -0.00000000
   0.030   111    81     6     4     4     1     0.00000000
   0.030   111    82     6     6     5     1    -0.00000000
   0.030   111    83     6     6     6    -1     0.00000000
   0.030   111    84     6     6     6     1    -0.00000000
   0.030   111    85     7     7     0     1    -0.00000000
   0.030   111    86     7     7     1    -1     0.00000000
   0.030   111    87     7     5     0     1     0.00000000
   0.030   111    88     7     5     1    -1    -0.00000000
   0.030   111    89     7     3     0     1    -0.00000000
   0.030   111    90     7     3     1    -1     0.00000000
   0.030   111    91     7     1     0     1    -0.00000000
   0.030   111    92     7     1     1    -1     0.00000000
   0.030   111    93     7     7     1     1     0.00009701
   0.030   111    94     7     7     2    -1    -0.00010698
   0.030   111    95     7     5     1     1     0.59394635
   0.030   111    96     7     5     2    -1    -0.80440870
   0.030   111    97     7     3     1     1     0.00086791
   0.030   111    98     7     3     2    -1     0.00086158
   0.030   111    99     7     1     1     1    -0.00041857
   0.030   111   100     7     7     2     1     0.00000000
   0.030   111   101     7     7     3    -1    -0.00000000
   0.030   111   102     7     5     2     1    -0.00000000
   0.030   111   103     7     5     3    -1     0.00000000
   0.030   111   104     7     3     2     1     0.00000000
   0.030   111   105     7     3     3    -1     0.00000000
   0.030   111   106     7     7     3     1    -0.00000000
   0.030   111   107     7     7     4    -1     0.00000000
   0.030   111   108     7     5     3     1     0.00000000
   0.030   111   109     7     5     4    -1     0.00000000
   0.030   111   110     7     3     3     1     0.00000000
   0.030   111   111     7     7     4     1     0.00000000
   0.030   111   112     7     7     5    -1     0.00000000
   0.030   111   113     7     5     4     1     0.00000000
   0.030   111   114     7     5     5    -1     0.00000000
   0.030   111   115     7     7     5     1     0.00000000
   0.030   111   116     7     7     6    -1     0.00000000
   0.030   111   117     7     5     5     1     0.00000000
   0.030   111   118     7     7     6     1     0.00000000
   0.030   111   119     7     7     7    -1     0.00000000
   0.030   111   120     7     7     7     1     0.00000000
   0.030   112     1     0     0     0     1     0.00000000
   0.030   112     2     1     1     0     1     0.00000000
   0.030   112     3     1     1     1    -1    -0.00000000
   0.030   112     4     1     1     1     1    -0.00000000
   0.030   112     5     2     2     0     1     0.00000000
   0.030   112     6     2     2     1    -1    -0.00000000
   0.030   112     7     2     0     0     1    -0.00000000
   0.030   112     8     2     2     1     1    -0.00000000
   0.030   112     9     2     2     2    -1    -0.00000000
   0.030   112    10     2     2     2     1     0.00000000
   0.030   112    11     3     3     0     1    -0.00000000
   0.030   112    12     3     3     1    -1    -0.00000000
   0.030   112    13     3     1     0     1     0.00000000
   0.030   112    14     3     1     1    -1     0.00000000
   0.030   112    15     3     3     1     1    -0.00000000
   0.030   112    16     3     3     2    -1    -0.00000000
   0.030   112    17     3     1     1     1     0.00000000
   0.030   112    18     3     3     2     1     0.00000347
   0.030   112    19     3     3     3    -1     0.00002323
   0.030   112    20     3     3     3     1    -0.00000000
   0.030   112    21     4     4     0     1    -0.00000000
   0.030   112    22     4     4     1    -1     0.00000000
   0.030   112    23     4     2     0     1     0.00000000
   0.030   112    24     4     2     1    -1    -0.00000000
   0.030   112    25     4     0     0     1     0.00000000
   0.030   112    26     4     4     1     1    -0.00000000
   0.030   112    27     4     4     2    -1    -0.00000000
   0.030   112    28     4     2     1     1    -0.00000000
   0.030   112    29     4     2     2    -1    -0.00000000
   0.030   112    30     4     4     2     1     0.00000000
   0.030   112    31     4     4     3    -1     0.00000000
   0.030   112    32     4     2     2     1    -0.00000000
   0.030   112    33     4     4     3     1     0.00000000
   0.030   112    34     4     4     4    -1    -0.00000000
   0.030   112    35     4     4     4     1     0.00000000
   0.030   112    36     5     5     0     1     0.00000000
   0.030   112    37     5     5     1    -1    -0.00000000
   0.030   112    38     5     3     0     1     0.00000000
   0.030   112    39     5     3     1    -1    -0.00000000
   0.030   112    40     5     1     0     1     0.00000000
   0.030   112    41     5     1     1    -1    -0.00000000
   0.030   112    42     5     5     1     1    -0.00000000
   0.030   112    43     5     5     2    -1     0.00000000
   0.030   112    44     5     3     1     1    -0.00000000
   0.030   112    45     5     3     2    -1     0.00000000
   0.030   112    46     5     1     1     1    -0.00000000
   0.030   112    47     5     5     2     1    -0.00167319
   0.030   112    48     5     5     3    -1     0.00069282
   0.030   112    49     5     3     2     1    -0.00502180
   0.030   112    50     5     3     3    -1     0.00646794
   0.030   112    51     5     5     3     1     0.00000000
   0.030   112    52     5     5     4    -1    -0.00000000
   0.030   112    53     5     3     3     1     0.00000000
   0.030   112    54     5     5     4     1    -0.00000000
   0.030   112    55     5     5     5    -1     0.00000000
   0.030   112    56     5     5     5     1     0.00000000
   0.030   112    57     6     6     0     1    -0.00000000
   0.030   112    58     6     6     1    -1    -0.00000000
   0.030   112    59     6     4     0     1     0.00000000
   0.030   112    60     6     4     1    -1    -0.00000000
   0.030   112    61     6     2     0     1     0.00000000
   0.030   112    62     6     2     1    -1     0.00000000
   0.030   112    63     6     0     0     1     0.00000000
   0.030   112    64     6     6     1     1    -0.00000000
   0.030   112    65     6     6     2    -1    -0.00000000
   0.030   112    66     6     4     1     1    -0.00000000
   0.030   112    67     6     4     2    -1     0.00000000
   0.030   112    68     6     2     1     1    -0.00000000
   0.030   112    69     6     2     2    -1    -0.00000000
   0.030   112    70     6     6     2     1     0.00000000
   0.030   112    71     6     6     3    -1    -0.00000000
   0.030   112    72     6     4     2     1    -0.00000000
   0.030   112    73     6     4     3    -1    -0.00000000
   0.030   112    74     6     2     2     1     0.00000000
   0.030   112    75     6     6     3     1    -0.00000000
   0.030   112    76     6     6     4    -1     0.00000000
   0.030   112    77     6     4     3     1     0.00000000
   0.030   112    78     6     4     4    -1    -0.00000000
   0.030   112    79     6     6     4     1     0.00000000
   0.030   112    80     6     6     5    -1    -0.00000000
   0.030   112    81     6     4     4     1     0.00000000
   0.030   112    82     6     6     5     1     0.00000000
   0.030   112    83     6     6     6    -1     0.00000000
   0.030   112    84     6     6     6     1     0.00000000
   0.030   112    85     7     7     0     1    -0.00000000
   0.030   112    86     7     7     1    -1     0.00000000
   0.030   112    87     7     5     0     1     0.00000000
   0.030   112    88     7     5     1    -1    -0.00000000
   0.030   112    89     7     3     0     1    -0.00000000
   0.030   112    90     7     3     1    -1     0.00000000
   0.030   112    91     7     1     0     1     0.00000000
   0.030   112    92     7     1     1    -1    -0.00000000
   0.030   112    93     7     7     1     1    -0.00000000
   0.030   112    94     7     7     2    -1    -0.00000000
   0.030   112    95     7     5     1     1     0.00000000
   0.030   112    96     7     5     2    -1    -0.00000000
   0.030   112    97     7     3     1     1     0.00000000
   0.030   112    98     7     3     2    -1    -0.00000000
   0.030   112    99     7     1     1     1    -0.00000000
   0.030   112   100     7     7     2     1     0.00003444
   0.030   112   101     7     7     3    -1    -0.00002945
   0.030   112   102     7     5     2     1     0.50743752
   0.030   112   103     7     5     3    -1    -0.86164726
   0.030   112   104     7     3     2     1     0.00090055
   0.030   112   105     7     3     3    -1    -0.00010401
   0.030   112   106     7     7     3     1    -0.00000000
   0.030   112   107     7     7     4    -1     0.00000000
   0.030   112   108     7     5     3     1     0.00000000
   0.030   112   109     7     5     4    -1    -0.00000000
   0.030   112   110     7     3     3     1     0.00000000
   0.030   112   111     7     7     4     1     0.00000000
   0.030   112   112     7     7     5    -1     0.00000000
   0.030   112   113     7     5     4     1     0.00000000
   0.030   112   114     7     5     5    -1     0.00000000
   0.030   112   115     7     7     5     1     0.00000000
   0.030   112   116     7     7     6    -1     0.00000000
   0.030   112   117     7     5     5     1     0.00000000
   0.030   112   118     7     7     6     1     0.00000000
   0.030   112   119     7     7     7    -1     0.00000000
   0.030   112   120     7     7     7     1     0.00000000
   0.030   113     1     0     0     0     1     0.00000000
   0.030   113     2     1     1     0     1    -0.00000000
   0.030   113     3     1     1     1    -1    -0.00000000
   0.030   113     4     1     1     1     1     0.00000000
   0.030   113     5     2     2     0     1     0.00000000
   0.030   113     6     2     2     1    -1     0.00000000
   0.030   113     7     2     0     0     1     0.00000000
   0.030   113     8     2     2     1     1     0.00000000
   0.030   113     9     2     2     2    -1    -0.00000000
   0.030   113    10     2     2     2     1    -0.00000000
   0.030   113    11     3     3     0     1    -0.00000000
   0.030   113    12     3     3     1    -1    -0.00000000
   0.030   113    13     3     1     0     1    -0.00000000
   0.030   113    14     3     1     1    -1     0.00000000
   0.030   113    15     3     3     1     1    -0.00000000
   0.030   113    16     3     3     2    -1    -0.00000000
   0.030   113    17     3     1     1     1    -0.00000000
   0.030   113    18     3     3     2     1     0.00000000
   0.030   113    19     3     3     3    -1    -0.00000000
   0.030   113    20     3     3     3     1     0.00000866
   0.030   113    21     4     4     0     1     0.00000000
   0.030   113    22     4     4     1    -1     0.00000000
   0.030   113    23     4     2     0     1     0.00000000
   0.030   113    24     4     2     1    -1     0.00000000
   0.030   113    25     4     0     0     1     0.00000000
   0.030   113    26     4     4     1     1     0.00000000
   0.030   113    27     4     4     2    -1     0.00000000
   0.030   113    28     4     2     1     1    -0.00000000
   0.030   113    29     4     2     2    -1    -0.00000000
   0.030   113    30     4     4     2     1     0.00000000
   0.030   113    31     4     4     3    -1    -0.00000000
   0.030   113    32     4     2     2     1     0.00000000
   0.030   113    33     4     4     3     1    -0.00000000
   0.030   113    34     4     4     4    -1     0.00000000
   0.030   113    35     4     4     4     1     0.00000000
   0.030   113    36     5     5     0     1    -0.00000000
   0.030   113    37     5     5     1    -1    -0.00000000
   0.030   113    38     5     3     0     1     0.00000000
   0.030   113    39     5     3     1    -1    -0.00000000
   0.030   113    40     5     1     0     1     0.00000000
   0.030   113    41     5     1     1    -1     0.00000000
   0.030   113    42     5     5     1     1    -0.00000000
   0.030   113    43     5     5     2    -1    -0.00000000
   0.030   113    44     5     3     1     1    -0.00000000
   0.030   113    45     5     3     2    -1    -0.00000000
   0.030   113    46     5     1     1     1    -0.00000000
   0.030   113    47     5     5     2     1     0.00000000
   0.030   113    48     5     5     3    -1    -0.00000000
   0.030   113    49     5     3     2     1    -0.00000000
   0.030   113    50     5     3     3    -1     0.00000000
   0.030   113    51     5     5     3     1    -0.00006773
   0.030   113    52     5     5     4    -1     0.00329828
   0.030   113    53     5     3     3     1     0.00244981
   0.030   113    54     5     5     4     1     0.00000000
   0.030   113    55     5     5     5    -1    -0.00000000
   0.030   113    56     5     5     5     1     0.00000000
   0.030   113    57     6     6     0     1     0.00000000
   0.030   113    58     6     6     1    -1     0.00000000
   0.030   113    59     6     4     0     1     0.00000000
   0.030   113    60     6     4     1    -1     0.00000000
   0.030   113    61     6     2     0     1     0.00000000
   0.030   113    62     6     2     1    -1     0.00000000
   0.030   113    63     6     0     0     1     0.00000000
   0.030   113    64     6     6     1     1    -0.00000000
   0.030   113    65     6     6     2    -1    -0.00000000
   0.030   113    66     6     4     1     1    -0.00000000
   0.030   113    67     6     4     2    -1    -0.00000000
   0.030   113    68     6     2     1     1    -0.00000000
   0.030   113    69     6     2     2    -1    -0.00000000
   0.030   113    70     6     6     2     1     0.00000000
   0.030   113    71     6     6     3    -1    -0.00000000
   0.030   113    72     6     4     2     1     0.00000000
   0.030   113    73     6     4     3    -1     0.00000000
   0.030   113    74     6     2     2     1    -0.00000000
   0.030   113    75     6     6     3     1     0.00000000
   0.030   113    76     6     6     4    -1     0.00000000
   0.030   113    77     6     4     3     1     0.00000000
   0.030   113    78     6     4     4    -1    -0.00000000
   0.030   113    79     6     6     4     1    -0.00000000
   0.030   113    80     6     6     5    -1     0.00000000
   0.030   113    81     6     4     4     1    -0.00000000
   0.030   113    82     6     6     5     1     0.00000000
   0.030   113    83     6     6     6    -1     0.00000000
   0.030   113    84     6     6     6     1    -0.00000000
   0.030   113    85     7     7     0     1    -0.00000000
   0.030   113    86     7     7     1    -1    -0.00000000
   0.030   113    87     7     5     0     1    -0.00000000
   0.030   113    88     7     5     1    -1     0.00000000
   0.030   113    89     7     3     0     1    -0.00000000
   0.030   113    90     7     3     1    -1     0.00000000
   0.030   113    91     7     1     0     1    -0.00000000
   0.030   113    92     7     1     1    -1     0.00000000
   0.030   113    93     7     7     1     1    -0.00000000
   0.030   113    94     7     7     2    -1    -0.00000000
   0.030   113    95     7     5     1     1    -0.00000000
   0.030   113    96     7     5     2    -1    -0.00000000
   0.030   113    97     7     3     1     1    -0.00000000
   0.030   113    98     7     3     2    -1     0.00000000
   0.030   113    99     7     1     1     1     0.00000000
   0.030   113   100     7     7     2     1    -0.00000000
   0.030   113   101     7     7     3    -1     0.00000000
   0.030   113   102     7     5     2     1     0.00000000
   0.030   113   103     7     5     3    -1    -0.00000000
   0.030   113   104     7     3     2     1    -0.00000000
   0.030   113   105     7     3     3    -1     0.00000000
   0.030   113   106     7     7     3     1     0.00001884
   0.030   113   107     7     7     4    -1    -0.00005522
   0.030   113   108     7     5     3     1    -0.40765198
   0.030   113   109     7     5     4    -1     0.91312757
   0.030   113   110     7     3     3     1     0.00100615
   0.030   113   111     7     7     4     1    -0.00000000
   0.030   113   112     7     7     5    -1     0.00000000
   0.030   113   113     7     5     4     1    -0.00000000
   0.030   113   114     7     5     5    -1    -0.00000000
   0.030   113   115     7     7     5     1     0.00000000
   0.030   113   116     7     7     6    -1     0.00000000
   0.030   113   117     7     5     5     1     0.00000000
   0.030   113   118     7     7     6     1     0.00000000
   0.030   113   119     7     7     7    -1     0.00000000
   0.030   113   120     7     7     7     1     0.00000000
   0.030   114     1     0     0     0     1     0.00000000
   0.030   114     2     1     1     0     1    -0.00000000
   0.030   114     3     1     1     1    -1     0.00000000
   0.030   114     4     1     1     1     1    -0.00000000
   0.030   114     5     2     2     0     1     0.00000000
   0.030   114     6     2     2     1    -1     0.00000000
   0.030   114     7     2     0     0     1     0.00000000
   0.030   114     8     2     2     1     1     0.00000000
   0.030   114     9     2     2     2    -1     0.00000000
   0.030   114    10     2     2     2     1     0.00000000
   0.030   114    11     3     3     0     1    -0.00000000
   0.030   114    12     3     3     1    -1    -0.00000000
   0.030   114    13     3     1     0     1    -0.00000000
   0.030   114    14     3     1     1    -1    -0.00000000
   0.030   114    15     3     3     1     1    -0.00000000
   0.030   114    16     3     3     2    -1    -0.00000000
   0.030   114    17     3     1     1     1     0.00000000
   0.030   114    18     3     3     2     1    -0.00000000
   0.030   114    19     3     3     3    -1    -0.00000000
   0.030   114    20     3     3     3     1     0.00000000
   0.030   114    21     4     4     0     1     0.00000000
   0.030   114    22     4     4     1    -1     0.00000000
   0.030   114    23     4     2     0     1     0.00000000
   0.030   114    24     4     2     1    -1     0.00000000
   0.030   114    25     4     0     0     1     0.00000000
   0.030   114    26     4     4     1     1     0.00000000
   0.030   114    27     4     4     2    -1     0.00000000
   0.030   114    28     4     2     1     1     0.00000000
   0.030   114    29     4     2     2    -1    -0.00000000
   0.030   114    30     4     4     2     1     0.00000000
   0.030   114    31     4     4     3    -1     0.00000000
   0.030   114    32     4     2     2     1    -0.00000000
   0.030   114    33     4     4     3     1     0.00000000
   0.030   114    34     4     4     4    -1     0.00000000
   0.030   114    35     4     4     4     1     0.00000000
   0.030   114    36     5     5     0     1    -0.00000000
   0.030   114    37     5     5     1    -1     0.00000000
   0.030   114    38     5     3     0     1    -0.00000000
   0.030   114    39     5     3     1    -1    -0.00000000
   0.030   114    40     5     1     0     1    -0.00000000
   0.030   114    41     5     1     1    -1     0.00000000
   0.030   114    42     5     5     1     1     0.00000000
   0.030   114    43     5     5     2    -1    -0.00000000
   0.030   114    44     5     3     1     1     0.00000000
   0.030   114    45     5     3     2    -1     0.00000000
   0.030   114    46     5     1     1     1    -0.00000000
   0.030   114    47     5     5     2     1    -0.00000000
   0.030   114    48     5     5     3    -1    -0.00000000
   0.030   114    49     5     3     2     1    -0.00000000
   0.030   114    50     5     3     3    -1     0.00000000
   0.030   114    51     5     5     3     1     0.00000000
   0.030   114    52     5     5     4    -1     0.00000000
   0.030   114    53     5     3     3     1    -0.00000000
   0.030   114    54     5     5     4     1     0.00138572
   0.030   114    55     5     5     5    -1    -0.00890209
   0.030   114    56     5     5     5     1     0.00000000
   0.030   114    57     6     6     0     1     0.00000000
   0.030   114    58     6     6     1    -1     0.00000000
   0.030   114    59     6     4     0     1    -0.00000000
   0.030   114    60     6     4     1    -1     0.00000000
   0.030   114    61     6     2     0     1     0.00000000
   0.030   114    62     6     2     1    -1     0.00000000
   0.030   114    63     6     0     0     1     0.00000000
   0.030   114    64     6     6     1     1     0.00000000
   0.030   114    65     6     6     2    -1     0.00000000
   0.030   114    66     6     4     1     1     0.00000000
   0.030   114    67     6     4     2    -1     0.00000000
   0.030   114    68     6     2     1     1     0.00000000
   0.030   114    69     6     2     2    -1     0.00000000
   0.030   114    70     6     6     2     1     0.00000000
   0.030   114    71     6     6     3    -1     0.00000000
   0.030   114    72     6     4     2     1    -0.00000000
   0.030   114    73     6     4     3    -1    -0.00000000
   0.030   114    74     6     2     2     1     0.00000000
   0.030   114    75     6     6     3     1    -0.00000000
   0.030   114    76     6     6     4    -1     0.00000000
   0.030   114    77     6     4     3     1     0.00000000
   0.030   114    78     6     4     4    -1     0.00000000
   0.030   114    79     6     6     4     1    -0.00000000
   0.030   114    80     6     6     5    -1    -0.00000000
   0.030   114    81     6     4     4     1    -0.00000000
   0.030   114    82     6     6     5     1     0.00000000
   0.030   114    83     6     6     6    -1    -0.00000000
   0.030   114    84     6     6     6     1    -0.00000000
   0.030   114    85     7     7     0     1    -0.00000000
   0.030   114    86     7     7     1    -1     0.00000000
   0.030   114    87     7     5     0     1    -0.00000000
   0.030   114    88     7     5     1    -1    -0.00000000
   0.030   114    89     7     3     0     1    -0.00000000
   0.030   114    90     7     3     1    -1     0.00000000
   0.030   114    91     7     1     0     1    -0.00000000
   0.030   114    92     7     1     1    -1    -0.00000000
   0.030   114    93     7     7     1     1    -0.00000000
   0.030   114    94     7     7     2    -1    -0.00000000
   0.030   114    95     7     5     1     1    -0.00000000
   0.030   114    96     7     5     2    -1     0.00000000
   0.030   114    97     7     3     1     1    -0.00000000
   0.030   114    98     7     3     2    -1     0.00000000
   0.030   114    99     7     1     1     1     0.00000000
   0.030   114   100     7     7     2     1    -0.00000000
   0.030   114   101     7     7     3    -1     0.00000000
   0.030   114   102     7     5     2     1     0.00000000
   0.030   114   103     7     5     3    -1    -0.00000000
   0.030   114   104     7     3     2     1    -0.00000000
   0.030   114   105     7     3     3    -1     0.00000000
   0.030   114   106     7     7     3     1     0.00000000
   0.030   114   107     7     7     4    -1    -0.00000000
   0.030   114   108     7     5     3     1    -0.00000000
   0.030   114   109     7     5     4    -1     0.00000000
   0.030   114   110     7     3     3     1    -0.00000000
   0.030   114   111     7     7     4     1    -0.00003907
   0.030   114   112     7     7     5    -1     0.00010046
   0.030   114   113     7     5     4     1     0.28291637
   0.030   114   114     7     5     5    -1    -0.95910226
   0.030   114   115     7     7     5     1     0.00000000
   0.030   114   116     7     7     6    -1     0.00000000
   0.030   114   117     7     5     5     1     0.00000000
   0.030   114   118     7     7     6     1     0.00000000
   0.030   114   119     7     7     7    -1     0.00000000
   0.030   114   120     7     7     7     1     0.00000000
   0.030   115     1     0     0     0     1    -0.00000000
   0.030   115     2     1     1     0     1     0.00000036
   0.030   115     3     1     1     1    -1    -0.00000003
   0.030   115     4     1     1     1     1     0.00000000
   0.030   115     5     2     2     0     1    -0.00000000
   0.030   115     6     2     2     1    -1     0.00000000
   0.030   115     7     2     0     0     1    -0.00000000
   0.030   115     8     2     2     1     1     0.00000000
   0.030   115     9     2     2     2    -1     0.00000000
   0.030   115    10     2     2     2     1    -0.00000000
   0.030   115    11     3     3     0     1    -0.00006040
   0.030   115    12     3     3     1    -1     0.00000572
   0.030   115    13     3     1     0     1    -0.00011681
   0.030   115    14     3     1     1    -1    -0.00001637
   0.030   115    15     3     3     1     1     0.00000000
   0.030   115    16     3     3     2    -1    -0.00000000
   0.030   115    17     3     1     1     1     0.00000000
   0.030   115    18     3     3     2     1    -0.00000000
   0.030   115    19     3     3     3    -1    -0.00000000
   0.030   115    20     3     3     3     1    -0.00000000
   0.030   115    21     4     4     0     1     0.00000000
   0.030   115    22     4     4     1    -1     0.00000000
   0.030   115    23     4     2     0     1    -0.00000000
   0.030   115    24     4     2     1    -1     0.00000000
   0.030   115    25     4     0     0     1     0.00000000
   0.030   115    26     4     4     1     1     0.00000000
   0.030   115    27     4     4     2    -1     0.00000000
   0.030   115    28     4     2     1     1     0.00000000
   0.030   115    29     4     2     2    -1     0.00000000
   0.030   115    30     4     4     2     1     0.00000000
   0.030   115    31     4     4     3    -1     0.00000000
   0.030   115    32     4     2     2     1     0.00000000
   0.030   115    33     4     4     3     1    -0.00000000
   0.030   115    34     4     4     4    -1    -0.00000000
   0.030   115    35     4     4     4     1    -0.00000000
   0.030   115    36     5     5     0     1    -0.00001455
   0.030   115    37     5     5     1    -1     0.00002575
   0.030   115    38     5     3     0     1     0.00806009
   0.030   115    39     5     3     1    -1     0.00210338
   0.030   115    40     5     1     0     1     0.01400780
   0.030   115    41     5     1     1    -1    -0.00339663
   0.030   115    42     5     5     1     1    -0.00000000
   0.030   115    43     5     5     2    -1    -0.00000000
   0.030   115    44     5     3     1     1     0.00000000
   0.030   115    45     5     3     2    -1     0.00000000
   0.030   115    46     5     1     1     1     0.00000000
   0.030   115    47     5     5     2     1     0.00000000
   0.030   115    48     5     5     3    -1     0.00000000
   0.030   115    49     5     3     2     1     0.00000000
   0.030   115    50     5     3     3    -1    -0.00000000
   0.030   115    51     5     5     3     1     0.00000000
   0.030   115    52     5     5     4    -1    -0.00000000
   0.030   115    53     5     3     3     1    -0.00000000
   0.030   115    54     5     5     4     1    -0.00000000
   0.030   115    55     5     5     5    -1    -0.00000000
   0.030   115    56     5     5     5     1     0.00000000
   0.030   115    57     6     6     0     1    -0.00000000
   0.030   115    58     6     6     1    -1    -0.00000000
   0.030   115    59     6     4     0     1     0.00000000
   0.030   115    60     6     4     1    -1    -0.00000000
   0.030   115    61     6     2     0     1     0.00000000
   0.030   115    62     6     2     1    -1     0.00000000
   0.030   115    63     6     0     0     1     0.00000000
   0.030   115    64     6     6     1     1     0.00000000
   0.030   115    65     6     6     2    -1    -0.00000000
   0.030   115    66     6     4     1     1    -0.00000000
   0.030   115    67     6     4     2    -1    -0.00000000
   0.030   115    68     6     2     1     1     0.00000000
   0.030   115    69     6     2     2    -1     0.00000000
   0.030   115    70     6     6     2     1    -0.00000000
   0.030   115    71     6     6     3    -1     0.00000000
   0.030   115    72     6     4     2     1    -0.00000000
   0.030   115    73     6     4     3    -1     0.00000000
   0.030   115    74     6     2     2     1    -0.00000000
   0.030   115    75     6     6     3     1     0.00000000
   0.030   115    76     6     6     4    -1    -0.00000000
   0.030   115    77     6     4     3     1    -0.00000000
   0.030   115    78     6     4     4    -1    -0.00000000
   0.030   115    79     6     6     4     1     0.00000000
   0.030   115    80     6     6     5    -1    -0.00000000
   0.030   115    81     6     4     4     1     0.00000000
   0.030   115    82     6     6     5     1    -0.00000000
   0.030   115    83     6     6     6    -1     0.00000000
   0.030   115    84     6     6     6     1    -0.00000000
   0.030   115    85     7     7     0     1     0.00000040
   0.030   115    86     7     7     1    -1    -0.00000053
   0.030   115    87     7     5     0     1    -0.00047293
   0.030   115    88     7     5     1    -1     0.00018035
   0.030   115    89     7     3     0     1     0.00347532
   0.030   115    90     7     3     1    -1    -0.00618952
   0.030   115    91     7     1     0     1    -0.93024166
   0.030   115    92     7     1     1    -1    -0.36650053
   0.030   115    93     7     7     1     1    -0.00000000
   0.030   115    94     7     7     2    -1    -0.00000000
   0.030   115    95     7     5     1     1    -0.00000000
   0.030   115    96     7     5     2    -1    -0.00000000
   0.030   115    97     7     3     1     1    -0.00000000
   0.030   115    98     7     3     2    -1    -0.00000000
   0.030   115    99     7     1     1     1    -0.00000000
   0.030   115   100     7     7     2     1    -0.00000000
   0.030   115   101     7     7     3    -1     0.00000000
   0.030   115   102     7     5     2     1     0.00000000
   0.030   115   103     7     5     3    -1     0.00000000
   0.030   115   104     7     3     2     1     0.00000000
   0.030   115   105     7     3     3    -1     0.00000000
   0.030   115   106     7     7     3     1    -0.00000000
   0.030   115   107     7     7     4    -1     0.00000000
   0.030   115   108     7     5     3     1    -0.00000000
   0.030   115   109     7     5     4    -1    -0.00000000
   0.030   115   110     7     3     3     1     0.00000000
   0.030   115   111     7     7     4     1    -0.00000000
   0.030   115   112     7     7     5    -1    -0.00000000
   0.030   115   113     7     5     4     1     0.00000000
   0.030   115   114     7     5     5    -1     0.00000000
   0.030   115   115     7     7     5     1     0.00000000
   0.030   115   116     7     7     6    -1     0.00000000
   0.030   115   117     7     5     5     1     0.00000000
   0.030   115   118     7     7     6     1     0.00000000
   0.030   115   119     7     7     7    -1     0.00000000
   0.030   115   120     7     7     7     1     0.00000000
   0.030   116     1     0     0     0     1    -0.00000000
   0.030   116     2     1     1     0     1     0.00000026
   0.030   116     3     1     1     1    -1    -0.00000007
   0.030   116     4     1     1     1     1     0.00000000
   0.030   116     5     2     2     0     1    -0.00000000
   0.030   116     6     2     2     1    -1    -0.00000000
   0.030   116     7     2     0     0     1    -0.00000000
   0.030   116     8     2     2     1     1    -0.00000000
   0.030   116     9     2     2     2    -1     0.00000000
   0.030   116    10     2     2     2     1     0.00000000
   0.030   116    11     3     3     0     1    -0.00005199
   0.030   116    12     3     3     1    -1     0.00004471
   0.030   116    13     3     1     0     1    -0.00007984
   0.030   116    14     3     1     1    -1    -0.00000389
   0.030   116    15     3     3     1     1     0.00000000
   0.030   116    16     3     3     2    -1    -0.00000000
   0.030   116    17     3     1     1     1    -0.00000000
   0.030   116    18     3     3     2     1    -0.00000000
   0.030   116    19     3     3     3    -1    -0.00000000
   0.030   116    20     3     3     3     1    -0.00000000
   0.030   116    21     4     4     0     1    -0.00000000
   0.030   116    22     4     4     1    -1    -0.00000000
   0.030   116    23     4     2     0     1    -0.00000000
   0.030   116    24     4     2     1    -1    -0.00000000
   0.030   116    25     4     0     0     1    -0.00000000
   0.030   116    26     4     4     1     1    -0.00000000
   0.030   116    27     4     4     2    -1     0.00000000
   0.030   116    28     4     2     1     1    -0.00000000
   0.030   116    29     4     2     2    -1     0.00000000
   0.030   116    30     4     4     2     1     0.00000000
   0.030   116    31     4     4     3    -1    -0.00000000
   0.030   116    32     4     2     2     1    -0.00000000
   0.030   116    33     4     4     3     1    -0.00000000
   0.030   116    34     4     4     4    -1    -0.00000000
   0.030   116    35     4     4     4     1    -0.00000000
   0.030   116    36     5     5     0     1     0.00297714
   0.030   116    37     5     5     1    -1    -0.00334931
   0.030   116    38     5     3     0     1     0.00556280
   0.030   116    39     5     3     1    -1    -0.00511622
   0.030   116    40     5     1     0     1     0.00971198
   0.030   116    41     5     1     1    -1    -0.01001998
   0.030   116    42     5     5     1     1     0.00000000
   0.030   116    43     5     5     2    -1     0.00000000
   0.030   116    44     5     3     1     1     0.00000000
   0.030   116    45     5     3     2    -1    -0.00000000
   0.030   116    46     5     1     1     1    -0.00000000
   0.030   116    47     5     5     2     1     0.00000000
   0.030   116    48     5     5     3    -1    -0.00000000
   0.030   116    49     5     3     2     1     0.00000000
   0.030   116    50     5     3     3    -1    -0.00000000
   0.030   116    51     5     5     3     1    -0.00000000
   0.030   116    52     5     5     4    -1     0.00000000
   0.030   116    53     5     3     3     1     0.00000000
   0.030   116    54     5     5     4     1    -0.00000000
   0.030   116    55     5     5     5    -1    -0.00000000
   0.030   116    56     5     5     5     1     0.00000000
   0.030   116    57     6     6     0     1    -0.00000000
   0.030   116    58     6     6     1    -1    -0.00000000
   0.030   116    59     6     4     0     1     0.00000000
   0.030   116    60     6     4     1    -1    -0.00000000
   0.030   116    61     6     2     0     1     0.00000000
   0.030   116    62     6     2     1    -1     0.00000000
   0.030   116    63     6     0     0     1     0.00000000
   0.030   116    64     6     6     1     1     0.00000000
   0.030   116    65     6     6     2    -1    -0.00000000
   0.030   116    66     6     4     1     1     0.00000000
   0.030   116    67     6     4     2    -1    -0.00000000
   0.030   116    68     6     2     1     1     0.00000000
   0.030   116    69     6     2     2    -1    -0.00000000
   0.030   116    70     6     6     2     1    -0.00000000
   0.030   116    71     6     6     3    -1     0.00000000
   0.030   116    72     6     4     2     1     0.00000000
   0.030   116    73     6     4     3    -1    -0.00000000
   0.030   116    74     6     2     2     1     0.00000000
   0.030   116    75     6     6     3     1    -0.00000000
   0.030   116    76     6     6     4    -1     0.00000000
   0.030   116    77     6     4     3     1     0.00000000
   0.030   116    78     6     4     4    -1    -0.00000000
   0.030   116    79     6     6     4     1     0.00000000
   0.030   116    80     6     6     5    -1    -0.00000000
   0.030   116    81     6     4     4     1     0.00000000
   0.030   116    82     6     6     5     1    -0.00000000
   0.030   116    83     6     6     6    -1     0.00000000
   0.030   116    84     6     6     6     1    -0.00000000
   0.030   116    85     7     7     0     1    -0.00006406
   0.030   116    86     7     7     1    -1     0.00006947
   0.030   116    87     7     5     0     1    -0.00060616
   0.030   116    88     7     5     1    -1     0.00062733
   0.030   116    89     7     3     0     1    -0.64262824
   0.030   116    90     7     3     1    -1     0.76597004
   0.030   116    91     7     1     0     1    -0.00610238
   0.030   116    92     7     1     1    -1    -0.00298283
   0.030   116    93     7     7     1     1    -0.00000000
   0.030   116    94     7     7     2    -1     0.00000000
   0.030   116    95     7     5     1     1    -0.00000000
   0.030   116    96     7     5     2    -1     0.00000000
   0.030   116    97     7     3     1     1    -0.00000000
   0.030   116    98     7     3     2    -1     0.00000000
   0.030   116    99     7     1     1     1     0.00000000
   0.030   116   100     7     7     2     1     0.00000000
   0.030   116   101     7     7     3    -1    -0.00000000
   0.030   116   102     7     5     2     1    -0.00000000
   0.030   116   103     7     5     3    -1     0.00000000
   0.030   116   104     7     3     2     1    -0.00000000
   0.030   116   105     7     3     3    -1    -0.00000000
   0.030   116   106     7     7     3     1    -0.00000000
   0.030   116   107     7     7     4    -1     0.00000000
   0.030   116   108     7     5     3     1    -0.00000000
   0.030   116   109     7     5     4    -1    -0.00000000
   0.030   116   110     7     3     3     1    -0.00000000
   0.030   116   111     7     7     4     1     0.00000000
   0.030   116   112     7     7     5    -1     0.00000000
   0.030   116   113     7     5     4     1     0.00000000
   0.030   116   114     7     5     5    -1     0.00000000
   0.030   116   115     7     7     5     1     0.00000000
   0.030   116   116     7     7     6    -1     0.00000000
   0.030   116   117     7     5     5     1     0.00000000
   0.030   116   118     7     7     6     1     0.00000000
   0.030   116   119     7     7     7    -1     0.00000000
   0.030   116   120     7     7     7     1     0.00000000
   0.030   117     1     0     0     0     1    -0.00000000
   0.030   117     2     1     1     0     1    -0.00000000
   0.030   117     3     1     1     1    -1     0.00000000
   0.030   117     4     1     1     1     1     0.00000005
   0.030   117     5     2     2     0     1    -0.00000000
   0.030   117     6     2     2     1    -1    -0.00000000
   0.030   117     7     2     0     0     1     0.00000000
   0.030   117     8     2     2     1     1     0.00000000
   0.030   117     9     2     2     2    -1     0.00000000
   0.030   117    10     2     2     2     1    -0.00000000
   0.030   117    11     3     3     0     1     0.00000000
   0.030   117    12     3     3     1    -1    -0.00000000
   0.030   117    13     3     1     0     1    -0.00000000
   0.030   117    14     3     1     1    -1    -0.00000000
   0.030   117    15     3     3     1     1    -0.00000167
   0.030   117    16     3     3     2    -1     0.00000002
   0.030   117    17     3     1     1     1     0.00004788
   0.030   117    18     3     3     2     1    -0.00000000
   0.030   117    19     3     3     3    -1    -0.00000000
   0.030   117    20     3     3     3     1    -0.00000000
   0.030   117    21     4     4     0     1    -0.00000000
   0.030   117    22     4     4     1    -1     0.00000000
   0.030   117    23     4     2     0     1     0.00000000
   0.030   117    24     4     2     1    -1    -0.00000000
   0.030   117    25     4     0     0     1    -0.00000000
   0.030   117    26     4     4     1     1     0.00000000
   0.030   117    27     4     4     2    -1     0.00000000
   0.030   117    28     4     2     1     1     0.00000000
   0.030   117    29     4     2     2    -1     0.00000000
   0.030   117    30     4     4     2     1    -0.00000000
   0.030   117    31     4     4     3    -1    -0.00000000
   0.030   117    32     4     2     2     1     0.00000000
   0.030   117    33     4     4     3     1    -0.00000000
   0.030   117    34     4     4     4    -1     0.00000000
   0.030   117    35     4     4     4     1    -0.00000000
   0.030   117    36     5     5     0     1     0.00000000
   0.030   117    37     5     5     1    -1    -0.00000000
   0.030   117    38     5     3     0     1     0.00000000
   0.030   117    39     5     3     1    -1    -0.00000000
   0.030   117    40     5     1     0     1     0.00000000
   0.030   117    41     5     1     1    -1     0.00000000
   0.030   117    42     5     5     1     1    -0.00001402
   0.030   117    43     5     5     2    -1     0.00001986
   0.030   117    44     5     3     1     1    -0.00691440
   0.030   117    45     5     3     2    -1     0.00051886
   0.030   117    46     5     1     1     1     0.00726528
   0.030   117    47     5     5     2     1     0.00000000
   0.030   117    48     5     5     3    -1    -0.00000000
   0.030   117    49     5     3     2     1    -0.00000000
   0.030   117    50     5     3     3    -1    -0.00000000
   0.030   117    51     5     5     3     1     0.00000000
   0.030   117    52     5     5     4    -1     0.00000000
   0.030   117    53     5     3     3     1    -0.00000000
   0.030   117    54     5     5     4     1     0.00000000
   0.030   117    55     5     5     5    -1     0.00000000
   0.030   117    56     5     5     5     1     0.00000000
   0.030   117    57     6     6     0     1    -0.00000000
   0.030   117    58     6     6     1    -1    -0.00000000
   0.030   117    59     6     4     0     1     0.00000000
   0.030   117    60     6     4     1    -1    -0.00000000
   0.030   117    61     6     2     0     1    -0.00000000
   0.030   117    62     6     2     1    -1    -0.00000000
   0.030   117    63     6     0     0     1     0.00000000
   0.030   117    64     6     6     1     1     0.00000000
   0.030   117    65     6     6     2    -1     0.00000000
   0.030   117    66     6     4     1     1     0.00000000
   0.030   117    67     6     4     2    -1     0.00000000
   0.030   117    68     6     2     1     1     0.00000000
   0.030   117    69     6     2     2    -1    -0.00000000
   0.030   117    70     6     6     2     1    -0.00000000
   0.030   117    71     6     6     3    -1     0.00000000
   0.030   117    72     6     4     2     1     0.00000000
   0.030   117    73     6     4     3    -1     0.00000000
   0.030   117    74     6     2     2     1    -0.00000000
   0.030   117    75     6     6     3     1     0.00000000
   0.030   117    76     6     6     4    -1     0.00000000
   0.030   117    77     6     4     3     1    -0.00000000
   0.030   117    78     6     4     4    -1     0.00000000
   0.030   117    79     6     6     4     1    -0.00000000
   0.030   117    80     6     6     5    -1    -0.00000000
   0.030   117    81     6     4     4     1    -0.00000000
   0.030   117    82     6     6     5     1    -0.00000000
   0.030   117    83     6     6     6    -1     0.00000000
   0.030   117    84     6     6     6     1    -0.00000000
   0.030   117    85     7     7     0     1    -0.00000000
   0.030   117    86     7     7     1    -1    -0.00000000
   0.030   117    87     7     5     0     1    -0.00000000
   0.030   117    88     7     5     1    -1     0.00000000
   0.030   117    89     7     3     0     1     0.00000000
   0.030   117    90     7     3     1    -1    -0.00000000
   0.030   117    91     7     1     0     1    -0.00000000
   0.030   117    92     7     1     1    -1     0.00000000
   0.030   117    93     7     7     1     1     0.00000029
   0.030   117    94     7     7     2    -1    -0.00000037
   0.030   117    95     7     5     1     1     0.00033296
   0.030   117    96     7     5     2    -1    -0.00020838
   0.030   117    97     7     3     1     1     0.00281444
   0.030   117    98     7     3     2    -1    -0.00528611
   0.030   117    99     7     1     1     1     0.99993156
   0.030   117   100     7     7     2     1     0.00000000
   0.030   117   101     7     7     3    -1     0.00000000
   0.030   117   102     7     5     2     1     0.00000000
   0.030   117   103     7     5     3    -1    -0.00000000
   0.030   117   104     7     3     2     1     0.00000000
   0.030   117   105     7     3     3    -1    -0.00000000
   0.030   117   106     7     7     3     1     0.00000000
   0.030   117   107     7     7     4    -1    -0.00000000
   0.030   117   108     7     5     3     1     0.00000000
   0.030   117   109     7     5     4    -1     0.00000000
   0.030   117   110     7     3     3     1     0.00000000
   0.030   117   111     7     7     4     1     0.00000000
   0.030   117   112     7     7     5    -1    -0.00000000
   0.030   117   113     7     5     4     1    -0.00000000
   0.030   117   114     7     5     5    -1    -0.00000000
   0.030   117   115     7     7     5     1     0.00000000
   0.030   117   116     7     7     6    -1     0.00000000
   0.030   117   117     7     5     5     1     0.00000000
   0.030   117   118     7     7     6     1     0.00000000
   0.030   117   119     7     7     7    -1     0.00000000
   0.030   117   120     7     7     7     1     0.00000000
   0.030   118     1     0     0     0     1     0.00000000
   0.030   118     2     1     1     0     1    -0.00000000
   0.030   118     3     1     1     1    -1    -0.00000000
   0.030   118     4     1     1     1     1     0.00000004
   0.030   118     5     2     2     0     1     0.00000000
   0.030   118     6     2     2     1    -1     0.00000000
   0.030   118     7     2     0     0     1    -0.00000000
   0.030   118     8     2     2     1     1     0.00000000
   0.030   118     9     2     2     2    -1     0.00000000
   0.030   118    10     2     2     2     1    -0.00000000
   0.030   118    11     3     3     0     1     0.00000000
   0.030   118    12     3     3     1    -1     0.00000000
   0.030   118    13     3     1     0     1     0.00000000
   0.030   118    14     3     1     1    -1     0.00000000
   0.030   118    15     3     3     1     1    -0.00002492
   0.030   118    16     3     3     2    -1     0.00000868
   0.030   118    17     3     1     1     1     0.00000373
   0.030   118    18     3     3     2     1    -0.00000000
   0.030   118    19     3     3     3    -1     0.00000000
   0.030   118    20     3     3     3     1    -0.00000000
   0.030   118    21     4     4     0     1     0.00000000
   0.030   118    22     4     4     1    -1     0.00000000
   0.030   118    23     4     2     0     1    -0.00000000
   0.030   118    24     4     2     1    -1     0.00000000
   0.030   118    25     4     0     0     1     0.00000000
   0.030   118    26     4     4     1     1     0.00000000
   0.030   118    27     4     4     2    -1     0.00000000
   0.030   118    28     4     2     1     1    -0.00000000
   0.030   118    29     4     2     2    -1    -0.00000000
   0.030   118    30     4     4     2     1    -0.00000000
   0.030   118    31     4     4     3    -1    -0.00000000
   0.030   118    32     4     2     2     1     0.00000000
   0.030   118    33     4     4     3     1     0.00000000
   0.030   118    34     4     4     4    -1    -0.00000000
   0.030   118    35     4     4     4     1     0.00000000
   0.030   118    36     5     5     0     1    -0.00000000
   0.030   118    37     5     5     1    -1     0.00000000
   0.030   118    38     5     3     0     1     0.00000000
   0.030   118    39     5     3     1    -1    -0.00000000
   0.030   118    40     5     1     0     1     0.00000000
   0.030   118    41     5     1     1    -1     0.00000000
   0.030   118    42     5     5     1     1     0.00218620
   0.030   118    43     5     5     2    -1    -0.00313028
   0.030   118    44     5     3     1     1     0.00285698
   0.030   118    45     5     3     2    -1    -0.00021452
   0.030   118    46     5     1     1     1     0.00591647
   0.030   118    47     5     5     2     1     0.00000000
   0.030   118    48     5     5     3    -1     0.00000000
   0.030   118    49     5     3     2     1    -0.00000000
   0.030   118    50     5     3     3    -1     0.00000000
   0.030   118    51     5     5     3     1     0.00000000
   0.030   118    52     5     5     4    -1    -0.00000000
   0.030   118    53     5     3     3     1    -0.00000000
   0.030   118    54     5     5     4     1     0.00000000
   0.030   118    55     5     5     5    -1     0.00000000
   0.030   118    56     5     5     5     1     0.00000000
   0.030   118    57     6     6     0     1     0.00000000
   0.030   118    58     6     6     1    -1     0.00000000
   0.030   118    59     6     4     0     1    -0.00000000
   0.030   118    60     6     4     1    -1     0.00000000
   0.030   118    61     6     2     0     1     0.00000000
   0.030   118    62     6     2     1    -1     0.00000000
   0.030   118    63     6     0     0     1    -0.00000000
   0.030   118    64     6     6     1     1     0.00000000
   0.030   118    65     6     6     2    -1     0.00000000
   0.030   118    66     6     4     1     1    -0.00000000
   0.030   118    67     6     4     2    -1    -0.00000000
   0.030   118    68     6     2     1     1     0.00000000
   0.030   118    69     6     2     2    -1     0.00000000
   0.030   118    70     6     6     2     1    -0.00000000
   0.030   118    71     6     6     3    -1    -0.00000000
   0.030   118    72     6     4     2     1     0.00000000
   0.030   118    73     6     4     3    -1    -0.00000000
   0.030   118    74     6     2     2     1    -0.00000000
   0.030   118    75     6     6     3     1    -0.00000000
   0.030   118    76     6     6     4    -1    -0.00000000
   0.030   118    77     6     4     3     1     0.00000000
   0.030   118    78     6     4     4    -1    -0.00000000
   0.030   118    79     6     6     4     1     0.00000000
   0.030   118    80     6     6     5    -1     0.00000000
   0.030   118    81     6     4     4     1     0.00000000
   0.030   118    82     6     6     5     1     0.00000000
   0.030   118    83     6     6     6    -1    -0.00000000
   0.030   118    84     6     6     6     1    -0.00000000
   0.030   118    85     7     7     0     1     0.00000000
   0.030   118    86     7     7     1    -1    -0.00000000
   0.030   118    87     7     5     0     1     0.00000000
   0.030   118    88     7     5     1    -1    -0.00000000
   0.030   118    89     7     3     0     1     0.00000000
   0.030   118    90     7     3     1    -1    -0.00000000
   0.030   118    91     7     1     0     1    -0.00000000
   0.030   118    92     7     1     1    -1     0.00000000
   0.030   118    93     7     7     1     1    -0.00004505
   0.030   118    94     7     7     2    -1     0.00005759
   0.030   118    95     7     5     1     1    -0.00021450
   0.030   118    96     7     5     2    -1     0.00017884
   0.030   118    97     7     3     1     1    -0.49889552
   0.030   118    98     7     3     2    -1     0.86660824
   0.030   118    99     7     1     1     1     0.00596259
   0.030   118   100     7     7     2     1     0.00000000
   0.030   118   101     7     7     3    -1    -0.00000000
   0.030   118   102     7     5     2     1     0.00000000
   0.030   118   103     7     5     3    -1    -0.00000000
   0.030   118   104     7     3     2     1    -0.00000000
   0.030   118   105     7     3     3    -1     0.00000000
   0.030   118   106     7     7     3     1    -0.00000000
   0.030   118   107     7     7     4    -1     0.00000000
   0.030   118   108     7     5     3     1     0.00000000
   0.030   118   109     7     5     4    -1     0.00000000
   0.030   118   110     7     3     3     1    -0.00000000
   0.030   118   111     7     7     4     1     0.00000000
   0.030   118   112     7     7     5    -1    -0.00000000
   0.030   118   113     7     5     4     1     0.00000000
   0.030   118   114     7     5     5    -1     0.00000000
   0.030   118   115     7     7     5     1     0.00000000
   0.030   118   116     7     7     6    -1     0.00000000
   0.030   118   117     7     5     5     1     0.00000000
   0.030   118   118     7     7     6     1     0.00000000
   0.030   118   119     7     7     7    -1     0.00000000
   0.030   118   120     7     7     7     1     0.00000000
   0.030   119     1     0     0     0     1     0.00000000
   0.030   119     2     1     1     0     1    -0.00000000
   0.030   119     3     1     1     1    -1     0.00000000
   0.030   119     4     1     1     1     1     0.00000000
   0.030   119     5     2     2     0     1     0.00000000
   0.030   119     6     2     2     1    -1     0.00000000
   0.030   119     7     2     0     0     1     0.00000000
   0.030   119     8     2     2     1     1    -0.00000000
   0.030   119     9     2     2     2    -1     0.00000000
   0.030   119    10     2     2     2     1     0.00000000
   0.030   119    11     3     3     0     1    -0.00000000
   0.030   119    12     3     3     1    -1     0.00000000
   0.030   119    13     3     1     0     1    -0.00000000
   0.030   119    14     3     1     1    -1    -0.00000000
   0.030   119    15     3     3     1     1     0.00000000
   0.030   119    16     3     3     2    -1     0.00000000
   0.030   119    17     3     1     1     1    -0.00000000
   0.030   119    18     3     3     2     1    -0.00000388
   0.030   119    19     3     3     3    -1     0.00003891
   0.030   119    20     3     3     3     1    -0.00000000
   0.030   119    21     4     4     0     1     0.00000000
   0.030   119    22     4     4     1    -1     0.00000000
   0.030   119    23     4     2     0     1     0.00000000
   0.030   119    24     4     2     1    -1    -0.00000000
   0.030   119    25     4     0     0     1     0.00000000
   0.030   119    26     4     4     1     1     0.00000000
   0.030   119    27     4     4     2    -1     0.00000000
   0.030   119    28     4     2     1     1     0.00000000
   0.030   119    29     4     2     2    -1    -0.00000000
   0.030   119    30     4     4     2     1     0.00000000
   0.030   119    31     4     4     3    -1     0.00000000
   0.030   119    32     4     2     2     1    -0.00000000
   0.030   119    33     4     4     3     1     0.00000000
   0.030   119    34     4     4     4    -1    -0.00000000
   0.030   119    35     4     4     4     1     0.00000000
   0.030   119    36     5     5     0     1    -0.00000000
   0.030   119    37     5     5     1    -1     0.00000000
   0.030   119    38     5     3     0     1     0.00000000
   0.030   119    39     5     3     1    -1    -0.00000000
   0.030   119    40     5     1     0     1     0.00000000
   0.030   119    41     5     1     1    -1     0.00000000
   0.030   119    42     5     5     1     1    -0.00000000
   0.030   119    43     5     5     2    -1     0.00000000
   0.030   119    44     5     3     1     1    -0.00000000
   0.030   119    45     5     3     2    -1     0.00000000
   0.030   119    46     5     1     1     1    -0.00000000
   0.030   119    47     5     5     2     1     0.00119913
   0.030   119    48     5     5     3    -1    -0.00222945
   0.030   119    49     5     3     2     1    -0.00051705
   0.030   119    50     5     3     3    -1     0.01003188
   0.030   119    51     5     5     3     1     0.00000000
   0.030   119    52     5     5     4    -1    -0.00000000
   0.030   119    53     5     3     3     1     0.00000000
   0.030   119    54     5     5     4     1    -0.00000000
   0.030   119    55     5     5     5    -1    -0.00000000
   0.030   119    56     5     5     5     1     0.00000000
   0.030   119    57     6     6     0     1     0.00000000
   0.030   119    58     6     6     1    -1    -0.00000000
   0.030   119    59     6     4     0     1     0.00000000
   0.030   119    60     6     4     1    -1     0.00000000
   0.030   119    61     6     2     0     1     0.00000000
   0.030   119    62     6     2     1    -1     0.00000000
   0.030   119    63     6     0     0     1     0.00000000
   0.030   119    64     6     6     1     1     0.00000000
   0.030   119    65     6     6     2    -1     0.00000000
   0.030   119    66     6     4     1     1     0.00000000
   0.030   119    67     6     4     2    -1     0.00000000
   0.030   119    68     6     2     1     1     0.00000000
   0.030   119    69     6     2     2    -1     0.00000000
   0.030   119    70     6     6     2     1     0.00000000
   0.030   119    71     6     6     3    -1     0.00000000
   0.030   119    72     6     4     2     1    -0.00000000
   0.030   119    73     6     4     3    -1    -0.00000000
   0.030   119    74     6     2     2     1     0.00000000
   0.030   119    75     6     6     3     1    -0.00000000
   0.030   119    76     6     6     4    -1    -0.00000000
   0.030   119    77     6     4     3     1     0.00000000
   0.030   119    78     6     4     4    -1    -0.00000000
   0.030   119    79     6     6     4     1     0.00000000
   0.030   119    80     6     6     5    -1     0.00000000
   0.030   119    81     6     4     4     1     0.00000000
   0.030   119    82     6     6     5     1     0.00000000
   0.030   119    83     6     6     6    -1    -0.00000000
   0.030   119    84     6     6     6     1    -0.00000000
   0.030   119    85     7     7     0     1    -0.00000000
   0.030   119    86     7     7     1    -1    -0.00000000
   0.030   119    87     7     5     0     1    -0.00000000
   0.030   119    88     7     5     1    -1     0.00000000
   0.030   119    89     7     3     0     1     0.00000000
   0.030   119    90     7     3     1    -1    -0.00000000
   0.030   119    91     7     1     0     1    -0.00000000
   0.030   119    92     7     1     1    -1     0.00000000
   0.030   119    93     7     7     1     1    -0.00000000
   0.030   119    94     7     7     2    -1    -0.00000000
   0.030   119    95     7     5     1     1     0.00000000
   0.030   119    96     7     5     2    -1    -0.00000000
   0.030   119    97     7     3     1     1     0.00000000
   0.030   119    98     7     3     2    -1    -0.00000000
   0.030   119    99     7     1     1     1     0.00000000
   0.030   119   100     7     7     2     1    -0.00002180
   0.030   119   101     7     7     3    -1     0.00003313
   0.030   119   102     7     5     2     1     0.00010755
   0.030   119   103     7     5     3    -1    -0.00032178
   0.030   119   104     7     3     2     1    -0.33046522
   0.030   119   105     7     3     3    -1     0.94376125
   0.030   119   106     7     7     3     1    -0.00000000
   0.030   119   107     7     7     4    -1     0.00000000
   0.030   119   108     7     5     3     1     0.00000000
   0.030   119   109     7     5     4    -1    -0.00000000
   0.030   119   110     7     3     3     1     0.00000000
   0.030   119   111     7     7     4     1    -0.00000000
   0.030   119   112     7     7     5    -1    -0.00000000
   0.030   119   113     7     5     4     1     0.00000000
   0.030   119   114     7     5     5    -1     0.00000000
   0.030   119   115     7     7     5     1     0.00000000
   0.030   119   116     7     7     6    -1     0.00000000
   0.030   119   117     7     5     5     1     0.00000000
   0.030   119   118     7     7     6     1     0.00000000
   0.030   119   119     7     7     7    -1     0.00000000
   0.030   119   120     7     7     7     1     0.00000000
   0.030   120     1     0     0     0     1    -0.00000000
   0.030   120     2     1     1     0     1     0.00000012
   0.030   120     3     1     1     1    -1     0.00000005
   0.030   120     4     1     1     1     1     0.00000000
   0.030   120     5     2     2     0     1    -0.00000000
   0.030   120     6     2     2     1    -1    -0.00000000
   0.030   120     7     2     0     0     1    -0.00000000
   0.030   120     8     2     2     1     1    -0.00000000
   0.030   120     9     2     2     2    -1    -0.00000000
   0.030   120    10     2     2     2     1     0.00000000
   0.030   120    11     3     3     0     1    -0.00002137
   0.030   120    12     3     3     1    -1     0.00000005
   0.030   120    13     3     1     0     1    -0.00004209
   0.030   120    14     3     1     1    -1     0.00004494
   0.030   120    15     3     3     1     1     0.00000000
   0.030   120    16     3     3     2    -1    -0.00000000
   0.030   120    17     3     1     1     1     0.00000000
   0.030   120    18     3     3     2     1    -0.00000000
   0.030   120    19     3     3     3    -1     0.00000000
   0.030   120    20     3     3     3     1    -0.00000000
   0.030   120    21     4     4     0     1    -0.00000000
   0.030   120    22     4     4     1    -1    -0.00000000
   0.030   120    23     4     2     0     1     0.00000000
   0.030   120    24     4     2     1    -1    -0.00000000
   0.030   120    25     4     0     0     1     0.00000000
   0.030   120    26     4     4     1     1    -0.00000000
   0.030   120    27     4     4     2    -1    -0.00000000
   0.030   120    28     4     2     1     1    -0.00000000
   0.030   120    29     4     2     2    -1     0.00000000
   0.030   120    30     4     4     2     1     0.00000000
   0.030   120    31     4     4     3    -1     0.00000000
   0.030   120    32     4     2     2     1    -0.00000000
   0.030   120    33     4     4     3     1     0.00000000
   0.030   120    34     4     4     4    -1    -0.00000000
   0.030   120    35     4     4     4     1     0.00000000
   0.030   120    36     5     5     0     1     0.00000385
   0.030   120    37     5     5     1    -1    -0.00000228
   0.030   120    38     5     3     0     1     0.00345266
   0.030   120    39     5     3     1    -1    -0.00656695
   0.030   120    40     5     1     0     1     0.00476149
   0.030   120    41     5     1     1    -1     0.00653155
   0.030   120    42     5     5     1     1    -0.00000000
   0.030   120    43     5     5     2    -1     0.00000000
   0.030   120    44     5     3     1     1     0.00000000
   0.030   120    45     5     3     2    -1     0.00000000
   0.030   120    46     5     1     1     1    -0.00000000
   0.030   120    47     5     5     2     1     0.00000000
   0.030   120    48     5     5     3    -1     0.00000000
   0.030   120    49     5     3     2     1     0.00000000
   0.030   120    50     5     3     3    -1     0.00000000
   0.030   120    51     5     5     3     1     0.00000000
   0.030   120    52     5     5     4    -1    -0.00000000
   0.030   120    53     5     3     3     1    -0.00000000
   0.030   120    54     5     5     4     1     0.00000000
   0.030   120    55     5     5     5    -1    -0.00000000
   0.030   120    56     5     5     5     1     0.00000000
   0.030   120    57     6     6     0     1    -0.00000000
   0.030   120    58     6     6     1    -1    -0.00000000
   0.030   120    59     6     4     0     1    -0.00000000
   0.030   120    60     6     4     1    -1    -0.00000000
   0.030   120    61     6     2     0     1    -0.00000000
   0.030   120    62     6     2     1    -1    -0.00000000
   0.030   120    63     6     0     0     1    -0.00000000
   0.030   120    64     6     6     1     1    -0.00000000
   0.030   120    65     6     6     2    -1    -0.00000000
   0.030   120    66     6     4     1     1    -0.00000000
   0.030   120    67     6     4     2    -1    -0.00000000
   0.030   120    68     6     2     1     1    -0.00000000
   0.030   120    69     6     2     2    -1     0.00000000
   0.030   120    70     6     6     2     1     0.00000000
   0.030   120    71     6     6     3    -1    -0.00000000
   0.030   120    72     6     4     2     1    -0.00000000
   0.030   120    73     6     4     3    -1    -0.00000000
   0.030   120    74     6     2     2     1     0.00000000
   0.030   120    75     6     6     3     1     0.00000000
   0.030   120    76     6     6     4    -1    -0.00000000
   0.030   120    77     6     4     3     1     0.00000000
   0.030   120    78     6     4     4    -1    -0.00000000
   0.030   120    79     6     6     4     1    -0.00000000
   0.030   120    80     6     6     5    -1    -0.00000000
   0.030   120    81     6     4     4     1     0.00000000
   0.030   120    82     6     6     5     1    -0.00000000
   0.030   120    83     6     6     6    -1     0.00000000
   0.030   120    84     6     6     6     1     0.00000000
   0.030   120    85     7     7     0     1    -0.00000006
   0.030   120    86     7     7     1    -1     0.00000005
   0.030   120    87     7     5     0     1    -0.00023773
   0.030   120    88     7     5     1    -1     0.00032198
   0.030   120    89     7     3     0     1    -0.00062449
   0.030   120    90     7     3     1    -1     0.00013496
   0.030   120    91     7     1     0     1    -0.36648662
   0.030   120    92     7     1     1    -1     0.93035832
   0.030   120    93     7     7     1     1    -0.00000000
   0.030   120    94     7     7     2    -1     0.00000000
   0.030   120    95     7     5     1     1    -0.00000000
   0.030   120    96     7     5     2    -1     0.00000000
   0.030   120    97     7     3     1     1     0.00000000
   0.030   120    98     7     3     2    -1    -0.00000000
   0.030   120    99     7     1     1     1    -0.00000000
   0.030   120   100     7     7     2     1     0.00000000
   0.030   120   101     7     7     3    -1     0.00000000
   0.030   120   102     7     5     2     1     0.00000000
   0.030   120   103     7     5     3    -1    -0.00000000
   0.030   120   104     7     3     2     1     0.00000000
   0.030   120   105     7     3     3    -1     0.00000000
   0.030   120   106     7     7     3     1     0.00000000
   0.030   120   107     7     7     4    -1     0.00000000
   0.030   120   108     7     5     3     1     0.00000000
   0.030   120   109     7     5     4    -1     0.00000000
   0.030   120   110     7     3     3     1    -0.00000000
   0.030   120   111     7     7     4     1     0.00000000
   0.030   120   112     7     7     5    -1    -0.00000000
   0.030   120   113     7     5     4     1    -0.00000000
   0.030   120   114     7     5     5    -1    -0.00000000
   0.030   120   115     7     7     5     1     0.00000000
   0.030   120   116     7     7     6    -1     0.00000000
   0.030   120   117     7     5     5     1     0.00000000
   0.030   120   118     7     7     6     1     0.00000000
   0.030   120   119     7     7     7    -1     0.00000000
   0.030   120   120     7     7     7     1     0.00000000
