# delta state basis N l Lambda Sigma2 coeff
   0.270     1     1     0     0     0     1     0.99880710
   0.270     1     2     1     1     0     1     0.00000000
   0.270     1     3     1     1     1    -1    -0.00000000
   0.270     1     4     1     1     1     1    -0.00000000
   0.270     1     5     2     2     0     1     0.04867783
   0.270     1     6     2     2     1    -1     0.00298655
   0.270     1     7     2     0     0     1     0.00011724
   0.270     1     8     2     2     1     1    -0.00000000
   0.270     1     9     2     2     2    -1    -0.00000000
   0.270     1    10     2     2     2     1    -0.00000000
   0.270     1    11     3     3     0     1    -0.00000000
   0.270     1    12     3     3     1    -1    -0.00000000
   0.270     1    13     3     1     0     1    -0.00000000
   0.270     1    14     3     1     1    -1     0.00000000
   0.270     1    15     3     3     1     1     0.00000000
   0.270     1    16     3     3     2    -1     0.00000000
   0.270     1    17     3     1     1     1     0.00000000
   0.270     1    18     3     3     2     1    -0.00000000
   0.270     1    19     3     3     3    -1    -0.00000000
   0.270     1    20     3     3     3     1    -0.00000000
   0.270     1    21     4     4     0     1     0.00151246
   0.270     1    22     4     4     1    -1     0.00017977
   0.270     1    23     4     2     0     1     0.00129872
   0.270     1    24     4     2     1    -1     0.00007907
   0.270     1    25     4     0     0     1     0.00136605
   0.270     1    26     4     4     1     1    -0.00000000
   0.270     1    27     4     4     2    -1    -0.00000000
   0.270     1    28     4     2     1     1    -0.00000000
   0.270     1    29     4     2     2    -1     0.00000000
   0.270     1    30     4     4     2     1    -0.00000000
   0.270     1    31     4     4     3    -1    -0.00000000
   0.270     1    32     4     2     2     1    -0.00000000
   0.270     1    33     4     4     3     1     0.00000000
   0.270     1    34     4     4     4    -1     0.00000000
   0.270     1    35     4     4     4     1     0.00000000
   0.270     1    36     5     5     0     1    -0.00000000
   0.270     1    37     5     5     1    -1     0.00000000
   0.270     1    38     5     3     0     1     0.00000000
   0.270     1    39     5     3     1    -1    -0.00000000
   0.270     1    40     5     1     0     1     0.00000000
   0.270     1    41     5     1     1    -1    -0.00000000
   0.270     1    42     5     5     1     1    -0.00000000
   0.270     1    43     5     5     2    -1    -0.00000000
   0.270     1    44     5     3     1     1    -0.00000000
   0.270     1    45     5     3     2    -1    -0.00000000
   0.270     1    46     5     1     1     1    -0.00000000
   0.270     1    47     5     5     2     1    -0.00000000
   0.270     1    48     5     5     3    -1    -0.00000000
   0.270     1    49     5     3     2     1     0.00000000
   0.270     1    50     5     3     3    -1     0.00000000
   0.270     1    51     5     5     3     1     0.00000000
   0.270     1    52     5     5     4    -1     0.00000000
   0.270     1    53     5     3     3     1    -0.00000000
   0.270     1    54     5     5     4     1     0.00000000
   0.270     1    55     5     5     5    -1     0.00000000
   0.270     1    56     5     5     5     1     0.00000000
   0.270     1    57     6     6     0     1     0.00003888
   0.270     1    58     6     6     1    -1     0.00000691
   0.270     1    59     6     4     0     1     0.00007993
   0.270     1    60     6     4     1    -1     0.00000902
   0.270     1    61     6     2     0     1     0.00012814
   0.270     1    62     6     2     1    -1     0.00000647
   0.270     1    63     6     0     0     1     0.00004184
   0.270     1    64     6     6     1     1    -0.00000000
   0.270     1    65     6     6     2    -1     0.00000000
   0.270     1    66     6     4     1     1    -0.00000000
   0.270     1    67     6     4     2    -1    -0.00000000
   0.270     1    68     6     2     1     1    -0.00000000
   0.270     1    69     6     2     2    -1     0.00000000
   0.270     1    70     6     6     2     1     0.00000000
   0.270     1    71     6     6     3    -1     0.00000000
   0.270     1    72     6     4     2     1    -0.00000000
   0.270     1    73     6     4     3    -1     0.00000000
   0.270     1    74     6     2     2     1     0.00000000
   0.270     1    75     6     6     3     1    -0.00000000
   0.270     1    76     6     6     4    -1     0.00000000
   0.270     1    77     6     4     3     1    -0.00000000
   0.270     1    78     6     4     4    -1    -0.00000000
   0.270     1    79     6     6     4     1    -0.00000000
   0.270     1    80     6     6     5    -1     0.00000000
   0.270     1    81     6     4     4     1     0.00000000
   0.270     1    82     6     6     5     1     0.00000000
   0.270     1    83     6     6     6    -1    -0.00000000
   0.270     1    84     6     6     6     1     0.00000000
   0.270     1    85     7     7     0     1    -0.00000000
   0.270     1    86     7     7     1    -1    -0.00000000
   0.270     1    87     7     5     0     1     0.00000000
   0.270     1    88     7     5     1    -1     0.00000000
   0.270     1    89     7     3     0     1    -0.00000000
   0.270     1    90     7     3     1    -1    -0.00000000
   0.270     1    91     7     1     0     1    -0.00000000
   0.270     1    92     7     1     1    -1    -0.00000000
   0.270     1    93     7     7     1     1    -0.00000000
   0.270     1    94     7     7     2    -1    -0.00000000
   0.270     1    95     7     5     1     1     0.00000000
   0.270     1    96     7     5     2    -1    -0.00000000
   0.270     1    97     7     3     1     1     0.00000000
   0.270     1    98     7     3     2    -1     0.00000000
   0.270     1    99     7     1     1     1    -0.00000000
   0.270     1   100     7     7     2     1     0.00000000
   0.270     1   101     7     7     3    -1     0.00000000
   0.270     1   102     7     5     2     1    -0.00000000
   0.270     1   103     7     5     3    -1    -0.00000000
   0.270     1   104     7     3     2     1    -0.00000000
   0.270     1   105     7     3     3    -1     0.00000000
   0.270     1   106     7     7     3     1     0.00000000
   0.270     1   107     7     7     4    -1     0.00000000
   0.270     1   108     7     5     3     1     0.00000000
   0.270     1   109     7     5     4    -1    -0.00000000
   0.270     1   110     7     3     3     1     0.00000000
   0.270     1   111     7     7     4     1     0.00000000
   0.270     1   112     7     7     5    -1    -0.00000000
   0.270     1   113     7     5     4     1     0.00000000
   0.270     1   114     7     5     5    -1    -0.00000000
   0.270     1   115     7     7     5     1     0.00000000
   0.270     1   116     7     7     6    -1     0.00000000
   0.270     1   117     7     5     5     1     0.00000000
   0.270     1   118     7     7     6     1     0.00000000
   0.270     1   119     7     7     7    -1     0.00000000
   0.270     1   120     7     7     7     1     0.00000000
   0.270     2     1     0     0     0     1    -0.00000000
   0.270     2     2     1     1     0     1    -0.97598489
   0.270     2     3     1     1     1    -1    -0.20241779
   0.270     2     4     1     1     1     1     0.00000000
   0.270     2     5     2     2     0     1     0.00000000
   0.270     2     6     2     2     1    -1     0.00000000
   0.270     2     7     2     0     0     1     0.00000000
   0.270     2     8     2     2     1     1    -0.00000000
   0.270     2     9     2     2     2    -1    -0.00000000
   0.270     2    10     2     2     2     1     0.00000000
   0.270     2    11     3     3     0     1    -0.05199835
   0.270     2    12     3     3     1    -1    -0.01277969
   0.270     2    13     3     1     0     1    -0.05966951
   0.270     2    14     3     1     1    -1     0.00300781
   0.270     2    15     3     3     1     1    -0.00000000
   0.270     2    16     3     3     2    -1     0.00000000
   0.270     2    17     3     1     1     1     0.00000000
   0.270     2    18     3     3     2     1     0.00000000
   0.270     2    19     3     3     3    -1     0.00000000
   0.270     2    20     3     3     3     1    -0.00000000
   0.270     2    21     4     4     0     1     0.00000000
   0.270     2    22     4     4     1    -1     0.00000000
   0.270     2    23     4     2     0     1     0.00000000
   0.270     2    24     4     2     1    -1     0.00000000
   0.270     2    25     4     0     0     1     0.00000000
   0.270     2    26     4     4     1     1    -0.00000000
   0.270     2    27     4     4     2    -1    -0.00000000
   0.270     2    28     4     2     1     1     0.00000000
   0.270     2    29     4     2     2    -1     0.00000000
   0.270     2    30     4     4     2     1    -0.00000000
   0.270     2    31     4     4     3    -1     0.00000000
   0.270     2    32     4     2     2     1    -0.00000000
   0.270     2    33     4     4     3     1     0.00000000
   0.270     2    34     4     4     4    -1    -0.00000000
   0.270     2    35     4     4     4     1     0.00000000
   0.270     2    36     5     5     0     1    -0.00184842
   0.270     2    37     5     5     1    -1    -0.00055785
   0.270     2    38     5     3     0     1    -0.00445115
   0.270     2    39     5     3     1    -1    -0.00034153
   0.270     2    40     5     1     0     1    -0.00444895
   0.270     2    41     5     1     1    -1    -0.00036534
   0.270     2    42     5     5     1     1     0.00000000
   0.270     2    43     5     5     2    -1     0.00000000
   0.270     2    44     5     3     1     1     0.00000000
   0.270     2    45     5     3     2    -1     0.00000000
   0.270     2    46     5     1     1     1     0.00000000
   0.270     2    47     5     5     2     1     0.00000000
   0.270     2    48     5     5     3    -1    -0.00000000
   0.270     2    49     5     3     2     1     0.00000000
   0.270     2    50     5     3     3    -1     0.00000000
   0.270     2    51     5     5     3     1    -0.00000000
   0.270     2    52     5     5     4    -1     0.00000000
   0.270     2    53     5     3     3     1     0.00000000
   0.270     2    54     5     5     4     1    -0.00000000
   0.270     2    55     5     5     5    -1    -0.00000000
   0.270     2    56     5     5     5     1     0.00000000
   0.270     2    57     6     6     0     1     0.00000000
   0.270     2    58     6     6     1    -1     0.00000000
   0.270     2    59     6     4     0     1     0.00000000
   0.270     2    60     6     4     1    -1     0.00000000
   0.270     2    61     6     2     0     1     0.00000000
   0.270     2    62     6     2     1    -1     0.00000000
   0.270     2    63     6     0     0     1     0.00000000
   0.270     2    64     6     6     1     1    -0.00000000
   0.270     2    65     6     6     2    -1    -0.00000000
   0.270     2    66     6     4     1     1     0.00000000
   0.270     2    67     6     4     2    -1     0.00000000
   0.270     2    68     6     2     1     1    -0.00000000
   0.270     2    69     6     2     2    -1    -0.00000000
   0.270     2    70     6     6     2     1     0.00000000
   0.270     2    71     6     6     3    -1     0.00000000
   0.270     2    72     6     4     2     1    -0.00000000
   0.270     2    73     6     4     3    -1    -0.00000000
   0.270     2    74     6     2     2     1    -0.00000000
   0.270     2    75     6     6     3     1     0.00000000
   0.270     2    76     6     6     4    -1    -0.00000000
   0.270     2    77     6     4     3     1    -0.00000000
   0.270     2    78     6     4     4    -1    -0.00000000
   0.270     2    79     6     6     4     1    -0.00000000
   0.270     2    80     6     6     5    -1    -0.00000000
   0.270     2    81     6     4     4     1    -0.00000000
   0.270     2    82     6     6     5     1     0.00000000
   0.270     2    83     6     6     6    -1    -0.00000000
   0.270     2    84     6     6     6     1    -0.00000000
   0.270     2    85     7     7     0     1    -0.00005193
   0.270     2    86     7     7     1    -1    -0.00001863
   0.270     2    87     7     5     0     1    -0.00022087
   0.270     2    88     7     5     1    -1    -0.00003482
   0.270     2    89     7     3     0     1    -0.00036312
   0.270     2    90     7     3     1    -1    -0.00004000
   0.270     2    91     7     1     0     1    -0.00034352
   0.270     2    92     7     1     1    -1    -0.00000365
   0.270     2    93     7     7     1     1    -0.00000000
   0.270     2    94     7     7     2    -1    -0.00000000
   0.270     2    95     7     5     1     1    -0.00000000
   0.270     2    96     7     5     2    -1    -0.00000000
   0.270     2    97     7     3     1     1    -0.00000000
   0.270     2    98     7     3     2    -1     0.00000000
   0.270     2    99     7     1     1     1     0.00000000
   0.270     2   100     7     7     2     1    -0.00000000
   0.270     2   101     7     7     3    -1    -0.00000000
   0.270     2   102     7     5     2     1    -0.00000000
   0.270     2   103     7     5     3    -1     0.00000000
   0.270     2   104     7     3     2     1    -0.00000000
   0.270     2   105     7     3     3    -1    -0.00000000
   0.270     2   106     7     7     3     1     0.00000000
   0.270     2   107     7     7     4    -1     0.00000000
   0.270     2   108     7     5     3     1     0.00000000
   0.270     2   109     7     5     4    -1     0.00000000
   0.270     2   110     7     3     3     1    -0.00000000
   0.270     2   111     7     7     4     1    -0.00000000
   0.270     2   112     7     7     5    -1     0.00000000
   0.270     2   113     7     5     4     1    -0.00000000
   0.270     2   114     7     5     5    -1    -0.00000000
   0.270     2   115     7     7     5     1     0.00000000
   0.270     2   116     7     7     6    -1     0.00000000
   0.270     2   117     7     5     5     1     0.00000000
   0.270     2   118     7     7     6     1     0.00000000
   0.270     2   119     7     7     7    -1     0.00000000
   0.270     2   120     7     7     7     1     0.00000000
   0.270     3     1     0     0     0     1     0.00000000
   0.270     3     2     1     1     0     1     0.00000000
   0.270     3     3     1     1     1    -1     0.00000000
   0.270     3     4     1     1     1     1     0.99842190
   0.270     3     5     2     2     0     1     0.00000000
   0.270     3     6     2     2     1    -1     0.00000000
   0.270     3     7     2     0     0     1     0.00000000
   0.270     3     8     2     2     1     1     0.00000000
   0.270     3     9     2     2     2    -1     0.00000000
   0.270     3    10     2     2     2     1    -0.00000000
   0.270     3    11     3     3     0     1    -0.00000000
   0.270     3    12     3     3     1    -1     0.00000000
   0.270     3    13     3     1     0     1    -0.00000000
   0.270     3    14     3     1     1    -1     0.00000000
   0.270     3    15     3     3     1     1     0.04879786
   0.270     3    16     3     3     2    -1     0.00408557
   0.270     3    17     3     1     1     1    -0.02738849
   0.270     3    18     3     3     2     1    -0.00000000
   0.270     3    19     3     3     3    -1     0.00000000
   0.270     3    20     3     3     3     1     0.00000000
   0.270     3    21     4     4     0     1     0.00000000
   0.270     3    22     4     4     1    -1     0.00000000
   0.270     3    23     4     2     0     1     0.00000000
   0.270     3    24     4     2     1    -1    -0.00000000
   0.270     3    25     4     0     0     1     0.00000000
   0.270     3    26     4     4     1     1     0.00000000
   0.270     3    27     4     4     2    -1     0.00000000
   0.270     3    28     4     2     1     1    -0.00000000
   0.270     3    29     4     2     2    -1    -0.00000000
   0.270     3    30     4     4     2     1    -0.00000000
   0.270     3    31     4     4     3    -1    -0.00000000
   0.270     3    32     4     2     2     1     0.00000000
   0.270     3    33     4     4     3     1     0.00000000
   0.270     3    34     4     4     4    -1     0.00000000
   0.270     3    35     4     4     4     1     0.00000000
   0.270     3    36     5     5     0     1    -0.00000000
   0.270     3    37     5     5     1    -1     0.00000000
   0.270     3    38     5     3     0     1    -0.00000000
   0.270     3    39     5     3     1    -1     0.00000000
   0.270     3    40     5     1     0     1     0.00000000
   0.270     3    41     5     1     1    -1    -0.00000000
   0.270     3    42     5     5     1     1     0.00175016
   0.270     3    43     5     5     2    -1     0.00025327
   0.270     3    44     5     3     1     1    -0.00010597
   0.270     3    45     5     3     2    -1    -0.00000412
   0.270     3    46     5     1     1     1     0.00158213
   0.270     3    47     5     5     2     1     0.00000000
   0.270     3    48     5     5     3    -1     0.00000000
   0.270     3    49     5     3     2     1     0.00000000
   0.270     3    50     5     3     3    -1    -0.00000000
   0.270     3    51     5     5     3     1     0.00000000
   0.270     3    52     5     5     4    -1     0.00000000
   0.270     3    53     5     3     3     1    -0.00000000
   0.270     3    54     5     5     4     1    -0.00000000
   0.270     3    55     5     5     5    -1    -0.00000000
   0.270     3    56     5     5     5     1     0.00000000
   0.270     3    57     6     6     0     1     0.00000000
   0.270     3    58     6     6     1    -1     0.00000000
   0.270     3    59     6     4     0     1     0.00000000
   0.270     3    60     6     4     1    -1     0.00000000
   0.270     3    61     6     2     0     1     0.00000000
   0.270     3    62     6     2     1    -1    -0.00000000
   0.270     3    63     6     0     0     1    -0.00000000
   0.270     3    64     6     6     1     1     0.00000000
   0.270     3    65     6     6     2    -1     0.00000000
   0.270     3    66     6     4     1     1    -0.00000000
   0.270     3    67     6     4     2    -1    -0.00000000
   0.270     3    68     6     2     1     1     0.00000000
   0.270     3    69     6     2     2    -1     0.00000000
   0.270     3    70     6     6     2     1    -0.00000000
   0.270     3    71     6     6     3    -1    -0.00000000
   0.270     3    72     6     4     2     1     0.00000000
   0.270     3    73     6     4     3    -1     0.00000000
   0.270     3    74     6     2     2     1    -0.00000000
   0.270     3    75     6     6     3     1     0.00000000
   0.270     3    76     6     6     4    -1     0.00000000
   0.270     3    77     6     4     3     1    -0.00000000
   0.270     3    78     6     4     4    -1    -0.00000000
   0.270     3    79     6     6     4     1    -0.00000000
   0.270     3    80     6     6     5    -1    -0.00000000
   0.270     3    81     6     4     4     1    -0.00000000
   0.270     3    82     6     6     5     1    -0.00000000
   0.270     3    83     6     6     6    -1    -0.00000000
   0.270     3    84     6     6     6     1    -0.00000000
   0.270     3    85     7     7     0     1     0.00000000
   0.270     3    86     7     7     1    -1     0.00000000
   0.270     3    87     7     5     0     1    -0.00000000
   0.270     3    88     7     5     1    -1     0.00000000
   0.270     3    89     7     3     0     1     0.00000000
   0.270     3    90     7     3     1    -1    -0.00000000
   0.270     3    91     7     1     0     1    -0.00000000
   0.270     3    92     7     1     1    -1    -0.00000000
   0.270     3    93     7     7     1     1     0.00005025
   0.270     3    94     7     7     2    -1     0.00001021
   0.270     3    95     7     5     1     1     0.00003252
   0.270     3    96     7     5     2    -1     0.00000482
   0.270     3    97     7     3     1     1     0.00008886
   0.270     3    98     7     3     2    -1     0.00000564
   0.270     3    99     7     1     1     1    -0.00003561
   0.270     3   100     7     7     2     1     0.00000000
   0.270     3   101     7     7     3    -1     0.00000000
   0.270     3   102     7     5     2     1    -0.00000000
   0.270     3   103     7     5     3    -1    -0.00000000
   0.270     3   104     7     3     2     1     0.00000000
   0.270     3   105     7     3     3    -1     0.00000000
   0.270     3   106     7     7     3     1    -0.00000000
   0.270     3   107     7     7     4    -1    -0.00000000
   0.270     3   108     7     5     3     1     0.00000000
   0.270     3   109     7     5     4    -1     0.00000000
   0.270     3   110     7     3     3     1    -0.00000000
   0.270     3   111     7     7     4     1     0.00000000
   0.270     3   112     7     7     5    -1     0.00000000
   0.270     3   113     7     5     4     1     0.00000000
   0.270     3   114     7     5     5    -1     0.00000000
   0.270     3   115     7     7     5     1     0.00000000
   0.270     3   116     7     7     6    -1     0.00000000
   0.270     3   117     7     5     5     1     0.00000000
   0.270     3   118     7     7     6     1     0.00000000
   0.270     3   119     7     7     7    -1     0.00000000
   0.270     3   120     7     7     7     1     0.00000000
   0.270     4     1     0     0     0     1    -0.00000000
   0.270     4     2     1     1     0     1     0.20204685
   0.270     4     3     1     1     1    -1    -0.97768557
   0.270     4     4     1     1     1     1     0.00000000
   0.270     4     5     2     2     0     1    -0.00000000
   0.270     4     6     2     2     1    -1    -0.00000000
   0.270     4     7     2     0     0     1    -0.00000000
   0.270     4     8     2     2     1     1     0.00000000
   0.270     4     9     2     2     2    -1     0.00000000
   0.270     4    10     2     2     2     1     0.00000000
   0.270     4    11     3     3     0     1     0.00752083
   0.270     4    12     3     3     1    -1    -0.04698603
   0.270     4    13     3     1     0     1     0.01658352
   0.270     4    14     3     1     1    -1     0.02758440
   0.270     4    15     3     3     1     1    -0.00000000
   0.270     4    16     3     3     2    -1     0.00000000
   0.270     4    17     3     1     1     1     0.00000000
   0.270     4    18     3     3     2     1     0.00000000
   0.270     4    19     3     3     3    -1    -0.00000000
   0.270     4    20     3     3     3     1    -0.00000000
   0.270     4    21     4     4     0     1    -0.00000000
   0.270     4    22     4     4     1    -1    -0.00000000
   0.270     4    23     4     2     0     1    -0.00000000
   0.270     4    24     4     2     1    -1    -0.00000000
   0.270     4    25     4     0     0     1    -0.00000000
   0.270     4    26     4     4     1     1     0.00000000
   0.270     4    27     4     4     2    -1     0.00000000
   0.270     4    28     4     2     1     1    -0.00000000
   0.270     4    29     4     2     2    -1    -0.00000000
   0.270     4    30     4     4     2     1    -0.00000000
   0.270     4    31     4     4     3    -1    -0.00000000
   0.270     4    32     4     2     2     1    -0.00000000
   0.270     4    33     4     4     3     1     0.00000000
   0.270     4    34     4     4     4    -1     0.00000000
   0.270     4    35     4     4     4     1     0.00000000
   0.270     4    36     5     5     0     1     0.00013996
   0.270     4    37     5     5     1    -1    -0.00165891
   0.270     4    38     5     3     0     1     0.00116275
   0.270     4    39     5     3     1    -1     0.00021341
   0.270     4    40     5     1     0     1     0.00112760
   0.270     4    41     5     1     1    -1    -0.00153719
   0.270     4    42     5     5     1     1     0.00000000
   0.270     4    43     5     5     2    -1     0.00000000
   0.270     4    44     5     3     1     1     0.00000000
   0.270     4    45     5     3     2    -1     0.00000000
   0.270     4    46     5     1     1     1     0.00000000
   0.270     4    47     5     5     2     1     0.00000000
   0.270     4    48     5     5     3    -1     0.00000000
   0.270     4    49     5     3     2     1    -0.00000000
   0.270     4    50     5     3     3    -1     0.00000000
   0.270     4    51     5     5     3     1     0.00000000
   0.270     4    52     5     5     4    -1     0.00000000
   0.270     4    53     5     3     3     1    -0.00000000
   0.270     4    54     5     5     4     1    -0.00000000
   0.270     4    55     5     5     5    -1     0.00000000
   0.270     4    56     5     5     5     1     0.00000000
   0.270     4    57     6     6     0     1    -0.00000000
   0.270     4    58     6     6     1    -1    -0.00000000
   0.270     4    59     6     4     0     1    -0.00000000
   0.270     4    60     6     4     1    -1    -0.00000000
   0.270     4    61     6     2     0     1    -0.00000000
   0.270     4    62     6     2     1    -1    -0.00000000
   0.270     4    63     6     0     0     1    -0.00000000
   0.270     4    64     6     6     1     1     0.00000000
   0.270     4    65     6     6     2    -1     0.00000000
   0.270     4    66     6     4     1     1    -0.00000000
   0.270     4    67     6     4     2    -1    -0.00000000
   0.270     4    68     6     2     1     1     0.00000000
   0.270     4    69     6     2     2    -1     0.00000000
   0.270     4    70     6     6     2     1     0.00000000
   0.270     4    71     6     6     3    -1    -0.00000000
   0.270     4    72     6     4     2     1    -0.00000000
   0.270     4    73     6     4     3    -1    -0.00000000
   0.270     4    74     6     2     2     1    -0.00000000
   0.270     4    75     6     6     3     1     0.00000000
   0.270     4    76     6     6     4    -1     0.00000000
   0.270     4    77     6     4     3     1     0.00000000
   0.270     4    78     6     4     4    -1    -0.00000000
   0.270     4    79     6     6     4     1     0.00000000
   0.270     4    80     6     6     5    -1    -0.00000000
   0.270     4    81     6     4     4     1    -0.00000000
   0.270     4    82     6     6     5     1     0.00000000
   0.270     4    83     6     6     6    -1    -0.00000000
   0.270     4    84     6     6     6     1     0.00000000
   0.270     4    85     7     7     0     1     0.00000019
   0.270     4    86     7     7     1    -1    -0.00004698
   0.270     4    87     7     5     0     1     0.00005193
   0.270     4    88     7     5     1    -1    -0.00002335
   0.270     4    89     7     3     0     1     0.00009030
   0.270     4    90     7     3     1    -1    -0.00008044
   0.270     4    91     7     1     0     1     0.00009452
   0.270     4    92     7     1     1    -1     0.00003823
   0.270     4    93     7     7     1     1    -0.00000000
   0.270     4    94     7     7     2    -1    -0.00000000
   0.270     4    95     7     5     1     1     0.00000000
   0.270     4    96     7     5     2    -1    -0.00000000
   0.270     4    97     7     3     1     1    -0.00000000
   0.270     4    98     7     3     2    -1    -0.00000000
   0.270     4    99     7     1     1     1    -0.00000000
   0.270     4   100     7     7     2     1     0.00000000
   0.270     4   101     7     7     3    -1     0.00000000
   0.270     4   102     7     5     2     1    -0.00000000
   0.270     4   103     7     5     3    -1     0.00000000
   0.270     4   104     7     3     2     1     0.00000000
   0.270     4   105     7     3     3    -1    -0.00000000
   0.270     4   106     7     7     3     1     0.00000000
   0.270     4   107     7     7     4    -1    -0.00000000
   0.270     4   108     7     5     3     1    -0.00000000
   0.270     4   109     7     5     4    -1     0.00000000
   0.270     4   110     7     3     3     1     0.00000000
   0.270     4   111     7     7     4     1     0.00000000
   0.270     4   112     7     7     5    -1    -0.00000000
   0.270     4   113     7     5     4     1    -0.00000000
   0.270     4   114     7     5     5    -1    -0.00000000
   0.270     4   115     7     7     5     1     0.00000000
   0.270     4   116     7     7     6    -1     0.00000000
   0.270     4   117     7     5     5     1     0.00000000
   0.270     4   118     7     7     6     1     0.00000000
   0.270     4   119     7     7     7    -1     0.00000000
   0.270     4   120     7     7     7     1     0.00000000
   0.270     5     1     0     0     0     1    -0.04379149
   0.270     5     2     1     1     0     1     0.00000000
   0.270     5     3     1     1     1    -1     0.00000000
   0.270     5     4     1     1     1     1    -0.00000000
   0.270     5     5     2     2     0     1     0.86367239
   0.270     5     6     2     2     1    -1     0.49104958
   0.270     5     7     2     0     0     1     0.03477385
   0.270     5     8     2     2     1     1     0.00000000
   0.270     5     9     2     2     2    -1     0.00000000
   0.270     5    10     2     2     2     1    -0.00000000
   0.270     5    11     3     3     0     1     0.00000000
   0.270     5    12     3     3     1    -1    -0.00000000
   0.270     5    13     3     1     0     1    -0.00000000
   0.270     5    14     3     1     1    -1     0.00000000
   0.270     5    15     3     3     1     1    -0.00000000
   0.270     5    16     3     3     2    -1     0.00000000
   0.270     5    17     3     1     1     1    -0.00000000
   0.270     5    18     3     3     2     1     0.00000000
   0.270     5    19     3     3     3    -1    -0.00000000
   0.270     5    20     3     3     3     1    -0.00000000
   0.270     5    21     4     4     0     1     0.06203155
   0.270     5    22     4     4     1    -1     0.03607731
   0.270     5    23     4     2     0     1     0.04973037
   0.270     5    24     4     2     1    -1     0.01452822
   0.270     5    25     4     0     0     1     0.04348751
   0.270     5    26     4     4     1     1     0.00000000
   0.270     5    27     4     4     2    -1     0.00000000
   0.270     5    28     4     2     1     1     0.00000000
   0.270     5    29     4     2     2    -1    -0.00000000
   0.270     5    30     4     4     2     1    -0.00000000
   0.270     5    31     4     4     3    -1    -0.00000000
   0.270     5    32     4     2     2     1     0.00000000
   0.270     5    33     4     4     3     1    -0.00000000
   0.270     5    34     4     4     4    -1    -0.00000000
   0.270     5    35     4     4     4     1     0.00000000
   0.270     5    36     5     5     0     1    -0.00000000
   0.270     5    37     5     5     1    -1     0.00000000
   0.270     5    38     5     3     0     1    -0.00000000
   0.270     5    39     5     3     1    -1    -0.00000000
   0.270     5    40     5     1     0     1    -0.00000000
   0.270     5    41     5     1     1    -1     0.00000000
   0.270     5    42     5     5     1     1    -0.00000000
   0.270     5    43     5     5     2    -1    -0.00000000
   0.270     5    44     5     3     1     1    -0.00000000
   0.270     5    45     5     3     2    -1     0.00000000
   0.270     5    46     5     1     1     1    -0.00000000
   0.270     5    47     5     5     2     1    -0.00000000
   0.270     5    48     5     5     3    -1     0.00000000
   0.270     5    49     5     3     2     1    -0.00000000
   0.270     5    50     5     3     3    -1     0.00000000
   0.270     5    51     5     5     3     1    -0.00000000
   0.270     5    52     5     5     4    -1     0.00000000
   0.270     5    53     5     3     3     1    -0.00000000
   0.270     5    54     5     5     4     1    -0.00000000
   0.270     5    55     5     5     5    -1     0.00000000
   0.270     5    56     5     5     5     1     0.00000000
   0.270     5    57     6     6     0     1     0.00266837
   0.270     5    58     6     6     1    -1     0.00164431
   0.270     5    59     6     4     0     1     0.00482705
   0.270     5    60     6     4     1    -1     0.00194058
   0.270     5    61     6     2     0     1     0.00670638
   0.270     5    62     6     2     1    -1     0.00126880
   0.270     5    63     6     0     0     1     0.00225870
   0.270     5    64     6     6     1     1     0.00000000
   0.270     5    65     6     6     2    -1    -0.00000000
   0.270     5    66     6     4     1     1     0.00000000
   0.270     5    67     6     4     2    -1    -0.00000000
   0.270     5    68     6     2     1     1     0.00000000
   0.270     5    69     6     2     2    -1    -0.00000000
   0.270     5    70     6     6     2     1     0.00000000
   0.270     5    71     6     6     3    -1    -0.00000000
   0.270     5    72     6     4     2     1     0.00000000
   0.270     5    73     6     4     3    -1     0.00000000
   0.270     5    74     6     2     2     1    -0.00000000
   0.270     5    75     6     6     3     1    -0.00000000
   0.270     5    76     6     6     4    -1    -0.00000000
   0.270     5    77     6     4     3     1    -0.00000000
   0.270     5    78     6     4     4    -1    -0.00000000
   0.270     5    79     6     6     4     1     0.00000000
   0.270     5    80     6     6     5    -1     0.00000000
   0.270     5    81     6     4     4     1    -0.00000000
   0.270     5    82     6     6     5     1    -0.00000000
   0.270     5    83     6     6     6    -1    -0.00000000
   0.270     5    84     6     6     6     1     0.00000000
   0.270     5    85     7     7     0     1    -0.00000000
   0.270     5    86     7     7     1    -1     0.00000000
   0.270     5    87     7     5     0     1     0.00000000
   0.270     5    88     7     5     1    -1    -0.00000000
   0.270     5    89     7     3     0     1    -0.00000000
   0.270     5    90     7     3     1    -1    -0.00000000
   0.270     5    91     7     1     0     1     0.00000000
   0.270     5    92     7     1     1    -1     0.00000000
   0.270     5    93     7     7     1     1     0.00000000
   0.270     5    94     7     7     2    -1     0.00000000
   0.270     5    95     7     5     1     1     0.00000000
   0.270     5    96     7     5     2    -1    -0.00000000
   0.270     5    97     7     3     1     1     0.00000000
   0.270     5    98     7     3     2    -1     0.00000000
   0.270     5    99     7     1     1     1     0.00000000
   0.270     5   100     7     7     2     1    -0.00000000
   0.270     5   101     7     7     3    -1     0.00000000
   0.270     5   102     7     5     2     1     0.00000000
   0.270     5   103     7     5     3    -1    -0.00000000
   0.270     5   104     7     3     2     1    -0.00000000
   0.270     5   105     7     3     3    -1    -0.00000000
   0.270     5   106     7     7     3     1     0.00000000
   0.270     5   107     7     7     4    -1    -0.00000000
   0.270     5   108     7     5     3     1     0.00000000
   0.270     5   109     7     5     4    -1     0.00000000
   0.270     5   110     7     3     3     1     0.00000000
   0.270     5   111     7     7     4     1     0.00000000
   0.270     5   112     7     7     5    -1     0.00000000
   0.270     5   113     7     5     4     1    -0.00000000
   0.270     5   114     7     5     5    -1     0.00000000
   0.270     5   115     7     7     5     1     0.00000000
   0.270     5   116     7     7     6    -1     0.00000000
   0.270     5   117     7     5     5     1     0.00000000
   0.270     5   118     7     7     6     1     0.00000000
   0.270     5   119     7     7     7    -1     0.00000000
   0.270     5   120     7     7     7     1     0.00000000
   0.270     6     1     0     0     0     1     0.00000000
   0.270     6     2     1     1     0     1    -0.00000000
   0.270     6     3     1     1     1    -1    -0.00000000
   0.270     6     4     1     1     1     1     0.00000000
   0.270     6     5     2     2     0     1    -0.00000000
   0.270     6     6     2     2     1    -1    -0.00000000
   0.270     6     7     2     0     0     1    -0.00000000
   0.270     6     8     2     2     1     1     0.97283318
   0.270     6     9     2     2     2    -1     0.22016847
   0.270     6    10     2     2     2     1    -0.00000000
   0.270     6    11     3     3     0     1     0.00000000
   0.270     6    12     3     3     1    -1     0.00000000
   0.270     6    13     3     1     0     1     0.00000000
   0.270     6    14     3     1     1    -1     0.00000000
   0.270     6    15     3     3     1     1    -0.00000000
   0.270     6    16     3     3     2    -1     0.00000000
   0.270     6    17     3     1     1     1     0.00000000
   0.270     6    18     3     3     2     1     0.00000000
   0.270     6    19     3     3     3    -1    -0.00000000
   0.270     6    20     3     3     3     1     0.00000000
   0.270     6    21     4     4     0     1    -0.00000000
   0.270     6    22     4     4     1    -1    -0.00000000
   0.270     6    23     4     2     0     1    -0.00000000
   0.270     6    24     4     2     1    -1    -0.00000000
   0.270     6    25     4     0     0     1    -0.00000000
   0.270     6    26     4     4     1     1     0.06450856
   0.270     6    27     4     4     2    -1     0.01623927
   0.270     6    28     4     2     1     1     0.02482991
   0.270     6    29     4     2     2    -1    -0.00763923
   0.270     6    30     4     4     2     1    -0.00000000
   0.270     6    31     4     4     3    -1    -0.00000000
   0.270     6    32     4     2     2     1    -0.00000000
   0.270     6    33     4     4     3     1    -0.00000000
   0.270     6    34     4     4     4    -1    -0.00000000
   0.270     6    35     4     4     4     1     0.00000000
   0.270     6    36     5     5     0     1     0.00000000
   0.270     6    37     5     5     1    -1    -0.00000000
   0.270     6    38     5     3     0     1     0.00000000
   0.270     6    39     5     3     1    -1    -0.00000000
   0.270     6    40     5     1     0     1     0.00000000
   0.270     6    41     5     1     1    -1    -0.00000000
   0.270     6    42     5     5     1     1    -0.00000000
   0.270     6    43     5     5     2    -1     0.00000000
   0.270     6    44     5     3     1     1     0.00000000
   0.270     6    45     5     3     2    -1     0.00000000
   0.270     6    46     5     1     1     1     0.00000000
   0.270     6    47     5     5     2     1    -0.00000000
   0.270     6    48     5     5     3    -1    -0.00000000
   0.270     6    49     5     3     2     1     0.00000000
   0.270     6    50     5     3     3    -1     0.00000000
   0.270     6    51     5     5     3     1    -0.00000000
   0.270     6    52     5     5     4    -1     0.00000000
   0.270     6    53     5     3     3     1     0.00000000
   0.270     6    54     5     5     4     1     0.00000000
   0.270     6    55     5     5     5    -1    -0.00000000
   0.270     6    56     5     5     5     1     0.00000000
   0.270     6    57     6     6     0     1     0.00000000
   0.270     6    58     6     6     1    -1     0.00000000
   0.270     6    59     6     4     0     1     0.00000000
   0.270     6    60     6     4     1    -1    -0.00000000
   0.270     6    61     6     2     0     1    -0.00000000
   0.270     6    62     6     2     1    -1    -0.00000000
   0.270     6    63     6     0     0     1     0.00000000
   0.270     6    64     6     6     1     1     0.00269509
   0.270     6    65     6     6     2    -1     0.00081540
   0.270     6    66     6     4     1     1     0.00305128
   0.270     6    67     6     4     2    -1     0.00010173
   0.270     6    68     6     2     1     1     0.00199333
   0.270     6    69     6     2     2    -1     0.00052210
   0.270     6    70     6     6     2     1    -0.00000000
   0.270     6    71     6     6     3    -1    -0.00000000
   0.270     6    72     6     4     2     1     0.00000000
   0.270     6    73     6     4     3    -1    -0.00000000
   0.270     6    74     6     2     2     1    -0.00000000
   0.270     6    75     6     6     3     1    -0.00000000
   0.270     6    76     6     6     4    -1    -0.00000000
   0.270     6    77     6     4     3     1     0.00000000
   0.270     6    78     6     4     4    -1    -0.00000000
   0.270     6    79     6     6     4     1     0.00000000
   0.270     6    80     6     6     5    -1     0.00000000
   0.270     6    81     6     4     4     1    -0.00000000
   0.270     6    82     6     6     5     1    -0.00000000
   0.270     6    83     6     6     6    -1     0.00000000
   0.270     6    84     6     6     6     1     0.00000000
   0.270     6    85     7     7     0     1    -0.00000000
   0.270     6    86     7     7     1    -1     0.00000000
   0.270     6    87     7     5     0     1     0.00000000
   0.270     6    88     7     5     1    -1     0.00000000
   0.270     6    89     7     3     0     1     0.00000000
   0.270     6    90     7     3     1    -1    -0.00000000
   0.270     6    91     7     1     0     1    -0.00000000
   0.270     6    92     7     1     1    -1    -0.00000000
   0.270     6    93     7     7     1     1     0.00000000
   0.270     6    94     7     7     2    -1    -0.00000000
   0.270     6    95     7     5     1     1     0.00000000
   0.270     6    96     7     5     2    -1     0.00000000
   0.270     6    97     7     3     1     1    -0.00000000
   0.270     6    98     7     3     2    -1     0.00000000
   0.270     6    99     7     1     1     1     0.00000000
   0.270     6   100     7     7     2     1     0.00000000
   0.270     6   101     7     7     3    -1    -0.00000000
   0.270     6   102     7     5     2     1     0.00000000
   0.270     6   103     7     5     3    -1     0.00000000
   0.270     6   104     7     3     2     1    -0.00000000
   0.270     6   105     7     3     3    -1    -0.00000000
   0.270     6   106     7     7     3     1    -0.00000000
   0.270     6   107     7     7     4    -1    -0.00000000
   0.270     6   108     7     5     3     1    -0.00000000
   0.270     6   109     7     5     4    -1    -0.00000000
   0.270     6   110     7     3     3     1    -0.00000000
   0.270     6   111     7     7     4     1    -0.00000000
   0.270     6   112     7     7     5    -1     0.00000000
   0.270     6   113     7     5     4     1     0.00000000
   0.270     6   114     7     5     5    -1     0.00000000
   0.270     6   115     7     7     5     1     0.00000000
   0.270     6   116     7     7     6    -1     0.00000000
   0.270     6   117     7     5     5     1     0.00000000
   0.270     6   118     7     7     6     1     0.00000000
   0.270     6   119     7     7     7    -1     0.00000000
   0.270     6   120     7     7     7     1     0.00000000
   0.270     7     1     0     0     0     1    -0.00100921
   0.270     7     2     1     1     0     1     0.00000000
   0.270     7     3     1     1     1    -1    -0.00000000
   0.270     7     4     1     1     1     1     0.00000000
   0.270     7     5     2     2     0     1     0.02262189
   0.270     7     6     2     2     1    -1    -0.12133191
   0.270     7     7     2     0     0     1     0.98564825
   0.270     7     8     2     2     1     1     0.00000000
   0.270     7     9     2     2     2    -1    -0.00000000
   0.270     7    10     2     2     2     1     0.00000000
   0.270     7    11     3     3     0     1    -0.00000000
   0.270     7    12     3     3     1    -1     0.00000000
   0.270     7    13     3     1     0     1    -0.00000000
   0.270     7    14     3     1     1    -1     0.00000000
   0.270     7    15     3     3     1     1    -0.00000000
   0.270     7    16     3     3     2    -1     0.00000000
   0.270     7    17     3     1     1     1     0.00000000
   0.270     7    18     3     3     2     1    -0.00000000
   0.270     7    19     3     3     3    -1     0.00000000
   0.270     7    20     3     3     3     1    -0.00000000
   0.270     7    21     4     4     0     1     0.00138773
   0.270     7    22     4     4     1    -1    -0.00772651
   0.270     7    23     4     2     0     1     0.11433583
   0.270     7    24     4     2     1    -1     0.00450429
   0.270     7    25     4     0     0     1     0.00192042
   0.270     7    26     4     4     1     1     0.00000000
   0.270     7    27     4     4     2    -1    -0.00000000
   0.270     7    28     4     2     1     1    -0.00000000
   0.270     7    29     4     2     2    -1    -0.00000000
   0.270     7    30     4     4     2     1    -0.00000000
   0.270     7    31     4     4     3    -1     0.00000000
   0.270     7    32     4     2     2     1     0.00000000
   0.270     7    33     4     4     3     1    -0.00000000
   0.270     7    34     4     4     4    -1     0.00000000
   0.270     7    35     4     4     4     1     0.00000000
   0.270     7    36     5     5     0     1     0.00000000
   0.270     7    37     5     5     1    -1     0.00000000
   0.270     7    38     5     3     0     1    -0.00000000
   0.270     7    39     5     3     1    -1    -0.00000000
   0.270     7    40     5     1     0     1    -0.00000000
   0.270     7    41     5     1     1    -1    -0.00000000
   0.270     7    42     5     5     1     1    -0.00000000
   0.270     7    43     5     5     2    -1    -0.00000000
   0.270     7    44     5     3     1     1    -0.00000000
   0.270     7    45     5     3     2    -1     0.00000000
   0.270     7    46     5     1     1     1     0.00000000
   0.270     7    47     5     5     2     1     0.00000000
   0.270     7    48     5     5     3    -1     0.00000000
   0.270     7    49     5     3     2     1    -0.00000000
   0.270     7    50     5     3     3    -1    -0.00000000
   0.270     7    51     5     5     3     1    -0.00000000
   0.270     7    52     5     5     4    -1    -0.00000000
   0.270     7    53     5     3     3     1     0.00000000
   0.270     7    54     5     5     4     1    -0.00000000
   0.270     7    55     5     5     5    -1     0.00000000
   0.270     7    56     5     5     5     1     0.00000000
   0.270     7    57     6     6     0     1     0.00002430
   0.270     7    58     6     6     1    -1    -0.00031482
   0.270     7    59     6     4     0     1     0.00694899
   0.270     7    60     6     4     1    -1     0.00048476
   0.270     7    61     6     2     0     1     0.00511518
   0.270     7    62     6     2     1    -1     0.00007477
   0.270     7    63     6     0     0     1     0.00550009
   0.270     7    64     6     6     1     1    -0.00000000
   0.270     7    65     6     6     2    -1    -0.00000000
   0.270     7    66     6     4     1     1     0.00000000
   0.270     7    67     6     4     2    -1    -0.00000000
   0.270     7    68     6     2     1     1     0.00000000
   0.270     7    69     6     2     2    -1    -0.00000000
   0.270     7    70     6     6     2     1     0.00000000
   0.270     7    71     6     6     3    -1     0.00000000
   0.270     7    72     6     4     2     1    -0.00000000
   0.270     7    73     6     4     3    -1     0.00000000
   0.270     7    74     6     2     2     1    -0.00000000
   0.270     7    75     6     6     3     1    -0.00000000
   0.270     7    76     6     6     4    -1    -0.00000000
   0.270     7    77     6     4     3     1    -0.00000000
   0.270     7    78     6     4     4    -1     0.00000000
   0.270     7    79     6     6     4     1    -0.00000000
   0.270     7    80     6     6     5    -1    -0.00000000
   0.270     7    81     6     4     4     1     0.00000000
   0.270     7    82     6     6     5     1    -0.00000000
   0.270     7    83     6     6     6    -1    -0.00000000
   0.270     7    84     6     6     6     1    -0.00000000
   0.270     7    85     7     7     0     1    -0.00000000
   0.270     7    86     7     7     1    -1    -0.00000000
   0.270     7    87     7     5     0     1    -0.00000000
   0.270     7    88     7     5     1    -1    -0.00000000
   0.270     7    89     7     3     0     1    -0.00000000
   0.270     7    90     7     3     1    -1     0.00000000
   0.270     7    91     7     1     0     1    -0.00000000
   0.270     7    92     7     1     1    -1     0.00000000
   0.270     7    93     7     7     1     1    -0.00000000
   0.270     7    94     7     7     2    -1    -0.00000000
   0.270     7    95     7     5     1     1     0.00000000
   0.270     7    96     7     5     2    -1    -0.00000000
   0.270     7    97     7     3     1     1    -0.00000000
   0.270     7    98     7     3     2    -1     0.00000000
   0.270     7    99     7     1     1     1    -0.00000000
   0.270     7   100     7     7     2     1     0.00000000
   0.270     7   101     7     7     3    -1    -0.00000000
   0.270     7   102     7     5     2     1    -0.00000000
   0.270     7   103     7     5     3    -1     0.00000000
   0.270     7   104     7     3     2     1    -0.00000000
   0.270     7   105     7     3     3    -1    -0.00000000
   0.270     7   106     7     7     3     1    -0.00000000
   0.270     7   107     7     7     4    -1     0.00000000
   0.270     7   108     7     5     3     1     0.00000000
   0.270     7   109     7     5     4    -1     0.00000000
   0.270     7   110     7     3     3     1     0.00000000
   0.270     7   111     7     7     4     1    -0.00000000
   0.270     7   112     7     7     5    -1    -0.00000000
   0.270     7   113     7     5     4     1    -0.00000000
   0.270     7   114     7     5     5    -1    -0.00000000
   0.270     7   115     7     7     5     1     0.00000000
   0.270     7   116     7     7     6    -1     0.00000000
   0.270     7   117     7     5     5     1     0.00000000
   0.270     7   118     7     7     6     1     0.00000000
   0.270     7   119     7     7     7    -1     0.00000000
   0.270     7   120     7     7     7     1     0.00000000
   0.270     8     1     0     0     0     1     0.02142255
   0.270     8     2     1     1     0     1    -0.00000000
   0.270     8     3     1     1     1    -1     0.00000000
   0.270     8     4     1     1     1     1    -0.00000000
   0.270     8     5     2     2     0     1    -0.49070233
   0.270     8     6     2     2     1    -1     0.85975720
   0.270     8     7     2     0     0     1     0.11927509
   0.270     8     8     2     2     1     1     0.00000000
   0.270     8     9     2     2     2    -1    -0.00000000
   0.270     8    10     2     2     2     1    -0.00000000
   0.270     8    11     3     3     0     1     0.00000000
   0.270     8    12     3     3     1    -1    -0.00000000
   0.270     8    13     3     1     0     1    -0.00000000
   0.270     8    14     3     1     1    -1     0.00000000
   0.270     8    15     3     3     1     1     0.00000000
   0.270     8    16     3     3     2    -1    -0.00000000
   0.270     8    17     3     1     1     1    -0.00000000
   0.270     8    18     3     3     2     1     0.00000000
   0.270     8    19     3     3     3    -1    -0.00000000
   0.270     8    20     3     3     3     1    -0.00000000
   0.270     8    21     4     4     0     1    -0.03013020
   0.270     8    22     4     4     1    -1     0.05376004
   0.270     8    23     4     2     0     1    -0.01470434
   0.270     8    24     4     2     1    -1     0.02243577
   0.270     8    25     4     0     0     1    -0.02818718
   0.270     8    26     4     4     1     1    -0.00000000
   0.270     8    27     4     4     2    -1    -0.00000000
   0.270     8    28     4     2     1     1     0.00000000
   0.270     8    29     4     2     2    -1     0.00000000
   0.270     8    30     4     4     2     1    -0.00000000
   0.270     8    31     4     4     3    -1     0.00000000
   0.270     8    32     4     2     2     1    -0.00000000
   0.270     8    33     4     4     3     1    -0.00000000
   0.270     8    34     4     4     4    -1    -0.00000000
   0.270     8    35     4     4     4     1     0.00000000
   0.270     8    36     5     5     0     1    -0.00000000
   0.270     8    37     5     5     1    -1    -0.00000000
   0.270     8    38     5     3     0     1     0.00000000
   0.270     8    39     5     3     1    -1    -0.00000000
   0.270     8    40     5     1     0     1    -0.00000000
   0.270     8    41     5     1     1    -1    -0.00000000
   0.270     8    42     5     5     1     1    -0.00000000
   0.270     8    43     5     5     2    -1     0.00000000
   0.270     8    44     5     3     1     1    -0.00000000
   0.270     8    45     5     3     2    -1    -0.00000000
   0.270     8    46     5     1     1     1    -0.00000000
   0.270     8    47     5     5     2     1     0.00000000
   0.270     8    48     5     5     3    -1     0.00000000
   0.270     8    49     5     3     2     1    -0.00000000
   0.270     8    50     5     3     3    -1    -0.00000000
   0.270     8    51     5     5     3     1     0.00000000
   0.270     8    52     5     5     4    -1    -0.00000000
   0.270     8    53     5     3     3     1    -0.00000000
   0.270     8    54     5     5     4     1    -0.00000000
   0.270     8    55     5     5     5    -1    -0.00000000
   0.270     8    56     5     5     5     1     0.00000000
   0.270     8    57     6     6     0     1    -0.00108848
   0.270     8    58     6     6     1    -1     0.00211965
   0.270     8    59     6     4     0     1    -0.00173299
   0.270     8    60     6     4     1    -1     0.00258636
   0.270     8    61     6     2     0     1    -0.00357148
   0.270     8    62     6     2     1    -1     0.00161031
   0.270     8    63     6     0     0     1    -0.00071505
   0.270     8    64     6     6     1     1    -0.00000000
   0.270     8    65     6     6     2    -1     0.00000000
   0.270     8    66     6     4     1     1    -0.00000000
   0.270     8    67     6     4     2    -1    -0.00000000
   0.270     8    68     6     2     1     1     0.00000000
   0.270     8    69     6     2     2    -1    -0.00000000
   0.270     8    70     6     6     2     1    -0.00000000
   0.270     8    71     6     6     3    -1    -0.00000000
   0.270     8    72     6     4     2     1     0.00000000
   0.270     8    73     6     4     3    -1     0.00000000
   0.270     8    74     6     2     2     1     0.00000000
   0.270     8    75     6     6     3     1     0.00000000
   0.270     8    76     6     6     4    -1     0.00000000
   0.270     8    77     6     4     3     1    -0.00000000
   0.270     8    78     6     4     4    -1     0.00000000
   0.270     8    79     6     6     4     1     0.00000000
   0.270     8    80     6     6     5    -1     0.00000000
   0.270     8    81     6     4     4     1     0.00000000
   0.270     8    82     6     6     5     1     0.00000000
   0.270     8    83     6     6     6    -1     0.00000000
   0.270     8    84     6     6     6     1    -0.00000000
   0.270     8    85     7     7     0     1    -0.00000000
   0.270     8    86     7     7     1    -1     0.00000000
   0.270     8    87     7     5     0     1     0.00000000
   0.270     8    88     7     5     1    -1    -0.00000000
   0.270     8    89     7     3     0     1    -0.00000000
   0.270     8    90     7     3     1    -1    -0.00000000
   0.270     8    91     7     1     0     1    -0.00000000
   0.270     8    92     7     1     1    -1     0.00000000
   0.270     8    93     7     7     1     1    -0.00000000
   0.270     8    94     7     7     2    -1     0.00000000
   0.270     8    95     7     5     1     1    -0.00000000
   0.270     8    96     7     5     2    -1    -0.00000000
   0.270     8    97     7     3     1     1     0.00000000
   0.270     8    98     7     3     2    -1    -0.00000000
   0.270     8    99     7     1     1     1     0.00000000
   0.270     8   100     7     7     2     1    -0.00000000
   0.270     8   101     7     7     3    -1     0.00000000
   0.270     8   102     7     5     2     1    -0.00000000
   0.270     8   103     7     5     3    -1    -0.00000000
   0.270     8   104     7     3     2     1     0.00000000
   0.270     8   105     7     3     3    -1     0.00000000
   0.270     8   106     7     7     3     1     0.00000000
   0.270     8   107     7     7     4    -1    -0.00000000
   0.270     8   108     7     5     3     1    -0.00000000
   0.270     8   109     7     5     4    -1     0.00000000
   0.270     8   110     7     3     3     1     0.00000000
   0.270     8   111     7     7     4     1     0.00000000
   0.270     8   112     7     7     5    -1    -0.00000000
   0.270     8   113     7     5     4     1    -0.00000000
   0.270     8   114     7     5     5    -1     0.00000000
   0.270     8   115     7     7     5     1     0.00000000
   0.270     8   116     7     7     6    -1     0.00000000
   0.270     8   117     7     5     5     1     0.00000000
   0.270     8   118     7     7     6     1     0.00000000
   0.270     8   119     7     7     7    -1     0.00000000
   0.270     8   120     7     7     7     1     0.00000000
   0.270     9     1     0     0     0     1    -0.00000000
   0.270     9     2     1     1     0     1    -0.00000000
   0.270     9     3     1     1     1    -1    -0.00000000
   0.270     9     4     1     1     1     1     0.00000000
   0.270     9     5     2     2     0     1    -0.00000000
   0.270     9     6     2     2     1    -1    -0.00000000
   0.270     9     7     2     0     0     1    -0.00000000
   0.270     9     8     2     2     1     1    -0.00000000
   0.270     9     9     2     2     2    -1     0.00000000
   0.270     9    10     2     2     2     1    -0.99748878
   0.270     9    11     3     3     0     1     0.00000000
   0.270     9    12     3     3     1    -1     0.00000000
   0.270     9    13     3     1     0     1     0.00000000
   0.270     9    14     3     1     1    -1    -0.00000000
   0.270     9    15     3     3     1     1    -0.00000000
   0.270     9    16     3     3     2    -1     0.00000000
   0.270     9    17     3     1     1     1    -0.00000000
   0.270     9    18     3     3     2     1    -0.00000000
   0.270     9    19     3     3     3    -1     0.00000000
   0.270     9    20     3     3     3     1     0.00000000
   0.270     9    21     4     4     0     1    -0.00000000
   0.270     9    22     4     4     1    -1    -0.00000000
   0.270     9    23     4     2     0     1    -0.00000000
   0.270     9    24     4     2     1    -1    -0.00000000
   0.270     9    25     4     0     0     1    -0.00000000
   0.270     9    26     4     4     1     1     0.00000000
   0.270     9    27     4     4     2    -1     0.00000000
   0.270     9    28     4     2     1     1    -0.00000000
   0.270     9    29     4     2     2    -1     0.00000000
   0.270     9    30     4     4     2     1    -0.05175194
   0.270     9    31     4     4     3    -1    -0.00553037
   0.270     9    32     4     2     2     1     0.04790581
   0.270     9    33     4     4     3     1     0.00000000
   0.270     9    34     4     4     4    -1     0.00000000
   0.270     9    35     4     4     4     1    -0.00000000
   0.270     9    36     5     5     0     1     0.00000000
   0.270     9    37     5     5     1    -1     0.00000000
   0.270     9    38     5     3     0     1     0.00000000
   0.270     9    39     5     3     1    -1    -0.00000000
   0.270     9    40     5     1     0     1     0.00000000
   0.270     9    41     5     1     1    -1     0.00000000
   0.270     9    42     5     5     1     1    -0.00000000
   0.270     9    43     5     5     2    -1    -0.00000000
   0.270     9    44     5     3     1     1     0.00000000
   0.270     9    45     5     3     2    -1     0.00000000
   0.270     9    46     5     1     1     1    -0.00000000
   0.270     9    47     5     5     2     1     0.00000000
   0.270     9    48     5     5     3    -1     0.00000000
   0.270     9    49     5     3     2     1    -0.00000000
   0.270     9    50     5     3     3    -1    -0.00000000
   0.270     9    51     5     5     3     1    -0.00000000
   0.270     9    52     5     5     4    -1    -0.00000000
   0.270     9    53     5     3     3     1    -0.00000000
   0.270     9    54     5     5     4     1     0.00000000
   0.270     9    55     5     5     5    -1     0.00000000
   0.270     9    56     5     5     5     1     0.00000000
   0.270     9    57     6     6     0     1     0.00000000
   0.270     9    58     6     6     1    -1    -0.00000000
   0.270     9    59     6     4     0     1    -0.00000000
   0.270     9    60     6     4     1    -1    -0.00000000
   0.270     9    61     6     2     0     1     0.00000000
   0.270     9    62     6     2     1    -1    -0.00000000
   0.270     9    63     6     0     0     1     0.00000000
   0.270     9    64     6     6     1     1    -0.00000000
   0.270     9    65     6     6     2    -1     0.00000000
   0.270     9    66     6     4     1     1    -0.00000000
   0.270     9    67     6     4     2    -1    -0.00000000
   0.270     9    68     6     2     1     1    -0.00000000
   0.270     9    69     6     2     2    -1     0.00000000
   0.270     9    70     6     6     2     1    -0.00206022
   0.270     9    71     6     6     3    -1    -0.00035244
   0.270     9    72     6     4     2     1     0.00117022
   0.270     9    73     6     4     3    -1     0.00011262
   0.270     9    74     6     2     2     1    -0.00256253
   0.270     9    75     6     6     3     1     0.00000000
   0.270     9    76     6     6     4    -1     0.00000000
   0.270     9    77     6     4     3     1     0.00000000
   0.270     9    78     6     4     4    -1     0.00000000
   0.270     9    79     6     6     4     1     0.00000000
   0.270     9    80     6     6     5    -1     0.00000000
   0.270     9    81     6     4     4     1     0.00000000
   0.270     9    82     6     6     5     1     0.00000000
   0.270     9    83     6     6     6    -1     0.00000000
   0.270     9    84     6     6     6     1    -0.00000000
   0.270     9    85     7     7     0     1     0.00000000
   0.270     9    86     7     7     1    -1    -0.00000000
   0.270     9    87     7     5     0     1    -0.00000000
   0.270     9    88     7     5     1    -1     0.00000000
   0.270     9    89     7     3     0     1    -0.00000000
   0.270     9    90     7     3     1    -1     0.00000000
   0.270     9    91     7     1     0     1    -0.00000000
   0.270     9    92     7     1     1    -1     0.00000000
   0.270     9    93     7     7     1     1    -0.00000000
   0.270     9    94     7     7     2    -1    -0.00000000
   0.270     9    95     7     5     1     1     0.00000000
   0.270     9    96     7     5     2    -1     0.00000000
   0.270     9    97     7     3     1     1    -0.00000000
   0.270     9    98     7     3     2    -1    -0.00000000
   0.270     9    99     7     1     1     1     0.00000000
   0.270     9   100     7     7     2     1    -0.00000000
   0.270     9   101     7     7     3    -1    -0.00000000
   0.270     9   102     7     5     2     1     0.00000000
   0.270     9   103     7     5     3    -1     0.00000000
   0.270     9   104     7     3     2     1    -0.00000000
   0.270     9   105     7     3     3    -1    -0.00000000
   0.270     9   106     7     7     3     1     0.00000000
   0.270     9   107     7     7     4    -1    -0.00000000
   0.270     9   108     7     5     3     1     0.00000000
   0.270     9   109     7     5     4    -1    -0.00000000
   0.270     9   110     7     3     3     1     0.00000000
   0.270     9   111     7     7     4     1     0.00000000
   0.270     9   112     7     7     5    -1     0.00000000
   0.270     9   113     7     5     4     1    -0.00000000
   0.270     9   114     7     5     5    -1    -0.00000000
   0.270     9   115     7     7     5     1     0.00000000
   0.270     9   116     7     7     6    -1     0.00000000
   0.270     9   117     7     5     5     1     0.00000000
   0.270     9   118     7     7     6     1     0.00000000
   0.270     9   119     7     7     7    -1     0.00000000
   0.270     9   120     7     7     7     1     0.00000000
   0.270    10     1     0     0     0     1     0.00000000
   0.270    10     2     1     1     0     1     0.00000000
   0.270    10     3     1     1     1    -1    -0.00000000
   0.270    10     4     1     1     1     1     0.00000000
   0.270    10     5     2     2     0     1    -0.00000000
   0.270    10     6     2     2     1    -1     0.00000000
   0.270    10     7     2     0     0     1     0.00000000
   0.270    10     8     2     2     1     1    -0.22040114
   0.270    10     9     2     2     2    -1     0.97288607
   0.270    10    10     2     2     2     1    -0.00000000
   0.270    10    11     3     3     0     1    -0.00000000
   0.270    10    12     3     3     1    -1    -0.00000000
   0.270    10    13     3     1     0     1     0.00000000
   0.270    10    14     3     1     1    -1    -0.00000000
   0.270    10    15     3     3     1     1    -0.00000000
   0.270    10    16     3     3     2    -1     0.00000000
   0.270    10    17     3     1     1     1    -0.00000000
   0.270    10    18     3     3     2     1    -0.00000000
   0.270    10    19     3     3     3    -1     0.00000000
   0.270    10    20     3     3     3     1    -0.00000000
   0.270    10    21     4     4     0     1    -0.00000000
   0.270    10    22     4     4     1    -1    -0.00000000
   0.270    10    23     4     2     0     1    -0.00000000
   0.270    10    24     4     2     1    -1     0.00000000
   0.270    10    25     4     0     0     1    -0.00000000
   0.270    10    26     4     4     1     1    -0.01036294
   0.270    10    27     4     4     2    -1     0.04886424
   0.270    10    28     4     2     1     1    -0.01101352
   0.270    10    29     4     2     2    -1    -0.04781868
   0.270    10    30     4     4     2     1     0.00000000
   0.270    10    31     4     4     3    -1     0.00000000
   0.270    10    32     4     2     2     1     0.00000000
   0.270    10    33     4     4     3     1    -0.00000000
   0.270    10    34     4     4     4    -1     0.00000000
   0.270    10    35     4     4     4     1     0.00000000
   0.270    10    36     5     5     0     1     0.00000000
   0.270    10    37     5     5     1    -1    -0.00000000
   0.270    10    38     5     3     0     1     0.00000000
   0.270    10    39     5     3     1    -1     0.00000000
   0.270    10    40     5     1     0     1    -0.00000000
   0.270    10    41     5     1     1    -1     0.00000000
   0.270    10    42     5     5     1     1     0.00000000
   0.270    10    43     5     5     2    -1    -0.00000000
   0.270    10    44     5     3     1     1    -0.00000000
   0.270    10    45     5     3     2    -1     0.00000000
   0.270    10    46     5     1     1     1    -0.00000000
   0.270    10    47     5     5     2     1     0.00000000
   0.270    10    48     5     5     3    -1    -0.00000000
   0.270    10    49     5     3     2     1    -0.00000000
   0.270    10    50     5     3     3    -1    -0.00000000
   0.270    10    51     5     5     3     1    -0.00000000
   0.270    10    52     5     5     4    -1    -0.00000000
   0.270    10    53     5     3     3     1    -0.00000000
   0.270    10    54     5     5     4     1    -0.00000000
   0.270    10    55     5     5     5    -1    -0.00000000
   0.270    10    56     5     5     5     1     0.00000000
   0.270    10    57     6     6     0     1    -0.00000000
   0.270    10    58     6     6     1    -1     0.00000000
   0.270    10    59     6     4     0     1    -0.00000000
   0.270    10    60     6     4     1    -1     0.00000000
   0.270    10    61     6     2     0     1     0.00000000
   0.270    10    62     6     2     1    -1     0.00000000
   0.270    10    63     6     0     0     1    -0.00000000
   0.270    10    64     6     6     1     1    -0.00025499
   0.270    10    65     6     6     2    -1     0.00189461
   0.270    10    66     6     4     1     1    -0.00108181
   0.270    10    67     6     4     2    -1    -0.00127665
   0.270    10    68     6     2     1     1    -0.00044663
   0.270    10    69     6     2     2    -1     0.00251852
   0.270    10    70     6     6     2     1    -0.00000000
   0.270    10    71     6     6     3    -1    -0.00000000
   0.270    10    72     6     4     2     1     0.00000000
   0.270    10    73     6     4     3    -1    -0.00000000
   0.270    10    74     6     2     2     1     0.00000000
   0.270    10    75     6     6     3     1     0.00000000
   0.270    10    76     6     6     4    -1     0.00000000
   0.270    10    77     6     4     3     1     0.00000000
   0.270    10    78     6     4     4    -1    -0.00000000
   0.270    10    79     6     6     4     1    -0.00000000
   0.270    10    80     6     6     5    -1     0.00000000
   0.270    10    81     6     4     4     1     0.00000000
   0.270    10    82     6     6     5     1    -0.00000000
   0.270    10    83     6     6     6    -1    -0.00000000
   0.270    10    84     6     6     6     1     0.00000000
   0.270    10    85     7     7     0     1    -0.00000000
   0.270    10    86     7     7     1    -1     0.00000000
   0.270    10    87     7     5     0     1    -0.00000000
   0.270    10    88     7     5     1    -1    -0.00000000
   0.270    10    89     7     3     0     1     0.00000000
   0.270    10    90     7     3     1    -1    -0.00000000
   0.270    10    91     7     1     0     1    -0.00000000
   0.270    10    92     7     1     1    -1    -0.00000000
   0.270    10    93     7     7     1     1    -0.00000000
   0.270    10    94     7     7     2    -1     0.00000000
   0.270    10    95     7     5     1     1     0.00000000
   0.270    10    96     7     5     2    -1    -0.00000000
   0.270    10    97     7     3     1     1    -0.00000000
   0.270    10    98     7     3     2    -1    -0.00000000
   0.270    10    99     7     1     1     1     0.00000000
   0.270    10   100     7     7     2     1     0.00000000
   0.270    10   101     7     7     3    -1    -0.00000000
   0.270    10   102     7     5     2     1    -0.00000000
   0.270    10   103     7     5     3    -1     0.00000000
   0.270    10   104     7     3     2     1     0.00000000
   0.270    10   105     7     3     3    -1     0.00000000
   0.270    10   106     7     7     3     1     0.00000000
   0.270    10   107     7     7     4    -1    -0.00000000
   0.270    10   108     7     5     3     1    -0.00000000
   0.270    10   109     7     5     4    -1    -0.00000000
   0.270    10   110     7     3     3     1     0.00000000
   0.270    10   111     7     7     4     1     0.00000000
   0.270    10   112     7     7     5    -1    -0.00000000
   0.270    10   113     7     5     4     1    -0.00000000
   0.270    10   114     7     5     5    -1     0.00000000
   0.270    10   115     7     7     5     1     0.00000000
   0.270    10   116     7     7     6    -1     0.00000000
   0.270    10   117     7     5     5     1     0.00000000
   0.270    10   118     7     7     6     1     0.00000000
   0.270    10   119     7     7     7    -1     0.00000000
   0.270    10   120     7     7     7     1     0.00000000
   0.270    11     1     0     0     0     1    -0.00000000
   0.270    11     2     1     1     0     1     0.04826792
   0.270    11     3     1     1     1    -1     0.03058742
   0.270    11     4     1     1     1     1     0.00000000
   0.270    11     5     2     2     0     1    -0.00000000
   0.270    11     6     2     2     1    -1    -0.00000000
   0.270    11     7     2     0     0     1    -0.00000000
   0.270    11     8     2     2     1     1     0.00000000
   0.270    11     9     2     2     2    -1     0.00000000
   0.270    11    10     2     2     2     1    -0.00000000
   0.270    11    11     3     3     0     1    -0.79835243
   0.270    11    12     3     3     1    -1    -0.58582869
   0.270    11    13     3     1     0     1    -0.06272142
   0.270    11    14     3     1     1    -1    -0.01124750
   0.270    11    15     3     3     1     1    -0.00000000
   0.270    11    16     3     3     2    -1     0.00000000
   0.270    11    17     3     1     1     1     0.00000000
   0.270    11    18     3     3     2     1    -0.00000000
   0.270    11    19     3     3     3    -1     0.00000000
   0.270    11    20     3     3     3     1    -0.00000000
   0.270    11    21     4     4     0     1    -0.00000000
   0.270    11    22     4     4     1    -1    -0.00000000
   0.270    11    23     4     2     0     1    -0.00000000
   0.270    11    24     4     2     1    -1    -0.00000000
   0.270    11    25     4     0     0     1    -0.00000000
   0.270    11    26     4     4     1     1     0.00000000
   0.270    11    27     4     4     2    -1    -0.00000000
   0.270    11    28     4     2     1     1     0.00000000
   0.270    11    29     4     2     2    -1    -0.00000000
   0.270    11    30     4     4     2     1    -0.00000000
   0.270    11    31     4     4     3    -1    -0.00000000
   0.270    11    32     4     2     2     1     0.00000000
   0.270    11    33     4     4     3     1    -0.00000000
   0.270    11    34     4     4     4    -1    -0.00000000
   0.270    11    35     4     4     4     1    -0.00000000
   0.270    11    36     5     5     0     1    -0.06445315
   0.270    11    37     5     5     1    -1    -0.04763042
   0.270    11    38     5     3     0     1    -0.04956625
   0.270    11    39     5     3     1    -1    -0.02602878
   0.270    11    40     5     1     0     1    -0.04590923
   0.270    11    41     5     1     1    -1    -0.01777596
   0.270    11    42     5     5     1     1    -0.00000000
   0.270    11    43     5     5     2    -1     0.00000000
   0.270    11    44     5     3     1     1     0.00000000
   0.270    11    45     5     3     2    -1     0.00000000
   0.270    11    46     5     1     1     1    -0.00000000
   0.270    11    47     5     5     2     1     0.00000000
   0.270    11    48     5     5     3    -1     0.00000000
   0.270    11    49     5     3     2     1     0.00000000
   0.270    11    50     5     3     3    -1    -0.00000000
   0.270    11    51     5     5     3     1     0.00000000
   0.270    11    52     5     5     4    -1    -0.00000000
   0.270    11    53     5     3     3     1    -0.00000000
   0.270    11    54     5     5     4     1     0.00000000
   0.270    11    55     5     5     5    -1    -0.00000000
   0.270    11    56     5     5     5     1     0.00000000
   0.270    11    57     6     6     0     1    -0.00000000
   0.270    11    58     6     6     1    -1    -0.00000000
   0.270    11    59     6     4     0     1    -0.00000000
   0.270    11    60     6     4     1    -1    -0.00000000
   0.270    11    61     6     2     0     1    -0.00000000
   0.270    11    62     6     2     1    -1    -0.00000000
   0.270    11    63     6     0     0     1    -0.00000000
   0.270    11    64     6     6     1     1    -0.00000000
   0.270    11    65     6     6     2    -1    -0.00000000
   0.270    11    66     6     4     1     1     0.00000000
   0.270    11    67     6     4     2    -1    -0.00000000
   0.270    11    68     6     2     1     1    -0.00000000
   0.270    11    69     6     2     2    -1    -0.00000000
   0.270    11    70     6     6     2     1    -0.00000000
   0.270    11    71     6     6     3    -1     0.00000000
   0.270    11    72     6     4     2     1    -0.00000000
   0.270    11    73     6     4     3    -1    -0.00000000
   0.270    11    74     6     2     2     1     0.00000000
   0.270    11    75     6     6     3     1    -0.00000000
   0.270    11    76     6     6     4    -1    -0.00000000
   0.270    11    77     6     4     3     1    -0.00000000
   0.270    11    78     6     4     4    -1     0.00000000
   0.270    11    79     6     6     4     1     0.00000000
   0.270    11    80     6     6     5    -1    -0.00000000
   0.270    11    81     6     4     4     1     0.00000000
   0.270    11    82     6     6     5     1    -0.00000000
   0.270    11    83     6     6     6    -1    -0.00000000
   0.270    11    84     6     6     6     1     0.00000000
   0.270    11    85     7     7     0     1    -0.00296891
   0.270    11    86     7     7     1    -1    -0.00225080
   0.270    11    87     7     5     0     1    -0.00520696
   0.270    11    88     7     5     1    -1    -0.00313698
   0.270    11    89     7     3     0     1    -0.00667257
   0.270    11    90     7     3     1    -1    -0.00299696
   0.270    11    91     7     1     0     1    -0.00519581
   0.270    11    92     7     1     1    -1    -0.00034193
   0.270    11    93     7     7     1     1     0.00000000
   0.270    11    94     7     7     2    -1     0.00000000
   0.270    11    95     7     5     1     1    -0.00000000
   0.270    11    96     7     5     2    -1    -0.00000000
   0.270    11    97     7     3     1     1     0.00000000
   0.270    11    98     7     3     2    -1    -0.00000000
   0.270    11    99     7     1     1     1     0.00000000
   0.270    11   100     7     7     2     1     0.00000000
   0.270    11   101     7     7     3    -1     0.00000000
   0.270    11   102     7     5     2     1     0.00000000
   0.270    11   103     7     5     3    -1    -0.00000000
   0.270    11   104     7     3     2     1     0.00000000
   0.270    11   105     7     3     3    -1     0.00000000
   0.270    11   106     7     7     3     1    -0.00000000
   0.270    11   107     7     7     4    -1    -0.00000000
   0.270    11   108     7     5     3     1    -0.00000000
   0.270    11   109     7     5     4    -1    -0.00000000
   0.270    11   110     7     3     3     1     0.00000000
   0.270    11   111     7     7     4     1     0.00000000
   0.270    11   112     7     7     5    -1     0.00000000
   0.270    11   113     7     5     4     1    -0.00000000
   0.270    11   114     7     5     5    -1    -0.00000000
   0.270    11   115     7     7     5     1     0.00000000
   0.270    11   116     7     7     6    -1     0.00000000
   0.270    11   117     7     5     5     1     0.00000000
   0.270    11   118     7     7     6     1     0.00000000
   0.270    11   119     7     7     7    -1     0.00000000
   0.270    11   120     7     7     7     1     0.00000000
   0.270    12     1     0     0     0     1     0.00000000
   0.270    12     2     1     1     0     1    -0.00000000
   0.270    12     3     1     1     1    -1     0.00000000
   0.270    12     4     1     1     1     1    -0.04637221
   0.270    12     5     2     2     0     1     0.00000000
   0.270    12     6     2     2     1    -1    -0.00000000
   0.270    12     7     2     0     0     1    -0.00000000
   0.270    12     8     2     2     1     1     0.00000000
   0.270    12     9     2     2     2    -1    -0.00000000
   0.270    12    10     2     2     2     1     0.00000000
   0.270    12    11     3     3     0     1    -0.00000000
   0.270    12    12     3     3     1    -1    -0.00000000
   0.270    12    13     3     1     0     1     0.00000000
   0.270    12    14     3     1     1    -1    -0.00000000
   0.270    12    15     3     3     1     1     0.91872304
   0.270    12    16     3     3     2    -1     0.38170019
   0.270    12    17     3     1     1     1     0.00961639
   0.270    12    18     3     3     2     1    -0.00000000
   0.270    12    19     3     3     3    -1    -0.00000000
   0.270    12    20     3     3     3     1    -0.00000000
   0.270    12    21     4     4     0     1     0.00000000
   0.270    12    22     4     4     1    -1     0.00000000
   0.270    12    23     4     2     0     1    -0.00000000
   0.270    12    24     4     2     1    -1    -0.00000000
   0.270    12    25     4     0     0     1     0.00000000
   0.270    12    26     4     4     1     1    -0.00000000
   0.270    12    27     4     4     2    -1     0.00000000
   0.270    12    28     4     2     1     1    -0.00000000
   0.270    12    29     4     2     2    -1    -0.00000000
   0.270    12    30     4     4     2     1    -0.00000000
   0.270    12    31     4     4     3    -1    -0.00000000
   0.270    12    32     4     2     2     1     0.00000000
   0.270    12    33     4     4     3     1     0.00000000
   0.270    12    34     4     4     4    -1     0.00000000
   0.270    12    35     4     4     4     1     0.00000000
   0.270    12    36     5     5     0     1     0.00000000
   0.270    12    37     5     5     1    -1    -0.00000000
   0.270    12    38     5     3     0     1     0.00000000
   0.270    12    39     5     3     1    -1     0.00000000
   0.270    12    40     5     1     0     1     0.00000000
   0.270    12    41     5     1     1    -1    -0.00000000
   0.270    12    42     5     5     1     1     0.07004555
   0.270    12    43     5     5     2    -1     0.02985055
   0.270    12    44     5     3     1     1     0.03703550
   0.270    12    45     5     3     2    -1     0.00254287
   0.270    12    46     5     1     1     1     0.02801772
   0.270    12    47     5     5     2     1    -0.00000000
   0.270    12    48     5     5     3    -1     0.00000000
   0.270    12    49     5     3     2     1     0.00000000
   0.270    12    50     5     3     3    -1     0.00000000
   0.270    12    51     5     5     3     1     0.00000000
   0.270    12    52     5     5     4    -1    -0.00000000
   0.270    12    53     5     3     3     1    -0.00000000
   0.270    12    54     5     5     4     1     0.00000000
   0.270    12    55     5     5     5    -1     0.00000000
   0.270    12    56     5     5     5     1     0.00000000
   0.270    12    57     6     6     0     1     0.00000000
   0.270    12    58     6     6     1    -1    -0.00000000
   0.270    12    59     6     4     0     1    -0.00000000
   0.270    12    60     6     4     1    -1    -0.00000000
   0.270    12    61     6     2     0     1    -0.00000000
   0.270    12    62     6     2     1    -1     0.00000000
   0.270    12    63     6     0     0     1     0.00000000
   0.270    12    64     6     6     1     1     0.00000000
   0.270    12    65     6     6     2    -1    -0.00000000
   0.270    12    66     6     4     1     1     0.00000000
   0.270    12    67     6     4     2    -1     0.00000000
   0.270    12    68     6     2     1     1     0.00000000
   0.270    12    69     6     2     2    -1     0.00000000
   0.270    12    70     6     6     2     1    -0.00000000
   0.270    12    71     6     6     3    -1    -0.00000000
   0.270    12    72     6     4     2     1     0.00000000
   0.270    12    73     6     4     3    -1     0.00000000
   0.270    12    74     6     2     2     1    -0.00000000
   0.270    12    75     6     6     3     1     0.00000000
   0.270    12    76     6     6     4    -1     0.00000000
   0.270    12    77     6     4     3     1    -0.00000000
   0.270    12    78     6     4     4    -1    -0.00000000
   0.270    12    79     6     6     4     1    -0.00000000
   0.270    12    80     6     6     5    -1    -0.00000000
   0.270    12    81     6     4     4     1    -0.00000000
   0.270    12    82     6     6     5     1    -0.00000000
   0.270    12    83     6     6     6    -1    -0.00000000
   0.270    12    84     6     6     6     1    -0.00000000
   0.270    12    85     7     7     0     1    -0.00000000
   0.270    12    86     7     7     1    -1    -0.00000000
   0.270    12    87     7     5     0     1    -0.00000000
   0.270    12    88     7     5     1    -1    -0.00000000
   0.270    12    89     7     3     0     1     0.00000000
   0.270    12    90     7     3     1    -1    -0.00000000
   0.270    12    91     7     1     0     1     0.00000000
   0.270    12    92     7     1     1    -1     0.00000000
   0.270    12    93     7     7     1     1     0.00313350
   0.270    12    94     7     7     2    -1     0.00144530
   0.270    12    95     7     5     1     1     0.00424730
   0.270    12    96     7     5     2    -1     0.00095374
   0.270    12    97     7     3     1     1     0.00425990
   0.270    12    98     7     3     2    -1     0.00066844
   0.270    12    99     7     1     1     1     0.00031955
   0.270    12   100     7     7     2     1     0.00000000
   0.270    12   101     7     7     3    -1     0.00000000
   0.270    12   102     7     5     2     1     0.00000000
   0.270    12   103     7     5     3    -1    -0.00000000
   0.270    12   104     7     3     2     1     0.00000000
   0.270    12   105     7     3     3    -1    -0.00000000
   0.270    12   106     7     7     3     1    -0.00000000
   0.270    12   107     7     7     4    -1     0.00000000
   0.270    12   108     7     5     3     1     0.00000000
   0.270    12   109     7     5     4    -1    -0.00000000
   0.270    12   110     7     3     3     1     0.00000000
   0.270    12   111     7     7     4     1     0.00000000
   0.270    12   112     7     7     5    -1    -0.00000000
   0.270    12   113     7     5     4     1    -0.00000000
   0.270    12   114     7     5     5    -1    -0.00000000
   0.270    12   115     7     7     5     1     0.00000000
   0.270    12   116     7     7     6    -1     0.00000000
   0.270    12   117     7     5     5     1     0.00000000
   0.270    12   118     7     7     6     1     0.00000000
   0.270    12   119     7     7     7    -1     0.00000000
   0.270    12   120     7     7     7     1     0.00000000
   0.270    13     1     0     0     0     1     0.00000000
   0.270    13     2     1     1     0     1     0.05952475
   0.270    13     3     1     1     1    -1    -0.01126436
   0.270    13     4     1     1     1     1    -0.00000000
   0.270    13     5     2     2     0     1    -0.00000000
   0.270    13     6     2     2     1    -1    -0.00000000
   0.270    13     7     2     0     0     1    -0.00000000
   0.270    13     8     2     2     1     1     0.00000000
   0.270    13     9     2     2     2    -1     0.00000000
   0.270    13    10     2     2     2     1    -0.00000000
   0.270    13    11     3     3     0     1     0.03908006
   0.270    13    12     3     3     1    -1     0.07407470
   0.270    13    13     3     1     0     1    -0.97684862
   0.270    13    14     3     1     1    -1    -0.12355725
   0.270    13    15     3     3     1     1    -0.00000000
   0.270    13    16     3     3     2    -1     0.00000000
   0.270    13    17     3     1     1     1    -0.00000000
   0.270    13    18     3     3     2     1    -0.00000000
   0.270    13    19     3     3     3    -1     0.00000000
   0.270    13    20     3     3     3     1     0.00000000
   0.270    13    21     4     4     0     1    -0.00000000
   0.270    13    22     4     4     1    -1    -0.00000000
   0.270    13    23     4     2     0     1    -0.00000000
   0.270    13    24     4     2     1    -1    -0.00000000
   0.270    13    25     4     0     0     1    -0.00000000
   0.270    13    26     4     4     1     1     0.00000000
   0.270    13    27     4     4     2    -1     0.00000000
   0.270    13    28     4     2     1     1     0.00000000
   0.270    13    29     4     2     2    -1    -0.00000000
   0.270    13    30     4     4     2     1    -0.00000000
   0.270    13    31     4     4     3    -1    -0.00000000
   0.270    13    32     4     2     2     1    -0.00000000
   0.270    13    33     4     4     3     1    -0.00000000
   0.270    13    34     4     4     4    -1    -0.00000000
   0.270    13    35     4     4     4     1    -0.00000000
   0.270    13    36     5     5     0     1     0.00289506
   0.270    13    37     5     5     1    -1     0.00558712
   0.270    13    38     5     3     0     1    -0.09866193
   0.270    13    39     5     3     1    -1    -0.01531319
   0.270    13    40     5     1     0     1    -0.09752461
   0.270    13    41     5     1     1    -1     0.00406990
   0.270    13    42     5     5     1     1     0.00000000
   0.270    13    43     5     5     2    -1     0.00000000
   0.270    13    44     5     3     1     1    -0.00000000
   0.270    13    45     5     3     2    -1    -0.00000000
   0.270    13    46     5     1     1     1     0.00000000
   0.270    13    47     5     5     2     1    -0.00000000
   0.270    13    48     5     5     3    -1    -0.00000000
   0.270    13    49     5     3     2     1    -0.00000000
   0.270    13    50     5     3     3    -1    -0.00000000
   0.270    13    51     5     5     3     1     0.00000000
   0.270    13    52     5     5     4    -1    -0.00000000
   0.270    13    53     5     3     3     1     0.00000000
   0.270    13    54     5     5     4     1     0.00000000
   0.270    13    55     5     5     5    -1    -0.00000000
   0.270    13    56     5     5     5     1     0.00000000
   0.270    13    57     6     6     0     1    -0.00000000
   0.270    13    58     6     6     1    -1    -0.00000000
   0.270    13    59     6     4     0     1    -0.00000000
   0.270    13    60     6     4     1    -1    -0.00000000
   0.270    13    61     6     2     0     1    -0.00000000
   0.270    13    62     6     2     1    -1    -0.00000000
   0.270    13    63     6     0     0     1    -0.00000000
   0.270    13    64     6     6     1     1    -0.00000000
   0.270    13    65     6     6     2    -1    -0.00000000
   0.270    13    66     6     4     1     1     0.00000000
   0.270    13    67     6     4     2    -1     0.00000000
   0.270    13    68     6     2     1     1     0.00000000
   0.270    13    69     6     2     2    -1     0.00000000
   0.270    13    70     6     6     2     1    -0.00000000
   0.270    13    71     6     6     3    -1    -0.00000000
   0.270    13    72     6     4     2     1    -0.00000000
   0.270    13    73     6     4     3    -1    -0.00000000
   0.270    13    74     6     2     2     1     0.00000000
   0.270    13    75     6     6     3     1    -0.00000000
   0.270    13    76     6     6     4    -1    -0.00000000
   0.270    13    77     6     4     3     1    -0.00000000
   0.270    13    78     6     4     4    -1     0.00000000
   0.270    13    79     6     6     4     1    -0.00000000
   0.270    13    80     6     6     5    -1    -0.00000000
   0.270    13    81     6     4     4     1     0.00000000
   0.270    13    82     6     6     5     1    -0.00000000
   0.270    13    83     6     6     6    -1    -0.00000000
   0.270    13    84     6     6     6     1     0.00000000
   0.270    13    85     7     7     0     1     0.00016048
   0.270    13    86     7     7     1    -1     0.00025568
   0.270    13    87     7     5     0     1    -0.00604025
   0.270    13    88     7     5     1    -1    -0.00116543
   0.270    13    89     7     3     0     1    -0.01073501
   0.270    13    90     7     3     1    -1    -0.00057886
   0.270    13    91     7     1     0     1    -0.01122810
   0.270    13    92     7     1     1    -1    -0.00072987
   0.270    13    93     7     7     1     1     0.00000000
   0.270    13    94     7     7     2    -1    -0.00000000
   0.270    13    95     7     5     1     1     0.00000000
   0.270    13    96     7     5     2    -1    -0.00000000
   0.270    13    97     7     3     1     1     0.00000000
   0.270    13    98     7     3     2    -1    -0.00000000
   0.270    13    99     7     1     1     1    -0.00000000
   0.270    13   100     7     7     2     1     0.00000000
   0.270    13   101     7     7     3    -1    -0.00000000
   0.270    13   102     7     5     2     1    -0.00000000
   0.270    13   103     7     5     3    -1    -0.00000000
   0.270    13   104     7     3     2     1     0.00000000
   0.270    13   105     7     3     3    -1     0.00000000
   0.270    13   106     7     7     3     1     0.00000000
   0.270    13   107     7     7     4    -1    -0.00000000
   0.270    13   108     7     5     3     1     0.00000000
   0.270    13   109     7     5     4    -1     0.00000000
   0.270    13   110     7     3     3     1    -0.00000000
   0.270    13   111     7     7     4     1     0.00000000
   0.270    13   112     7     7     5    -1    -0.00000000
   0.270    13   113     7     5     4     1     0.00000000
   0.270    13   114     7     5     5    -1     0.00000000
   0.270    13   115     7     7     5     1     0.00000000
   0.270    13   116     7     7     6    -1     0.00000000
   0.270    13   117     7     5     5     1     0.00000000
   0.270    13   118     7     7     6     1     0.00000000
   0.270    13   119     7     7     7    -1     0.00000000
   0.270    13   120     7     7     7     1     0.00000000
   0.270    14     1     0     0     0     1    -0.00000000
   0.270    14     2     1     1     0     1    -0.00000000
   0.270    14     3     1     1     1    -1    -0.00000000
   0.270    14     4     1     1     1     1     0.00000000
   0.270    14     5     2     2     0     1     0.00000000
   0.270    14     6     2     2     1    -1     0.00000000
   0.270    14     7     2     0     0     1    -0.00000000
   0.270    14     8     2     2     1     1    -0.00000000
   0.270    14     9     2     2     2    -1     0.00000000
   0.270    14    10     2     2     2     1    -0.00000000
   0.270    14    11     3     3     0     1    -0.00000000
   0.270    14    12     3     3     1    -1    -0.00000000
   0.270    14    13     3     1     0     1    -0.00000000
   0.270    14    14     3     1     1    -1     0.00000000
   0.270    14    15     3     3     1     1    -0.00000000
   0.270    14    16     3     3     2    -1    -0.00000000
   0.270    14    17     3     1     1     1    -0.00000000
   0.270    14    18     3     3     2     1    -0.97328801
   0.270    14    19     3     3     3    -1    -0.21949522
   0.270    14    20     3     3     3     1    -0.00000000
   0.270    14    21     4     4     0     1     0.00000000
   0.270    14    22     4     4     1    -1     0.00000000
   0.270    14    23     4     2     0     1     0.00000000
   0.270    14    24     4     2     1    -1     0.00000000
   0.270    14    25     4     0     0     1    -0.00000000
   0.270    14    26     4     4     1     1    -0.00000000
   0.270    14    27     4     4     2    -1    -0.00000000
   0.270    14    28     4     2     1     1    -0.00000000
   0.270    14    29     4     2     2    -1     0.00000000
   0.270    14    30     4     4     2     1    -0.00000000
   0.270    14    31     4     4     3    -1    -0.00000000
   0.270    14    32     4     2     2     1     0.00000000
   0.270    14    33     4     4     3     1    -0.00000000
   0.270    14    34     4     4     4    -1    -0.00000000
   0.270    14    35     4     4     4     1    -0.00000000
   0.270    14    36     5     5     0     1    -0.00000000
   0.270    14    37     5     5     1    -1    -0.00000000
   0.270    14    38     5     3     0     1    -0.00000000
   0.270    14    39     5     3     1    -1     0.00000000
   0.270    14    40     5     1     0     1    -0.00000000
   0.270    14    41     5     1     1    -1    -0.00000000
   0.270    14    42     5     5     1     1    -0.00000000
   0.270    14    43     5     5     2    -1    -0.00000000
   0.270    14    44     5     3     1     1    -0.00000000
   0.270    14    45     5     3     2    -1    -0.00000000
   0.270    14    46     5     1     1     1    -0.00000000
   0.270    14    47     5     5     2     1    -0.06445586
   0.270    14    48     5     5     3    -1    -0.01590867
   0.270    14    49     5     3     2     1     0.00053925
   0.270    14    50     5     3     3    -1     0.01061309
   0.270    14    51     5     5     3     1     0.00000000
   0.270    14    52     5     5     4    -1     0.00000000
   0.270    14    53     5     3     3     1     0.00000000
   0.270    14    54     5     5     4     1     0.00000000
   0.270    14    55     5     5     5    -1    -0.00000000
   0.270    14    56     5     5     5     1     0.00000000
   0.270    14    57     6     6     0     1     0.00000000
   0.270    14    58     6     6     1    -1     0.00000000
   0.270    14    59     6     4     0     1     0.00000000
   0.270    14    60     6     4     1    -1     0.00000000
   0.270    14    61     6     2     0     1    -0.00000000
   0.270    14    62     6     2     1    -1     0.00000000
   0.270    14    63     6     0     0     1     0.00000000
   0.270    14    64     6     6     1     1    -0.00000000
   0.270    14    65     6     6     2    -1    -0.00000000
   0.270    14    66     6     4     1     1    -0.00000000
   0.270    14    67     6     4     2    -1    -0.00000000
   0.270    14    68     6     2     1     1    -0.00000000
   0.270    14    69     6     2     2    -1    -0.00000000
   0.270    14    70     6     6     2     1    -0.00000000
   0.270    14    71     6     6     3    -1    -0.00000000
   0.270    14    72     6     4     2     1     0.00000000
   0.270    14    73     6     4     3    -1     0.00000000
   0.270    14    74     6     2     2     1    -0.00000000
   0.270    14    75     6     6     3     1    -0.00000000
   0.270    14    76     6     6     4    -1    -0.00000000
   0.270    14    77     6     4     3     1     0.00000000
   0.270    14    78     6     4     4    -1     0.00000000
   0.270    14    79     6     6     4     1     0.00000000
   0.270    14    80     6     6     5    -1     0.00000000
   0.270    14    81     6     4     4     1     0.00000000
   0.270    14    82     6     6     5     1     0.00000000
   0.270    14    83     6     6     6    -1     0.00000000
   0.270    14    84     6     6     6     1     0.00000000
   0.270    14    85     7     7     0     1    -0.00000000
   0.270    14    86     7     7     1    -1    -0.00000000
   0.270    14    87     7     5     0     1    -0.00000000
   0.270    14    88     7     5     1    -1     0.00000000
   0.270    14    89     7     3     0     1    -0.00000000
   0.270    14    90     7     3     1    -1     0.00000000
   0.270    14    91     7     1     0     1     0.00000000
   0.270    14    92     7     1     1    -1    -0.00000000
   0.270    14    93     7     7     1     1     0.00000000
   0.270    14    94     7     7     2    -1     0.00000000
   0.270    14    95     7     5     1     1    -0.00000000
   0.270    14    96     7     5     2    -1    -0.00000000
   0.270    14    97     7     3     1     1    -0.00000000
   0.270    14    98     7     3     2    -1    -0.00000000
   0.270    14    99     7     1     1     1     0.00000000
   0.270    14   100     7     7     2     1    -0.00274185
   0.270    14   101     7     7     3    -1    -0.00080186
   0.270    14   102     7     5     2     1    -0.00126675
   0.270    14   103     7     5     3    -1     0.00017842
   0.270    14   104     7     3     2     1    -0.00123126
   0.270    14   105     7     3     3    -1    -0.00063555
   0.270    14   106     7     7     3     1     0.00000000
   0.270    14   107     7     7     4    -1    -0.00000000
   0.270    14   108     7     5     3     1    -0.00000000
   0.270    14   109     7     5     4    -1     0.00000000
   0.270    14   110     7     3     3     1    -0.00000000
   0.270    14   111     7     7     4     1    -0.00000000
   0.270    14   112     7     7     5    -1    -0.00000000
   0.270    14   113     7     5     4     1     0.00000000
   0.270    14   114     7     5     5    -1    -0.00000000
   0.270    14   115     7     7     5     1     0.00000000
   0.270    14   116     7     7     6    -1     0.00000000
   0.270    14   117     7     5     5     1     0.00000000
   0.270    14   118     7     7     6     1     0.00000000
   0.270    14   119     7     7     7    -1     0.00000000
   0.270    14   120     7     7     7     1     0.00000000
   0.270    15     1     0     0     0     1     0.00000000
   0.270    15     2     1     1     0     1    -0.02622917
   0.270    15     3     1     1     1    -1     0.03648608
   0.270    15     4     1     1     1     1     0.00000000
   0.270    15     5     2     2     0     1    -0.00000000
   0.270    15     6     2     2     1    -1    -0.00000000
   0.270    15     7     2     0     0     1     0.00000000
   0.270    15     8     2     2     1     1     0.00000000
   0.270    15     9     2     2     2    -1     0.00000000
   0.270    15    10     2     2     2     1    -0.00000000
   0.270    15    11     3     3     0     1     0.58885889
   0.270    15    12     3     3     1    -1    -0.80037494
   0.270    15    13     3     1     0     1    -0.04234657
   0.270    15    14     3     1     1    -1    -0.02030923
   0.270    15    15     3     3     1     1     0.00000000
   0.270    15    16     3     3     2    -1     0.00000000
   0.270    15    17     3     1     1     1     0.00000000
   0.270    15    18     3     3     2     1     0.00000000
   0.270    15    19     3     3     3    -1    -0.00000000
   0.270    15    20     3     3     3     1    -0.00000000
   0.270    15    21     4     4     0     1    -0.00000000
   0.270    15    22     4     4     1    -1    -0.00000000
   0.270    15    23     4     2     0     1    -0.00000000
   0.270    15    24     4     2     1    -1    -0.00000000
   0.270    15    25     4     0     0     1    -0.00000000
   0.270    15    26     4     4     1     1    -0.00000000
   0.270    15    27     4     4     2    -1     0.00000000
   0.270    15    28     4     2     1     1     0.00000000
   0.270    15    29     4     2     2    -1    -0.00000000
   0.270    15    30     4     4     2     1    -0.00000000
   0.270    15    31     4     4     3    -1    -0.00000000
   0.270    15    32     4     2     2     1     0.00000000
   0.270    15    33     4     4     3     1    -0.00000000
   0.270    15    34     4     4     4    -1    -0.00000000
   0.270    15    35     4     4     4     1    -0.00000000
   0.270    15    36     5     5     0     1     0.04129515
   0.270    15    37     5     5     1    -1    -0.05621837
   0.270    15    38     5     3     0     1     0.02907449
   0.270    15    39     5     3     1    -1    -0.03371374
   0.270    15    40     5     1     0     1     0.02954272
   0.270    15    41     5     1     1    -1    -0.02500366
   0.270    15    42     5     5     1     1    -0.00000000
   0.270    15    43     5     5     2    -1    -0.00000000
   0.270    15    44     5     3     1     1    -0.00000000
   0.270    15    45     5     3     2    -1    -0.00000000
   0.270    15    46     5     1     1     1    -0.00000000
   0.270    15    47     5     5     2     1    -0.00000000
   0.270    15    48     5     5     3    -1     0.00000000
   0.270    15    49     5     3     2     1    -0.00000000
   0.270    15    50     5     3     3    -1     0.00000000
   0.270    15    51     5     5     3     1     0.00000000
   0.270    15    52     5     5     4    -1     0.00000000
   0.270    15    53     5     3     3     1     0.00000000
   0.270    15    54     5     5     4     1     0.00000000
   0.270    15    55     5     5     5    -1    -0.00000000
   0.270    15    56     5     5     5     1     0.00000000
   0.270    15    57     6     6     0     1    -0.00000000
   0.270    15    58     6     6     1    -1    -0.00000000
   0.270    15    59     6     4     0     1    -0.00000000
   0.270    15    60     6     4     1    -1    -0.00000000
   0.270    15    61     6     2     0     1    -0.00000000
   0.270    15    62     6     2     1    -1    -0.00000000
   0.270    15    63     6     0     0     1    -0.00000000
   0.270    15    64     6     6     1     1    -0.00000000
   0.270    15    65     6     6     2    -1     0.00000000
   0.270    15    66     6     4     1     1     0.00000000
   0.270    15    67     6     4     2    -1    -0.00000000
   0.270    15    68     6     2     1     1     0.00000000
   0.270    15    69     6     2     2    -1     0.00000000
   0.270    15    70     6     6     2     1    -0.00000000
   0.270    15    71     6     6     3    -1    -0.00000000
   0.270    15    72     6     4     2     1     0.00000000
   0.270    15    73     6     4     3    -1    -0.00000000
   0.270    15    74     6     2     2     1     0.00000000
   0.270    15    75     6     6     3     1    -0.00000000
   0.270    15    76     6     6     4    -1    -0.00000000
   0.270    15    77     6     4     3     1     0.00000000
   0.270    15    78     6     4     4    -1     0.00000000
   0.270    15    79     6     6     4     1    -0.00000000
   0.270    15    80     6     6     5    -1     0.00000000
   0.270    15    81     6     4     4     1    -0.00000000
   0.270    15    82     6     6     5     1     0.00000000
   0.270    15    83     6     6     6    -1    -0.00000000
   0.270    15    84     6     6     6     1    -0.00000000
   0.270    15    85     7     7     0     1     0.00164460
   0.270    15    86     7     7     1    -1    -0.00231963
   0.270    15    87     7     5     0     1     0.00306986
   0.270    15    88     7     5     1    -1    -0.00353416
   0.270    15    89     7     3     0     1     0.00433034
   0.270    15    90     7     3     1    -1    -0.00364104
   0.270    15    91     7     1     0     1     0.00353501
   0.270    15    92     7     1     1    -1    -0.00026317
   0.270    15    93     7     7     1     1     0.00000000
   0.270    15    94     7     7     2    -1    -0.00000000
   0.270    15    95     7     5     1     1    -0.00000000
   0.270    15    96     7     5     2    -1    -0.00000000
   0.270    15    97     7     3     1     1     0.00000000
   0.270    15    98     7     3     2    -1    -0.00000000
   0.270    15    99     7     1     1     1    -0.00000000
   0.270    15   100     7     7     2     1    -0.00000000
   0.270    15   101     7     7     3    -1    -0.00000000
   0.270    15   102     7     5     2     1     0.00000000
   0.270    15   103     7     5     3    -1     0.00000000
   0.270    15   104     7     3     2     1     0.00000000
   0.270    15   105     7     3     3    -1     0.00000000
   0.270    15   106     7     7     3     1     0.00000000
   0.270    15   107     7     7     4    -1    -0.00000000
   0.270    15   108     7     5     3     1    -0.00000000
   0.270    15   109     7     5     4    -1     0.00000000
   0.270    15   110     7     3     3     1    -0.00000000
   0.270    15   111     7     7     4     1    -0.00000000
   0.270    15   112     7     7     5    -1     0.00000000
   0.270    15   113     7     5     4     1     0.00000000
   0.270    15   114     7     5     5    -1     0.00000000
   0.270    15   115     7     7     5     1     0.00000000
   0.270    15   116     7     7     6    -1     0.00000000
   0.270    15   117     7     5     5     1     0.00000000
   0.270    15   118     7     7     6     1     0.00000000
   0.270    15   119     7     7     7    -1     0.00000000
   0.270    15   120     7     7     7     1     0.00000000
   0.270    16     1     0     0     0     1    -0.00000000
   0.270    16     2     1     1     0     1    -0.00000000
   0.270    16     3     1     1     1    -1     0.00000000
   0.270    16     4     1     1     1     1     0.00000000
   0.270    16     5     2     2     0     1    -0.00000000
   0.270    16     6     2     2     1    -1    -0.00000000
   0.270    16     7     2     0     0     1    -0.00000000
   0.270    16     8     2     2     1     1    -0.00000000
   0.270    16     9     2     2     2    -1    -0.00000000
   0.270    16    10     2     2     2     1    -0.00000000
   0.270    16    11     3     3     0     1    -0.00000000
   0.270    16    12     3     3     1    -1     0.00000000
   0.270    16    13     3     1     0     1    -0.00000000
   0.270    16    14     3     1     1    -1    -0.00000000
   0.270    16    15     3     3     1     1    -0.00000000
   0.270    16    16     3     3     2    -1    -0.00000000
   0.270    16    17     3     1     1     1     0.00000000
   0.270    16    18     3     3     2     1     0.00000000
   0.270    16    19     3     3     3    -1     0.00000000
   0.270    16    20     3     3     3     1    -0.99699627
   0.270    16    21     4     4     0     1    -0.00000000
   0.270    16    22     4     4     1    -1    -0.00000000
   0.270    16    23     4     2     0     1    -0.00000000
   0.270    16    24     4     2     1    -1    -0.00000000
   0.270    16    25     4     0     0     1    -0.00000000
   0.270    16    26     4     4     1     1    -0.00000000
   0.270    16    27     4     4     2    -1    -0.00000000
   0.270    16    28     4     2     1     1    -0.00000000
   0.270    16    29     4     2     2    -1     0.00000000
   0.270    16    30     4     4     2     1    -0.00000000
   0.270    16    31     4     4     3    -1    -0.00000000
   0.270    16    32     4     2     2     1     0.00000000
   0.270    16    33     4     4     3     1    -0.00000000
   0.270    16    34     4     4     4    -1    -0.00000000
   0.270    16    35     4     4     4     1    -0.00000000
   0.270    16    36     5     5     0     1    -0.00000000
   0.270    16    37     5     5     1    -1     0.00000000
   0.270    16    38     5     3     0     1    -0.00000000
   0.270    16    39     5     3     1    -1     0.00000000
   0.270    16    40     5     1     0     1    -0.00000000
   0.270    16    41     5     1     1    -1    -0.00000000
   0.270    16    42     5     5     1     1     0.00000000
   0.270    16    43     5     5     2    -1     0.00000000
   0.270    16    44     5     3     1     1     0.00000000
   0.270    16    45     5     3     2    -1    -0.00000000
   0.270    16    46     5     1     1     1    -0.00000000
   0.270    16    47     5     5     2     1     0.00000000
   0.270    16    48     5     5     3    -1     0.00000000
   0.270    16    49     5     3     2     1    -0.00000000
   0.270    16    50     5     3     3    -1    -0.00000000
   0.270    16    51     5     5     3     1    -0.04775078
   0.270    16    52     5     5     4    -1    -0.00551393
   0.270    16    53     5     3     3     1     0.06057602
   0.270    16    54     5     5     4     1     0.00000000
   0.270    16    55     5     5     5    -1     0.00000000
   0.270    16    56     5     5     5     1     0.00000000
   0.270    16    57     6     6     0     1    -0.00000000
   0.270    16    58     6     6     1    -1    -0.00000000
   0.270    16    59     6     4     0     1    -0.00000000
   0.270    16    60     6     4     1    -1    -0.00000000
   0.270    16    61     6     2     0     1    -0.00000000
   0.270    16    62     6     2     1    -1    -0.00000000
   0.270    16    63     6     0     0     1    -0.00000000
   0.270    16    64     6     6     1     1    -0.00000000
   0.270    16    65     6     6     2    -1    -0.00000000
   0.270    16    66     6     4     1     1    -0.00000000
   0.270    16    67     6     4     2    -1    -0.00000000
   0.270    16    68     6     2     1     1    -0.00000000
   0.270    16    69     6     2     2    -1    -0.00000000
   0.270    16    70     6     6     2     1    -0.00000000
   0.270    16    71     6     6     3    -1    -0.00000000
   0.270    16    72     6     4     2     1     0.00000000
   0.270    16    73     6     4     3    -1     0.00000000
   0.270    16    74     6     2     2     1    -0.00000000
   0.270    16    75     6     6     3     1    -0.00000000
   0.270    16    76     6     6     4    -1    -0.00000000
   0.270    16    77     6     4     3     1     0.00000000
   0.270    16    78     6     4     4    -1     0.00000000
   0.270    16    79     6     6     4     1     0.00000000
   0.270    16    80     6     6     5    -1    -0.00000000
   0.270    16    81     6     4     4     1    -0.00000000
   0.270    16    82     6     6     5     1    -0.00000000
   0.270    16    83     6     6     6    -1     0.00000000
   0.270    16    84     6     6     6     1    -0.00000000
   0.270    16    85     7     7     0     1    -0.00000000
   0.270    16    86     7     7     1    -1     0.00000000
   0.270    16    87     7     5     0     1     0.00000000
   0.270    16    88     7     5     1    -1    -0.00000000
   0.270    16    89     7     3     0     1     0.00000000
   0.270    16    90     7     3     1    -1     0.00000000
   0.270    16    91     7     1     0     1    -0.00000000
   0.270    16    92     7     1     1    -1    -0.00000000
   0.270    16    93     7     7     1     1     0.00000000
   0.270    16    94     7     7     2    -1    -0.00000000
   0.270    16    95     7     5     1     1    -0.00000000
   0.270    16    96     7     5     2    -1    -0.00000000
   0.270    16    97     7     3     1     1     0.00000000
   0.270    16    98     7     3     2    -1     0.00000000
   0.270    16    99     7     1     1     1     0.00000000
   0.270    16   100     7     7     2     1     0.00000000
   0.270    16   101     7     7     3    -1     0.00000000
   0.270    16   102     7     5     2     1    -0.00000000
   0.270    16   103     7     5     3    -1    -0.00000000
   0.270    16   104     7     3     2     1     0.00000000
   0.270    16   105     7     3     3    -1     0.00000000
   0.270    16   106     7     7     3     1    -0.00185531
   0.270    16   107     7     7     4    -1    -0.00033061
   0.270    16   108     7     5     3     1     0.00186584
   0.270    16   109     7     5     4    -1     0.00019561
   0.270    16   110     7     3     3     1    -0.00337300
   0.270    16   111     7     7     4     1    -0.00000000
   0.270    16   112     7     7     5    -1     0.00000000
   0.270    16   113     7     5     4     1     0.00000000
   0.270    16   114     7     5     5    -1    -0.00000000
   0.270    16   115     7     7     5     1     0.00000000
   0.270    16   116     7     7     6    -1     0.00000000
   0.270    16   117     7     5     5     1     0.00000000
   0.270    16   118     7     7     6     1     0.00000000
   0.270    16   119     7     7     7    -1     0.00000000
   0.270    16   120     7     7     7     1     0.00000000
   0.270    17     1     0     0     0     1    -0.00000000
   0.270    17     2     1     1     0     1     0.00000000
   0.270    17     3     1     1     1    -1    -0.00000000
   0.270    17     4     1     1     1     1    -0.01427723
   0.270    17     5     2     2     0     1    -0.00000000
   0.270    17     6     2     2     1    -1     0.00000000
   0.270    17     7     2     0     0     1    -0.00000000
   0.270    17     8     2     2     1     1     0.00000000
   0.270    17     9     2     2     2    -1     0.00000000
   0.270    17    10     2     2     2     1    -0.00000000
   0.270    17    11     3     3     0     1    -0.00000000
   0.270    17    12     3     3     1    -1     0.00000000
   0.270    17    13     3     1     0     1    -0.00000000
   0.270    17    14     3     1     1    -1    -0.00000000
   0.270    17    15     3     3     1     1     0.38077942
   0.270    17    16     3     3     2    -1    -0.92181127
   0.270    17    17     3     1     1     1     0.02214462
   0.270    17    18     3     3     2     1     0.00000000
   0.270    17    19     3     3     3    -1    -0.00000000
   0.270    17    20     3     3     3     1    -0.00000000
   0.270    17    21     4     4     0     1     0.00000000
   0.270    17    22     4     4     1    -1     0.00000000
   0.270    17    23     4     2     0     1     0.00000000
   0.270    17    24     4     2     1    -1     0.00000000
   0.270    17    25     4     0     0     1    -0.00000000
   0.270    17    26     4     4     1     1     0.00000000
   0.270    17    27     4     4     2    -1     0.00000000
   0.270    17    28     4     2     1     1    -0.00000000
   0.270    17    29     4     2     2    -1    -0.00000000
   0.270    17    30     4     4     2     1    -0.00000000
   0.270    17    31     4     4     3    -1    -0.00000000
   0.270    17    32     4     2     2     1     0.00000000
   0.270    17    33     4     4     3     1     0.00000000
   0.270    17    34     4     4     4    -1     0.00000000
   0.270    17    35     4     4     4     1    -0.00000000
   0.270    17    36     5     5     0     1    -0.00000000
   0.270    17    37     5     5     1    -1     0.00000000
   0.270    17    38     5     3     0     1    -0.00000000
   0.270    17    39     5     3     1    -1    -0.00000000
   0.270    17    40     5     1     0     1    -0.00000000
   0.270    17    41     5     1     1    -1    -0.00000000
   0.270    17    42     5     5     1     1     0.02395644
   0.270    17    43     5     5     2    -1    -0.05775223
   0.270    17    44     5     3     1     1     0.02175726
   0.270    17    45     5     3     2    -1     0.00170871
   0.270    17    46     5     1     1     1     0.01319012
   0.270    17    47     5     5     2     1    -0.00000000
   0.270    17    48     5     5     3    -1    -0.00000000
   0.270    17    49     5     3     2     1    -0.00000000
   0.270    17    50     5     3     3    -1    -0.00000000
   0.270    17    51     5     5     3     1     0.00000000
   0.270    17    52     5     5     4    -1    -0.00000000
   0.270    17    53     5     3     3     1    -0.00000000
   0.270    17    54     5     5     4     1     0.00000000
   0.270    17    55     5     5     5    -1     0.00000000
   0.270    17    56     5     5     5     1     0.00000000
   0.270    17    57     6     6     0     1     0.00000000
   0.270    17    58     6     6     1    -1     0.00000000
   0.270    17    59     6     4     0     1     0.00000000
   0.270    17    60     6     4     1    -1     0.00000000
   0.270    17    61     6     2     0     1    -0.00000000
   0.270    17    62     6     2     1    -1     0.00000000
   0.270    17    63     6     0     0     1     0.00000000
   0.270    17    64     6     6     1     1    -0.00000000
   0.270    17    65     6     6     2    -1     0.00000000
   0.270    17    66     6     4     1     1     0.00000000
   0.270    17    67     6     4     2    -1    -0.00000000
   0.270    17    68     6     2     1     1     0.00000000
   0.270    17    69     6     2     2    -1     0.00000000
   0.270    17    70     6     6     2     1    -0.00000000
   0.270    17    71     6     6     3    -1    -0.00000000
   0.270    17    72     6     4     2     1     0.00000000
   0.270    17    73     6     4     3    -1     0.00000000
   0.270    17    74     6     2     2     1    -0.00000000
   0.270    17    75     6     6     3     1     0.00000000
   0.270    17    76     6     6     4    -1     0.00000000
   0.270    17    77     6     4     3     1    -0.00000000
   0.270    17    78     6     4     4    -1    -0.00000000
   0.270    17    79     6     6     4     1    -0.00000000
   0.270    17    80     6     6     5    -1    -0.00000000
   0.270    17    81     6     4     4     1     0.00000000
   0.270    17    82     6     6     5     1    -0.00000000
   0.270    17    83     6     6     6    -1     0.00000000
   0.270    17    84     6     6     6     1     0.00000000
   0.270    17    85     7     7     0     1     0.00000000
   0.270    17    86     7     7     1    -1    -0.00000000
   0.270    17    87     7     5     0     1    -0.00000000
   0.270    17    88     7     5     1    -1     0.00000000
   0.270    17    89     7     3     0     1     0.00000000
   0.270    17    90     7     3     1    -1    -0.00000000
   0.270    17    91     7     1     0     1     0.00000000
   0.270    17    92     7     1     1    -1     0.00000000
   0.270    17    93     7     7     1     1     0.00085539
   0.270    17    94     7     7     2    -1    -0.00233569
   0.270    17    95     7     5     1     1     0.00214179
   0.270    17    96     7     5     2    -1    -0.00094949
   0.270    17    97     7     3     1     1     0.00211117
   0.270    17    98     7     3     2    -1    -0.00102781
   0.270    17    99     7     1     1     1     0.00030661
   0.270    17   100     7     7     2     1     0.00000000
   0.270    17   101     7     7     3    -1    -0.00000000
   0.270    17   102     7     5     2     1     0.00000000
   0.270    17   103     7     5     3    -1     0.00000000
   0.270    17   104     7     3     2     1    -0.00000000
   0.270    17   105     7     3     3    -1    -0.00000000
   0.270    17   106     7     7     3     1     0.00000000
   0.270    17   107     7     7     4    -1    -0.00000000
   0.270    17   108     7     5     3     1     0.00000000
   0.270    17   109     7     5     4    -1     0.00000000
   0.270    17   110     7     3     3     1     0.00000000
   0.270    17   111     7     7     4     1    -0.00000000
   0.270    17   112     7     7     5    -1     0.00000000
   0.270    17   113     7     5     4     1     0.00000000
   0.270    17   114     7     5     5    -1     0.00000000
   0.270    17   115     7     7     5     1     0.00000000
   0.270    17   116     7     7     6    -1     0.00000000
   0.270    17   117     7     5     5     1     0.00000000
   0.270    17   118     7     7     6     1     0.00000000
   0.270    17   119     7     7     7    -1     0.00000000
   0.270    17   120     7     7     7     1     0.00000000
   0.270    18     1     0     0     0     1    -0.00000000
   0.270    18     2     1     1     0     1    -0.00000000
   0.270    18     3     1     1     1    -1     0.00000000
   0.270    18     4     1     1     1     1    -0.02817238
   0.270    18     5     2     2     0     1    -0.00000000
   0.270    18     6     2     2     1    -1    -0.00000000
   0.270    18     7     2     0     0     1     0.00000000
   0.270    18     8     2     2     1     1     0.00000000
   0.270    18     9     2     2     2    -1    -0.00000000
   0.270    18    10     2     2     2     1    -0.00000000
   0.270    18    11     3     3     0     1    -0.00000000
   0.270    18    12     3     3     1    -1    -0.00000000
   0.270    18    13     3     1     0     1     0.00000000
   0.270    18    14     3     1     1    -1     0.00000000
   0.270    18    15     3     3     1     1     0.01907420
   0.270    18    16     3     3     2    -1    -0.01731667
   0.270    18    17     3     1     1     1    -0.99250945
   0.270    18    18     3     3     2     1    -0.00000000
   0.270    18    19     3     3     3    -1     0.00000000
   0.270    18    20     3     3     3     1    -0.00000000
   0.270    18    21     4     4     0     1    -0.00000000
   0.270    18    22     4     4     1    -1    -0.00000000
   0.270    18    23     4     2     0     1     0.00000000
   0.270    18    24     4     2     1    -1    -0.00000000
   0.270    18    25     4     0     0     1    -0.00000000
   0.270    18    26     4     4     1     1     0.00000000
   0.270    18    27     4     4     2    -1    -0.00000000
   0.270    18    28     4     2     1     1     0.00000000
   0.270    18    29     4     2     2    -1     0.00000000
   0.270    18    30     4     4     2     1     0.00000000
   0.270    18    31     4     4     3    -1     0.00000000
   0.270    18    32     4     2     2     1    -0.00000000
   0.270    18    33     4     4     3     1     0.00000000
   0.270    18    34     4     4     4    -1     0.00000000
   0.270    18    35     4     4     4     1    -0.00000000
   0.270    18    36     5     5     0     1    -0.00000000
   0.270    18    37     5     5     1    -1    -0.00000000
   0.270    18    38     5     3     0     1     0.00000000
   0.270    18    39     5     3     1    -1    -0.00000000
   0.270    18    40     5     1     0     1     0.00000000
   0.270    18    41     5     1     1    -1    -0.00000000
   0.270    18    42     5     5     1     1     0.00093328
   0.270    18    43     5     5     2    -1    -0.00114056
   0.270    18    44     5     3     1     1    -0.10594392
   0.270    18    45     5     3     2    -1    -0.00935355
   0.270    18    46     5     1     1     1     0.04556168
   0.270    18    47     5     5     2     1    -0.00000000
   0.270    18    48     5     5     3    -1     0.00000000
   0.270    18    49     5     3     2     1    -0.00000000
   0.270    18    50     5     3     3    -1    -0.00000000
   0.270    18    51     5     5     3     1    -0.00000000
   0.270    18    52     5     5     4    -1    -0.00000000
   0.270    18    53     5     3     3     1     0.00000000
   0.270    18    54     5     5     4     1    -0.00000000
   0.270    18    55     5     5     5    -1    -0.00000000
   0.270    18    56     5     5     5     1     0.00000000
   0.270    18    57     6     6     0     1    -0.00000000
   0.270    18    58     6     6     1    -1    -0.00000000
   0.270    18    59     6     4     0     1    -0.00000000
   0.270    18    60     6     4     1    -1    -0.00000000
   0.270    18    61     6     2     0     1    -0.00000000
   0.270    18    62     6     2     1    -1    -0.00000000
   0.270    18    63     6     0     0     1     0.00000000
   0.270    18    64     6     6     1     1     0.00000000
   0.270    18    65     6     6     2    -1    -0.00000000
   0.270    18    66     6     4     1     1     0.00000000
   0.270    18    67     6     4     2    -1     0.00000000
   0.270    18    68     6     2     1     1     0.00000000
   0.270    18    69     6     2     2    -1    -0.00000000
   0.270    18    70     6     6     2     1     0.00000000
   0.270    18    71     6     6     3    -1     0.00000000
   0.270    18    72     6     4     2     1    -0.00000000
   0.270    18    73     6     4     3    -1    -0.00000000
   0.270    18    74     6     2     2     1    -0.00000000
   0.270    18    75     6     6     3     1     0.00000000
   0.270    18    76     6     6     4    -1     0.00000000
   0.270    18    77     6     4     3     1    -0.00000000
   0.270    18    78     6     4     4    -1    -0.00000000
   0.270    18    79     6     6     4     1    -0.00000000
   0.270    18    80     6     6     5    -1    -0.00000000
   0.270    18    81     6     4     4     1     0.00000000
   0.270    18    82     6     6     5     1     0.00000000
   0.270    18    83     6     6     6    -1     0.00000000
   0.270    18    84     6     6     6     1    -0.00000000
   0.270    18    85     7     7     0     1     0.00000000
   0.270    18    86     7     7     1    -1    -0.00000000
   0.270    18    87     7     5     0     1     0.00000000
   0.270    18    88     7     5     1    -1     0.00000000
   0.270    18    89     7     3     0     1     0.00000000
   0.270    18    90     7     3     1    -1    -0.00000000
   0.270    18    91     7     1     0     1     0.00000000
   0.270    18    92     7     1     1    -1     0.00000000
   0.270    18    93     7     7     1     1     0.00004165
   0.270    18    94     7     7     2    -1    -0.00004461
   0.270    18    95     7     5     1     1    -0.00717679
   0.270    18    96     7     5     2    -1    -0.00108540
   0.270    18    97     7     3     1     1    -0.00082368
   0.270    18    98     7     3     2    -1    -0.00005614
   0.270    18    99     7     1     1     1    -0.00496006
   0.270    18   100     7     7     2     1     0.00000000
   0.270    18   101     7     7     3    -1    -0.00000000
   0.270    18   102     7     5     2     1    -0.00000000
   0.270    18   103     7     5     3    -1    -0.00000000
   0.270    18   104     7     3     2     1    -0.00000000
   0.270    18   105     7     3     3    -1     0.00000000
   0.270    18   106     7     7     3     1    -0.00000000
   0.270    18   107     7     7     4    -1    -0.00000000
   0.270    18   108     7     5     3     1    -0.00000000
   0.270    18   109     7     5     4    -1    -0.00000000
   0.270    18   110     7     3     3     1    -0.00000000
   0.270    18   111     7     7     4     1    -0.00000000
   0.270    18   112     7     7     5    -1     0.00000000
   0.270    18   113     7     5     4     1     0.00000000
   0.270    18   114     7     5     5    -1    -0.00000000
   0.270    18   115     7     7     5     1     0.00000000
   0.270    18   116     7     7     6    -1     0.00000000
   0.270    18   117     7     5     5     1     0.00000000
   0.270    18   118     7     7     6     1     0.00000000
   0.270    18   119     7     7     7    -1     0.00000000
   0.270    18   120     7     7     7     1     0.00000000
   0.270    19     1     0     0     0     1     0.00164347
   0.270    19     2     1     1     0     1    -0.00000000
   0.270    19     3     1     1     1    -1    -0.00000000
   0.270    19     4     1     1     1     1     0.00000000
   0.270    19     5     2     2     0     1    -0.05795806
   0.270    19     6     2     2     1    -1    -0.04485720
   0.270    19     7     2     0     0     1    -0.00316288
   0.270    19     8     2     2     1     1     0.00000000
   0.270    19     9     2     2     2    -1     0.00000000
   0.270    19    10     2     2     2     1     0.00000000
   0.270    19    11     3     3     0     1     0.00000000
   0.270    19    12     3     3     1    -1    -0.00000000
   0.270    19    13     3     1     0     1     0.00000000
   0.270    19    14     3     1     1    -1    -0.00000000
   0.270    19    15     3     3     1     1    -0.00000000
   0.270    19    16     3     3     2    -1     0.00000000
   0.270    19    17     3     1     1     1    -0.00000000
   0.270    19    18     3     3     2     1     0.00000000
   0.270    19    19     3     3     3    -1     0.00000000
   0.270    19    20     3     3     3     1    -0.00000000
   0.270    19    21     4     4     0     1     0.76700284
   0.270    19    22     4     4     1    -1     0.62729088
   0.270    19    23     4     2     0     1     0.01946517
   0.270    19    24     4     2     1    -1     0.01131805
   0.270    19    25     4     0     0     1     0.00273928
   0.270    19    26     4     4     1     1    -0.00000000
   0.270    19    27     4     4     2    -1    -0.00000000
   0.270    19    28     4     2     1     1    -0.00000000
   0.270    19    29     4     2     2    -1     0.00000000
   0.270    19    30     4     4     2     1    -0.00000000
   0.270    19    31     4     4     3    -1    -0.00000000
   0.270    19    32     4     2     2     1     0.00000000
   0.270    19    33     4     4     3     1     0.00000000
   0.270    19    34     4     4     4    -1     0.00000000
   0.270    19    35     4     4     4     1     0.00000000
   0.270    19    36     5     5     0     1     0.00000000
   0.270    19    37     5     5     1    -1     0.00000000
   0.270    19    38     5     3     0     1     0.00000000
   0.270    19    39     5     3     1    -1    -0.00000000
   0.270    19    40     5     1     0     1    -0.00000000
   0.270    19    41     5     1     1    -1     0.00000000
   0.270    19    42     5     5     1     1     0.00000000
   0.270    19    43     5     5     2    -1    -0.00000000
   0.270    19    44     5     3     1     1     0.00000000
   0.270    19    45     5     3     2    -1    -0.00000000
   0.270    19    46     5     1     1     1    -0.00000000
   0.270    19    47     5     5     2     1    -0.00000000
   0.270    19    48     5     5     3    -1    -0.00000000
   0.270    19    49     5     3     2     1    -0.00000000
   0.270    19    50     5     3     3    -1    -0.00000000
   0.270    19    51     5     5     3     1     0.00000000
   0.270    19    52     5     5     4    -1    -0.00000000
   0.270    19    53     5     3     3     1    -0.00000000
   0.270    19    54     5     5     4     1    -0.00000000
   0.270    19    55     5     5     5    -1     0.00000000
   0.270    19    56     5     5     5     1     0.00000000
   0.270    19    57     6     6     0     1     0.06784139
   0.270    19    58     6     6     1    -1     0.05575109
   0.270    19    59     6     4     0     1     0.04434240
   0.270    19    60     6     4     1    -1     0.03137839
   0.270    19    61     6     2     0     1     0.03360540
   0.270    19    62     6     2     1    -1     0.02284246
   0.270    19    63     6     0     0     1     0.00130440
   0.270    19    64     6     6     1     1    -0.00000000
   0.270    19    65     6     6     2    -1    -0.00000000
   0.270    19    66     6     4     1     1    -0.00000000
   0.270    19    67     6     4     2    -1    -0.00000000
   0.270    19    68     6     2     1     1    -0.00000000
   0.270    19    69     6     2     2    -1    -0.00000000
   0.270    19    70     6     6     2     1    -0.00000000
   0.270    19    71     6     6     3    -1     0.00000000
   0.270    19    72     6     4     2     1    -0.00000000
   0.270    19    73     6     4     3    -1    -0.00000000
   0.270    19    74     6     2     2     1    -0.00000000
   0.270    19    75     6     6     3     1     0.00000000
   0.270    19    76     6     6     4    -1    -0.00000000
   0.270    19    77     6     4     3     1    -0.00000000
   0.270    19    78     6     4     4    -1    -0.00000000
   0.270    19    79     6     6     4     1    -0.00000000
   0.270    19    80     6     6     5    -1     0.00000000
   0.270    19    81     6     4     4     1     0.00000000
   0.270    19    82     6     6     5     1     0.00000000
   0.270    19    83     6     6     6    -1    -0.00000000
   0.270    19    84     6     6     6     1    -0.00000000
   0.270    19    85     7     7     0     1     0.00000000
   0.270    19    86     7     7     1    -1    -0.00000000
   0.270    19    87     7     5     0     1     0.00000000
   0.270    19    88     7     5     1    -1    -0.00000000
   0.270    19    89     7     3     0     1    -0.00000000
   0.270    19    90     7     3     1    -1    -0.00000000
   0.270    19    91     7     1     0     1    -0.00000000
   0.270    19    92     7     1     1    -1    -0.00000000
   0.270    19    93     7     7     1     1     0.00000000
   0.270    19    94     7     7     2    -1    -0.00000000
   0.270    19    95     7     5     1     1     0.00000000
   0.270    19    96     7     5     2    -1     0.00000000
   0.270    19    97     7     3     1     1    -0.00000000
   0.270    19    98     7     3     2    -1    -0.00000000
   0.270    19    99     7     1     1     1     0.00000000
   0.270    19   100     7     7     2     1    -0.00000000
   0.270    19   101     7     7     3    -1     0.00000000
   0.270    19   102     7     5     2     1    -0.00000000
   0.270    19   103     7     5     3    -1    -0.00000000
   0.270    19   104     7     3     2     1    -0.00000000
   0.270    19   105     7     3     3    -1    -0.00000000
   0.270    19   106     7     7     3     1    -0.00000000
   0.270    19   107     7     7     4    -1    -0.00000000
   0.270    19   108     7     5     3     1     0.00000000
   0.270    19   109     7     5     4    -1    -0.00000000
   0.270    19   110     7     3     3     1     0.00000000
   0.270    19   111     7     7     4     1     0.00000000
   0.270    19   112     7     7     5    -1     0.00000000
   0.270    19   113     7     5     4     1     0.00000000
   0.270    19   114     7     5     5    -1    -0.00000000
   0.270    19   115     7     7     5     1     0.00000000
   0.270    19   116     7     7     6    -1     0.00000000
   0.270    19   117     7     5     5     1     0.00000000
   0.270    19   118     7     7     6     1     0.00000000
   0.270    19   119     7     7     7    -1     0.00000000
   0.270    19   120     7     7     7     1     0.00000000
   0.270    20     1     0     0     0     1     0.00000000
   0.270    20     2     1     1     0     1     0.00484492
   0.270    20     3     1     1     1    -1     0.02753855
   0.270    20     4     1     1     1     1     0.00000000
   0.270    20     5     2     2     0     1    -0.00000000
   0.270    20     6     2     2     1    -1    -0.00000000
   0.270    20     7     2     0     0     1    -0.00000000
   0.270    20     8     2     2     1     1    -0.00000000
   0.270    20     9     2     2     2    -1     0.00000000
   0.270    20    10     2     2     2     1    -0.00000000
   0.270    20    11     3     3     0     1     0.00761618
   0.270    20    12     3     3     1    -1    -0.01548116
   0.270    20    13     3     1     0     1    -0.12490627
   0.270    20    14     3     1     1    -1     0.98478297
   0.270    20    15     3     3     1     1     0.00000000
   0.270    20    16     3     3     2    -1     0.00000000
   0.270    20    17     3     1     1     1    -0.00000000
   0.270    20    18     3     3     2     1    -0.00000000
   0.270    20    19     3     3     3    -1     0.00000000
   0.270    20    20     3     3     3     1     0.00000000
   0.270    20    21     4     4     0     1     0.00000000
   0.270    20    22     4     4     1    -1     0.00000000
   0.270    20    23     4     2     0     1    -0.00000000
   0.270    20    24     4     2     1    -1    -0.00000000
   0.270    20    25     4     0     0     1    -0.00000000
   0.270    20    26     4     4     1     1     0.00000000
   0.270    20    27     4     4     2    -1     0.00000000
   0.270    20    28     4     2     1     1     0.00000000
   0.270    20    29     4     2     2    -1     0.00000000
   0.270    20    30     4     4     2     1    -0.00000000
   0.270    20    31     4     4     3    -1    -0.00000000
   0.270    20    32     4     2     2     1     0.00000000
   0.270    20    33     4     4     3     1    -0.00000000
   0.270    20    34     4     4     4    -1    -0.00000000
   0.270    20    35     4     4     4     1    -0.00000000
   0.270    20    36     5     5     0     1     0.00062120
   0.270    20    37     5     5     1    -1    -0.00070810
   0.270    20    38     5     3     0     1    -0.00352907
   0.270    20    39     5     3     1    -1     0.10447923
   0.270    20    40     5     1     0     1    -0.02001009
   0.270    20    41     5     1     1    -1    -0.04595059
   0.270    20    42     5     5     1     1    -0.00000000
   0.270    20    43     5     5     2    -1    -0.00000000
   0.270    20    44     5     3     1     1     0.00000000
   0.270    20    45     5     3     2    -1    -0.00000000
   0.270    20    46     5     1     1     1     0.00000000
   0.270    20    47     5     5     2     1     0.00000000
   0.270    20    48     5     5     3    -1    -0.00000000
   0.270    20    49     5     3     2     1     0.00000000
   0.270    20    50     5     3     3    -1     0.00000000
   0.270    20    51     5     5     3     1    -0.00000000
   0.270    20    52     5     5     4    -1    -0.00000000
   0.270    20    53     5     3     3     1     0.00000000
   0.270    20    54     5     5     4     1     0.00000000
   0.270    20    55     5     5     5    -1     0.00000000
   0.270    20    56     5     5     5     1     0.00000000
   0.270    20    57     6     6     0     1     0.00000000
   0.270    20    58     6     6     1    -1     0.00000000
   0.270    20    59     6     4     0     1     0.00000000
   0.270    20    60     6     4     1    -1     0.00000000
   0.270    20    61     6     2     0     1    -0.00000000
   0.270    20    62     6     2     1    -1    -0.00000000
   0.270    20    63     6     0     0     1    -0.00000000
   0.270    20    64     6     6     1     1     0.00000000
   0.270    20    65     6     6     2    -1     0.00000000
   0.270    20    66     6     4     1     1     0.00000000
   0.270    20    67     6     4     2    -1     0.00000000
   0.270    20    68     6     2     1     1     0.00000000
   0.270    20    69     6     2     2    -1     0.00000000
   0.270    20    70     6     6     2     1    -0.00000000
   0.270    20    71     6     6     3    -1    -0.00000000
   0.270    20    72     6     4     2     1    -0.00000000
   0.270    20    73     6     4     3    -1    -0.00000000
   0.270    20    74     6     2     2     1     0.00000000
   0.270    20    75     6     6     3     1    -0.00000000
   0.270    20    76     6     6     4    -1    -0.00000000
   0.270    20    77     6     4     3     1     0.00000000
   0.270    20    78     6     4     4    -1     0.00000000
   0.270    20    79     6     6     4     1    -0.00000000
   0.270    20    80     6     6     5    -1     0.00000000
   0.270    20    81     6     4     4     1    -0.00000000
   0.270    20    82     6     6     5     1     0.00000000
   0.270    20    83     6     6     6    -1    -0.00000000
   0.270    20    84     6     6     6     1    -0.00000000
   0.270    20    85     7     7     0     1     0.00002896
   0.270    20    86     7     7     1    -1    -0.00003236
   0.270    20    87     7     5     0     1     0.00042858
   0.270    20    88     7     5     1    -1     0.00705101
   0.270    20    89     7     3     0     1    -0.00172649
   0.270    20    90     7     3     1    -1     0.00066611
   0.270    20    91     7     1     0     1    -0.00170573
   0.270    20    92     7     1     1    -1     0.00490521
   0.270    20    93     7     7     1     1     0.00000000
   0.270    20    94     7     7     2    -1    -0.00000000
   0.270    20    95     7     5     1     1    -0.00000000
   0.270    20    96     7     5     2    -1    -0.00000000
   0.270    20    97     7     3     1     1    -0.00000000
   0.270    20    98     7     3     2    -1    -0.00000000
   0.270    20    99     7     1     1     1     0.00000000
   0.270    20   100     7     7     2     1     0.00000000
   0.270    20   101     7     7     3    -1    -0.00000000
   0.270    20   102     7     5     2     1     0.00000000
   0.270    20   103     7     5     3    -1     0.00000000
   0.270    20   104     7     3     2     1     0.00000000
   0.270    20   105     7     3     3    -1    -0.00000000
   0.270    20   106     7     7     3     1    -0.00000000
   0.270    20   107     7     7     4    -1     0.00000000
   0.270    20   108     7     5     3     1     0.00000000
   0.270    20   109     7     5     4    -1     0.00000000
   0.270    20   110     7     3     3     1    -0.00000000
   0.270    20   111     7     7     4     1     0.00000000
   0.270    20   112     7     7     5    -1     0.00000000
   0.270    20   113     7     5     4     1    -0.00000000
   0.270    20   114     7     5     5    -1    -0.00000000
   0.270    20   115     7     7     5     1     0.00000000
   0.270    20   116     7     7     6    -1     0.00000000
   0.270    20   117     7     5     5     1     0.00000000
   0.270    20   118     7     7     6     1     0.00000000
   0.270    20   119     7     7     7    -1     0.00000000
   0.270    20   120     7     7     7     1     0.00000000
   0.270    21     1     0     0     0     1    -0.00000000
   0.270    21     2     1     1     0     1     0.00000000
   0.270    21     3     1     1     1    -1     0.00000000
   0.270    21     4     1     1     1     1    -0.00000000
   0.270    21     5     2     2     0     1     0.00000000
   0.270    21     6     2     2     1    -1     0.00000000
   0.270    21     7     2     0     0     1     0.00000000
   0.270    21     8     2     2     1     1     0.06009132
   0.270    21     9     2     2     2    -1     0.02802732
   0.270    21    10     2     2     2     1    -0.00000000
   0.270    21    11     3     3     0     1     0.00000000
   0.270    21    12     3     3     1    -1    -0.00000000
   0.270    21    13     3     1     0     1    -0.00000000
   0.270    21    14     3     1     1    -1     0.00000000
   0.270    21    15     3     3     1     1    -0.00000000
   0.270    21    16     3     3     2    -1     0.00000000
   0.270    21    17     3     1     1     1    -0.00000000
   0.270    21    18     3     3     2     1    -0.00000000
   0.270    21    19     3     3     3    -1    -0.00000000
   0.270    21    20     3     3     3     1    -0.00000000
   0.270    21    21     4     4     0     1    -0.00000000
   0.270    21    22     4     4     1    -1    -0.00000000
   0.270    21    23     4     2     0     1    -0.00000000
   0.270    21    24     4     2     1    -1    -0.00000000
   0.270    21    25     4     0     0     1    -0.00000000
   0.270    21    26     4     4     1     1    -0.86980190
   0.270    21    27     4     4     2    -1    -0.47820191
   0.270    21    28     4     2     1     1    -0.01427401
   0.270    21    29     4     2     2    -1    -0.00381955
   0.270    21    30     4     4     2     1     0.00000000
   0.270    21    31     4     4     3    -1    -0.00000000
   0.270    21    32     4     2     2     1    -0.00000000
   0.270    21    33     4     4     3     1     0.00000000
   0.270    21    34     4     4     4    -1     0.00000000
   0.270    21    35     4     4     4     1     0.00000000
   0.270    21    36     5     5     0     1     0.00000000
   0.270    21    37     5     5     1    -1     0.00000000
   0.270    21    38     5     3     0     1    -0.00000000
   0.270    21    39     5     3     1    -1     0.00000000
   0.270    21    40     5     1     0     1    -0.00000000
   0.270    21    41     5     1     1    -1    -0.00000000
   0.270    21    42     5     5     1     1    -0.00000000
   0.270    21    43     5     5     2    -1    -0.00000000
   0.270    21    44     5     3     1     1    -0.00000000
   0.270    21    45     5     3     2    -1     0.00000000
   0.270    21    46     5     1     1     1    -0.00000000
   0.270    21    47     5     5     2     1     0.00000000
   0.270    21    48     5     5     3    -1     0.00000000
   0.270    21    49     5     3     2     1     0.00000000
   0.270    21    50     5     3     3    -1    -0.00000000
   0.270    21    51     5     5     3     1     0.00000000
   0.270    21    52     5     5     4    -1    -0.00000000
   0.270    21    53     5     3     3     1    -0.00000000
   0.270    21    54     5     5     4     1    -0.00000000
   0.270    21    55     5     5     5    -1     0.00000000
   0.270    21    56     5     5     5     1     0.00000000
   0.270    21    57     6     6     0     1    -0.00000000
   0.270    21    58     6     6     1    -1    -0.00000000
   0.270    21    59     6     4     0     1    -0.00000000
   0.270    21    60     6     4     1    -1    -0.00000000
   0.270    21    61     6     2     0     1    -0.00000000
   0.270    21    62     6     2     1    -1    -0.00000000
   0.270    21    63     6     0     0     1    -0.00000000
   0.270    21    64     6     6     1     1    -0.07394935
   0.270    21    65     6     6     2    -1    -0.04128520
   0.270    21    66     6     4     1     1    -0.04135993
   0.270    21    67     6     4     2    -1    -0.01262464
   0.270    21    68     6     2     1     1    -0.03174289
   0.270    21    69     6     2     2    -1    -0.01010694
   0.270    21    70     6     6     2     1    -0.00000000
   0.270    21    71     6     6     3    -1    -0.00000000
   0.270    21    72     6     4     2     1     0.00000000
   0.270    21    73     6     4     3    -1    -0.00000000
   0.270    21    74     6     2     2     1     0.00000000
   0.270    21    75     6     6     3     1    -0.00000000
   0.270    21    76     6     6     4    -1    -0.00000000
   0.270    21    77     6     4     3     1    -0.00000000
   0.270    21    78     6     4     4    -1     0.00000000
   0.270    21    79     6     6     4     1    -0.00000000
   0.270    21    80     6     6     5    -1    -0.00000000
   0.270    21    81     6     4     4     1     0.00000000
   0.270    21    82     6     6     5     1     0.00000000
   0.270    21    83     6     6     6    -1    -0.00000000
   0.270    21    84     6     6     6     1     0.00000000
   0.270    21    85     7     7     0     1     0.00000000
   0.270    21    86     7     7     1    -1    -0.00000000
   0.270    21    87     7     5     0     1     0.00000000
   0.270    21    88     7     5     1    -1     0.00000000
   0.270    21    89     7     3     0     1    -0.00000000
   0.270    21    90     7     3     1    -1     0.00000000
   0.270    21    91     7     1     0     1     0.00000000
   0.270    21    92     7     1     1    -1     0.00000000
   0.270    21    93     7     7     1     1    -0.00000000
   0.270    21    94     7     7     2    -1     0.00000000
   0.270    21    95     7     5     1     1    -0.00000000
   0.270    21    96     7     5     2    -1    -0.00000000
   0.270    21    97     7     3     1     1    -0.00000000
   0.270    21    98     7     3     2    -1     0.00000000
   0.270    21    99     7     1     1     1     0.00000000
   0.270    21   100     7     7     2     1     0.00000000
   0.270    21   101     7     7     3    -1     0.00000000
   0.270    21   102     7     5     2     1     0.00000000
   0.270    21   103     7     5     3    -1     0.00000000
   0.270    21   104     7     3     2     1     0.00000000
   0.270    21   105     7     3     3    -1     0.00000000
   0.270    21   106     7     7     3     1     0.00000000
   0.270    21   107     7     7     4    -1     0.00000000
   0.270    21   108     7     5     3     1    -0.00000000
   0.270    21   109     7     5     4    -1     0.00000000
   0.270    21   110     7     3     3     1     0.00000000
   0.270    21   111     7     7     4     1     0.00000000
   0.270    21   112     7     7     5    -1     0.00000000
   0.270    21   113     7     5     4     1     0.00000000
   0.270    21   114     7     5     5    -1     0.00000000
   0.270    21   115     7     7     5     1     0.00000000
   0.270    21   116     7     7     6    -1     0.00000000
   0.270    21   117     7     5     5     1     0.00000000
   0.270    21   118     7     7     6     1     0.00000000
   0.270    21   119     7     7     7    -1     0.00000000
   0.270    21   120     7     7     7     1     0.00000000
   0.270    22     1     0     0     0     1     0.00000000
   0.270    22     2     1     1     0     1     0.00000000
   0.270    22     3     1     1     1    -1    -0.00000000
   0.270    22     4     1     1     1     1    -0.00000000
   0.270    22     5     2     2     0     1     0.00000000
   0.270    22     6     2     2     1    -1     0.00000000
   0.270    22     7     2     0     0     1     0.00000000
   0.270    22     8     2     2     1     1    -0.00000000
   0.270    22     9     2     2     2    -1    -0.00000000
   0.270    22    10     2     2     2     1     0.00000000
   0.270    22    11     3     3     0     1     0.00000000
   0.270    22    12     3     3     1    -1    -0.00000000
   0.270    22    13     3     1     0     1     0.00000000
   0.270    22    14     3     1     1    -1     0.00000000
   0.270    22    15     3     3     1     1     0.00000000
   0.270    22    16     3     3     2    -1    -0.00000000
   0.270    22    17     3     1     1     1     0.00000000
   0.270    22    18     3     3     2     1    -0.22002339
   0.270    22    19     3     3     3    -1     0.97253206
   0.270    22    20     3     3     3     1     0.00000000
   0.270    22    21     4     4     0     1     0.00000000
   0.270    22    22     4     4     1    -1     0.00000000
   0.270    22    23     4     2     0     1     0.00000000
   0.270    22    24     4     2     1    -1     0.00000000
   0.270    22    25     4     0     0     1     0.00000000
   0.270    22    26     4     4     1     1    -0.00000000
   0.270    22    27     4     4     2    -1    -0.00000000
   0.270    22    28     4     2     1     1     0.00000000
   0.270    22    29     4     2     2    -1     0.00000000
   0.270    22    30     4     4     2     1     0.00000000
   0.270    22    31     4     4     3    -1     0.00000000
   0.270    22    32     4     2     2     1    -0.00000000
   0.270    22    33     4     4     3     1    -0.00000000
   0.270    22    34     4     4     4    -1    -0.00000000
   0.270    22    35     4     4     4     1     0.00000000
   0.270    22    36     5     5     0     1     0.00000000
   0.270    22    37     5     5     1    -1    -0.00000000
   0.270    22    38     5     3     0     1     0.00000000
   0.270    22    39     5     3     1    -1    -0.00000000
   0.270    22    40     5     1     0     1     0.00000000
   0.270    22    41     5     1     1    -1    -0.00000000
   0.270    22    42     5     5     1     1     0.00000000
   0.270    22    43     5     5     2    -1    -0.00000000
   0.270    22    44     5     3     1     1     0.00000000
   0.270    22    45     5     3     2    -1     0.00000000
   0.270    22    46     5     1     1     1    -0.00000000
   0.270    22    47     5     5     2     1    -0.01045582
   0.270    22    48     5     5     3    -1     0.04464940
   0.270    22    49     5     3     2     1    -0.00519749
   0.270    22    50     5     3     3    -1    -0.06019099
   0.270    22    51     5     5     3     1    -0.00000000
   0.270    22    52     5     5     4    -1    -0.00000000
   0.270    22    53     5     3     3     1     0.00000000
   0.270    22    54     5     5     4     1     0.00000000
   0.270    22    55     5     5     5    -1     0.00000000
   0.270    22    56     5     5     5     1     0.00000000
   0.270    22    57     6     6     0     1     0.00000000
   0.270    22    58     6     6     1    -1     0.00000000
   0.270    22    59     6     4     0     1     0.00000000
   0.270    22    60     6     4     1    -1     0.00000000
   0.270    22    61     6     2     0     1     0.00000000
   0.270    22    62     6     2     1    -1     0.00000000
   0.270    22    63     6     0     0     1     0.00000000
   0.270    22    64     6     6     1     1    -0.00000000
   0.270    22    65     6     6     2    -1    -0.00000000
   0.270    22    66     6     4     1     1    -0.00000000
   0.270    22    67     6     4     2    -1    -0.00000000
   0.270    22    68     6     2     1     1    -0.00000000
   0.270    22    69     6     2     2    -1    -0.00000000
   0.270    22    70     6     6     2     1     0.00000000
   0.270    22    71     6     6     3    -1     0.00000000
   0.270    22    72     6     4     2     1    -0.00000000
   0.270    22    73     6     4     3    -1    -0.00000000
   0.270    22    74     6     2     2     1     0.00000000
   0.270    22    75     6     6     3     1    -0.00000000
   0.270    22    76     6     6     4    -1    -0.00000000
   0.270    22    77     6     4     3     1     0.00000000
   0.270    22    78     6     4     4    -1     0.00000000
   0.270    22    79     6     6     4     1     0.00000000
   0.270    22    80     6     6     5    -1     0.00000000
   0.270    22    81     6     4     4     1    -0.00000000
   0.270    22    82     6     6     5     1    -0.00000000
   0.270    22    83     6     6     6    -1    -0.00000000
   0.270    22    84     6     6     6     1     0.00000000
   0.270    22    85     7     7     0     1     0.00000000
   0.270    22    86     7     7     1    -1    -0.00000000
   0.270    22    87     7     5     0     1     0.00000000
   0.270    22    88     7     5     1    -1    -0.00000000
   0.270    22    89     7     3     0     1     0.00000000
   0.270    22    90     7     3     1    -1    -0.00000000
   0.270    22    91     7     1     0     1     0.00000000
   0.270    22    92     7     1     1    -1    -0.00000000
   0.270    22    93     7     7     1     1     0.00000000
   0.270    22    94     7     7     2    -1     0.00000000
   0.270    22    95     7     5     1     1    -0.00000000
   0.270    22    96     7     5     2    -1     0.00000000
   0.270    22    97     7     3     1     1    -0.00000000
   0.270    22    98     7     3     2    -1     0.00000000
   0.270    22    99     7     1     1     1     0.00000000
   0.270    22   100     7     7     2     1    -0.00027911
   0.270    22   101     7     7     3    -1     0.00167764
   0.270    22   102     7     5     2     1    -0.00071662
   0.270    22   103     7     5     3    -1    -0.00191900
   0.270    22   104     7     3     2     1    -0.00011220
   0.270    22   105     7     3     3    -1     0.00333655
   0.270    22   106     7     7     3     1     0.00000000
   0.270    22   107     7     7     4    -1    -0.00000000
   0.270    22   108     7     5     3     1    -0.00000000
   0.270    22   109     7     5     4    -1    -0.00000000
   0.270    22   110     7     3     3     1    -0.00000000
   0.270    22   111     7     7     4     1    -0.00000000
   0.270    22   112     7     7     5    -1    -0.00000000
   0.270    22   113     7     5     4     1    -0.00000000
   0.270    22   114     7     5     5    -1     0.00000000
   0.270    22   115     7     7     5     1     0.00000000
   0.270    22   116     7     7     6    -1     0.00000000
   0.270    22   117     7     5     5     1     0.00000000
   0.270    22   118     7     7     6     1     0.00000000
   0.270    22   119     7     7     7    -1     0.00000000
   0.270    22   120     7     7     7     1     0.00000000
   0.270    23     1     0     0     0     1     0.00000000
   0.270    23     2     1     1     0     1    -0.00000000
   0.270    23     3     1     1     1    -1    -0.00000000
   0.270    23     4     1     1     1     1     0.00000000
   0.270    23     5     2     2     0     1     0.00000000
   0.270    23     6     2     2     1    -1    -0.00000000
   0.270    23     7     2     0     0     1     0.00000000
   0.270    23     8     2     2     1     1    -0.00000000
   0.270    23     9     2     2     2    -1     0.00000000
   0.270    23    10     2     2     2     1     0.05030952
   0.270    23    11     3     3     0     1     0.00000000
   0.270    23    12     3     3     1    -1     0.00000000
   0.270    23    13     3     1     0     1     0.00000000
   0.270    23    14     3     1     1    -1    -0.00000000
   0.270    23    15     3     3     1     1     0.00000000
   0.270    23    16     3     3     2    -1     0.00000000
   0.270    23    17     3     1     1     1    -0.00000000
   0.270    23    18     3     3     2     1     0.00000000
   0.270    23    19     3     3     3    -1     0.00000000
   0.270    23    20     3     3     3     1    -0.00000000
   0.270    23    21     4     4     0     1    -0.00000000
   0.270    23    22     4     4     1    -1    -0.00000000
   0.270    23    23     4     2     0     1    -0.00000000
   0.270    23    24     4     2     1    -1    -0.00000000
   0.270    23    25     4     0     0     1    -0.00000000
   0.270    23    26     4     4     1     1    -0.00000000
   0.270    23    27     4     4     2    -1    -0.00000000
   0.270    23    28     4     2     1     1     0.00000000
   0.270    23    29     4     2     2    -1    -0.00000000
   0.270    23    30     4     4     2     1    -0.93462232
   0.270    23    31     4     4     3    -1    -0.34216253
   0.270    23    32     4     2     2     1    -0.00553963
   0.270    23    33     4     4     3     1    -0.00000000
   0.270    23    34     4     4     4    -1    -0.00000000
   0.270    23    35     4     4     4     1     0.00000000
   0.270    23    36     5     5     0     1    -0.00000000
   0.270    23    37     5     5     1    -1    -0.00000000
   0.270    23    38     5     3     0     1    -0.00000000
   0.270    23    39     5     3     1    -1    -0.00000000
   0.270    23    40     5     1     0     1     0.00000000
   0.270    23    41     5     1     1    -1     0.00000000
   0.270    23    42     5     5     1     1    -0.00000000
   0.270    23    43     5     5     2    -1    -0.00000000
   0.270    23    44     5     3     1     1     0.00000000
   0.270    23    45     5     3     2    -1    -0.00000000
   0.270    23    46     5     1     1     1    -0.00000000
   0.270    23    47     5     5     2     1    -0.00000000
   0.270    23    48     5     5     3    -1    -0.00000000
   0.270    23    49     5     3     2     1     0.00000000
   0.270    23    50     5     3     3    -1     0.00000000
   0.270    23    51     5     5     3     1     0.00000000
   0.270    23    52     5     5     4    -1     0.00000000
   0.270    23    53     5     3     3     1    -0.00000000
   0.270    23    54     5     5     4     1    -0.00000000
   0.270    23    55     5     5     5    -1     0.00000000
   0.270    23    56     5     5     5     1     0.00000000
   0.270    23    57     6     6     0     1    -0.00000000
   0.270    23    58     6     6     1    -1    -0.00000000
   0.270    23    59     6     4     0     1    -0.00000000
   0.270    23    60     6     4     1    -1    -0.00000000
   0.270    23    61     6     2     0     1    -0.00000000
   0.270    23    62     6     2     1    -1    -0.00000000
   0.270    23    63     6     0     0     1    -0.00000000
   0.270    23    64     6     6     1     1     0.00000000
   0.270    23    65     6     6     2    -1    -0.00000000
   0.270    23    66     6     4     1     1    -0.00000000
   0.270    23    67     6     4     2    -1    -0.00000000
   0.270    23    68     6     2     1     1     0.00000000
   0.270    23    69     6     2     2    -1    -0.00000000
   0.270    23    70     6     6     2     1    -0.07271656
   0.270    23    71     6     6     3    -1    -0.02752795
   0.270    23    72     6     4     2     1    -0.01975063
   0.270    23    73     6     4     3    -1     0.00364349
   0.270    23    74     6     2     2     1    -0.01988305
   0.270    23    75     6     6     3     1    -0.00000000
   0.270    23    76     6     6     4    -1    -0.00000000
   0.270    23    77     6     4     3     1    -0.00000000
   0.270    23    78     6     4     4    -1    -0.00000000
   0.270    23    79     6     6     4     1     0.00000000
   0.270    23    80     6     6     5    -1     0.00000000
   0.270    23    81     6     4     4     1    -0.00000000
   0.270    23    82     6     6     5     1    -0.00000000
   0.270    23    83     6     6     6    -1     0.00000000
   0.270    23    84     6     6     6     1     0.00000000
   0.270    23    85     7     7     0     1    -0.00000000
   0.270    23    86     7     7     1    -1     0.00000000
   0.270    23    87     7     5     0     1    -0.00000000
   0.270    23    88     7     5     1    -1     0.00000000
   0.270    23    89     7     3     0     1     0.00000000
   0.270    23    90     7     3     1    -1    -0.00000000
   0.270    23    91     7     1     0     1    -0.00000000
   0.270    23    92     7     1     1    -1    -0.00000000
   0.270    23    93     7     7     1     1     0.00000000
   0.270    23    94     7     7     2    -1    -0.00000000
   0.270    23    95     7     5     1     1     0.00000000
   0.270    23    96     7     5     2    -1    -0.00000000
   0.270    23    97     7     3     1     1    -0.00000000
   0.270    23    98     7     3     2    -1    -0.00000000
   0.270    23    99     7     1     1     1     0.00000000
   0.270    23   100     7     7     2     1    -0.00000000
   0.270    23   101     7     7     3    -1     0.00000000
   0.270    23   102     7     5     2     1     0.00000000
   0.270    23   103     7     5     3    -1     0.00000000
   0.270    23   104     7     3     2     1    -0.00000000
   0.270    23   105     7     3     3    -1    -0.00000000
   0.270    23   106     7     7     3     1    -0.00000000
   0.270    23   107     7     7     4    -1    -0.00000000
   0.270    23   108     7     5     3     1    -0.00000000
   0.270    23   109     7     5     4    -1    -0.00000000
   0.270    23   110     7     3     3     1     0.00000000
   0.270    23   111     7     7     4     1     0.00000000
   0.270    23   112     7     7     5    -1     0.00000000
   0.270    23   113     7     5     4     1     0.00000000
   0.270    23   114     7     5     5    -1    -0.00000000
   0.270    23   115     7     7     5     1     0.00000000
   0.270    23   116     7     7     6    -1     0.00000000
   0.270    23   117     7     5     5     1     0.00000000
   0.270    23   118     7     7     6     1     0.00000000
   0.270    23   119     7     7     7    -1     0.00000000
   0.270    23   120     7     7     7     1     0.00000000
   0.270    24     1     0     0     0     1     0.00000000
   0.270    24     2     1     1     0     1    -0.00000000
   0.270    24     3     1     1     1    -1    -0.00000000
   0.270    24     4     1     1     1     1     0.00000000
   0.270    24     5     2     2     0     1    -0.00000000
   0.270    24     6     2     2     1    -1     0.00000000
   0.270    24     7     2     0     0     1     0.00000000
   0.270    24     8     2     2     1     1    -0.00000000
   0.270    24     9     2     2     2    -1     0.00000000
   0.270    24    10     2     2     2     1     0.00000000
   0.270    24    11     3     3     0     1     0.00000000
   0.270    24    12     3     3     1    -1    -0.00000000
   0.270    24    13     3     1     0     1    -0.00000000
   0.270    24    14     3     1     1    -1    -0.00000000
   0.270    24    15     3     3     1     1    -0.00000000
   0.270    24    16     3     3     2    -1    -0.00000000
   0.270    24    17     3     1     1     1     0.00000000
   0.270    24    18     3     3     2     1     0.00000000
   0.270    24    19     3     3     3    -1     0.00000000
   0.270    24    20     3     3     3     1    -0.00000000
   0.270    24    21     4     4     0     1    -0.00000000
   0.270    24    22     4     4     1    -1    -0.00000000
   0.270    24    23     4     2     0     1    -0.00000000
   0.270    24    24     4     2     1    -1    -0.00000000
   0.270    24    25     4     0     0     1     0.00000000
   0.270    24    26     4     4     1     1     0.00000000
   0.270    24    27     4     4     2    -1     0.00000000
   0.270    24    28     4     2     1     1     0.00000000
   0.270    24    29     4     2     2    -1    -0.00000000
   0.270    24    30     4     4     2     1    -0.00000000
   0.270    24    31     4     4     3    -1    -0.00000000
   0.270    24    32     4     2     2     1     0.00000000
   0.270    24    33     4     4     3     1     0.97440986
   0.270    24    34     4     4     4    -1     0.21385897
   0.270    24    35     4     4     4     1    -0.00000000
   0.270    24    36     5     5     0     1     0.00000000
   0.270    24    37     5     5     1    -1    -0.00000000
   0.270    24    38     5     3     0     1     0.00000000
   0.270    24    39     5     3     1    -1     0.00000000
   0.270    24    40     5     1     0     1     0.00000000
   0.270    24    41     5     1     1    -1     0.00000000
   0.270    24    42     5     5     1     1     0.00000000
   0.270    24    43     5     5     2    -1     0.00000000
   0.270    24    44     5     3     1     1    -0.00000000
   0.270    24    45     5     3     2    -1    -0.00000000
   0.270    24    46     5     1     1     1     0.00000000
   0.270    24    47     5     5     2     1    -0.00000000
   0.270    24    48     5     5     3    -1    -0.00000000
   0.270    24    49     5     3     2     1     0.00000000
   0.270    24    50     5     3     3    -1     0.00000000
   0.270    24    51     5     5     3     1    -0.00000000
   0.270    24    52     5     5     4    -1     0.00000000
   0.270    24    53     5     3     3     1    -0.00000000
   0.270    24    54     5     5     4     1    -0.00000000
   0.270    24    55     5     5     5    -1     0.00000000
   0.270    24    56     5     5     5     1     0.00000000
   0.270    24    57     6     6     0     1     0.00000000
   0.270    24    58     6     6     1    -1    -0.00000000
   0.270    24    59     6     4     0     1    -0.00000000
   0.270    24    60     6     4     1    -1    -0.00000000
   0.270    24    61     6     2     0     1     0.00000000
   0.270    24    62     6     2     1    -1    -0.00000000
   0.270    24    63     6     0     0     1    -0.00000000
   0.270    24    64     6     6     1     1     0.00000000
   0.270    24    65     6     6     2    -1    -0.00000000
   0.270    24    66     6     4     1     1     0.00000000
   0.270    24    67     6     4     2    -1     0.00000000
   0.270    24    68     6     2     1     1    -0.00000000
   0.270    24    69     6     2     2    -1     0.00000000
   0.270    24    70     6     6     2     1     0.00000000
   0.270    24    71     6     6     3    -1    -0.00000000
   0.270    24    72     6     4     2     1     0.00000000
   0.270    24    73     6     4     3    -1     0.00000000
   0.270    24    74     6     2     2     1    -0.00000000
   0.270    24    75     6     6     3     1     0.06363526
   0.270    24    76     6     6     4    -1     0.01542952
   0.270    24    77     6     4     3     1    -0.01857310
   0.270    24    78     6     4     4    -1    -0.01254144
   0.270    24    79     6     6     4     1    -0.00000000
   0.270    24    80     6     6     5    -1    -0.00000000
   0.270    24    81     6     4     4     1     0.00000000
   0.270    24    82     6     6     5     1    -0.00000000
   0.270    24    83     6     6     6    -1     0.00000000
   0.270    24    84     6     6     6     1     0.00000000
   0.270    24    85     7     7     0     1    -0.00000000
   0.270    24    86     7     7     1    -1     0.00000000
   0.270    24    87     7     5     0     1    -0.00000000
   0.270    24    88     7     5     1    -1     0.00000000
   0.270    24    89     7     3     0     1    -0.00000000
   0.270    24    90     7     3     1    -1    -0.00000000
   0.270    24    91     7     1     0     1     0.00000000
   0.270    24    92     7     1     1    -1     0.00000000
   0.270    24    93     7     7     1     1     0.00000000
   0.270    24    94     7     7     2    -1     0.00000000
   0.270    24    95     7     5     1     1     0.00000000
   0.270    24    96     7     5     2    -1    -0.00000000
   0.270    24    97     7     3     1     1    -0.00000000
   0.270    24    98     7     3     2    -1     0.00000000
   0.270    24    99     7     1     1     1    -0.00000000
   0.270    24   100     7     7     2     1    -0.00000000
   0.270    24   101     7     7     3    -1     0.00000000
   0.270    24   102     7     5     2     1    -0.00000000
   0.270    24   103     7     5     3    -1    -0.00000000
   0.270    24   104     7     3     2     1    -0.00000000
   0.270    24   105     7     3     3    -1    -0.00000000
   0.270    24   106     7     7     3     1     0.00000000
   0.270    24   107     7     7     4    -1     0.00000000
   0.270    24   108     7     5     3     1    -0.00000000
   0.270    24   109     7     5     4    -1    -0.00000000
   0.270    24   110     7     3     3     1     0.00000000
   0.270    24   111     7     7     4     1     0.00000000
   0.270    24   112     7     7     5    -1     0.00000000
   0.270    24   113     7     5     4     1     0.00000000
   0.270    24   114     7     5     5    -1    -0.00000000
   0.270    24   115     7     7     5     1     0.00000000
   0.270    24   116     7     7     6    -1     0.00000000
   0.270    24   117     7     5     5     1     0.00000000
   0.270    24   118     7     7     6     1     0.00000000
   0.270    24   119     7     7     7    -1     0.00000000
   0.270    24   120     7     7     7     1     0.00000000
   0.270    25     1     0     0     0     1    -0.00130652
   0.270    25     2     1     1     0     1    -0.00000000
   0.270    25     3     1     1     1    -1    -0.00000000
   0.270    25     4     1     1     1     1    -0.00000000
   0.270    25     5     2     2     0     1     0.05190629
   0.270    25     6     2     2     1    -1     0.00437981
   0.270    25     7     2     0     0     1     0.10544266
   0.270    25     8     2     2     1     1     0.00000000
   0.270    25     9     2     2     2    -1    -0.00000000
   0.270    25    10     2     2     2     1    -0.00000000
   0.270    25    11     3     3     0     1    -0.00000000
   0.270    25    12     3     3     1    -1     0.00000000
   0.270    25    13     3     1     0     1     0.00000000
   0.270    25    14     3     1     1    -1    -0.00000000
   0.270    25    15     3     3     1     1    -0.00000000
   0.270    25    16     3     3     2    -1     0.00000000
   0.270    25    17     3     1     1     1    -0.00000000
   0.270    25    18     3     3     2     1    -0.00000000
   0.270    25    19     3     3     3    -1     0.00000000
   0.270    25    20     3     3     3     1    -0.00000000
   0.270    25    21     4     4     0     1    -0.01835367
   0.270    25    22     4     4     1    -1     0.07733830
   0.270    25    23     4     2     0     1    -0.87854196
   0.270    25    24     4     2     1    -1    -0.42759183
   0.270    25    25     4     0     0     1    -0.02725846
   0.270    25    26     4     4     1     1     0.00000000
   0.270    25    27     4     4     2    -1    -0.00000000
   0.270    25    28     4     2     1     1    -0.00000000
   0.270    25    29     4     2     2    -1    -0.00000000
   0.270    25    30     4     4     2     1    -0.00000000
   0.270    25    31     4     4     3    -1     0.00000000
   0.270    25    32     4     2     2     1    -0.00000000
   0.270    25    33     4     4     3     1    -0.00000000
   0.270    25    34     4     4     4    -1     0.00000000
   0.270    25    35     4     4     4     1     0.00000000
   0.270    25    36     5     5     0     1     0.00000000
   0.270    25    37     5     5     1    -1     0.00000000
   0.270    25    38     5     3     0     1    -0.00000000
   0.270    25    39     5     3     1    -1    -0.00000000
   0.270    25    40     5     1     0     1    -0.00000000
   0.270    25    41     5     1     1    -1     0.00000000
   0.270    25    42     5     5     1     1     0.00000000
   0.270    25    43     5     5     2    -1    -0.00000000
   0.270    25    44     5     3     1     1     0.00000000
   0.270    25    45     5     3     2    -1    -0.00000000
   0.270    25    46     5     1     1     1    -0.00000000
   0.270    25    47     5     5     2     1    -0.00000000
   0.270    25    48     5     5     3    -1     0.00000000
   0.270    25    49     5     3     2     1    -0.00000000
   0.270    25    50     5     3     3    -1     0.00000000
   0.270    25    51     5     5     3     1     0.00000000
   0.270    25    52     5     5     4    -1     0.00000000
   0.270    25    53     5     3     3     1     0.00000000
   0.270    25    54     5     5     4     1    -0.00000000
   0.270    25    55     5     5     5    -1    -0.00000000
   0.270    25    56     5     5     5     1     0.00000000
   0.270    25    57     6     6     0     1    -0.00001098
   0.270    25    58     6     6     1    -1     0.00690894
   0.270    25    59     6     4     0     1    -0.10778514
   0.270    25    60     6     4     1    -1    -0.05114755
   0.270    25    61     6     2     0     1    -0.07256667
   0.270    25    62     6     2     1    -1    -0.01545962
   0.270    25    63     6     0     0     1    -0.06817982
   0.270    25    64     6     6     1     1    -0.00000000
   0.270    25    65     6     6     2    -1    -0.00000000
   0.270    25    66     6     4     1     1    -0.00000000
   0.270    25    67     6     4     2    -1    -0.00000000
   0.270    25    68     6     2     1     1    -0.00000000
   0.270    25    69     6     2     2    -1     0.00000000
   0.270    25    70     6     6     2     1    -0.00000000
   0.270    25    71     6     6     3    -1    -0.00000000
   0.270    25    72     6     4     2     1    -0.00000000
   0.270    25    73     6     4     3    -1     0.00000000
   0.270    25    74     6     2     2     1     0.00000000
   0.270    25    75     6     6     3     1    -0.00000000
   0.270    25    76     6     6     4    -1    -0.00000000
   0.270    25    77     6     4     3     1     0.00000000
   0.270    25    78     6     4     4    -1    -0.00000000
   0.270    25    79     6     6     4     1    -0.00000000
   0.270    25    80     6     6     5    -1    -0.00000000
   0.270    25    81     6     4     4     1    -0.00000000
   0.270    25    82     6     6     5     1    -0.00000000
   0.270    25    83     6     6     6    -1     0.00000000
   0.270    25    84     6     6     6     1    -0.00000000
   0.270    25    85     7     7     0     1     0.00000000
   0.270    25    86     7     7     1    -1    -0.00000000
   0.270    25    87     7     5     0     1    -0.00000000
   0.270    25    88     7     5     1    -1    -0.00000000
   0.270    25    89     7     3     0     1     0.00000000
   0.270    25    90     7     3     1    -1    -0.00000000
   0.270    25    91     7     1     0     1    -0.00000000
   0.270    25    92     7     1     1    -1    -0.00000000
   0.270    25    93     7     7     1     1    -0.00000000
   0.270    25    94     7     7     2    -1    -0.00000000
   0.270    25    95     7     5     1     1     0.00000000
   0.270    25    96     7     5     2    -1    -0.00000000
   0.270    25    97     7     3     1     1     0.00000000
   0.270    25    98     7     3     2    -1    -0.00000000
   0.270    25    99     7     1     1     1     0.00000000
   0.270    25   100     7     7     2     1    -0.00000000
   0.270    25   101     7     7     3    -1    -0.00000000
   0.270    25   102     7     5     2     1     0.00000000
   0.270    25   103     7     5     3    -1    -0.00000000
   0.270    25   104     7     3     2     1     0.00000000
   0.270    25   105     7     3     3    -1    -0.00000000
   0.270    25   106     7     7     3     1    -0.00000000
   0.270    25   107     7     7     4    -1    -0.00000000
   0.270    25   108     7     5     3     1    -0.00000000
   0.270    25   109     7     5     4    -1    -0.00000000
   0.270    25   110     7     3     3     1     0.00000000
   0.270    25   111     7     7     4     1     0.00000000
   0.270    25   112     7     7     5    -1    -0.00000000
   0.270    25   113     7     5     4     1     0.00000000
   0.270    25   114     7     5     5    -1     0.00000000
   0.270    25   115     7     7     5     1     0.00000000
   0.270    25   116     7     7     6    -1     0.00000000
   0.270    25   117     7     5     5     1     0.00000000
   0.270    25   118     7     7     6     1     0.00000000
   0.270    25   119     7     7     7    -1     0.00000000
   0.270    25   120     7     7     7     1     0.00000000
   0.270    26     1     0     0     0     1     0.00093239
   0.270    26     2     1     1     0     1    -0.00000000
   0.270    26     3     1     1     1    -1    -0.00000000
   0.270    26     4     1     1     1     1     0.00000000
   0.270    26     5     2     2     0     1    -0.03761222
   0.270    26     6     2     2     1    -1     0.04901930
   0.270    26     7     2     0     0     1     0.00614452
   0.270    26     8     2     2     1     1     0.00000000
   0.270    26     9     2     2     2    -1    -0.00000000
   0.270    26    10     2     2     2     1     0.00000000
   0.270    26    11     3     3     0     1    -0.00000000
   0.270    26    12     3     3     1    -1    -0.00000000
   0.270    26    13     3     1     0     1     0.00000000
   0.270    26    14     3     1     1    -1    -0.00000000
   0.270    26    15     3     3     1     1    -0.00000000
   0.270    26    16     3     3     2    -1     0.00000000
   0.270    26    17     3     1     1     1    -0.00000000
   0.270    26    18     3     3     2     1     0.00000000
   0.270    26    19     3     3     3    -1     0.00000000
   0.270    26    20     3     3     3     1     0.00000000
   0.270    26    21     4     4     0     1     0.62770519
   0.270    26    22     4     4     1    -1    -0.76477664
   0.270    26    23     4     2     0     1    -0.05302693
   0.270    26    24     4     2     1    -1    -0.06494870
   0.270    26    25     4     0     0     1     0.00604104
   0.270    26    26     4     4     1     1    -0.00000000
   0.270    26    27     4     4     2    -1     0.00000000
   0.270    26    28     4     2     1     1    -0.00000000
   0.270    26    29     4     2     2    -1    -0.00000000
   0.270    26    30     4     4     2     1    -0.00000000
   0.270    26    31     4     4     3    -1     0.00000000
   0.270    26    32     4     2     2     1     0.00000000
   0.270    26    33     4     4     3     1    -0.00000000
   0.270    26    34     4     4     4    -1    -0.00000000
   0.270    26    35     4     4     4     1    -0.00000000
   0.270    26    36     5     5     0     1    -0.00000000
   0.270    26    37     5     5     1    -1    -0.00000000
   0.270    26    38     5     3     0     1    -0.00000000
   0.270    26    39     5     3     1    -1     0.00000000
   0.270    26    40     5     1     0     1     0.00000000
   0.270    26    41     5     1     1    -1    -0.00000000
   0.270    26    42     5     5     1     1     0.00000000
   0.270    26    43     5     5     2    -1    -0.00000000
   0.270    26    44     5     3     1     1    -0.00000000
   0.270    26    45     5     3     2    -1    -0.00000000
   0.270    26    46     5     1     1     1     0.00000000
   0.270    26    47     5     5     2     1    -0.00000000
   0.270    26    48     5     5     3    -1     0.00000000
   0.270    26    49     5     3     2     1     0.00000000
   0.270    26    50     5     3     3    -1     0.00000000
   0.270    26    51     5     5     3     1    -0.00000000
   0.270    26    52     5     5     4    -1    -0.00000000
   0.270    26    53     5     3     3     1     0.00000000
   0.270    26    54     5     5     4     1    -0.00000000
   0.270    26    55     5     5     5    -1    -0.00000000
   0.270    26    56     5     5     5     1     0.00000000
   0.270    26    57     6     6     0     1     0.04838593
   0.270    26    58     6     6     1    -1    -0.05897246
   0.270    26    59     6     4     0     1     0.02892312
   0.270    26    60     6     4     1    -1    -0.04282380
   0.270    26    61     6     2     0     1     0.02586084
   0.270    26    62     6     2     1    -1    -0.03168834
   0.270    26    63     6     0     0     1    -0.00420618
   0.270    26    64     6     6     1     1    -0.00000000
   0.270    26    65     6     6     2    -1     0.00000000
   0.270    26    66     6     4     1     1    -0.00000000
   0.270    26    67     6     4     2    -1    -0.00000000
   0.270    26    68     6     2     1     1    -0.00000000
   0.270    26    69     6     2     2    -1     0.00000000
   0.270    26    70     6     6     2     1     0.00000000
   0.270    26    71     6     6     3    -1     0.00000000
   0.270    26    72     6     4     2     1    -0.00000000
   0.270    26    73     6     4     3    -1    -0.00000000
   0.270    26    74     6     2     2     1    -0.00000000
   0.270    26    75     6     6     3     1     0.00000000
   0.270    26    76     6     6     4    -1     0.00000000
   0.270    26    77     6     4     3     1    -0.00000000
   0.270    26    78     6     4     4    -1    -0.00000000
   0.270    26    79     6     6     4     1     0.00000000
   0.270    26    80     6     6     5    -1     0.00000000
   0.270    26    81     6     4     4     1     0.00000000
   0.270    26    82     6     6     5     1    -0.00000000
   0.270    26    83     6     6     6    -1    -0.00000000
   0.270    26    84     6     6     6     1     0.00000000
   0.270    26    85     7     7     0     1     0.00000000
   0.270    26    86     7     7     1    -1    -0.00000000
   0.270    26    87     7     5     0     1    -0.00000000
   0.270    26    88     7     5     1    -1    -0.00000000
   0.270    26    89     7     3     0     1     0.00000000
   0.270    26    90     7     3     1    -1    -0.00000000
   0.270    26    91     7     1     0     1    -0.00000000
   0.270    26    92     7     1     1    -1     0.00000000
   0.270    26    93     7     7     1     1     0.00000000
   0.270    26    94     7     7     2    -1     0.00000000
   0.270    26    95     7     5     1     1    -0.00000000
   0.270    26    96     7     5     2    -1    -0.00000000
   0.270    26    97     7     3     1     1     0.00000000
   0.270    26    98     7     3     2    -1    -0.00000000
   0.270    26    99     7     1     1     1    -0.00000000
   0.270    26   100     7     7     2     1    -0.00000000
   0.270    26   101     7     7     3    -1    -0.00000000
   0.270    26   102     7     5     2     1    -0.00000000
   0.270    26   103     7     5     3    -1     0.00000000
   0.270    26   104     7     3     2     1    -0.00000000
   0.270    26   105     7     3     3    -1    -0.00000000
   0.270    26   106     7     7     3     1     0.00000000
   0.270    26   107     7     7     4    -1     0.00000000
   0.270    26   108     7     5     3     1    -0.00000000
   0.270    26   109     7     5     4    -1     0.00000000
   0.270    26   110     7     3     3     1    -0.00000000
   0.270    26   111     7     7     4     1     0.00000000
   0.270    26   112     7     7     5    -1    -0.00000000
   0.270    26   113     7     5     4     1     0.00000000
   0.270    26   114     7     5     5    -1     0.00000000
   0.270    26   115     7     7     5     1     0.00000000
   0.270    26   116     7     7     6    -1     0.00000000
   0.270    26   117     7     5     5     1     0.00000000
   0.270    26   118     7     7     6     1     0.00000000
   0.270    26   119     7     7     7    -1     0.00000000
   0.270    26   120     7     7     7     1     0.00000000
   0.270    27     1     0     0     0     1    -0.00000000
   0.270    27     2     1     1     0     1    -0.00000000
   0.270    27     3     1     1     1    -1     0.00000000
   0.270    27     4     1     1     1     1     0.00000000
   0.270    27     5     2     2     0     1     0.00000000
   0.270    27     6     2     2     1    -1    -0.00000000
   0.270    27     7     2     0     0     1    -0.00000000
   0.270    27     8     2     2     1     1     0.03018175
   0.270    27     9     2     2     2    -1    -0.02121183
   0.270    27    10     2     2     2     1    -0.00000000
   0.270    27    11     3     3     0     1    -0.00000000
   0.270    27    12     3     3     1    -1     0.00000000
   0.270    27    13     3     1     0     1     0.00000000
   0.270    27    14     3     1     1    -1     0.00000000
   0.270    27    15     3     3     1     1     0.00000000
   0.270    27    16     3     3     2    -1     0.00000000
   0.270    27    17     3     1     1     1     0.00000000
   0.270    27    18     3     3     2     1    -0.00000000
   0.270    27    19     3     3     3    -1    -0.00000000
   0.270    27    20     3     3     3     1     0.00000000
   0.270    27    21     4     4     0     1    -0.00000000
   0.270    27    22     4     4     1    -1     0.00000000
   0.270    27    23     4     2     0     1     0.00000000
   0.270    27    24     4     2     1    -1     0.00000000
   0.270    27    25     4     0     0     1    -0.00000000
   0.270    27    26     4     4     1     1    -0.06670569
   0.270    27    27     4     4     2    -1     0.16614546
   0.270    27    28     4     2     1     1    -0.96204304
   0.270    27    29     4     2     2    -1    -0.16026374
   0.270    27    30     4     4     2     1     0.00000000
   0.270    27    31     4     4     3    -1    -0.00000000
   0.270    27    32     4     2     2     1     0.00000000
   0.270    27    33     4     4     3     1    -0.00000000
   0.270    27    34     4     4     4    -1     0.00000000
   0.270    27    35     4     4     4     1     0.00000000
   0.270    27    36     5     5     0     1     0.00000000
   0.270    27    37     5     5     1    -1    -0.00000000
   0.270    27    38     5     3     0     1    -0.00000000
   0.270    27    39     5     3     1    -1    -0.00000000
   0.270    27    40     5     1     0     1     0.00000000
   0.270    27    41     5     1     1    -1     0.00000000
   0.270    27    42     5     5     1     1    -0.00000000
   0.270    27    43     5     5     2    -1     0.00000000
   0.270    27    44     5     3     1     1    -0.00000000
   0.270    27    45     5     3     2    -1     0.00000000
   0.270    27    46     5     1     1     1     0.00000000
   0.270    27    47     5     5     2     1     0.00000000
   0.270    27    48     5     5     3    -1     0.00000000
   0.270    27    49     5     3     2     1    -0.00000000
   0.270    27    50     5     3     3    -1    -0.00000000
   0.270    27    51     5     5     3     1     0.00000000
   0.270    27    52     5     5     4    -1     0.00000000
   0.270    27    53     5     3     3     1     0.00000000
   0.270    27    54     5     5     4     1    -0.00000000
   0.270    27    55     5     5     5    -1    -0.00000000
   0.270    27    56     5     5     5     1     0.00000000
   0.270    27    57     6     6     0     1    -0.00000000
   0.270    27    58     6     6     1    -1     0.00000000
   0.270    27    59     6     4     0     1     0.00000000
   0.270    27    60     6     4     1    -1     0.00000000
   0.270    27    61     6     2     0     1     0.00000000
   0.270    27    62     6     2     1    -1     0.00000000
   0.270    27    63     6     0     0     1     0.00000000
   0.270    27    64     6     6     1     1    -0.00361676
   0.270    27    65     6     6     2    -1     0.01253270
   0.270    27    66     6     4     1     1    -0.11476306
   0.270    27    67     6     4     2    -1    -0.01961551
   0.270    27    68     6     2     1     1    -0.03898007
   0.270    27    69     6     2     2    -1     0.01135550
   0.270    27    70     6     6     2     1    -0.00000000
   0.270    27    71     6     6     3    -1    -0.00000000
   0.270    27    72     6     4     2     1    -0.00000000
   0.270    27    73     6     4     3    -1    -0.00000000
   0.270    27    74     6     2     2     1     0.00000000
   0.270    27    75     6     6     3     1    -0.00000000
   0.270    27    76     6     6     4    -1    -0.00000000
   0.270    27    77     6     4     3     1    -0.00000000
   0.270    27    78     6     4     4    -1    -0.00000000
   0.270    27    79     6     6     4     1     0.00000000
   0.270    27    80     6     6     5    -1     0.00000000
   0.270    27    81     6     4     4     1     0.00000000
   0.270    27    82     6     6     5     1     0.00000000
   0.270    27    83     6     6     6    -1     0.00000000
   0.270    27    84     6     6     6     1     0.00000000
   0.270    27    85     7     7     0     1    -0.00000000
   0.270    27    86     7     7     1    -1     0.00000000
   0.270    27    87     7     5     0     1    -0.00000000
   0.270    27    88     7     5     1    -1    -0.00000000
   0.270    27    89     7     3     0     1     0.00000000
   0.270    27    90     7     3     1    -1    -0.00000000
   0.270    27    91     7     1     0     1     0.00000000
   0.270    27    92     7     1     1    -1    -0.00000000
   0.270    27    93     7     7     1     1     0.00000000
   0.270    27    94     7     7     2    -1    -0.00000000
   0.270    27    95     7     5     1     1    -0.00000000
   0.270    27    96     7     5     2    -1     0.00000000
   0.270    27    97     7     3     1     1     0.00000000
   0.270    27    98     7     3     2    -1     0.00000000
   0.270    27    99     7     1     1     1    -0.00000000
   0.270    27   100     7     7     2     1     0.00000000
   0.270    27   101     7     7     3    -1    -0.00000000
   0.270    27   102     7     5     2     1     0.00000000
   0.270    27   103     7     5     3    -1     0.00000000
   0.270    27   104     7     3     2     1     0.00000000
   0.270    27   105     7     3     3    -1     0.00000000
   0.270    27   106     7     7     3     1    -0.00000000
   0.270    27   107     7     7     4    -1    -0.00000000
   0.270    27   108     7     5     3     1     0.00000000
   0.270    27   109     7     5     4    -1    -0.00000000
   0.270    27   110     7     3     3     1    -0.00000000
   0.270    27   111     7     7     4     1     0.00000000
   0.270    27   112     7     7     5    -1     0.00000000
   0.270    27   113     7     5     4     1     0.00000000
   0.270    27   114     7     5     5    -1     0.00000000
   0.270    27   115     7     7     5     1     0.00000000
   0.270    27   116     7     7     6    -1     0.00000000
   0.270    27   117     7     5     5     1     0.00000000
   0.270    27   118     7     7     6     1     0.00000000
   0.270    27   119     7     7     7    -1     0.00000000
   0.270    27   120     7     7     7     1     0.00000000
   0.270    28     1     0     0     0     1    -0.00000000
   0.270    28     2     1     1     0     1     0.00000000
   0.270    28     3     1     1     1    -1    -0.00000000
   0.270    28     4     1     1     1     1    -0.00000000
   0.270    28     5     2     2     0     1     0.00000000
   0.270    28     6     2     2     1    -1    -0.00000000
   0.270    28     7     2     0     0     1     0.00000000
   0.270    28     8     2     2     1     1     0.02186442
   0.270    28     9     2     2     2    -1    -0.03946675
   0.270    28    10     2     2     2     1    -0.00000000
   0.270    28    11     3     3     0     1    -0.00000000
   0.270    28    12     3     3     1    -1    -0.00000000
   0.270    28    13     3     1     0     1    -0.00000000
   0.270    28    14     3     1     1    -1     0.00000000
   0.270    28    15     3     3     1     1    -0.00000000
   0.270    28    16     3     3     2    -1     0.00000000
   0.270    28    17     3     1     1     1    -0.00000000
   0.270    28    18     3     3     2     1    -0.00000000
   0.270    28    19     3     3     3    -1     0.00000000
   0.270    28    20     3     3     3     1     0.00000000
   0.270    28    21     4     4     0     1    -0.00000000
   0.270    28    22     4     4     1    -1     0.00000000
   0.270    28    23     4     2     0     1    -0.00000000
   0.270    28    24     4     2     1    -1     0.00000000
   0.270    28    25     4     0     0     1     0.00000000
   0.270    28    26     4     4     1     1    -0.47383106
   0.270    28    27     4     4     2    -1     0.85696849
   0.270    28    28     4     2     1     1     0.17805948
   0.270    28    29     4     2     2    -1     0.03683311
   0.270    28    30     4     4     2     1     0.00000000
   0.270    28    31     4     4     3    -1    -0.00000000
   0.270    28    32     4     2     2     1     0.00000000
   0.270    28    33     4     4     3     1     0.00000000
   0.270    28    34     4     4     4    -1    -0.00000000
   0.270    28    35     4     4     4     1     0.00000000
   0.270    28    36     5     5     0     1    -0.00000000
   0.270    28    37     5     5     1    -1     0.00000000
   0.270    28    38     5     3     0     1    -0.00000000
   0.270    28    39     5     3     1    -1    -0.00000000
   0.270    28    40     5     1     0     1     0.00000000
   0.270    28    41     5     1     1    -1     0.00000000
   0.270    28    42     5     5     1     1     0.00000000
   0.270    28    43     5     5     2    -1    -0.00000000
   0.270    28    44     5     3     1     1     0.00000000
   0.270    28    45     5     3     2    -1     0.00000000
   0.270    28    46     5     1     1     1     0.00000000
   0.270    28    47     5     5     2     1     0.00000000
   0.270    28    48     5     5     3    -1    -0.00000000
   0.270    28    49     5     3     2     1     0.00000000
   0.270    28    50     5     3     3    -1     0.00000000
   0.270    28    51     5     5     3     1     0.00000000
   0.270    28    52     5     5     4    -1     0.00000000
   0.270    28    53     5     3     3     1     0.00000000
   0.270    28    54     5     5     4     1    -0.00000000
   0.270    28    55     5     5     5    -1    -0.00000000
   0.270    28    56     5     5     5     1     0.00000000
   0.270    28    57     6     6     0     1    -0.00000000
   0.270    28    58     6     6     1    -1     0.00000000
   0.270    28    59     6     4     0     1    -0.00000000
   0.270    28    60     6     4     1    -1     0.00000000
   0.270    28    61     6     2     0     1    -0.00000000
   0.270    28    62     6     2     1    -1     0.00000000
   0.270    28    63     6     0     0     1    -0.00000000
   0.270    28    64     6     6     1     1    -0.03426748
   0.270    28    65     6     6     2    -1     0.06200720
   0.270    28    66     6     4     1     1    -0.00461827
   0.270    28    67     6     4     2    -1     0.02184871
   0.270    28    68     6     2     1     1    -0.01335305
   0.270    28    69     6     2     2    -1     0.01718843
   0.270    28    70     6     6     2     1     0.00000000
   0.270    28    71     6     6     3    -1     0.00000000
   0.270    28    72     6     4     2     1    -0.00000000
   0.270    28    73     6     4     3    -1     0.00000000
   0.270    28    74     6     2     2     1     0.00000000
   0.270    28    75     6     6     3     1     0.00000000
   0.270    28    76     6     6     4    -1    -0.00000000
   0.270    28    77     6     4     3     1     0.00000000
   0.270    28    78     6     4     4    -1    -0.00000000
   0.270    28    79     6     6     4     1    -0.00000000
   0.270    28    80     6     6     5    -1     0.00000000
   0.270    28    81     6     4     4     1    -0.00000000
   0.270    28    82     6     6     5     1     0.00000000
   0.270    28    83     6     6     6    -1     0.00000000
   0.270    28    84     6     6     6     1     0.00000000
   0.270    28    85     7     7     0     1     0.00000000
   0.270    28    86     7     7     1    -1     0.00000000
   0.270    28    87     7     5     0     1    -0.00000000
   0.270    28    88     7     5     1    -1    -0.00000000
   0.270    28    89     7     3     0     1     0.00000000
   0.270    28    90     7     3     1    -1     0.00000000
   0.270    28    91     7     1     0     1     0.00000000
   0.270    28    92     7     1     1    -1     0.00000000
   0.270    28    93     7     7     1     1    -0.00000000
   0.270    28    94     7     7     2    -1     0.00000000
   0.270    28    95     7     5     1     1     0.00000000
   0.270    28    96     7     5     2    -1     0.00000000
   0.270    28    97     7     3     1     1     0.00000000
   0.270    28    98     7     3     2    -1    -0.00000000
   0.270    28    99     7     1     1     1     0.00000000
   0.270    28   100     7     7     2     1     0.00000000
   0.270    28   101     7     7     3    -1     0.00000000
   0.270    28   102     7     5     2     1     0.00000000
   0.270    28   103     7     5     3    -1     0.00000000
   0.270    28   104     7     3     2     1     0.00000000
   0.270    28   105     7     3     3    -1    -0.00000000
   0.270    28   106     7     7     3     1    -0.00000000
   0.270    28   107     7     7     4    -1    -0.00000000
   0.270    28   108     7     5     3     1     0.00000000
   0.270    28   109     7     5     4    -1    -0.00000000
   0.270    28   110     7     3     3     1    -0.00000000
   0.270    28   111     7     7     4     1     0.00000000
   0.270    28   112     7     7     5    -1     0.00000000
   0.270    28   113     7     5     4     1     0.00000000
   0.270    28   114     7     5     5    -1     0.00000000
   0.270    28   115     7     7     5     1     0.00000000
   0.270    28   116     7     7     6    -1     0.00000000
   0.270    28   117     7     5     5     1     0.00000000
   0.270    28   118     7     7     6     1     0.00000000
   0.270    28   119     7     7     7    -1     0.00000000
   0.270    28   120     7     7     7     1     0.00000000
   0.270    29     1     0     0     0     1     0.00000000
   0.270    29     2     1     1     0     1     0.00000000
   0.270    29     3     1     1     1    -1    -0.00000000
   0.270    29     4     1     1     1     1     0.00000000
   0.270    29     5     2     2     0     1     0.00000000
   0.270    29     6     2     2     1    -1    -0.00000000
   0.270    29     7     2     0     0     1    -0.00000000
   0.270    29     8     2     2     1     1    -0.00000000
   0.270    29     9     2     2     2    -1    -0.00000000
   0.270    29    10     2     2     2     1    -0.00000000
   0.270    29    11     3     3     0     1    -0.00000000
   0.270    29    12     3     3     1    -1    -0.00000000
   0.270    29    13     3     1     0     1     0.00000000
   0.270    29    14     3     1     1    -1     0.00000000
   0.270    29    15     3     3     1     1     0.00000000
   0.270    29    16     3     3     2    -1    -0.00000000
   0.270    29    17     3     1     1     1    -0.00000000
   0.270    29    18     3     3     2     1    -0.00000000
   0.270    29    19     3     3     3    -1     0.00000000
   0.270    29    20     3     3     3     1     0.00000000
   0.270    29    21     4     4     0     1    -0.00000000
   0.270    29    22     4     4     1    -1    -0.00000000
   0.270    29    23     4     2     0     1    -0.00000000
   0.270    29    24     4     2     1    -1     0.00000000
   0.270    29    25     4     0     0     1    -0.00000000
   0.270    29    26     4     4     1     1     0.00000000
   0.270    29    27     4     4     2    -1    -0.00000000
   0.270    29    28     4     2     1     1     0.00000000
   0.270    29    29     4     2     2    -1     0.00000000
   0.270    29    30     4     4     2     1     0.00000000
   0.270    29    31     4     4     3    -1     0.00000000
   0.270    29    32     4     2     2     1    -0.00000000
   0.270    29    33     4     4     3     1     0.00000000
   0.270    29    34     4     4     4    -1     0.00000000
   0.270    29    35     4     4     4     1     0.99651452
   0.270    29    36     5     5     0     1     0.00000000
   0.270    29    37     5     5     1    -1     0.00000000
   0.270    29    38     5     3     0     1    -0.00000000
   0.270    29    39     5     3     1    -1    -0.00000000
   0.270    29    40     5     1     0     1    -0.00000000
   0.270    29    41     5     1     1    -1    -0.00000000
   0.270    29    42     5     5     1     1    -0.00000000
   0.270    29    43     5     5     2    -1     0.00000000
   0.270    29    44     5     3     1     1    -0.00000000
   0.270    29    45     5     3     2    -1     0.00000000
   0.270    29    46     5     1     1     1     0.00000000
   0.270    29    47     5     5     2     1     0.00000000
   0.270    29    48     5     5     3    -1    -0.00000000
   0.270    29    49     5     3     2     1    -0.00000000
   0.270    29    50     5     3     3    -1    -0.00000000
   0.270    29    51     5     5     3     1     0.00000000
   0.270    29    52     5     5     4    -1    -0.00000000
   0.270    29    53     5     3     3     1     0.00000000
   0.270    29    54     5     5     4     1    -0.00000000
   0.270    29    55     5     5     5    -1     0.00000000
   0.270    29    56     5     5     5     1     0.00000000
   0.270    29    57     6     6     0     1    -0.00000000
   0.270    29    58     6     6     1    -1     0.00000000
   0.270    29    59     6     4     0     1     0.00000000
   0.270    29    60     6     4     1    -1     0.00000000
   0.270    29    61     6     2     0     1    -0.00000000
   0.270    29    62     6     2     1    -1    -0.00000000
   0.270    29    63     6     0     0     1     0.00000000
   0.270    29    64     6     6     1     1     0.00000000
   0.270    29    65     6     6     2    -1     0.00000000
   0.270    29    66     6     4     1     1     0.00000000
   0.270    29    67     6     4     2    -1     0.00000000
   0.270    29    68     6     2     1     1    -0.00000000
   0.270    29    69     6     2     2    -1    -0.00000000
   0.270    29    70     6     6     2     1     0.00000000
   0.270    29    71     6     6     3    -1     0.00000000
   0.270    29    72     6     4     2     1    -0.00000000
   0.270    29    73     6     4     3    -1    -0.00000000
   0.270    29    74     6     2     2     1    -0.00000000
   0.270    29    75     6     6     3     1     0.00000000
   0.270    29    76     6     6     4    -1     0.00000000
   0.270    29    77     6     4     3     1    -0.00000000
   0.270    29    78     6     4     4    -1     0.00000000
   0.270    29    79     6     6     4     1     0.04492466
   0.270    29    80     6     6     5    -1     0.00549580
   0.270    29    81     6     4     4     1    -0.07007407
   0.270    29    82     6     6     5     1     0.00000000
   0.270    29    83     6     6     6    -1    -0.00000000
   0.270    29    84     6     6     6     1    -0.00000000
   0.270    29    85     7     7     0     1     0.00000000
   0.270    29    86     7     7     1    -1     0.00000000
   0.270    29    87     7     5     0     1     0.00000000
   0.270    29    88     7     5     1    -1    -0.00000000
   0.270    29    89     7     3     0     1     0.00000000
   0.270    29    90     7     3     1    -1    -0.00000000
   0.270    29    91     7     1     0     1    -0.00000000
   0.270    29    92     7     1     1    -1    -0.00000000
   0.270    29    93     7     7     1     1    -0.00000000
   0.270    29    94     7     7     2    -1     0.00000000
   0.270    29    95     7     5     1     1     0.00000000
   0.270    29    96     7     5     2    -1     0.00000000
   0.270    29    97     7     3     1     1     0.00000000
   0.270    29    98     7     3     2    -1     0.00000000
   0.270    29    99     7     1     1     1    -0.00000000
   0.270    29   100     7     7     2     1    -0.00000000
   0.270    29   101     7     7     3    -1    -0.00000000
   0.270    29   102     7     5     2     1     0.00000000
   0.270    29   103     7     5     3    -1     0.00000000
   0.270    29   104     7     3     2     1     0.00000000
   0.270    29   105     7     3     3    -1    -0.00000000
   0.270    29   106     7     7     3     1     0.00000000
   0.270    29   107     7     7     4    -1     0.00000000
   0.270    29   108     7     5     3     1     0.00000000
   0.270    29   109     7     5     4    -1     0.00000000
   0.270    29   110     7     3     3     1    -0.00000000
   0.270    29   111     7     7     4     1    -0.00000000
   0.270    29   112     7     7     5    -1     0.00000000
   0.270    29   113     7     5     4     1     0.00000000
   0.270    29   114     7     5     5    -1    -0.00000000
   0.270    29   115     7     7     5     1     0.00000000
   0.270    29   116     7     7     6    -1     0.00000000
   0.270    29   117     7     5     5     1     0.00000000
   0.270    29   118     7     7     6     1     0.00000000
   0.270    29   119     7     7     7    -1     0.00000000
   0.270    29   120     7     7     7     1     0.00000000
   0.270    30     1     0     0     0     1    -0.00000000
   0.270    30     2     1     1     0     1    -0.00200582
   0.270    30     3     1     1     1    -1    -0.00138463
   0.270    30     4     1     1     1     1    -0.00000000
   0.270    30     5     2     2     0     1    -0.00000000
   0.270    30     6     2     2     1    -1    -0.00000000
   0.270    30     7     2     0     0     1     0.00000000
   0.270    30     8     2     2     1     1    -0.00000000
   0.270    30     9     2     2     2    -1     0.00000000
   0.270    30    10     2     2     2     1    -0.00000000
   0.270    30    11     3     3     0     1     0.06274688
   0.270    30    12     3     3     1    -1     0.05252367
   0.270    30    13     3     1     0     1     0.00274556
   0.270    30    14     3     1     1    -1     0.00198432
   0.270    30    15     3     3     1     1    -0.00000000
   0.270    30    16     3     3     2    -1    -0.00000000
   0.270    30    17     3     1     1     1    -0.00000000
   0.270    30    18     3     3     2     1    -0.00000000
   0.270    30    19     3     3     3    -1     0.00000000
   0.270    30    20     3     3     3     1     0.00000000
   0.270    30    21     4     4     0     1     0.00000000
   0.270    30    22     4     4     1    -1     0.00000000
   0.270    30    23     4     2     0     1     0.00000000
   0.270    30    24     4     2     1    -1    -0.00000000
   0.270    30    25     4     0     0     1     0.00000000
   0.270    30    26     4     4     1     1    -0.00000000
   0.270    30    27     4     4     2    -1    -0.00000000
   0.270    30    28     4     2     1     1     0.00000000
   0.270    30    29     4     2     2    -1    -0.00000000
   0.270    30    30     4     4     2     1     0.00000000
   0.270    30    31     4     4     3    -1     0.00000000
   0.270    30    32     4     2     2     1    -0.00000000
   0.270    30    33     4     4     3     1     0.00000000
   0.270    30    34     4     4     4    -1     0.00000000
   0.270    30    35     4     4     4     1     0.00000000
   0.270    30    36     5     5     0     1    -0.74960137
   0.270    30    37     5     5     1    -1    -0.64657614
   0.270    30    38     5     3     0     1    -0.01479473
   0.270    30    39     5     3     1    -1    -0.01072878
   0.270    30    40     5     1     0     1    -0.00217896
   0.270    30    41     5     1     1    -1    -0.00075592
   0.270    30    42     5     5     1     1     0.00000000
   0.270    30    43     5     5     2    -1     0.00000000
   0.270    30    44     5     3     1     1     0.00000000
   0.270    30    45     5     3     2    -1     0.00000000
   0.270    30    46     5     1     1     1    -0.00000000
   0.270    30    47     5     5     2     1     0.00000000
   0.270    30    48     5     5     3    -1    -0.00000000
   0.270    30    49     5     3     2     1     0.00000000
   0.270    30    50     5     3     3    -1    -0.00000000
   0.270    30    51     5     5     3     1     0.00000000
   0.270    30    52     5     5     4    -1    -0.00000000
   0.270    30    53     5     3     3     1     0.00000000
   0.270    30    54     5     5     4     1    -0.00000000
   0.270    30    55     5     5     5    -1     0.00000000
   0.270    30    56     5     5     5     1     0.00000000
   0.270    30    57     6     6     0     1     0.00000000
   0.270    30    58     6     6     1    -1    -0.00000000
   0.270    30    59     6     4     0     1     0.00000000
   0.270    30    60     6     4     1    -1    -0.00000000
   0.270    30    61     6     2     0     1     0.00000000
   0.270    30    62     6     2     1    -1    -0.00000000
   0.270    30    63     6     0     0     1     0.00000000
   0.270    30    64     6     6     1     1    -0.00000000
   0.270    30    65     6     6     2    -1    -0.00000000
   0.270    30    66     6     4     1     1    -0.00000000
   0.270    30    67     6     4     2    -1    -0.00000000
   0.270    30    68     6     2     1     1    -0.00000000
   0.270    30    69     6     2     2    -1    -0.00000000
   0.270    30    70     6     6     2     1     0.00000000
   0.270    30    71     6     6     3    -1     0.00000000
   0.270    30    72     6     4     2     1    -0.00000000
   0.270    30    73     6     4     3    -1    -0.00000000
   0.270    30    74     6     2     2     1     0.00000000
   0.270    30    75     6     6     3     1    -0.00000000
   0.270    30    76     6     6     4    -1     0.00000000
   0.270    30    77     6     4     3     1    -0.00000000
   0.270    30    78     6     4     4    -1     0.00000000
   0.270    30    79     6     6     4     1     0.00000000
   0.270    30    80     6     6     5    -1     0.00000000
   0.270    30    81     6     4     4     1    -0.00000000
   0.270    30    82     6     6     5     1    -0.00000000
   0.270    30    83     6     6     6    -1     0.00000000
   0.270    30    84     6     6     6     1    -0.00000000
   0.270    30    85     7     7     0     1    -0.06882875
   0.270    30    86     7     7     1    -1    -0.05952802
   0.270    30    87     7     5     0     1    -0.04445835
   0.270    30    88     7     5     1    -1    -0.03508810
   0.270    30    89     7     3     0     1    -0.03041267
   0.270    30    90     7     3     1    -1    -0.02385731
   0.270    30    91     7     1     0     1    -0.00121323
   0.270    30    92     7     1     1    -1    -0.00041986
   0.270    30    93     7     7     1     1     0.00000000
   0.270    30    94     7     7     2    -1    -0.00000000
   0.270    30    95     7     5     1     1    -0.00000000
   0.270    30    96     7     5     2    -1    -0.00000000
   0.270    30    97     7     3     1     1     0.00000000
   0.270    30    98     7     3     2    -1     0.00000000
   0.270    30    99     7     1     1     1     0.00000000
   0.270    30   100     7     7     2     1     0.00000000
   0.270    30   101     7     7     3    -1    -0.00000000
   0.270    30   102     7     5     2     1    -0.00000000
   0.270    30   103     7     5     3    -1    -0.00000000
   0.270    30   104     7     3     2     1     0.00000000
   0.270    30   105     7     3     3    -1    -0.00000000
   0.270    30   106     7     7     3     1     0.00000000
   0.270    30   107     7     7     4    -1     0.00000000
   0.270    30   108     7     5     3     1     0.00000000
   0.270    30   109     7     5     4    -1     0.00000000
   0.270    30   110     7     3     3     1    -0.00000000
   0.270    30   111     7     7     4     1     0.00000000
   0.270    30   112     7     7     5    -1     0.00000000
   0.270    30   113     7     5     4     1     0.00000000
   0.270    30   114     7     5     5    -1    -0.00000000
   0.270    30   115     7     7     5     1     0.00000000
   0.270    30   116     7     7     6    -1     0.00000000
   0.270    30   117     7     5     5     1     0.00000000
   0.270    30   118     7     7     6     1     0.00000000
   0.270    30   119     7     7     7    -1     0.00000000
   0.270    30   120     7     7     7     1     0.00000000
   0.270    31     1     0     0     0     1     0.00052635
   0.270    31     2     1     1     0     1     0.00000000
   0.270    31     3     1     1     1    -1    -0.00000000
   0.270    31     4     1     1     1     1     0.00000000
   0.270    31     5     2     2     0     1    -0.02274019
   0.270    31     6     2     2     1    -1     0.02241254
   0.270    31     7     2     0     0     1    -0.04240151
   0.270    31     8     2     2     1     1     0.00000000
   0.270    31     9     2     2     2    -1    -0.00000000
   0.270    31    10     2     2     2     1     0.00000000
   0.270    31    11     3     3     0     1    -0.00000000
   0.270    31    12     3     3     1    -1     0.00000000
   0.270    31    13     3     1     0     1     0.00000000
   0.270    31    14     3     1     1    -1     0.00000000
   0.270    31    15     3     3     1     1    -0.00000000
   0.270    31    16     3     3     2    -1     0.00000000
   0.270    31    17     3     1     1     1     0.00000000
   0.270    31    18     3     3     2     1    -0.00000000
   0.270    31    19     3     3     3    -1     0.00000000
   0.270    31    20     3     3     3     1     0.00000000
   0.270    31    21     4     4     0     1    -0.02708585
   0.270    31    22     4     4     1    -1     0.03578879
   0.270    31    23     4     2     0     1     0.42517701
   0.270    31    24     4     2     1    -1    -0.89269412
   0.270    31    25     4     0     0     1     0.04615463
   0.270    31    26     4     4     1     1    -0.00000000
   0.270    31    27     4     4     2    -1     0.00000000
   0.270    31    28     4     2     1     1     0.00000000
   0.270    31    29     4     2     2    -1     0.00000000
   0.270    31    30     4     4     2     1     0.00000000
   0.270    31    31     4     4     3    -1    -0.00000000
   0.270    31    32     4     2     2     1     0.00000000
   0.270    31    33     4     4     3     1    -0.00000000
   0.270    31    34     4     4     4    -1    -0.00000000
   0.270    31    35     4     4     4     1     0.00000000
   0.270    31    36     5     5     0     1     0.00000000
   0.270    31    37     5     5     1    -1     0.00000000
   0.270    31    38     5     3     0     1     0.00000000
   0.270    31    39     5     3     1    -1     0.00000000
   0.270    31    40     5     1     0     1    -0.00000000
   0.270    31    41     5     1     1    -1    -0.00000000
   0.270    31    42     5     5     1     1    -0.00000000
   0.270    31    43     5     5     2    -1    -0.00000000
   0.270    31    44     5     3     1     1     0.00000000
   0.270    31    45     5     3     2    -1    -0.00000000
   0.270    31    46     5     1     1     1     0.00000000
   0.270    31    47     5     5     2     1     0.00000000
   0.270    31    48     5     5     3    -1     0.00000000
   0.270    31    49     5     3     2     1    -0.00000000
   0.270    31    50     5     3     3    -1    -0.00000000
   0.270    31    51     5     5     3     1    -0.00000000
   0.270    31    52     5     5     4    -1     0.00000000
   0.270    31    53     5     3     3     1    -0.00000000
   0.270    31    54     5     5     4     1     0.00000000
   0.270    31    55     5     5     5    -1    -0.00000000
   0.270    31    56     5     5     5     1     0.00000000
   0.270    31    57     6     6     0     1    -0.00235455
   0.270    31    58     6     6     1    -1     0.00343236
   0.270    31    59     6     4     0     1     0.04171203
   0.270    31    60     6     4     1    -1    -0.09727956
   0.270    31    61     6     2     0     1     0.04194515
   0.270    31    62     6     2     1    -1    -0.03104257
   0.270    31    63     6     0     0     1     0.03762728
   0.270    31    64     6     6     1     1     0.00000000
   0.270    31    65     6     6     2    -1     0.00000000
   0.270    31    66     6     4     1     1     0.00000000
   0.270    31    67     6     4     2    -1     0.00000000
   0.270    31    68     6     2     1     1     0.00000000
   0.270    31    69     6     2     2    -1     0.00000000
   0.270    31    70     6     6     2     1     0.00000000
   0.270    31    71     6     6     3    -1    -0.00000000
   0.270    31    72     6     4     2     1    -0.00000000
   0.270    31    73     6     4     3    -1    -0.00000000
   0.270    31    74     6     2     2     1     0.00000000
   0.270    31    75     6     6     3     1     0.00000000
   0.270    31    76     6     6     4    -1     0.00000000
   0.270    31    77     6     4     3     1     0.00000000
   0.270    31    78     6     4     4    -1     0.00000000
   0.270    31    79     6     6     4     1     0.00000000
   0.270    31    80     6     6     5    -1     0.00000000
   0.270    31    81     6     4     4     1     0.00000000
   0.270    31    82     6     6     5     1     0.00000000
   0.270    31    83     6     6     6    -1    -0.00000000
   0.270    31    84     6     6     6     1     0.00000000
   0.270    31    85     7     7     0     1     0.00000000
   0.270    31    86     7     7     1    -1    -0.00000000
   0.270    31    87     7     5     0     1     0.00000000
   0.270    31    88     7     5     1    -1    -0.00000000
   0.270    31    89     7     3     0     1     0.00000000
   0.270    31    90     7     3     1    -1    -0.00000000
   0.270    31    91     7     1     0     1    -0.00000000
   0.270    31    92     7     1     1    -1     0.00000000
   0.270    31    93     7     7     1     1     0.00000000
   0.270    31    94     7     7     2    -1     0.00000000
   0.270    31    95     7     5     1     1     0.00000000
   0.270    31    96     7     5     2    -1    -0.00000000
   0.270    31    97     7     3     1     1     0.00000000
   0.270    31    98     7     3     2    -1     0.00000000
   0.270    31    99     7     1     1     1    -0.00000000
   0.270    31   100     7     7     2     1    -0.00000000
   0.270    31   101     7     7     3    -1    -0.00000000
   0.270    31   102     7     5     2     1     0.00000000
   0.270    31   103     7     5     3    -1    -0.00000000
   0.270    31   104     7     3     2     1     0.00000000
   0.270    31   105     7     3     3    -1     0.00000000
   0.270    31   106     7     7     3     1     0.00000000
   0.270    31   107     7     7     4    -1     0.00000000
   0.270    31   108     7     5     3     1     0.00000000
   0.270    31   109     7     5     4    -1     0.00000000
   0.270    31   110     7     3     3     1    -0.00000000
   0.270    31   111     7     7     4     1     0.00000000
   0.270    31   112     7     7     5    -1     0.00000000
   0.270    31   113     7     5     4     1     0.00000000
   0.270    31   114     7     5     5    -1     0.00000000
   0.270    31   115     7     7     5     1     0.00000000
   0.270    31   116     7     7     6    -1     0.00000000
   0.270    31   117     7     5     5     1     0.00000000
   0.270    31   118     7     7     6     1     0.00000000
   0.270    31   119     7     7     7    -1     0.00000000
   0.270    31   120     7     7     7     1     0.00000000
   0.270    32     1     0     0     0     1     0.00000000
   0.270    32     2     1     1     0     1     0.00000000
   0.270    32     3     1     1     1    -1     0.00000000
   0.270    32     4     1     1     1     1     0.00171881
   0.270    32     5     2     2     0     1     0.00000000
   0.270    32     6     2     2     1    -1     0.00000000
   0.270    32     7     2     0     0     1     0.00000000
   0.270    32     8     2     2     1     1    -0.00000000
   0.270    32     9     2     2     2    -1    -0.00000000
   0.270    32    10     2     2     2     1    -0.00000000
   0.270    32    11     3     3     0     1     0.00000000
   0.270    32    12     3     3     1    -1    -0.00000000
   0.270    32    13     3     1     0     1     0.00000000
   0.270    32    14     3     1     1    -1     0.00000000
   0.270    32    15     3     3     1     1    -0.06605031
   0.270    32    16     3     3     2    -1    -0.03879357
   0.270    32    17     3     1     1     1    -0.00222152
   0.270    32    18     3     3     2     1     0.00000000
   0.270    32    19     3     3     3    -1    -0.00000000
   0.270    32    20     3     3     3     1     0.00000000
   0.270    32    21     4     4     0     1     0.00000000
   0.270    32    22     4     4     1    -1    -0.00000000
   0.270    32    23     4     2     0     1     0.00000000
   0.270    32    24     4     2     1    -1    -0.00000000
   0.270    32    25     4     0     0     1     0.00000000
   0.270    32    26     4     4     1     1    -0.00000000
   0.270    32    27     4     4     2    -1    -0.00000000
   0.270    32    28     4     2     1     1    -0.00000000
   0.270    32    29     4     2     2    -1     0.00000000
   0.270    32    30     4     4     2     1    -0.00000000
   0.270    32    31     4     4     3    -1    -0.00000000
   0.270    32    32     4     2     2     1     0.00000000
   0.270    32    33     4     4     3     1    -0.00000000
   0.270    32    34     4     4     4    -1    -0.00000000
   0.270    32    35     4     4     4     1     0.00000000
   0.270    32    36     5     5     0     1     0.00000000
   0.270    32    37     5     5     1    -1     0.00000000
   0.270    32    38     5     3     0     1     0.00000000
   0.270    32    39     5     3     1    -1     0.00000000
   0.270    32    40     5     1     0     1     0.00000000
   0.270    32    41     5     1     1    -1    -0.00000000
   0.270    32    42     5     5     1     1     0.83441439
   0.270    32    43     5     5     2    -1     0.53513060
   0.270    32    44     5     3     1     1     0.01293398
   0.270    32    45     5     3     2    -1     0.00544180
   0.270    32    46     5     1     1     1     0.00102383
   0.270    32    47     5     5     2     1    -0.00000000
   0.270    32    48     5     5     3    -1     0.00000000
   0.270    32    49     5     3     2     1     0.00000000
   0.270    32    50     5     3     3    -1     0.00000000
   0.270    32    51     5     5     3     1    -0.00000000
   0.270    32    52     5     5     4    -1     0.00000000
   0.270    32    53     5     3     3     1     0.00000000
   0.270    32    54     5     5     4     1    -0.00000000
   0.270    32    55     5     5     5    -1     0.00000000
   0.270    32    56     5     5     5     1     0.00000000
   0.270    32    57     6     6     0     1     0.00000000
   0.270    32    58     6     6     1    -1    -0.00000000
   0.270    32    59     6     4     0     1    -0.00000000
   0.270    32    60     6     4     1    -1     0.00000000
   0.270    32    61     6     2     0     1     0.00000000
   0.270    32    62     6     2     1    -1     0.00000000
   0.270    32    63     6     0     0     1     0.00000000
   0.270    32    64     6     6     1     1    -0.00000000
   0.270    32    65     6     6     2    -1    -0.00000000
   0.270    32    66     6     4     1     1    -0.00000000
   0.270    32    67     6     4     2    -1    -0.00000000
   0.270    32    68     6     2     1     1    -0.00000000
   0.270    32    69     6     2     2    -1     0.00000000
   0.270    32    70     6     6     2     1    -0.00000000
   0.270    32    71     6     6     3    -1    -0.00000000
   0.270    32    72     6     4     2     1    -0.00000000
   0.270    32    73     6     4     3    -1    -0.00000000
   0.270    32    74     6     2     2     1     0.00000000
   0.270    32    75     6     6     3     1    -0.00000000
   0.270    32    76     6     6     4    -1    -0.00000000
   0.270    32    77     6     4     3     1    -0.00000000
   0.270    32    78     6     4     4    -1     0.00000000
   0.270    32    79     6     6     4     1    -0.00000000
   0.270    32    80     6     6     5    -1    -0.00000000
   0.270    32    81     6     4     4     1     0.00000000
   0.270    32    82     6     6     5     1    -0.00000000
   0.270    32    83     6     6     6    -1    -0.00000000
   0.270    32    84     6     6     6     1    -0.00000000
   0.270    32    85     7     7     0     1    -0.00000000
   0.270    32    86     7     7     1    -1     0.00000000
   0.270    32    87     7     5     0     1    -0.00000000
   0.270    32    88     7     5     1    -1     0.00000000
   0.270    32    89     7     3     0     1    -0.00000000
   0.270    32    90     7     3     1    -1    -0.00000000
   0.270    32    91     7     1     0     1     0.00000000
   0.270    32    92     7     1     1    -1     0.00000000
   0.270    32    93     7     7     1     1     0.07432704
   0.270    32    94     7     7     2    -1     0.04807341
   0.270    32    95     7     5     1     1     0.04355121
   0.270    32    96     7     5     2    -1     0.02025309
   0.270    32    97     7     3     1     1     0.03079899
   0.270    32    98     7     3     2    -1     0.01493911
   0.270    32    99     7     1     1     1     0.00049355
   0.270    32   100     7     7     2     1     0.00000000
   0.270    32   101     7     7     3    -1     0.00000000
   0.270    32   102     7     5     2     1    -0.00000000
   0.270    32   103     7     5     3    -1    -0.00000000
   0.270    32   104     7     3     2     1     0.00000000
   0.270    32   105     7     3     3    -1    -0.00000000
   0.270    32   106     7     7     3     1    -0.00000000
   0.270    32   107     7     7     4    -1     0.00000000
   0.270    32   108     7     5     3     1    -0.00000000
   0.270    32   109     7     5     4    -1     0.00000000
   0.270    32   110     7     3     3     1    -0.00000000
   0.270    32   111     7     7     4     1     0.00000000
   0.270    32   112     7     7     5    -1     0.00000000
   0.270    32   113     7     5     4     1     0.00000000
   0.270    32   114     7     5     5    -1    -0.00000000
   0.270    32   115     7     7     5     1     0.00000000
   0.270    32   116     7     7     6    -1     0.00000000
   0.270    32   117     7     5     5     1     0.00000000
   0.270    32   118     7     7     6     1     0.00000000
   0.270    32   119     7     7     7    -1     0.00000000
   0.270    32   120     7     7     7     1     0.00000000
   0.270    33     1     0     0     0     1    -0.00000000
   0.270    33     2     1     1     0     1    -0.00000000
   0.270    33     3     1     1     1    -1    -0.00000000
   0.270    33     4     1     1     1     1    -0.00000000
   0.270    33     5     2     2     0     1    -0.00000000
   0.270    33     6     2     2     1    -1    -0.00000000
   0.270    33     7     2     0     0     1    -0.00000000
   0.270    33     8     2     2     1     1     0.00000000
   0.270    33     9     2     2     2    -1    -0.00000000
   0.270    33    10     2     2     2     1     0.01221067
   0.270    33    11     3     3     0     1     0.00000000
   0.270    33    12     3     3     1    -1     0.00000000
   0.270    33    13     3     1     0     1     0.00000000
   0.270    33    14     3     1     1    -1     0.00000000
   0.270    33    15     3     3     1     1     0.00000000
   0.270    33    16     3     3     2    -1     0.00000000
   0.270    33    17     3     1     1     1     0.00000000
   0.270    33    18     3     3     2     1    -0.00000000
   0.270    33    19     3     3     3    -1     0.00000000
   0.270    33    20     3     3     3     1    -0.00000000
   0.270    33    21     4     4     0     1    -0.00000000
   0.270    33    22     4     4     1    -1     0.00000000
   0.270    33    23     4     2     0     1     0.00000000
   0.270    33    24     4     2     1    -1     0.00000000
   0.270    33    25     4     0     0     1    -0.00000000
   0.270    33    26     4     4     1     1    -0.00000000
   0.270    33    27     4     4     2    -1     0.00000000
   0.270    33    28     4     2     1     1    -0.00000000
   0.270    33    29     4     2     2    -1     0.00000000
   0.270    33    30     4     4     2     1    -0.34208053
   0.270    33    31     4     4     3    -1     0.93721496
   0.270    33    32     4     2     2     1    -0.00768591
   0.270    33    33     4     4     3     1     0.00000000
   0.270    33    34     4     4     4    -1    -0.00000000
   0.270    33    35     4     4     4     1    -0.00000000
   0.270    33    36     5     5     0     1     0.00000000
   0.270    33    37     5     5     1    -1     0.00000000
   0.270    33    38     5     3     0     1    -0.00000000
   0.270    33    39     5     3     1    -1    -0.00000000
   0.270    33    40     5     1     0     1     0.00000000
   0.270    33    41     5     1     1    -1    -0.00000000
   0.270    33    42     5     5     1     1     0.00000000
   0.270    33    43     5     5     2    -1    -0.00000000
   0.270    33    44     5     3     1     1     0.00000000
   0.270    33    45     5     3     2    -1    -0.00000000
   0.270    33    46     5     1     1     1    -0.00000000
   0.270    33    47     5     5     2     1    -0.00000000
   0.270    33    48     5     5     3    -1    -0.00000000
   0.270    33    49     5     3     2     1     0.00000000
   0.270    33    50     5     3     3    -1     0.00000000
   0.270    33    51     5     5     3     1     0.00000000
   0.270    33    52     5     5     4    -1     0.00000000
   0.270    33    53     5     3     3     1    -0.00000000
   0.270    33    54     5     5     4     1     0.00000000
   0.270    33    55     5     5     5    -1     0.00000000
   0.270    33    56     5     5     5     1     0.00000000
   0.270    33    57     6     6     0     1     0.00000000
   0.270    33    58     6     6     1    -1     0.00000000
   0.270    33    59     6     4     0     1     0.00000000
   0.270    33    60     6     4     1    -1     0.00000000
   0.270    33    61     6     2     0     1     0.00000000
   0.270    33    62     6     2     1    -1     0.00000000
   0.270    33    63     6     0     0     1     0.00000000
   0.270    33    64     6     6     1     1    -0.00000000
   0.270    33    65     6     6     2    -1     0.00000000
   0.270    33    66     6     4     1     1    -0.00000000
   0.270    33    67     6     4     2    -1     0.00000000
   0.270    33    68     6     2     1     1    -0.00000000
   0.270    33    69     6     2     2    -1     0.00000000
   0.270    33    70     6     6     2     1    -0.02112974
   0.270    33    71     6     6     3    -1     0.05781066
   0.270    33    72     6     4     2     1    -0.01307446
   0.270    33    73     6     4     3    -1    -0.01911782
   0.270    33    74     6     2     2     1    -0.00871142
   0.270    33    75     6     6     3     1     0.00000000
   0.270    33    76     6     6     4    -1     0.00000000
   0.270    33    77     6     4     3     1    -0.00000000
   0.270    33    78     6     4     4    -1     0.00000000
   0.270    33    79     6     6     4     1     0.00000000
   0.270    33    80     6     6     5    -1     0.00000000
   0.270    33    81     6     4     4     1    -0.00000000
   0.270    33    82     6     6     5     1    -0.00000000
   0.270    33    83     6     6     6    -1    -0.00000000
   0.270    33    84     6     6     6     1    -0.00000000
   0.270    33    85     7     7     0     1     0.00000000
   0.270    33    86     7     7     1    -1    -0.00000000
   0.270    33    87     7     5     0     1     0.00000000
   0.270    33    88     7     5     1    -1     0.00000000
   0.270    33    89     7     3     0     1    -0.00000000
   0.270    33    90     7     3     1    -1    -0.00000000
   0.270    33    91     7     1     0     1     0.00000000
   0.270    33    92     7     1     1    -1     0.00000000
   0.270    33    93     7     7     1     1     0.00000000
   0.270    33    94     7     7     2    -1    -0.00000000
   0.270    33    95     7     5     1     1    -0.00000000
   0.270    33    96     7     5     2    -1    -0.00000000
   0.270    33    97     7     3     1     1     0.00000000
   0.270    33    98     7     3     2    -1    -0.00000000
   0.270    33    99     7     1     1     1     0.00000000
   0.270    33   100     7     7     2     1    -0.00000000
   0.270    33   101     7     7     3    -1     0.00000000
   0.270    33   102     7     5     2     1    -0.00000000
   0.270    33   103     7     5     3    -1    -0.00000000
   0.270    33   104     7     3     2     1     0.00000000
   0.270    33   105     7     3     3    -1    -0.00000000
   0.270    33   106     7     7     3     1    -0.00000000
   0.270    33   107     7     7     4    -1     0.00000000
   0.270    33   108     7     5     3     1    -0.00000000
   0.270    33   109     7     5     4    -1    -0.00000000
   0.270    33   110     7     3     3     1     0.00000000
   0.270    33   111     7     7     4     1    -0.00000000
   0.270    33   112     7     7     5    -1    -0.00000000
   0.270    33   113     7     5     4     1    -0.00000000
   0.270    33   114     7     5     5    -1    -0.00000000
   0.270    33   115     7     7     5     1     0.00000000
   0.270    33   116     7     7     6    -1     0.00000000
   0.270    33   117     7     5     5     1     0.00000000
   0.270    33   118     7     7     6     1     0.00000000
   0.270    33   119     7     7     7    -1     0.00000000
   0.270    33   120     7     7     7     1     0.00000000
   0.270    34     1     0     0     0     1    -0.00000000
   0.270    34     2     1     1     0     1     0.00000000
   0.270    34     3     1     1     1    -1    -0.00000000
   0.270    34     4     1     1     1     1     0.00000000
   0.270    34     5     2     2     0     1    -0.00000000
   0.270    34     6     2     2     1    -1    -0.00000000
   0.270    34     7     2     0     0     1     0.00000000
   0.270    34     8     2     2     1     1    -0.00000000
   0.270    34     9     2     2     2    -1     0.00000000
   0.270    34    10     2     2     2     1     0.00000000
   0.270    34    11     3     3     0     1     0.00000000
   0.270    34    12     3     3     1    -1    -0.00000000
   0.270    34    13     3     1     0     1     0.00000000
   0.270    34    14     3     1     1    -1     0.00000000
   0.270    34    15     3     3     1     1    -0.00000000
   0.270    34    16     3     3     2    -1     0.00000000
   0.270    34    17     3     1     1     1     0.00000000
   0.270    34    18     3     3     2     1     0.06138816
   0.270    34    19     3     3     3    -1     0.02358447
   0.270    34    20     3     3     3     1    -0.00000000
   0.270    34    21     4     4     0     1    -0.00000000
   0.270    34    22     4     4     1    -1    -0.00000000
   0.270    34    23     4     2     0     1     0.00000000
   0.270    34    24     4     2     1    -1    -0.00000000
   0.270    34    25     4     0     0     1     0.00000000
   0.270    34    26     4     4     1     1    -0.00000000
   0.270    34    27     4     4     2    -1    -0.00000000
   0.270    34    28     4     2     1     1    -0.00000000
   0.270    34    29     4     2     2    -1    -0.00000000
   0.270    34    30     4     4     2     1     0.00000000
   0.270    34    31     4     4     3    -1     0.00000000
   0.270    34    32     4     2     2     1     0.00000000
   0.270    34    33     4     4     3     1    -0.00000000
   0.270    34    34     4     4     4    -1    -0.00000000
   0.270    34    35     4     4     4     1    -0.00000000
   0.270    34    36     5     5     0     1    -0.00000000
   0.270    34    37     5     5     1    -1     0.00000000
   0.270    34    38     5     3     0     1     0.00000000
   0.270    34    39     5     3     1    -1     0.00000000
   0.270    34    40     5     1     0     1     0.00000000
   0.270    34    41     5     1     1    -1     0.00000000
   0.270    34    42     5     5     1     1    -0.00000000
   0.270    34    43     5     5     2    -1    -0.00000000
   0.270    34    44     5     3     1     1     0.00000000
   0.270    34    45     5     3     2    -1     0.00000000
   0.270    34    46     5     1     1     1     0.00000000
   0.270    34    47     5     5     2     1    -0.89809618
   0.270    34    48     5     5     3    -1    -0.42485424
   0.270    34    49     5     3     2     1    -0.00761041
   0.270    34    50     5     3     3    -1    -0.00230342
   0.270    34    51     5     5     3     1     0.00000000
   0.270    34    52     5     5     4    -1    -0.00000000
   0.270    34    53     5     3     3     1     0.00000000
   0.270    34    54     5     5     4     1    -0.00000000
   0.270    34    55     5     5     5    -1     0.00000000
   0.270    34    56     5     5     5     1     0.00000000
   0.270    34    57     6     6     0     1    -0.00000000
   0.270    34    58     6     6     1    -1    -0.00000000
   0.270    34    59     6     4     0     1    -0.00000000
   0.270    34    60     6     4     1    -1    -0.00000000
   0.270    34    61     6     2     0     1    -0.00000000
   0.270    34    62     6     2     1    -1    -0.00000000
   0.270    34    63     6     0     0     1     0.00000000
   0.270    34    64     6     6     1     1    -0.00000000
   0.270    34    65     6     6     2    -1    -0.00000000
   0.270    34    66     6     4     1     1    -0.00000000
   0.270    34    67     6     4     2    -1    -0.00000000
   0.270    34    68     6     2     1     1    -0.00000000
   0.270    34    69     6     2     2    -1     0.00000000
   0.270    34    70     6     6     2     1     0.00000000
   0.270    34    71     6     6     3    -1     0.00000000
   0.270    34    72     6     4     2     1     0.00000000
   0.270    34    73     6     4     3    -1    -0.00000000
   0.270    34    74     6     2     2     1     0.00000000
   0.270    34    75     6     6     3     1    -0.00000000
   0.270    34    76     6     6     4    -1    -0.00000000
   0.270    34    77     6     4     3     1    -0.00000000
   0.270    34    78     6     4     4    -1     0.00000000
   0.270    34    79     6     6     4     1     0.00000000
   0.270    34    80     6     6     5    -1    -0.00000000
   0.270    34    81     6     4     4     1    -0.00000000
   0.270    34    82     6     6     5     1    -0.00000000
   0.270    34    83     6     6     6    -1    -0.00000000
   0.270    34    84     6     6     6     1     0.00000000
   0.270    34    85     7     7     0     1    -0.00000000
   0.270    34    86     7     7     1    -1    -0.00000000
   0.270    34    87     7     5     0     1     0.00000000
   0.270    34    88     7     5     1    -1    -0.00000000
   0.270    34    89     7     3     0     1     0.00000000
   0.270    34    90     7     3     1    -1    -0.00000000
   0.270    34    91     7     1     0     1     0.00000000
   0.270    34    92     7     1     1    -1     0.00000000
   0.270    34    93     7     7     1     1     0.00000000
   0.270    34    94     7     7     2    -1     0.00000000
   0.270    34    95     7     5     1     1     0.00000000
   0.270    34    96     7     5     2    -1    -0.00000000
   0.270    34    97     7     3     1     1     0.00000000
   0.270    34    98     7     3     2    -1     0.00000000
   0.270    34    99     7     1     1     1     0.00000000
   0.270    34   100     7     7     2     1    -0.07497404
   0.270    34   101     7     7     3    -1    -0.03606433
   0.270    34   102     7     5     2     1    -0.03018275
   0.270    34   103     7     5     3    -1    -0.00481326
   0.270    34   104     7     3     2     1    -0.02511708
   0.270    34   105     7     3     3    -1    -0.00688444
   0.270    34   106     7     7     3     1    -0.00000000
   0.270    34   107     7     7     4    -1    -0.00000000
   0.270    34   108     7     5     3     1    -0.00000000
   0.270    34   109     7     5     4    -1    -0.00000000
   0.270    34   110     7     3     3     1    -0.00000000
   0.270    34   111     7     7     4     1     0.00000000
   0.270    34   112     7     7     5    -1     0.00000000
   0.270    34   113     7     5     4     1     0.00000000
   0.270    34   114     7     5     5    -1    -0.00000000
   0.270    34   115     7     7     5     1     0.00000000
   0.270    34   116     7     7     6    -1     0.00000000
   0.270    34   117     7     5     5     1     0.00000000
   0.270    34   118     7     7     6     1     0.00000000
   0.270    34   119     7     7     7    -1     0.00000000
   0.270    34   120     7     7     7     1     0.00000000
   0.270    35     1     0     0     0     1    -0.00107291
   0.270    35     2     1     1     0     1    -0.00000000
   0.270    35     3     1     1     1    -1    -0.00000000
   0.270    35     4     1     1     1     1     0.00000000
   0.270    35     5     2     2     0     1     0.04813745
   0.270    35     6     2     2     1    -1    -0.00201168
   0.270    35     7     2     0     0     1    -0.00546174
   0.270    35     8     2     2     1     1    -0.00000000
   0.270    35     9     2     2     2    -1     0.00000000
   0.270    35    10     2     2     2     1    -0.00000000
   0.270    35    11     3     3     0     1     0.00000000
   0.270    35    12     3     3     1    -1     0.00000000
   0.270    35    13     3     1     0     1     0.00000000
   0.270    35    14     3     1     1    -1    -0.00000000
   0.270    35    15     3     3     1     1    -0.00000000
   0.270    35    16     3     3     2    -1     0.00000000
   0.270    35    17     3     1     1     1     0.00000000
   0.270    35    18     3     3     2     1    -0.00000000
   0.270    35    19     3     3     3    -1     0.00000000
   0.270    35    20     3     3     3     1    -0.00000000
   0.270    35    21     4     4     0     1     0.01559217
   0.270    35    22     4     4     1    -1    -0.00343168
   0.270    35    23     4     2     0     1     0.05919901
   0.270    35    24     4     2     1    -1    -0.03054064
   0.270    35    25     4     0     0     1    -0.98264662
   0.270    35    26     4     4     1     1    -0.00000000
   0.270    35    27     4     4     2    -1     0.00000000
   0.270    35    28     4     2     1     1     0.00000000
   0.270    35    29     4     2     2    -1     0.00000000
   0.270    35    30     4     4     2     1     0.00000000
   0.270    35    31     4     4     3    -1    -0.00000000
   0.270    35    32     4     2     2     1    -0.00000000
   0.270    35    33     4     4     3     1    -0.00000000
   0.270    35    34     4     4     4    -1     0.00000000
   0.270    35    35     4     4     4     1    -0.00000000
   0.270    35    36     5     5     0     1    -0.00000000
   0.270    35    37     5     5     1    -1    -0.00000000
   0.270    35    38     5     3     0     1    -0.00000000
   0.270    35    39     5     3     1    -1    -0.00000000
   0.270    35    40     5     1     0     1     0.00000000
   0.270    35    41     5     1     1    -1     0.00000000
   0.270    35    42     5     5     1     1    -0.00000000
   0.270    35    43     5     5     2    -1     0.00000000
   0.270    35    44     5     3     1     1    -0.00000000
   0.270    35    45     5     3     2    -1     0.00000000
   0.270    35    46     5     1     1     1     0.00000000
   0.270    35    47     5     5     2     1     0.00000000
   0.270    35    48     5     5     3    -1     0.00000000
   0.270    35    49     5     3     2     1    -0.00000000
   0.270    35    50     5     3     3    -1     0.00000000
   0.270    35    51     5     5     3     1     0.00000000
   0.270    35    52     5     5     4    -1     0.00000000
   0.270    35    53     5     3     3     1     0.00000000
   0.270    35    54     5     5     4     1    -0.00000000
   0.270    35    55     5     5     5    -1    -0.00000000
   0.270    35    56     5     5     5     1     0.00000000
   0.270    35    57     6     6     0     1     0.00263515
   0.270    35    58     6     6     1    -1     0.00051718
   0.270    35    59     6     4     0     1     0.01006417
   0.270    35    60     6     4     1    -1    -0.00260419
   0.270    35    61     6     2     0     1    -0.16448089
   0.270    35    62     6     2     1    -1    -0.01266634
   0.270    35    63     6     0     0     1     0.00561625
   0.270    35    64     6     6     1     1    -0.00000000
   0.270    35    65     6     6     2    -1     0.00000000
   0.270    35    66     6     4     1     1    -0.00000000
   0.270    35    67     6     4     2    -1    -0.00000000
   0.270    35    68     6     2     1     1     0.00000000
   0.270    35    69     6     2     2    -1     0.00000000
   0.270    35    70     6     6     2     1    -0.00000000
   0.270    35    71     6     6     3    -1    -0.00000000
   0.270    35    72     6     4     2     1    -0.00000000
   0.270    35    73     6     4     3    -1    -0.00000000
   0.270    35    74     6     2     2     1     0.00000000
   0.270    35    75     6     6     3     1     0.00000000
   0.270    35    76     6     6     4    -1     0.00000000
   0.270    35    77     6     4     3     1    -0.00000000
   0.270    35    78     6     4     4    -1    -0.00000000
   0.270    35    79     6     6     4     1     0.00000000
   0.270    35    80     6     6     5    -1     0.00000000
   0.270    35    81     6     4     4     1     0.00000000
   0.270    35    82     6     6     5     1    -0.00000000
   0.270    35    83     6     6     6    -1     0.00000000
   0.270    35    84     6     6     6     1    -0.00000000
   0.270    35    85     7     7     0     1    -0.00000000
   0.270    35    86     7     7     1    -1    -0.00000000
   0.270    35    87     7     5     0     1    -0.00000000
   0.270    35    88     7     5     1    -1    -0.00000000
   0.270    35    89     7     3     0     1     0.00000000
   0.270    35    90     7     3     1    -1    -0.00000000
   0.270    35    91     7     1     0     1     0.00000000
   0.270    35    92     7     1     1    -1     0.00000000
   0.270    35    93     7     7     1     1     0.00000000
   0.270    35    94     7     7     2    -1    -0.00000000
   0.270    35    95     7     5     1     1     0.00000000
   0.270    35    96     7     5     2    -1     0.00000000
   0.270    35    97     7     3     1     1     0.00000000
   0.270    35    98     7     3     2    -1     0.00000000
   0.270    35    99     7     1     1     1    -0.00000000
   0.270    35   100     7     7     2     1    -0.00000000
   0.270    35   101     7     7     3    -1    -0.00000000
   0.270    35   102     7     5     2     1    -0.00000000
   0.270    35   103     7     5     3    -1     0.00000000
   0.270    35   104     7     3     2     1    -0.00000000
   0.270    35   105     7     3     3    -1    -0.00000000
   0.270    35   106     7     7     3     1    -0.00000000
   0.270    35   107     7     7     4    -1    -0.00000000
   0.270    35   108     7     5     3     1     0.00000000
   0.270    35   109     7     5     4    -1    -0.00000000
   0.270    35   110     7     3     3     1     0.00000000
   0.270    35   111     7     7     4     1     0.00000000
   0.270    35   112     7     7     5    -1     0.00000000
   0.270    35   113     7     5     4     1     0.00000000
   0.270    35   114     7     5     5    -1     0.00000000
   0.270    35   115     7     7     5     1     0.00000000
   0.270    35   116     7     7     6    -1     0.00000000
   0.270    35   117     7     5     5     1     0.00000000
   0.270    35   118     7     7     6     1     0.00000000
   0.270    35   119     7     7     7    -1     0.00000000
   0.270    35   120     7     7     7     1     0.00000000
   0.270    36     1     0     0     0     1    -0.00000000
   0.270    36     2     1     1     0     1    -0.00000000
   0.270    36     3     1     1     1    -1    -0.00000000
   0.270    36     4     1     1     1     1     0.00000000
   0.270    36     5     2     2     0     1    -0.00000000
   0.270    36     6     2     2     1    -1     0.00000000
   0.270    36     7     2     0     0     1    -0.00000000
   0.270    36     8     2     2     1     1     0.00000000
   0.270    36     9     2     2     2    -1    -0.00000000
   0.270    36    10     2     2     2     1     0.04819258
   0.270    36    11     3     3     0     1    -0.00000000
   0.270    36    12     3     3     1    -1    -0.00000000
   0.270    36    13     3     1     0     1    -0.00000000
   0.270    36    14     3     1     1    -1     0.00000000
   0.270    36    15     3     3     1     1    -0.00000000
   0.270    36    16     3     3     2    -1     0.00000000
   0.270    36    17     3     1     1     1    -0.00000000
   0.270    36    18     3     3     2     1     0.00000000
   0.270    36    19     3     3     3    -1    -0.00000000
   0.270    36    20     3     3     3     1    -0.00000000
   0.270    36    21     4     4     0     1    -0.00000000
   0.270    36    22     4     4     1    -1     0.00000000
   0.270    36    23     4     2     0     1    -0.00000000
   0.270    36    24     4     2     1    -1     0.00000000
   0.270    36    25     4     0     0     1    -0.00000000
   0.270    36    26     4     4     1     1    -0.00000000
   0.270    36    27     4     4     2    -1    -0.00000000
   0.270    36    28     4     2     1     1    -0.00000000
   0.270    36    29     4     2     2    -1     0.00000000
   0.270    36    30     4     4     2     1    -0.00599969
   0.270    36    31     4     4     3    -1     0.00617680
   0.270    36    32     4     2     2     1     0.99146378
   0.270    36    33     4     4     3     1    -0.00000000
   0.270    36    34     4     4     4    -1     0.00000000
   0.270    36    35     4     4     4     1     0.00000000
   0.270    36    36     5     5     0     1    -0.00000000
   0.270    36    37     5     5     1    -1     0.00000000
   0.270    36    38     5     3     0     1    -0.00000000
   0.270    36    39     5     3     1    -1    -0.00000000
   0.270    36    40     5     1     0     1     0.00000000
   0.270    36    41     5     1     1    -1     0.00000000
   0.270    36    42     5     5     1     1     0.00000000
   0.270    36    43     5     5     2    -1    -0.00000000
   0.270    36    44     5     3     1     1    -0.00000000
   0.270    36    45     5     3     2    -1    -0.00000000
   0.270    36    46     5     1     1     1    -0.00000000
   0.270    36    47     5     5     2     1    -0.00000000
   0.270    36    48     5     5     3    -1     0.00000000
   0.270    36    49     5     3     2     1     0.00000000
   0.270    36    50     5     3     3    -1     0.00000000
   0.270    36    51     5     5     3     1    -0.00000000
   0.270    36    52     5     5     4    -1    -0.00000000
   0.270    36    53     5     3     3     1    -0.00000000
   0.270    36    54     5     5     4     1     0.00000000
   0.270    36    55     5     5     5    -1     0.00000000
   0.270    36    56     5     5     5     1     0.00000000
   0.270    36    57     6     6     0     1     0.00000000
   0.270    36    58     6     6     1    -1     0.00000000
   0.270    36    59     6     4     0     1     0.00000000
   0.270    36    60     6     4     1    -1    -0.00000000
   0.270    36    61     6     2     0     1     0.00000000
   0.270    36    62     6     2     1    -1     0.00000000
   0.270    36    63     6     0     0     1    -0.00000000
   0.270    36    64     6     6     1     1     0.00000000
   0.270    36    65     6     6     2    -1    -0.00000000
   0.270    36    66     6     4     1     1    -0.00000000
   0.270    36    67     6     4     2    -1    -0.00000000
   0.270    36    68     6     2     1     1     0.00000000
   0.270    36    69     6     2     2    -1    -0.00000000
   0.270    36    70     6     6     2     1    -0.00077236
   0.270    36    71     6     6     3    -1     0.00026873
   0.270    36    72     6     4     2     1     0.09730700
   0.270    36    73     6     4     3    -1     0.00980442
   0.270    36    74     6     2     2     1    -0.07097502
   0.270    36    75     6     6     3     1    -0.00000000
   0.270    36    76     6     6     4    -1     0.00000000
   0.270    36    77     6     4     3     1    -0.00000000
   0.270    36    78     6     4     4    -1    -0.00000000
   0.270    36    79     6     6     4     1    -0.00000000
   0.270    36    80     6     6     5    -1    -0.00000000
   0.270    36    81     6     4     4     1    -0.00000000
   0.270    36    82     6     6     5     1    -0.00000000
   0.270    36    83     6     6     6    -1    -0.00000000
   0.270    36    84     6     6     6     1     0.00000000
   0.270    36    85     7     7     0     1    -0.00000000
   0.270    36    86     7     7     1    -1    -0.00000000
   0.270    36    87     7     5     0     1    -0.00000000
   0.270    36    88     7     5     1    -1    -0.00000000
   0.270    36    89     7     3     0     1     0.00000000
   0.270    36    90     7     3     1    -1    -0.00000000
   0.270    36    91     7     1     0     1     0.00000000
   0.270    36    92     7     1     1    -1    -0.00000000
   0.270    36    93     7     7     1     1     0.00000000
   0.270    36    94     7     7     2    -1     0.00000000
   0.270    36    95     7     5     1     1    -0.00000000
   0.270    36    96     7     5     2    -1     0.00000000
   0.270    36    97     7     3     1     1    -0.00000000
   0.270    36    98     7     3     2    -1    -0.00000000
   0.270    36    99     7     1     1     1     0.00000000
   0.270    36   100     7     7     2     1     0.00000000
   0.270    36   101     7     7     3    -1     0.00000000
   0.270    36   102     7     5     2     1    -0.00000000
   0.270    36   103     7     5     3    -1    -0.00000000
   0.270    36   104     7     3     2     1    -0.00000000
   0.270    36   105     7     3     3    -1     0.00000000
   0.270    36   106     7     7     3     1    -0.00000000
   0.270    36   107     7     7     4    -1     0.00000000
   0.270    36   108     7     5     3     1    -0.00000000
   0.270    36   109     7     5     4    -1     0.00000000
   0.270    36   110     7     3     3     1     0.00000000
   0.270    36   111     7     7     4     1    -0.00000000
   0.270    36   112     7     7     5    -1    -0.00000000
   0.270    36   113     7     5     4     1    -0.00000000
   0.270    36   114     7     5     5    -1     0.00000000
   0.270    36   115     7     7     5     1     0.00000000
   0.270    36   116     7     7     6    -1     0.00000000
   0.270    36   117     7     5     5     1     0.00000000
   0.270    36   118     7     7     6     1     0.00000000
   0.270    36   119     7     7     7    -1     0.00000000
   0.270    36   120     7     7     7     1     0.00000000
   0.270    37     1     0     0     0     1     0.00000000
   0.270    37     2     1     1     0     1    -0.00000000
   0.270    37     3     1     1     1    -1    -0.00000000
   0.270    37     4     1     1     1     1     0.00000000
   0.270    37     5     2     2     0     1    -0.00000000
   0.270    37     6     2     2     1    -1     0.00000000
   0.270    37     7     2     0     0     1    -0.00000000
   0.270    37     8     2     2     1     1    -0.00000000
   0.270    37     9     2     2     2    -1    -0.00000000
   0.270    37    10     2     2     2     1     0.00000000
   0.270    37    11     3     3     0     1     0.00000000
   0.270    37    12     3     3     1    -1    -0.00000000
   0.270    37    13     3     1     0     1    -0.00000000
   0.270    37    14     3     1     1    -1    -0.00000000
   0.270    37    15     3     3     1     1     0.00000000
   0.270    37    16     3     3     2    -1     0.00000000
   0.270    37    17     3     1     1     1     0.00000000
   0.270    37    18     3     3     2     1    -0.00000000
   0.270    37    19     3     3     3    -1    -0.00000000
   0.270    37    20     3     3     3     1     0.04691437
   0.270    37    21     4     4     0     1     0.00000000
   0.270    37    22     4     4     1    -1     0.00000000
   0.270    37    23     4     2     0     1    -0.00000000
   0.270    37    24     4     2     1    -1     0.00000000
   0.270    37    25     4     0     0     1    -0.00000000
   0.270    37    26     4     4     1     1    -0.00000000
   0.270    37    27     4     4     2    -1    -0.00000000
   0.270    37    28     4     2     1     1    -0.00000000
   0.270    37    29     4     2     2    -1     0.00000000
   0.270    37    30     4     4     2     1    -0.00000000
   0.270    37    31     4     4     3    -1    -0.00000000
   0.270    37    32     4     2     2     1    -0.00000000
   0.270    37    33     4     4     3     1     0.00000000
   0.270    37    34     4     4     4    -1     0.00000000
   0.270    37    35     4     4     4     1     0.00000000
   0.270    37    36     5     5     0     1     0.00000000
   0.270    37    37     5     5     1    -1    -0.00000000
   0.270    37    38     5     3     0     1    -0.00000000
   0.270    37    39     5     3     1    -1    -0.00000000
   0.270    37    40     5     1     0     1    -0.00000000
   0.270    37    41     5     1     1    -1    -0.00000000
   0.270    37    42     5     5     1     1     0.00000000
   0.270    37    43     5     5     2    -1    -0.00000000
   0.270    37    44     5     3     1     1     0.00000000
   0.270    37    45     5     3     2    -1     0.00000000
   0.270    37    46     5     1     1     1    -0.00000000
   0.270    37    47     5     5     2     1     0.00000000
   0.270    37    48     5     5     3    -1    -0.00000000
   0.270    37    49     5     3     2     1     0.00000000
   0.270    37    50     5     3     3    -1     0.00000000
   0.270    37    51     5     5     3     1    -0.94376931
   0.270    37    52     5     5     4    -1    -0.31819425
   0.270    37    53     5     3     3     1    -0.00379556
   0.270    37    54     5     5     4     1     0.00000000
   0.270    37    55     5     5     5    -1     0.00000000
   0.270    37    56     5     5     5     1     0.00000000
   0.270    37    57     6     6     0     1     0.00000000
   0.270    37    58     6     6     1    -1     0.00000000
   0.270    37    59     6     4     0     1     0.00000000
   0.270    37    60     6     4     1    -1     0.00000000
   0.270    37    61     6     2     0     1     0.00000000
   0.270    37    62     6     2     1    -1     0.00000000
   0.270    37    63     6     0     0     1    -0.00000000
   0.270    37    64     6     6     1     1    -0.00000000
   0.270    37    65     6     6     2    -1    -0.00000000
   0.270    37    66     6     4     1     1    -0.00000000
   0.270    37    67     6     4     2    -1    -0.00000000
   0.270    37    68     6     2     1     1    -0.00000000
   0.270    37    69     6     2     2    -1    -0.00000000
   0.270    37    70     6     6     2     1    -0.00000000
   0.270    37    71     6     6     3    -1    -0.00000000
   0.270    37    72     6     4     2     1    -0.00000000
   0.270    37    73     6     4     3    -1     0.00000000
   0.270    37    74     6     2     2     1    -0.00000000
   0.270    37    75     6     6     3     1     0.00000000
   0.270    37    76     6     6     4    -1     0.00000000
   0.270    37    77     6     4     3     1    -0.00000000
   0.270    37    78     6     4     4    -1     0.00000000
   0.270    37    79     6     6     4     1     0.00000000
   0.270    37    80     6     6     5    -1    -0.00000000
   0.270    37    81     6     4     4     1    -0.00000000
   0.270    37    82     6     6     5     1    -0.00000000
   0.270    37    83     6     6     6    -1     0.00000000
   0.270    37    84     6     6     6     1     0.00000000
   0.270    37    85     7     7     0     1     0.00000000
   0.270    37    86     7     7     1    -1    -0.00000000
   0.270    37    87     7     5     0     1    -0.00000000
   0.270    37    88     7     5     1    -1     0.00000000
   0.270    37    89     7     3     0     1     0.00000000
   0.270    37    90     7     3     1    -1     0.00000000
   0.270    37    91     7     1     0     1     0.00000000
   0.270    37    92     7     1     1    -1    -0.00000000
   0.270    37    93     7     7     1     1    -0.00000000
   0.270    37    94     7     7     2    -1     0.00000000
   0.270    37    95     7     5     1     1     0.00000000
   0.270    37    96     7     5     2    -1     0.00000000
   0.270    37    97     7     3     1     1    -0.00000000
   0.270    37    98     7     3     2    -1     0.00000000
   0.270    37    99     7     1     1     1     0.00000000
   0.270    37   100     7     7     2     1     0.00000000
   0.270    37   101     7     7     3    -1    -0.00000000
   0.270    37   102     7     5     2     1     0.00000000
   0.270    37   103     7     5     3    -1     0.00000000
   0.270    37   104     7     3     2     1    -0.00000000
   0.270    37   105     7     3     3    -1    -0.00000000
   0.270    37   106     7     7     3     1    -0.07015062
   0.270    37   107     7     7     4    -1    -0.02448606
   0.270    37   108     7     5     3     1    -0.00454189
   0.270    37   109     7     5     4    -1     0.00766204
   0.270    37   110     7     3     3     1    -0.01537938
   0.270    37   111     7     7     4     1     0.00000000
   0.270    37   112     7     7     5    -1    -0.00000000
   0.270    37   113     7     5     4     1    -0.00000000
   0.270    37   114     7     5     5    -1    -0.00000000
   0.270    37   115     7     7     5     1     0.00000000
   0.270    37   116     7     7     6    -1     0.00000000
   0.270    37   117     7     5     5     1     0.00000000
   0.270    37   118     7     7     6     1     0.00000000
   0.270    37   119     7     7     7    -1     0.00000000
   0.270    37   120     7     7     7     1     0.00000000
   0.270    38     1     0     0     0     1     0.00000000
   0.270    38     2     1     1     0     1    -0.00000000
   0.270    38     3     1     1     1    -1     0.00000000
   0.270    38     4     1     1     1     1     0.00000000
   0.270    38     5     2     2     0     1    -0.00000000
   0.270    38     6     2     2     1    -1     0.00000000
   0.270    38     7     2     0     0     1    -0.00000000
   0.270    38     8     2     2     1     1     0.00000000
   0.270    38     9     2     2     2    -1    -0.00000000
   0.270    38    10     2     2     2     1    -0.00000000
   0.270    38    11     3     3     0     1     0.00000000
   0.270    38    12     3     3     1    -1    -0.00000000
   0.270    38    13     3     1     0     1     0.00000000
   0.270    38    14     3     1     1    -1     0.00000000
   0.270    38    15     3     3     1     1    -0.00000000
   0.270    38    16     3     3     2    -1    -0.00000000
   0.270    38    17     3     1     1     1     0.00000000
   0.270    38    18     3     3     2     1    -0.00000000
   0.270    38    19     3     3     3    -1     0.00000000
   0.270    38    20     3     3     3     1    -0.00000000
   0.270    38    21     4     4     0     1     0.00000000
   0.270    38    22     4     4     1    -1    -0.00000000
   0.270    38    23     4     2     0     1     0.00000000
   0.270    38    24     4     2     1    -1    -0.00000000
   0.270    38    25     4     0     0     1     0.00000000
   0.270    38    26     4     4     1     1    -0.00000000
   0.270    38    27     4     4     2    -1    -0.00000000
   0.270    38    28     4     2     1     1     0.00000000
   0.270    38    29     4     2     2    -1     0.00000000
   0.270    38    30     4     4     2     1    -0.00000000
   0.270    38    31     4     4     3    -1     0.00000000
   0.270    38    32     4     2     2     1    -0.00000000
   0.270    38    33     4     4     3     1    -0.21454909
   0.270    38    34     4     4     4    -1     0.97329180
   0.270    38    35     4     4     4     1    -0.00000000
   0.270    38    36     5     5     0     1    -0.00000000
   0.270    38    37     5     5     1    -1     0.00000000
   0.270    38    38     5     3     0     1    -0.00000000
   0.270    38    39     5     3     1    -1    -0.00000000
   0.270    38    40     5     1     0     1    -0.00000000
   0.270    38    41     5     1     1    -1     0.00000000
   0.270    38    42     5     5     1     1     0.00000000
   0.270    38    43     5     5     2    -1     0.00000000
   0.270    38    44     5     3     1     1    -0.00000000
   0.270    38    45     5     3     2    -1     0.00000000
   0.270    38    46     5     1     1     1     0.00000000
   0.270    38    47     5     5     2     1     0.00000000
   0.270    38    48     5     5     3    -1    -0.00000000
   0.270    38    49     5     3     2     1    -0.00000000
   0.270    38    50     5     3     3    -1     0.00000000
   0.270    38    51     5     5     3     1     0.00000000
   0.270    38    52     5     5     4    -1     0.00000000
   0.270    38    53     5     3     3     1     0.00000000
   0.270    38    54     5     5     4     1     0.00000000
   0.270    38    55     5     5     5    -1    -0.00000000
   0.270    38    56     5     5     5     1     0.00000000
   0.270    38    57     6     6     0     1    -0.00000000
   0.270    38    58     6     6     1    -1    -0.00000000
   0.270    38    59     6     4     0     1    -0.00000000
   0.270    38    60     6     4     1    -1    -0.00000000
   0.270    38    61     6     2     0     1    -0.00000000
   0.270    38    62     6     2     1    -1     0.00000000
   0.270    38    63     6     0     0     1     0.00000000
   0.270    38    64     6     6     1     1    -0.00000000
   0.270    38    65     6     6     2    -1     0.00000000
   0.270    38    66     6     4     1     1    -0.00000000
   0.270    38    67     6     4     2    -1     0.00000000
   0.270    38    68     6     2     1     1     0.00000000
   0.270    38    69     6     2     2    -1    -0.00000000
   0.270    38    70     6     6     2     1     0.00000000
   0.270    38    71     6     6     3    -1     0.00000000
   0.270    38    72     6     4     2     1    -0.00000000
   0.270    38    73     6     4     3    -1     0.00000000
   0.270    38    74     6     2     2     1    -0.00000000
   0.270    38    75     6     6     3     1    -0.00982164
   0.270    38    76     6     6     4    -1     0.04175198
   0.270    38    77     6     4     3     1    -0.00111311
   0.270    38    78     6     4     4    -1    -0.06950423
   0.270    38    79     6     6     4     1     0.00000000
   0.270    38    80     6     6     5    -1    -0.00000000
   0.270    38    81     6     4     4     1     0.00000000
   0.270    38    82     6     6     5     1    -0.00000000
   0.270    38    83     6     6     6    -1    -0.00000000
   0.270    38    84     6     6     6     1    -0.00000000
   0.270    38    85     7     7     0     1    -0.00000000
   0.270    38    86     7     7     1    -1     0.00000000
   0.270    38    87     7     5     0     1    -0.00000000
   0.270    38    88     7     5     1    -1     0.00000000
   0.270    38    89     7     3     0     1    -0.00000000
   0.270    38    90     7     3     1    -1     0.00000000
   0.270    38    91     7     1     0     1    -0.00000000
   0.270    38    92     7     1     1    -1    -0.00000000
   0.270    38    93     7     7     1     1     0.00000000
   0.270    38    94     7     7     2    -1    -0.00000000
   0.270    38    95     7     5     1     1    -0.00000000
   0.270    38    96     7     5     2    -1     0.00000000
   0.270    38    97     7     3     1     1    -0.00000000
   0.270    38    98     7     3     2    -1     0.00000000
   0.270    38    99     7     1     1     1    -0.00000000
   0.270    38   100     7     7     2     1     0.00000000
   0.270    38   101     7     7     3    -1     0.00000000
   0.270    38   102     7     5     2     1    -0.00000000
   0.270    38   103     7     5     3    -1    -0.00000000
   0.270    38   104     7     3     2     1    -0.00000000
   0.270    38   105     7     3     3    -1    -0.00000000
   0.270    38   106     7     7     3     1    -0.00000000
   0.270    38   107     7     7     4    -1    -0.00000000
   0.270    38   108     7     5     3     1     0.00000000
   0.270    38   109     7     5     4    -1    -0.00000000
   0.270    38   110     7     3     3     1     0.00000000
   0.270    38   111     7     7     4     1     0.00000000
   0.270    38   112     7     7     5    -1     0.00000000
   0.270    38   113     7     5     4     1     0.00000000
   0.270    38   114     7     5     5    -1    -0.00000000
   0.270    38   115     7     7     5     1     0.00000000
   0.270    38   116     7     7     6    -1     0.00000000
   0.270    38   117     7     5     5     1     0.00000000
   0.270    38   118     7     7     6     1     0.00000000
   0.270    38   119     7     7     7    -1     0.00000000
   0.270    38   120     7     7     7     1     0.00000000
   0.270    39     1     0     0     0     1    -0.00000000
   0.270    39     2     1     1     0     1     0.00000000
   0.270    39     3     1     1     1    -1    -0.00000000
   0.270    39     4     1     1     1     1     0.00000000
   0.270    39     5     2     2     0     1     0.00000000
   0.270    39     6     2     2     1    -1    -0.00000000
   0.270    39     7     2     0     0     1     0.00000000
   0.270    39     8     2     2     1     1     0.00123167
   0.270    39     9     2     2     2    -1     0.04702663
   0.270    39    10     2     2     2     1    -0.00000000
   0.270    39    11     3     3     0     1    -0.00000000
   0.270    39    12     3     3     1    -1     0.00000000
   0.270    39    13     3     1     0     1     0.00000000
   0.270    39    14     3     1     1    -1     0.00000000
   0.270    39    15     3     3     1     1     0.00000000
   0.270    39    16     3     3     2    -1    -0.00000000
   0.270    39    17     3     1     1     1     0.00000000
   0.270    39    18     3     3     2     1     0.00000000
   0.270    39    19     3     3     3    -1     0.00000000
   0.270    39    20     3     3     3     1    -0.00000000
   0.270    39    21     4     4     0     1    -0.00000000
   0.270    39    22     4     4     1    -1     0.00000000
   0.270    39    23     4     2     0     1    -0.00000000
   0.270    39    24     4     2     1    -1    -0.00000000
   0.270    39    25     4     0     0     1     0.00000000
   0.270    39    26     4     4     1     1     0.00312658
   0.270    39    27     4     4     2    -1    -0.00486383
   0.270    39    28     4     2     1     1    -0.16597332
   0.270    39    29     4     2     2    -1     0.97773615
   0.270    39    30     4     4     2     1     0.00000000
   0.270    39    31     4     4     3    -1    -0.00000000
   0.270    39    32     4     2     2     1    -0.00000000
   0.270    39    33     4     4     3     1     0.00000000
   0.270    39    34     4     4     4    -1     0.00000000
   0.270    39    35     4     4     4     1    -0.00000000
   0.270    39    36     5     5     0     1    -0.00000000
   0.270    39    37     5     5     1    -1     0.00000000
   0.270    39    38     5     3     0     1     0.00000000
   0.270    39    39     5     3     1    -1    -0.00000000
   0.270    39    40     5     1     0     1    -0.00000000
   0.270    39    41     5     1     1    -1    -0.00000000
   0.270    39    42     5     5     1     1    -0.00000000
   0.270    39    43     5     5     2    -1    -0.00000000
   0.270    39    44     5     3     1     1    -0.00000000
   0.270    39    45     5     3     2    -1     0.00000000
   0.270    39    46     5     1     1     1    -0.00000000
   0.270    39    47     5     5     2     1    -0.00000000
   0.270    39    48     5     5     3    -1    -0.00000000
   0.270    39    49     5     3     2     1     0.00000000
   0.270    39    50     5     3     3    -1    -0.00000000
   0.270    39    51     5     5     3     1     0.00000000
   0.270    39    52     5     5     4    -1     0.00000000
   0.270    39    53     5     3     3     1     0.00000000
   0.270    39    54     5     5     4     1    -0.00000000
   0.270    39    55     5     5     5    -1     0.00000000
   0.270    39    56     5     5     5     1     0.00000000
   0.270    39    57     6     6     0     1    -0.00000000
   0.270    39    58     6     6     1    -1    -0.00000000
   0.270    39    59     6     4     0     1     0.00000000
   0.270    39    60     6     4     1    -1    -0.00000000
   0.270    39    61     6     2     0     1    -0.00000000
   0.270    39    62     6     2     1    -1    -0.00000000
   0.270    39    63     6     0     0     1     0.00000000
   0.270    39    64     6     6     1     1     0.00041166
   0.270    39    65     6     6     2    -1    -0.00054898
   0.270    39    66     6     4     1     1    -0.00979039
   0.270    39    67     6     4     2    -1     0.09426183
   0.270    39    68     6     2     1     1    -0.01388051
   0.270    39    69     6     2     2    -1    -0.07116280
   0.270    39    70     6     6     2     1    -0.00000000
   0.270    39    71     6     6     3    -1    -0.00000000
   0.270    39    72     6     4     2     1     0.00000000
   0.270    39    73     6     4     3    -1    -0.00000000
   0.270    39    74     6     2     2     1     0.00000000
   0.270    39    75     6     6     3     1    -0.00000000
   0.270    39    76     6     6     4    -1    -0.00000000
   0.270    39    77     6     4     3     1     0.00000000
   0.270    39    78     6     4     4    -1     0.00000000
   0.270    39    79     6     6     4     1    -0.00000000
   0.270    39    80     6     6     5    -1     0.00000000
   0.270    39    81     6     4     4     1    -0.00000000
   0.270    39    82     6     6     5     1    -0.00000000
   0.270    39    83     6     6     6    -1     0.00000000
   0.270    39    84     6     6     6     1    -0.00000000
   0.270    39    85     7     7     0     1    -0.00000000
   0.270    39    86     7     7     1    -1     0.00000000
   0.270    39    87     7     5     0     1     0.00000000
   0.270    39    88     7     5     1    -1     0.00000000
   0.270    39    89     7     3     0     1    -0.00000000
   0.270    39    90     7     3     1    -1    -0.00000000
   0.270    39    91     7     1     0     1     0.00000000
   0.270    39    92     7     1     1    -1     0.00000000
   0.270    39    93     7     7     1     1     0.00000000
   0.270    39    94     7     7     2    -1     0.00000000
   0.270    39    95     7     5     1     1     0.00000000
   0.270    39    96     7     5     2    -1     0.00000000
   0.270    39    97     7     3     1     1    -0.00000000
   0.270    39    98     7     3     2    -1    -0.00000000
   0.270    39    99     7     1     1     1    -0.00000000
   0.270    39   100     7     7     2     1     0.00000000
   0.270    39   101     7     7     3    -1     0.00000000
   0.270    39   102     7     5     2     1    -0.00000000
   0.270    39   103     7     5     3    -1    -0.00000000
   0.270    39   104     7     3     2     1    -0.00000000
   0.270    39   105     7     3     3    -1    -0.00000000
   0.270    39   106     7     7     3     1    -0.00000000
   0.270    39   107     7     7     4    -1    -0.00000000
   0.270    39   108     7     5     3     1     0.00000000
   0.270    39   109     7     5     4    -1     0.00000000
   0.270    39   110     7     3     3     1     0.00000000
   0.270    39   111     7     7     4     1    -0.00000000
   0.270    39   112     7     7     5    -1    -0.00000000
   0.270    39   113     7     5     4     1    -0.00000000
   0.270    39   114     7     5     5    -1     0.00000000
   0.270    39   115     7     7     5     1     0.00000000
   0.270    39   116     7     7     6    -1     0.00000000
   0.270    39   117     7     5     5     1     0.00000000
   0.270    39   118     7     7     6     1     0.00000000
   0.270    39   119     7     7     7    -1     0.00000000
   0.270    39   120     7     7     7     1     0.00000000
   0.270    40     1     0     0     0     1     0.00000000
   0.270    40     2     1     1     0     1    -0.00000000
   0.270    40     3     1     1     1    -1    -0.00000000
   0.270    40     4     1     1     1     1     0.00000000
   0.270    40     5     2     2     0     1    -0.00000000
   0.270    40     6     2     2     1    -1     0.00000000
   0.270    40     7     2     0     0     1     0.00000000
   0.270    40     8     2     2     1     1    -0.00000000
   0.270    40     9     2     2     2    -1     0.00000000
   0.270    40    10     2     2     2     1     0.00000000
   0.270    40    11     3     3     0     1    -0.00000000
   0.270    40    12     3     3     1    -1     0.00000000
   0.270    40    13     3     1     0     1    -0.00000000
   0.270    40    14     3     1     1    -1    -0.00000000
   0.270    40    15     3     3     1     1    -0.00000000
   0.270    40    16     3     3     2    -1    -0.00000000
   0.270    40    17     3     1     1     1    -0.00000000
   0.270    40    18     3     3     2     1     0.00000000
   0.270    40    19     3     3     3    -1     0.00000000
   0.270    40    20     3     3     3     1    -0.00000000
   0.270    40    21     4     4     0     1    -0.00000000
   0.270    40    22     4     4     1    -1     0.00000000
   0.270    40    23     4     2     0     1     0.00000000
   0.270    40    24     4     2     1    -1     0.00000000
   0.270    40    25     4     0     0     1    -0.00000000
   0.270    40    26     4     4     1     1    -0.00000000
   0.270    40    27     4     4     2    -1     0.00000000
   0.270    40    28     4     2     1     1    -0.00000000
   0.270    40    29     4     2     2    -1    -0.00000000
   0.270    40    30     4     4     2     1     0.00000000
   0.270    40    31     4     4     3    -1    -0.00000000
   0.270    40    32     4     2     2     1    -0.00000000
   0.270    40    33     4     4     3     1    -0.00000000
   0.270    40    34     4     4     4    -1     0.00000000
   0.270    40    35     4     4     4     1     0.00000000
   0.270    40    36     5     5     0     1     0.00000000
   0.270    40    37     5     5     1    -1     0.00000000
   0.270    40    38     5     3     0     1     0.00000000
   0.270    40    39     5     3     1    -1    -0.00000000
   0.270    40    40     5     1     0     1     0.00000000
   0.270    40    41     5     1     1    -1     0.00000000
   0.270    40    42     5     5     1     1    -0.00000000
   0.270    40    43     5     5     2    -1    -0.00000000
   0.270    40    44     5     3     1     1    -0.00000000
   0.270    40    45     5     3     2    -1     0.00000000
   0.270    40    46     5     1     1     1     0.00000000
   0.270    40    47     5     5     2     1     0.00000000
   0.270    40    48     5     5     3    -1     0.00000000
   0.270    40    49     5     3     2     1    -0.00000000
   0.270    40    50     5     3     3    -1     0.00000000
   0.270    40    51     5     5     3     1     0.00000000
   0.270    40    52     5     5     4    -1     0.00000000
   0.270    40    53     5     3     3     1     0.00000000
   0.270    40    54     5     5     4     1     0.97583875
   0.270    40    55     5     5     5    -1     0.20695577
   0.270    40    56     5     5     5     1     0.00000000
   0.270    40    57     6     6     0     1    -0.00000000
   0.270    40    58     6     6     1    -1     0.00000000
   0.270    40    59     6     4     0     1    -0.00000000
   0.270    40    60     6     4     1    -1     0.00000000
   0.270    40    61     6     2     0     1    -0.00000000
   0.270    40    62     6     2     1    -1     0.00000000
   0.270    40    63     6     0     0     1     0.00000000
   0.270    40    64     6     6     1     1    -0.00000000
   0.270    40    65     6     6     2    -1     0.00000000
   0.270    40    66     6     4     1     1    -0.00000000
   0.270    40    67     6     4     2    -1    -0.00000000
   0.270    40    68     6     2     1     1    -0.00000000
   0.270    40    69     6     2     2    -1     0.00000000
   0.270    40    70     6     6     2     1     0.00000000
   0.270    40    71     6     6     3    -1     0.00000000
   0.270    40    72     6     4     2     1     0.00000000
   0.270    40    73     6     4     3    -1    -0.00000000
   0.270    40    74     6     2     2     1    -0.00000000
   0.270    40    75     6     6     3     1     0.00000000
   0.270    40    76     6     6     4    -1    -0.00000000
   0.270    40    77     6     4     3     1    -0.00000000
   0.270    40    78     6     4     4    -1     0.00000000
   0.270    40    79     6     6     4     1    -0.00000000
   0.270    40    80     6     6     5    -1    -0.00000000
   0.270    40    81     6     4     4     1     0.00000000
   0.270    40    82     6     6     5     1     0.00000000
   0.270    40    83     6     6     6    -1     0.00000000
   0.270    40    84     6     6     6     1    -0.00000000
   0.270    40    85     7     7     0     1     0.00000000
   0.270    40    86     7     7     1    -1     0.00000000
   0.270    40    87     7     5     0     1    -0.00000000
   0.270    40    88     7     5     1    -1    -0.00000000
   0.270    40    89     7     3     0     1    -0.00000000
   0.270    40    90     7     3     1    -1    -0.00000000
   0.270    40    91     7     1     0     1    -0.00000000
   0.270    40    92     7     1     1    -1     0.00000000
   0.270    40    93     7     7     1     1    -0.00000000
   0.270    40    94     7     7     2    -1    -0.00000000
   0.270    40    95     7     5     1     1    -0.00000000
   0.270    40    96     7     5     2    -1    -0.00000000
   0.270    40    97     7     3     1     1    -0.00000000
   0.270    40    98     7     3     2    -1    -0.00000000
   0.270    40    99     7     1     1     1     0.00000000
   0.270    40   100     7     7     2     1    -0.00000000
   0.270    40   101     7     7     3    -1     0.00000000
   0.270    40   102     7     5     2     1     0.00000000
   0.270    40   103     7     5     3    -1    -0.00000000
   0.270    40   104     7     3     2     1    -0.00000000
   0.270    40   105     7     3     3    -1     0.00000000
   0.270    40   106     7     7     3     1    -0.00000000
   0.270    40   107     7     7     4    -1     0.00000000
   0.270    40   108     7     5     3     1    -0.00000000
   0.270    40   109     7     5     4    -1    -0.00000000
   0.270    40   110     7     3     3     1    -0.00000000
   0.270    40   111     7     7     4     1     0.05907799
   0.270    40   112     7     7     5    -1     0.01387586
   0.270    40   113     7     5     4     1    -0.03216418
   0.270    40   114     7     5     5    -1    -0.01381164
   0.270    40   115     7     7     5     1     0.00000000
   0.270    40   116     7     7     6    -1     0.00000000
   0.270    40   117     7     5     5     1     0.00000000
   0.270    40   118     7     7     6     1     0.00000000
   0.270    40   119     7     7     7    -1     0.00000000
   0.270    40   120     7     7     7     1     0.00000000
   0.270    41     1     0     0     0     1     0.00000000
   0.270    41     2     1     1     0     1    -0.00443038
   0.270    41     3     1     1     1    -1     0.00083785
   0.270    41     4     1     1     1     1    -0.00000000
   0.270    41     5     2     2     0     1    -0.00000000
   0.270    41     6     2     2     1    -1     0.00000000
   0.270    41     7     2     0     0     1    -0.00000000
   0.270    41     8     2     2     1     1    -0.00000000
   0.270    41     9     2     2     2    -1     0.00000000
   0.270    41    10     2     2     2     1    -0.00000000
   0.270    41    11     3     3     0     1     0.05043720
   0.270    41    12     3     3     1    -1     0.01741578
   0.270    41    13     3     1     0     1     0.09530132
   0.270    41    14     3     1     1    -1     0.06506735
   0.270    41    15     3     3     1     1     0.00000000
   0.270    41    16     3     3     2    -1    -0.00000000
   0.270    41    17     3     1     1     1    -0.00000000
   0.270    41    18     3     3     2     1     0.00000000
   0.270    41    19     3     3     3    -1     0.00000000
   0.270    41    20     3     3     3     1     0.00000000
   0.270    41    21     4     4     0     1    -0.00000000
   0.270    41    22     4     4     1    -1    -0.00000000
   0.270    41    23     4     2     0     1     0.00000000
   0.270    41    24     4     2     1    -1    -0.00000000
   0.270    41    25     4     0     0     1     0.00000000
   0.270    41    26     4     4     1     1     0.00000000
   0.270    41    27     4     4     2    -1    -0.00000000
   0.270    41    28     4     2     1     1     0.00000000
   0.270    41    29     4     2     2    -1    -0.00000000
   0.270    41    30     4     4     2     1     0.00000000
   0.270    41    31     4     4     3    -1    -0.00000000
   0.270    41    32     4     2     2     1    -0.00000000
   0.270    41    33     4     4     3     1     0.00000000
   0.270    41    34     4     4     4    -1    -0.00000000
   0.270    41    35     4     4     4     1    -0.00000000
   0.270    41    36     5     5     0     1    -0.00149806
   0.270    41    37     5     5     1    -1     0.05190976
   0.270    41    38     5     3     0     1    -0.80509844
   0.270    41    39     5     3     1    -1    -0.54459445
   0.270    41    40     5     1     0     1    -0.07924150
   0.270    41    41     5     1     1    -1    -0.01452735
   0.270    41    42     5     5     1     1    -0.00000000
   0.270    41    43     5     5     2    -1     0.00000000
   0.270    41    44     5     3     1     1    -0.00000000
   0.270    41    45     5     3     2    -1     0.00000000
   0.270    41    46     5     1     1     1    -0.00000000
   0.270    41    47     5     5     2     1    -0.00000000
   0.270    41    48     5     5     3    -1     0.00000000
   0.270    41    49     5     3     2     1     0.00000000
   0.270    41    50     5     3     3    -1     0.00000000
   0.270    41    51     5     5     3     1    -0.00000000
   0.270    41    52     5     5     4    -1     0.00000000
   0.270    41    53     5     3     3     1     0.00000000
   0.270    41    54     5     5     4     1     0.00000000
   0.270    41    55     5     5     5    -1    -0.00000000
   0.270    41    56     5     5     5     1     0.00000000
   0.270    41    57     6     6     0     1     0.00000000
   0.270    41    58     6     6     1    -1    -0.00000000
   0.270    41    59     6     4     0     1     0.00000000
   0.270    41    60     6     4     1    -1     0.00000000
   0.270    41    61     6     2     0     1    -0.00000000
   0.270    41    62     6     2     1    -1     0.00000000
   0.270    41    63     6     0     0     1     0.00000000
   0.270    41    64     6     6     1     1    -0.00000000
   0.270    41    65     6     6     2    -1    -0.00000000
   0.270    41    66     6     4     1     1    -0.00000000
   0.270    41    67     6     4     2    -1    -0.00000000
   0.270    41    68     6     2     1     1     0.00000000
   0.270    41    69     6     2     2    -1    -0.00000000
   0.270    41    70     6     6     2     1    -0.00000000
   0.270    41    71     6     6     3    -1    -0.00000000
   0.270    41    72     6     4     2     1     0.00000000
   0.270    41    73     6     4     3    -1     0.00000000
   0.270    41    74     6     2     2     1     0.00000000
   0.270    41    75     6     6     3     1     0.00000000
   0.270    41    76     6     6     4    -1    -0.00000000
   0.270    41    77     6     4     3     1     0.00000000
   0.270    41    78     6     4     4    -1     0.00000000
   0.270    41    79     6     6     4     1    -0.00000000
   0.270    41    80     6     6     5    -1    -0.00000000
   0.270    41    81     6     4     4     1     0.00000000
   0.270    41    82     6     6     5     1    -0.00000000
   0.270    41    83     6     6     6    -1    -0.00000000
   0.270    41    84     6     6     6     1     0.00000000
   0.270    41    85     7     7     0     1     0.00144711
   0.270    41    86     7     7     1    -1     0.00540611
   0.270    41    87     7     5     0     1    -0.10792300
   0.270    41    88     7     5     1    -1    -0.07199594
   0.270    41    89     7     3     0     1    -0.07301016
   0.270    41    90     7     3     1    -1    -0.03343814
   0.270    41    91     7     1     0     1    -0.07662300
   0.270    41    92     7     1     1    -1    -0.02609250
   0.270    41    93     7     7     1     1    -0.00000000
   0.270    41    94     7     7     2    -1     0.00000000
   0.270    41    95     7     5     1     1    -0.00000000
   0.270    41    96     7     5     2    -1     0.00000000
   0.270    41    97     7     3     1     1    -0.00000000
   0.270    41    98     7     3     2    -1    -0.00000000
   0.270    41    99     7     1     1     1    -0.00000000
   0.270    41   100     7     7     2     1    -0.00000000
   0.270    41   101     7     7     3    -1     0.00000000
   0.270    41   102     7     5     2     1    -0.00000000
   0.270    41   103     7     5     3    -1     0.00000000
   0.270    41   104     7     3     2     1     0.00000000
   0.270    41   105     7     3     3    -1     0.00000000
   0.270    41   106     7     7     3     1    -0.00000000
   0.270    41   107     7     7     4    -1     0.00000000
   0.270    41   108     7     5     3     1    -0.00000000
   0.270    41   109     7     5     4    -1    -0.00000000
   0.270    41   110     7     3     3     1     0.00000000
   0.270    41   111     7     7     4     1     0.00000000
   0.270    41   112     7     7     5    -1     0.00000000
   0.270    41   113     7     5     4     1     0.00000000
   0.270    41   114     7     5     5    -1    -0.00000000
   0.270    41   115     7     7     5     1     0.00000000
   0.270    41   116     7     7     6    -1     0.00000000
   0.270    41   117     7     5     5     1     0.00000000
   0.270    41   118     7     7     6     1     0.00000000
   0.270    41   119     7     7     7    -1     0.00000000
   0.270    41   120     7     7     7     1     0.00000000
   0.270    42     1     0     0     0     1     0.00000000
   0.270    42     2     1     1     0     1     0.00123665
   0.270    42     3     1     1     1    -1    -0.00119863
   0.270    42     4     1     1     1     1     0.00000000
   0.270    42     5     2     2     0     1     0.00000000
   0.270    42     6     2     2     1    -1     0.00000000
   0.270    42     7     2     0     0     1    -0.00000000
   0.270    42     8     2     2     1     1     0.00000000
   0.270    42     9     2     2     2    -1    -0.00000000
   0.270    42    10     2     2     2     1     0.00000000
   0.270    42    11     3     3     0     1    -0.04618096
   0.270    42    12     3     3     1    -1     0.05491198
   0.270    42    13     3     1     0     1    -0.00027416
   0.270    42    14     3     1     1    -1     0.00642230
   0.270    42    15     3     3     1     1    -0.00000000
   0.270    42    16     3     3     2    -1     0.00000000
   0.270    42    17     3     1     1     1     0.00000000
   0.270    42    18     3     3     2     1    -0.00000000
   0.270    42    19     3     3     3    -1    -0.00000000
   0.270    42    20     3     3     3     1     0.00000000
   0.270    42    21     4     4     0     1     0.00000000
   0.270    42    22     4     4     1    -1    -0.00000000
   0.270    42    23     4     2     0     1    -0.00000000
   0.270    42    24     4     2     1    -1     0.00000000
   0.270    42    25     4     0     0     1     0.00000000
   0.270    42    26     4     4     1     1    -0.00000000
   0.270    42    27     4     4     2    -1    -0.00000000
   0.270    42    28     4     2     1     1     0.00000000
   0.270    42    29     4     2     2    -1     0.00000000
   0.270    42    30     4     4     2     1     0.00000000
   0.270    42    31     4     4     3    -1     0.00000000
   0.270    42    32     4     2     2     1     0.00000000
   0.270    42    33     4     4     3     1    -0.00000000
   0.270    42    34     4     4     4    -1     0.00000000
   0.270    42    35     4     4     4     1    -0.00000000
   0.270    42    36     5     5     0     1     0.64714071
   0.270    42    37     5     5     1    -1    -0.74915060
   0.270    42    38     5     3     0     1    -0.01938666
   0.270    42    39     5     3     1    -1    -0.05224965
   0.270    42    40     5     1     0     1     0.01805646
   0.270    42    41     5     1     1    -1    -0.00147383
   0.270    42    42     5     5     1     1    -0.00000000
   0.270    42    43     5     5     2    -1     0.00000000
   0.270    42    44     5     3     1     1    -0.00000000
   0.270    42    45     5     3     2    -1     0.00000000
   0.270    42    46     5     1     1     1     0.00000000
   0.270    42    47     5     5     2     1     0.00000000
   0.270    42    48     5     5     3    -1    -0.00000000
   0.270    42    49     5     3     2     1     0.00000000
   0.270    42    50     5     3     3    -1    -0.00000000
   0.270    42    51     5     5     3     1    -0.00000000
   0.270    42    52     5     5     4    -1    -0.00000000
   0.270    42    53     5     3     3     1    -0.00000000
   0.270    42    54     5     5     4     1     0.00000000
   0.270    42    55     5     5     5    -1     0.00000000
   0.270    42    56     5     5     5     1     0.00000000
   0.270    42    57     6     6     0     1     0.00000000
   0.270    42    58     6     6     1    -1     0.00000000
   0.270    42    59     6     4     0     1    -0.00000000
   0.270    42    60     6     4     1    -1     0.00000000
   0.270    42    61     6     2     0     1     0.00000000
   0.270    42    62     6     2     1    -1     0.00000000
   0.270    42    63     6     0     0     1    -0.00000000
   0.270    42    64     6     6     1     1     0.00000000
   0.270    42    65     6     6     2    -1     0.00000000
   0.270    42    66     6     4     1     1     0.00000000
   0.270    42    67     6     4     2    -1     0.00000000
   0.270    42    68     6     2     1     1    -0.00000000
   0.270    42    69     6     2     2    -1    -0.00000000
   0.270    42    70     6     6     2     1    -0.00000000
   0.270    42    71     6     6     3    -1    -0.00000000
   0.270    42    72     6     4     2     1     0.00000000
   0.270    42    73     6     4     3    -1    -0.00000000
   0.270    42    74     6     2     2     1    -0.00000000
   0.270    42    75     6     6     3     1     0.00000000
   0.270    42    76     6     6     4    -1     0.00000000
   0.270    42    77     6     4     3     1     0.00000000
   0.270    42    78     6     4     4    -1    -0.00000000
   0.270    42    79     6     6     4     1    -0.00000000
   0.270    42    80     6     6     5    -1    -0.00000000
   0.270    42    81     6     4     4     1     0.00000000
   0.270    42    82     6     6     5     1     0.00000000
   0.270    42    83     6     6     6    -1    -0.00000000
   0.270    42    84     6     6     6     1    -0.00000000
   0.270    42    85     7     7     0     1     0.05204532
   0.270    42    86     7     7     1    -1    -0.06023160
   0.270    42    87     7     5     0     1     0.03483258
   0.270    42    88     7     5     1    -1    -0.04448904
   0.270    42    89     7     3     0     1     0.02848028
   0.270    42    90     7     3     1    -1    -0.03177544
   0.270    42    91     7     1     0     1     0.00060849
   0.270    42    92     7     1     1    -1    -0.00236312
   0.270    42    93     7     7     1     1     0.00000000
   0.270    42    94     7     7     2    -1    -0.00000000
   0.270    42    95     7     5     1     1    -0.00000000
   0.270    42    96     7     5     2    -1     0.00000000
   0.270    42    97     7     3     1     1     0.00000000
   0.270    42    98     7     3     2    -1     0.00000000
   0.270    42    99     7     1     1     1    -0.00000000
   0.270    42   100     7     7     2     1     0.00000000
   0.270    42   101     7     7     3    -1    -0.00000000
   0.270    42   102     7     5     2     1     0.00000000
   0.270    42   103     7     5     3    -1    -0.00000000
   0.270    42   104     7     3     2     1    -0.00000000
   0.270    42   105     7     3     3    -1     0.00000000
   0.270    42   106     7     7     3     1     0.00000000
   0.270    42   107     7     7     4    -1     0.00000000
   0.270    42   108     7     5     3     1    -0.00000000
   0.270    42   109     7     5     4    -1     0.00000000
   0.270    42   110     7     3     3     1    -0.00000000
   0.270    42   111     7     7     4     1    -0.00000000
   0.270    42   112     7     7     5    -1    -0.00000000
   0.270    42   113     7     5     4     1    -0.00000000
   0.270    42   114     7     5     5    -1     0.00000000
   0.270    42   115     7     7     5     1     0.00000000
   0.270    42   116     7     7     6    -1     0.00000000
   0.270    42   117     7     5     5     1     0.00000000
   0.270    42   118     7     7     6     1     0.00000000
   0.270    42   119     7     7     7    -1     0.00000000
   0.270    42   120     7     7     7     1     0.00000000
   0.270    43     1     0     0     0     1    -0.00000000
   0.270    43     2     1     1     0     1     0.00000000
   0.270    43     3     1     1     1    -1    -0.00000000
   0.270    43     4     1     1     1     1     0.00076867
   0.270    43     5     2     2     0     1     0.00000000
   0.270    43     6     2     2     1    -1     0.00000000
   0.270    43     7     2     0     0     1     0.00000000
   0.270    43     8     2     2     1     1    -0.00000000
   0.270    43     9     2     2     2    -1    -0.00000000
   0.270    43    10     2     2     2     1    -0.00000000
   0.270    43    11     3     3     0     1    -0.00000000
   0.270    43    12     3     3     1    -1     0.00000000
   0.270    43    13     3     1     0     1     0.00000000
   0.270    43    14     3     1     1    -1     0.00000000
   0.270    43    15     3     3     1     1     0.04211170
   0.270    43    16     3     3     2    -1    -0.01040896
   0.270    43    17     3     1     1     1     0.10249748
   0.270    43    18     3     3     2     1     0.00000000
   0.270    43    19     3     3     3    -1    -0.00000000
   0.270    43    20     3     3     3     1     0.00000000
   0.270    43    21     4     4     0     1     0.00000000
   0.270    43    22     4     4     1    -1    -0.00000000
   0.270    43    23     4     2     0     1    -0.00000000
   0.270    43    24     4     2     1    -1    -0.00000000
   0.270    43    25     4     0     0     1    -0.00000000
   0.270    43    26     4     4     1     1    -0.00000000
   0.270    43    27     4     4     2    -1     0.00000000
   0.270    43    28     4     2     1     1     0.00000000
   0.270    43    29     4     2     2    -1     0.00000000
   0.270    43    30     4     4     2     1    -0.00000000
   0.270    43    31     4     4     3    -1     0.00000000
   0.270    43    32     4     2     2     1    -0.00000000
   0.270    43    33     4     4     3     1    -0.00000000
   0.270    43    34     4     4     4    -1    -0.00000000
   0.270    43    35     4     4     4     1    -0.00000000
   0.270    43    36     5     5     0     1    -0.00000000
   0.270    43    37     5     5     1    -1    -0.00000000
   0.270    43    38     5     3     0     1    -0.00000000
   0.270    43    39     5     3     1    -1     0.00000000
   0.270    43    40     5     1     0     1     0.00000000
   0.270    43    41     5     1     1    -1    -0.00000000
   0.270    43    42     5     5     1     1    -0.03651945
   0.270    43    43     5     5     2    -1     0.10152178
   0.270    43    44     5     3     1     1    -0.91926172
   0.270    43    45     5     3     2    -1    -0.33040854
   0.270    43    46     5     1     1     1    -0.01623363
   0.270    43    47     5     5     2     1     0.00000000
   0.270    43    48     5     5     3    -1    -0.00000000
   0.270    43    49     5     3     2     1    -0.00000000
   0.270    43    50     5     3     3    -1    -0.00000000
   0.270    43    51     5     5     3     1     0.00000000
   0.270    43    52     5     5     4    -1     0.00000000
   0.270    43    53     5     3     3     1     0.00000000
   0.270    43    54     5     5     4     1     0.00000000
   0.270    43    55     5     5     5    -1    -0.00000000
   0.270    43    56     5     5     5     1     0.00000000
   0.270    43    57     6     6     0     1     0.00000000
   0.270    43    58     6     6     1    -1     0.00000000
   0.270    43    59     6     4     0     1    -0.00000000
   0.270    43    60     6     4     1    -1    -0.00000000
   0.270    43    61     6     2     0     1    -0.00000000
   0.270    43    62     6     2     1    -1    -0.00000000
   0.270    43    63     6     0     0     1    -0.00000000
   0.270    43    64     6     6     1     1    -0.00000000
   0.270    43    65     6     6     2    -1     0.00000000
   0.270    43    66     6     4     1     1    -0.00000000
   0.270    43    67     6     4     2    -1     0.00000000
   0.270    43    68     6     2     1     1    -0.00000000
   0.270    43    69     6     2     2    -1    -0.00000000
   0.270    43    70     6     6     2     1    -0.00000000
   0.270    43    71     6     6     3    -1     0.00000000
   0.270    43    72     6     4     2     1     0.00000000
   0.270    43    73     6     4     3    -1     0.00000000
   0.270    43    74     6     2     2     1    -0.00000000
   0.270    43    75     6     6     3     1     0.00000000
   0.270    43    76     6     6     4    -1     0.00000000
   0.270    43    77     6     4     3     1     0.00000000
   0.270    43    78     6     4     4    -1     0.00000000
   0.270    43    79     6     6     4     1    -0.00000000
   0.270    43    80     6     6     5    -1    -0.00000000
   0.270    43    81     6     4     4     1    -0.00000000
   0.270    43    82     6     6     5     1    -0.00000000
   0.270    43    83     6     6     6    -1     0.00000000
   0.270    43    84     6     6     6     1    -0.00000000
   0.270    43    85     7     7     0     1    -0.00000000
   0.270    43    86     7     7     1    -1     0.00000000
   0.270    43    87     7     5     0     1     0.00000000
   0.270    43    88     7     5     1    -1    -0.00000000
   0.270    43    89     7     3     0     1     0.00000000
   0.270    43    90     7     3     1    -1     0.00000000
   0.270    43    91     7     1     0     1    -0.00000000
   0.270    43    92     7     1     1    -1     0.00000000
   0.270    43    93     7     7     1     1    -0.00134848
   0.270    43    94     7     7     2    -1     0.00859687
   0.270    43    95     7     5     1     1    -0.12063688
   0.270    43    96     7     5     2    -1    -0.04173347
   0.270    43    97     7     3     1     1    -0.05624244
   0.270    43    98     7     3     2    -1    -0.00043504
   0.270    43    99     7     1     1     1    -0.04429546
   0.270    43   100     7     7     2     1     0.00000000
   0.270    43   101     7     7     3    -1    -0.00000000
   0.270    43   102     7     5     2     1    -0.00000000
   0.270    43   103     7     5     3    -1    -0.00000000
   0.270    43   104     7     3     2     1     0.00000000
   0.270    43   105     7     3     3    -1     0.00000000
   0.270    43   106     7     7     3     1     0.00000000
   0.270    43   107     7     7     4    -1    -0.00000000
   0.270    43   108     7     5     3     1     0.00000000
   0.270    43   109     7     5     4    -1     0.00000000
   0.270    43   110     7     3     3     1    -0.00000000
   0.270    43   111     7     7     4     1    -0.00000000
   0.270    43   112     7     7     5    -1    -0.00000000
   0.270    43   113     7     5     4     1    -0.00000000
   0.270    43   114     7     5     5    -1     0.00000000
   0.270    43   115     7     7     5     1     0.00000000
   0.270    43   116     7     7     6    -1     0.00000000
   0.270    43   117     7     5     5     1     0.00000000
   0.270    43   118     7     7     6     1     0.00000000
   0.270    43   119     7     7     7    -1     0.00000000
   0.270    43   120     7     7     7     1     0.00000000
   0.270    44     1     0     0     0     1     0.00000000
   0.270    44     2     1     1     0     1    -0.00000000
   0.270    44     3     1     1     1    -1     0.00000000
   0.270    44     4     1     1     1     1    -0.00087079
   0.270    44     5     2     2     0     1     0.00000000
   0.270    44     6     2     2     1    -1    -0.00000000
   0.270    44     7     2     0     0     1    -0.00000000
   0.270    44     8     2     2     1     1    -0.00000000
   0.270    44     9     2     2     2    -1     0.00000000
   0.270    44    10     2     2     2     1    -0.00000000
   0.270    44    11     3     3     0     1     0.00000000
   0.270    44    12     3     3     1    -1    -0.00000000
   0.270    44    13     3     1     0     1     0.00000000
   0.270    44    14     3     1     1    -1     0.00000000
   0.270    44    15     3     3     1     1     0.03118837
   0.270    44    16     3     3     2    -1    -0.05125502
   0.270    44    17     3     1     1     1    -0.01084513
   0.270    44    18     3     3     2     1     0.00000000
   0.270    44    19     3     3     3    -1    -0.00000000
   0.270    44    20     3     3     3     1    -0.00000000
   0.270    44    21     4     4     0     1     0.00000000
   0.270    44    22     4     4     1    -1    -0.00000000
   0.270    44    23     4     2     0     1    -0.00000000
   0.270    44    24     4     2     1    -1    -0.00000000
   0.270    44    25     4     0     0     1    -0.00000000
   0.270    44    26     4     4     1     1    -0.00000000
   0.270    44    27     4     4     2    -1    -0.00000000
   0.270    44    28     4     2     1     1     0.00000000
   0.270    44    29     4     2     2    -1     0.00000000
   0.270    44    30     4     4     2     1    -0.00000000
   0.270    44    31     4     4     3    -1    -0.00000000
   0.270    44    32     4     2     2     1     0.00000000
   0.270    44    33     4     4     3     1    -0.00000000
   0.270    44    34     4     4     4    -1    -0.00000000
   0.270    44    35     4     4     4     1    -0.00000000
   0.270    44    36     5     5     0     1     0.00000000
   0.270    44    37     5     5     1    -1     0.00000000
   0.270    44    38     5     3     0     1     0.00000000
   0.270    44    39     5     3     1    -1     0.00000000
   0.270    44    40     5     1     0     1    -0.00000000
   0.270    44    41     5     1     1    -1    -0.00000000
   0.270    44    42     5     5     1     1    -0.53444721
   0.270    44    43     5     5     2    -1     0.83095105
   0.270    44    44     5     3     1     1     0.09808687
   0.270    44    45     5     3     2    -1     0.04981914
   0.270    44    46     5     1     1     1    -0.00082389
   0.270    44    47     5     5     2     1    -0.00000000
   0.270    44    48     5     5     3    -1     0.00000000
   0.270    44    49     5     3     2     1     0.00000000
   0.270    44    50     5     3     3    -1     0.00000000
   0.270    44    51     5     5     3     1    -0.00000000
   0.270    44    52     5     5     4    -1    -0.00000000
   0.270    44    53     5     3     3     1    -0.00000000
   0.270    44    54     5     5     4     1     0.00000000
   0.270    44    55     5     5     5    -1     0.00000000
   0.270    44    56     5     5     5     1     0.00000000
   0.270    44    57     6     6     0     1     0.00000000
   0.270    44    58     6     6     1    -1    -0.00000000
   0.270    44    59     6     4     0     1    -0.00000000
   0.270    44    60     6     4     1    -1    -0.00000000
   0.270    44    61     6     2     0     1     0.00000000
   0.270    44    62     6     2     1    -1    -0.00000000
   0.270    44    63     6     0     0     1    -0.00000000
   0.270    44    64     6     6     1     1    -0.00000000
   0.270    44    65     6     6     2    -1     0.00000000
   0.270    44    66     6     4     1     1    -0.00000000
   0.270    44    67     6     4     2    -1    -0.00000000
   0.270    44    68     6     2     1     1    -0.00000000
   0.270    44    69     6     2     2    -1     0.00000000
   0.270    44    70     6     6     2     1    -0.00000000
   0.270    44    71     6     6     3    -1    -0.00000000
   0.270    44    72     6     4     2     1     0.00000000
   0.270    44    73     6     4     3    -1     0.00000000
   0.270    44    74     6     2     2     1     0.00000000
   0.270    44    75     6     6     3     1     0.00000000
   0.270    44    76     6     6     4    -1     0.00000000
   0.270    44    77     6     4     3     1    -0.00000000
   0.270    44    78     6     4     4    -1    -0.00000000
   0.270    44    79     6     6     4     1     0.00000000
   0.270    44    80     6     6     5    -1     0.00000000
   0.270    44    81     6     4     4     1     0.00000000
   0.270    44    82     6     6     5     1    -0.00000000
   0.270    44    83     6     6     6    -1     0.00000000
   0.270    44    84     6     6     6     1     0.00000000
   0.270    44    85     7     7     0     1     0.00000000
   0.270    44    86     7     7     1    -1    -0.00000000
   0.270    44    87     7     5     0     1    -0.00000000
   0.270    44    88     7     5     1    -1     0.00000000
   0.270    44    89     7     3     0     1    -0.00000000
   0.270    44    90     7     3     1    -1    -0.00000000
   0.270    44    91     7     1     0     1    -0.00000000
   0.270    44    92     7     1     1    -1     0.00000000
   0.270    44    93     7     7     1     1    -0.04117232
   0.270    44    94     7     7     2    -1     0.06393273
   0.270    44    95     7     5     1     1    -0.01719007
   0.270    44    96     7     5     2    -1     0.03298078
   0.270    44    97     7     3     1     1    -0.01650690
   0.270    44    98     7     3     2    -1     0.02454273
   0.270    44    99     7     1     1     1     0.00490786
   0.270    44   100     7     7     2     1     0.00000000
   0.270    44   101     7     7     3    -1     0.00000000
   0.270    44   102     7     5     2     1     0.00000000
   0.270    44   103     7     5     3    -1     0.00000000
   0.270    44   104     7     3     2     1    -0.00000000
   0.270    44   105     7     3     3    -1     0.00000000
   0.270    44   106     7     7     3     1     0.00000000
   0.270    44   107     7     7     4    -1     0.00000000
   0.270    44   108     7     5     3     1    -0.00000000
   0.270    44   109     7     5     4    -1    -0.00000000
   0.270    44   110     7     3     3     1     0.00000000
   0.270    44   111     7     7     4     1    -0.00000000
   0.270    44   112     7     7     5    -1    -0.00000000
   0.270    44   113     7     5     4     1    -0.00000000
   0.270    44   114     7     5     5    -1    -0.00000000
   0.270    44   115     7     7     5     1     0.00000000
   0.270    44   116     7     7     6    -1     0.00000000
   0.270    44   117     7     5     5     1     0.00000000
   0.270    44   118     7     7     6     1     0.00000000
   0.270    44   119     7     7     7    -1     0.00000000
   0.270    44   120     7     7     7     1     0.00000000
   0.270    45     1     0     0     0     1     0.00000000
   0.270    45     2     1     1     0     1     0.00408467
   0.270    45     3     1     1     1    -1     0.00021124
   0.270    45     4     1     1     1     1    -0.00000000
   0.270    45     5     2     2     0     1    -0.00000000
   0.270    45     6     2     2     1    -1     0.00000000
   0.270    45     7     2     0     0     1     0.00000000
   0.270    45     8     2     2     1     1     0.00000000
   0.270    45     9     2     2     2    -1    -0.00000000
   0.270    45    10     2     2     2     1    -0.00000000
   0.270    45    11     3     3     0     1    -0.04625123
   0.270    45    12     3     3     1    -1     0.00315397
   0.270    45    13     3     1     0     1    -0.09466467
   0.270    45    14     3     1     1    -1     0.02182598
   0.270    45    15     3     3     1     1     0.00000000
   0.270    45    16     3     3     2    -1    -0.00000000
   0.270    45    17     3     1     1     1     0.00000000
   0.270    45    18     3     3     2     1    -0.00000000
   0.270    45    19     3     3     3    -1    -0.00000000
   0.270    45    20     3     3     3     1     0.00000000
   0.270    45    21     4     4     0     1    -0.00000000
   0.270    45    22     4     4     1    -1    -0.00000000
   0.270    45    23     4     2     0     1     0.00000000
   0.270    45    24     4     2     1    -1    -0.00000000
   0.270    45    25     4     0     0     1     0.00000000
   0.270    45    26     4     4     1     1     0.00000000
   0.270    45    27     4     4     2    -1    -0.00000000
   0.270    45    28     4     2     1     1    -0.00000000
   0.270    45    29     4     2     2    -1     0.00000000
   0.270    45    30     4     4     2     1    -0.00000000
   0.270    45    31     4     4     3    -1     0.00000000
   0.270    45    32     4     2     2     1    -0.00000000
   0.270    45    33     4     4     3     1     0.00000000
   0.270    45    34     4     4     4    -1     0.00000000
   0.270    45    35     4     4     4     1     0.00000000
   0.270    45    36     5     5     0     1    -0.02387181
   0.270    45    37     5     5     1    -1     0.01781320
   0.270    45    38     5     3     0     1    -0.06891602
   0.270    45    39     5     3     1    -1    -0.08843950
   0.270    45    40     5     1     0     1     0.96728768
   0.270    45    41     5     1     1    -1     0.08776260
   0.270    45    42     5     5     1     1    -0.00000000
   0.270    45    43     5     5     2    -1     0.00000000
   0.270    45    44     5     3     1     1    -0.00000000
   0.270    45    45     5     3     2    -1     0.00000000
   0.270    45    46     5     1     1     1    -0.00000000
   0.270    45    47     5     5     2     1     0.00000000
   0.270    45    48     5     5     3    -1     0.00000000
   0.270    45    49     5     3     2     1    -0.00000000
   0.270    45    50     5     3     3    -1    -0.00000000
   0.270    45    51     5     5     3     1    -0.00000000
   0.270    45    52     5     5     4    -1    -0.00000000
   0.270    45    53     5     3     3     1    -0.00000000
   0.270    45    54     5     5     4     1    -0.00000000
   0.270    45    55     5     5     5    -1    -0.00000000
   0.270    45    56     5     5     5     1     0.00000000
   0.270    45    57     6     6     0     1     0.00000000
   0.270    45    58     6     6     1    -1     0.00000000
   0.270    45    59     6     4     0     1     0.00000000
   0.270    45    60     6     4     1    -1     0.00000000
   0.270    45    61     6     2     0     1     0.00000000
   0.270    45    62     6     2     1    -1     0.00000000
   0.270    45    63     6     0     0     1    -0.00000000
   0.270    45    64     6     6     1     1     0.00000000
   0.270    45    65     6     6     2    -1     0.00000000
   0.270    45    66     6     4     1     1     0.00000000
   0.270    45    67     6     4     2    -1    -0.00000000
   0.270    45    68     6     2     1     1    -0.00000000
   0.270    45    69     6     2     2    -1    -0.00000000
   0.270    45    70     6     6     2     1     0.00000000
   0.270    45    71     6     6     3    -1     0.00000000
   0.270    45    72     6     4     2     1    -0.00000000
   0.270    45    73     6     4     3    -1    -0.00000000
   0.270    45    74     6     2     2     1     0.00000000
   0.270    45    75     6     6     3     1    -0.00000000
   0.270    45    76     6     6     4    -1     0.00000000
   0.270    45    77     6     4     3     1    -0.00000000
   0.270    45    78     6     4     4    -1    -0.00000000
   0.270    45    79     6     6     4     1     0.00000000
   0.270    45    80     6     6     5    -1     0.00000000
   0.270    45    81     6     4     4     1    -0.00000000
   0.270    45    82     6     6     5     1     0.00000000
   0.270    45    83     6     6     6    -1     0.00000000
   0.270    45    84     6     6     6     1     0.00000000
   0.270    45    85     7     7     0     1    -0.00246761
   0.270    45    86     7     7     1    -1     0.00116907
   0.270    45    87     7     5     0     1    -0.01283726
   0.270    45    88     7     5     1    -1    -0.01149868
   0.270    45    89     7     3     0     1     0.12426826
   0.270    45    90     7     3     1    -1     0.01489838
   0.270    45    91     7     1     0     1     0.12487614
   0.270    45    92     7     1     1    -1    -0.00523683
   0.270    45    93     7     7     1     1     0.00000000
   0.270    45    94     7     7     2    -1     0.00000000
   0.270    45    95     7     5     1     1    -0.00000000
   0.270    45    96     7     5     2    -1     0.00000000
   0.270    45    97     7     3     1     1    -0.00000000
   0.270    45    98     7     3     2    -1    -0.00000000
   0.270    45    99     7     1     1     1    -0.00000000
   0.270    45   100     7     7     2     1     0.00000000
   0.270    45   101     7     7     3    -1     0.00000000
   0.270    45   102     7     5     2     1    -0.00000000
   0.270    45   103     7     5     3    -1    -0.00000000
   0.270    45   104     7     3     2     1    -0.00000000
   0.270    45   105     7     3     3    -1    -0.00000000
   0.270    45   106     7     7     3     1     0.00000000
   0.270    45   107     7     7     4    -1     0.00000000
   0.270    45   108     7     5     3     1    -0.00000000
   0.270    45   109     7     5     4    -1     0.00000000
   0.270    45   110     7     3     3     1    -0.00000000
   0.270    45   111     7     7     4     1     0.00000000
   0.270    45   112     7     7     5    -1     0.00000000
   0.270    45   113     7     5     4     1     0.00000000
   0.270    45   114     7     5     5    -1     0.00000000
   0.270    45   115     7     7     5     1     0.00000000
   0.270    45   116     7     7     6    -1     0.00000000
   0.270    45   117     7     5     5     1     0.00000000
   0.270    45   118     7     7     6     1     0.00000000
   0.270    45   119     7     7     7    -1     0.00000000
   0.270    45   120     7     7     7     1     0.00000000
   0.270    46     1     0     0     0     1    -0.00004357
   0.270    46     2     1     1     0     1    -0.00000000
   0.270    46     3     1     1     1    -1    -0.00000000
   0.270    46     4     1     1     1     1    -0.00000000
   0.270    46     5     2     2     0     1     0.00220235
   0.270    46     6     2     2     1    -1     0.00199706
   0.270    46     7     2     0     0     1    -0.00021029
   0.270    46     8     2     2     1     1     0.00000000
   0.270    46     9     2     2     2    -1    -0.00000000
   0.270    46    10     2     2     2     1    -0.00000000
   0.270    46    11     3     3     0     1     0.00000000
   0.270    46    12     3     3     1    -1    -0.00000000
   0.270    46    13     3     1     0     1     0.00000000
   0.270    46    14     3     1     1    -1    -0.00000000
   0.270    46    15     3     3     1     1     0.00000000
   0.270    46    16     3     3     2    -1    -0.00000000
   0.270    46    17     3     1     1     1    -0.00000000
   0.270    46    18     3     3     2     1     0.00000000
   0.270    46    19     3     3     3    -1    -0.00000000
   0.270    46    20     3     3     3     1     0.00000000
   0.270    46    21     4     4     0     1    -0.06511199
   0.270    46    22     4     4     1    -1    -0.05782706
   0.270    46    23     4     2     0     1     0.00286242
   0.270    46    24     4     2     1    -1     0.00208012
   0.270    46    25     4     0     0     1     0.00261086
   0.270    46    26     4     4     1     1    -0.00000000
   0.270    46    27     4     4     2    -1    -0.00000000
   0.270    46    28     4     2     1     1     0.00000000
   0.270    46    29     4     2     2    -1     0.00000000
   0.270    46    30     4     4     2     1     0.00000000
   0.270    46    31     4     4     3    -1    -0.00000000
   0.270    46    32     4     2     2     1    -0.00000000
   0.270    46    33     4     4     3     1    -0.00000000
   0.270    46    34     4     4     4    -1     0.00000000
   0.270    46    35     4     4     4     1    -0.00000000
   0.270    46    36     5     5     0     1    -0.00000000
   0.270    46    37     5     5     1    -1     0.00000000
   0.270    46    38     5     3     0     1    -0.00000000
   0.270    46    39     5     3     1    -1     0.00000000
   0.270    46    40     5     1     0     1    -0.00000000
   0.270    46    41     5     1     1    -1    -0.00000000
   0.270    46    42     5     5     1     1     0.00000000
   0.270    46    43     5     5     2    -1     0.00000000
   0.270    46    44     5     3     1     1     0.00000000
   0.270    46    45     5     3     2    -1    -0.00000000
   0.270    46    46     5     1     1     1    -0.00000000
   0.270    46    47     5     5     2     1     0.00000000
   0.270    46    48     5     5     3    -1     0.00000000
   0.270    46    49     5     3     2     1     0.00000000
   0.270    46    50     5     3     3    -1    -0.00000000
   0.270    46    51     5     5     3     1     0.00000000
   0.270    46    52     5     5     4    -1    -0.00000000
   0.270    46    53     5     3     3     1    -0.00000000
   0.270    46    54     5     5     4     1     0.00000000
   0.270    46    55     5     5     5    -1    -0.00000000
   0.270    46    56     5     5     5     1     0.00000000
   0.270    46    57     6     6     0     1     0.74326928
   0.270    46    58     6     6     1    -1     0.66309277
   0.270    46    59     6     4     0     1    -0.01109245
   0.270    46    60     6     4     1    -1    -0.00862391
   0.270    46    61     6     2     0     1    -0.00549104
   0.270    46    62     6     2     1    -1    -0.00439303
   0.270    46    63     6     0     0     1     0.00036019
   0.270    46    64     6     6     1     1     0.00000000
   0.270    46    65     6     6     2    -1     0.00000000
   0.270    46    66     6     4     1     1    -0.00000000
   0.270    46    67     6     4     2    -1     0.00000000
   0.270    46    68     6     2     1     1     0.00000000
   0.270    46    69     6     2     2    -1    -0.00000000
   0.270    46    70     6     6     2     1     0.00000000
   0.270    46    71     6     6     3    -1     0.00000000
   0.270    46    72     6     4     2     1    -0.00000000
   0.270    46    73     6     4     3    -1    -0.00000000
   0.270    46    74     6     2     2     1     0.00000000
   0.270    46    75     6     6     3     1     0.00000000
   0.270    46    76     6     6     4    -1     0.00000000
   0.270    46    77     6     4     3     1    -0.00000000
   0.270    46    78     6     4     4    -1    -0.00000000
   0.270    46    79     6     6     4     1    -0.00000000
   0.270    46    80     6     6     5    -1     0.00000000
   0.270    46    81     6     4     4     1    -0.00000000
   0.270    46    82     6     6     5     1     0.00000000
   0.270    46    83     6     6     6    -1     0.00000000
   0.270    46    84     6     6     6     1    -0.00000000
   0.270    46    85     7     7     0     1    -0.00000000
   0.270    46    86     7     7     1    -1    -0.00000000
   0.270    46    87     7     5     0     1     0.00000000
   0.270    46    88     7     5     1    -1     0.00000000
   0.270    46    89     7     3     0     1    -0.00000000
   0.270    46    90     7     3     1    -1    -0.00000000
   0.270    46    91     7     1     0     1    -0.00000000
   0.270    46    92     7     1     1    -1     0.00000000
   0.270    46    93     7     7     1     1    -0.00000000
   0.270    46    94     7     7     2    -1    -0.00000000
   0.270    46    95     7     5     1     1     0.00000000
   0.270    46    96     7     5     2    -1     0.00000000
   0.270    46    97     7     3     1     1    -0.00000000
   0.270    46    98     7     3     2    -1    -0.00000000
   0.270    46    99     7     1     1     1     0.00000000
   0.270    46   100     7     7     2     1    -0.00000000
   0.270    46   101     7     7     3    -1    -0.00000000
   0.270    46   102     7     5     2     1     0.00000000
   0.270    46   103     7     5     3    -1    -0.00000000
   0.270    46   104     7     3     2     1     0.00000000
   0.270    46   105     7     3     3    -1     0.00000000
   0.270    46   106     7     7     3     1    -0.00000000
   0.270    46   107     7     7     4    -1    -0.00000000
   0.270    46   108     7     5     3     1     0.00000000
   0.270    46   109     7     5     4    -1     0.00000000
   0.270    46   110     7     3     3     1     0.00000000
   0.270    46   111     7     7     4     1    -0.00000000
   0.270    46   112     7     7     5    -1    -0.00000000
   0.270    46   113     7     5     4     1    -0.00000000
   0.270    46   114     7     5     5    -1     0.00000000
   0.270    46   115     7     7     5     1     0.00000000
   0.270    46   116     7     7     6    -1     0.00000000
   0.270    46   117     7     5     5     1     0.00000000
   0.270    46   118     7     7     6     1     0.00000000
   0.270    46   119     7     7     7    -1     0.00000000
   0.270    46   120     7     7     7     1     0.00000000
   0.270    47     1     0     0     0     1    -0.00000000
   0.270    47     2     1     1     0     1    -0.00000000
   0.270    47     3     1     1     1    -1    -0.00000000
   0.270    47     4     1     1     1     1     0.00000000
   0.270    47     5     2     2     0     1     0.00000000
   0.270    47     6     2     2     1    -1    -0.00000000
   0.270    47     7     2     0     0     1     0.00000000
   0.270    47     8     2     2     1     1     0.00234047
   0.270    47     9     2     2     2    -1     0.00132326
   0.270    47    10     2     2     2     1     0.00000000
   0.270    47    11     3     3     0     1     0.00000000
   0.270    47    12     3     3     1    -1    -0.00000000
   0.270    47    13     3     1     0     1     0.00000000
   0.270    47    14     3     1     1    -1    -0.00000000
   0.270    47    15     3     3     1     1    -0.00000000
   0.270    47    16     3     3     2    -1     0.00000000
   0.270    47    17     3     1     1     1     0.00000000
   0.270    47    18     3     3     2     1    -0.00000000
   0.270    47    19     3     3     3    -1     0.00000000
   0.270    47    20     3     3     3     1     0.00000000
   0.270    47    21     4     4     0     1     0.00000000
   0.270    47    22     4     4     1    -1     0.00000000
   0.270    47    23     4     2     0     1    -0.00000000
   0.270    47    24     4     2     1    -1    -0.00000000
   0.270    47    25     4     0     0     1    -0.00000000
   0.270    47    26     4     4     1     1    -0.06922136
   0.270    47    27     4     4     2    -1    -0.04793578
   0.270    47    28     4     2     1     1     0.00234635
   0.270    47    29     4     2     2    -1     0.00036154
   0.270    47    30     4     4     2     1    -0.00000000
   0.270    47    31     4     4     3    -1    -0.00000000
   0.270    47    32     4     2     2     1    -0.00000000
   0.270    47    33     4     4     3     1     0.00000000
   0.270    47    34     4     4     4    -1     0.00000000
   0.270    47    35     4     4     4     1     0.00000000
   0.270    47    36     5     5     0     1    -0.00000000
   0.270    47    37     5     5     1    -1     0.00000000
   0.270    47    38     5     3     0     1     0.00000000
   0.270    47    39     5     3     1    -1     0.00000000
   0.270    47    40     5     1     0     1    -0.00000000
   0.270    47    41     5     1     1    -1    -0.00000000
   0.270    47    42     5     5     1     1    -0.00000000
   0.270    47    43     5     5     2    -1    -0.00000000
   0.270    47    44     5     3     1     1    -0.00000000
   0.270    47    45     5     3     2    -1    -0.00000000
   0.270    47    46     5     1     1     1     0.00000000
   0.270    47    47     5     5     2     1    -0.00000000
   0.270    47    48     5     5     3    -1    -0.00000000
   0.270    47    49     5     3     2     1    -0.00000000
   0.270    47    50     5     3     3    -1     0.00000000
   0.270    47    51     5     5     3     1    -0.00000000
   0.270    47    52     5     5     4    -1    -0.00000000
   0.270    47    53     5     3     3     1    -0.00000000
   0.270    47    54     5     5     4     1    -0.00000000
   0.270    47    55     5     5     5    -1    -0.00000000
   0.270    47    56     5     5     5     1     0.00000000
   0.270    47    57     6     6     0     1    -0.00000000
   0.270    47    58     6     6     1    -1    -0.00000000
   0.270    47    59     6     4     0     1     0.00000000
   0.270    47    60     6     4     1    -1     0.00000000
   0.270    47    61     6     2     0     1    -0.00000000
   0.270    47    62     6     2     1    -1     0.00000000
   0.270    47    63     6     0     0     1    -0.00000000
   0.270    47    64     6     6     1     1     0.81303474
   0.270    47    65     6     6     2    -1     0.57596552
   0.270    47    66     6     4     1     1    -0.00938999
   0.270    47    67     6     4     2    -1    -0.00390077
   0.270    47    68     6     2     1     1    -0.00537081
   0.270    47    69     6     2     2    -1    -0.00192267
   0.270    47    70     6     6     2     1     0.00000000
   0.270    47    71     6     6     3    -1     0.00000000
   0.270    47    72     6     4     2     1    -0.00000000
   0.270    47    73     6     4     3    -1    -0.00000000
   0.270    47    74     6     2     2     1    -0.00000000
   0.270    47    75     6     6     3     1     0.00000000
   0.270    47    76     6     6     4    -1     0.00000000
   0.270    47    77     6     4     3     1     0.00000000
   0.270    47    78     6     4     4    -1     0.00000000
   0.270    47    79     6     6     4     1    -0.00000000
   0.270    47    80     6     6     5    -1    -0.00000000
   0.270    47    81     6     4     4     1     0.00000000
   0.270    47    82     6     6     5     1     0.00000000
   0.270    47    83     6     6     6    -1     0.00000000
   0.270    47    84     6     6     6     1     0.00000000
   0.270    47    85     7     7     0     1    -0.00000000
   0.270    47    86     7     7     1    -1     0.00000000
   0.270    47    87     7     5     0     1    -0.00000000
   0.270    47    88     7     5     1    -1    -0.00000000
   0.270    47    89     7     3     0     1    -0.00000000
   0.270    47    90     7     3     1    -1     0.00000000
   0.270    47    91     7     1     0     1    -0.00000000
   0.270    47    92     7     1     1    -1     0.00000000
   0.270    47    93     7     7     1     1     0.00000000
   0.270    47    94     7     7     2    -1     0.00000000
   0.270    47    95     7     5     1     1     0.00000000
   0.270    47    96     7     5     2    -1     0.00000000
   0.270    47    97     7     3     1     1     0.00000000
   0.270    47    98     7     3     2    -1     0.00000000
   0.270    47    99     7     1     1     1    -0.00000000
   0.270    47   100     7     7     2     1     0.00000000
   0.270    47   101     7     7     3    -1     0.00000000
   0.270    47   102     7     5     2     1    -0.00000000
   0.270    47   103     7     5     3    -1     0.00000000
   0.270    47   104     7     3     2     1    -0.00000000
   0.270    47   105     7     3     3    -1    -0.00000000
   0.270    47   106     7     7     3     1     0.00000000
   0.270    47   107     7     7     4    -1     0.00000000
   0.270    47   108     7     5     3     1    -0.00000000
   0.270    47   109     7     5     4    -1     0.00000000
   0.270    47   110     7     3     3     1    -0.00000000
   0.270    47   111     7     7     4     1     0.00000000
   0.270    47   112     7     7     5    -1     0.00000000
   0.270    47   113     7     5     4     1     0.00000000
   0.270    47   114     7     5     5    -1     0.00000000
   0.270    47   115     7     7     5     1     0.00000000
   0.270    47   116     7     7     6    -1     0.00000000
   0.270    47   117     7     5     5     1     0.00000000
   0.270    47   118     7     7     6     1     0.00000000
   0.270    47   119     7     7     7    -1     0.00000000
   0.270    47   120     7     7     7     1     0.00000000
   0.270    48     1     0     0     0     1     0.00000000
   0.270    48     2     1     1     0     1     0.00000000
   0.270    48     3     1     1     1    -1     0.00000000
   0.270    48     4     1     1     1     1     0.00000000
   0.270    48     5     2     2     0     1     0.00000000
   0.270    48     6     2     2     1    -1     0.00000000
   0.270    48     7     2     0     0     1     0.00000000
   0.270    48     8     2     2     1     1     0.00000000
   0.270    48     9     2     2     2    -1     0.00000000
   0.270    48    10     2     2     2     1     0.00000000
   0.270    48    11     3     3     0     1     0.00000000
   0.270    48    12     3     3     1    -1     0.00000000
   0.270    48    13     3     1     0     1     0.00000000
   0.270    48    14     3     1     1    -1     0.00000000
   0.270    48    15     3     3     1     1     0.00000000
   0.270    48    16     3     3     2    -1     0.00000000
   0.270    48    17     3     1     1     1     0.00000000
   0.270    48    18     3     3     2     1     0.00000000
   0.270    48    19     3     3     3    -1     0.00000000
   0.270    48    20     3     3     3     1     0.00000000
   0.270    48    21     4     4     0     1     0.00000000
   0.270    48    22     4     4     1    -1     0.00000000
   0.270    48    23     4     2     0     1     0.00000000
   0.270    48    24     4     2     1    -1     0.00000000
   0.270    48    25     4     0     0     1     0.00000000
   0.270    48    26     4     4     1     1     0.00000000
   0.270    48    27     4     4     2    -1     0.00000000
   0.270    48    28     4     2     1     1     0.00000000
   0.270    48    29     4     2     2    -1     0.00000000
   0.270    48    30     4     4     2     1     0.00000000
   0.270    48    31     4     4     3    -1     0.00000000
   0.270    48    32     4     2     2     1     0.00000000
   0.270    48    33     4     4     3     1     0.00000000
   0.270    48    34     4     4     4    -1     0.00000000
   0.270    48    35     4     4     4     1     0.00000000
   0.270    48    36     5     5     0     1     0.00000000
   0.270    48    37     5     5     1    -1     0.00000000
   0.270    48    38     5     3     0     1     0.00000000
   0.270    48    39     5     3     1    -1     0.00000000
   0.270    48    40     5     1     0     1     0.00000000
   0.270    48    41     5     1     1    -1     0.00000000
   0.270    48    42     5     5     1     1     0.00000000
   0.270    48    43     5     5     2    -1     0.00000000
   0.270    48    44     5     3     1     1     0.00000000
   0.270    48    45     5     3     2    -1     0.00000000
   0.270    48    46     5     1     1     1     0.00000000
   0.270    48    47     5     5     2     1     0.00000000
   0.270    48    48     5     5     3    -1     0.00000000
   0.270    48    49     5     3     2     1     0.00000000
   0.270    48    50     5     3     3    -1     0.00000000
   0.270    48    51     5     5     3     1     0.00000000
   0.270    48    52     5     5     4    -1     0.00000000
   0.270    48    53     5     3     3     1     0.00000000
   0.270    48    54     5     5     4     1     0.00000000
   0.270    48    55     5     5     5    -1     0.00000000
   0.270    48    56     5     5     5     1    -0.99616613
   0.270    48    57     6     6     0     1     0.00000000
   0.270    48    58     6     6     1    -1     0.00000000
   0.270    48    59     6     4     0     1     0.00000000
   0.270    48    60     6     4     1    -1     0.00000000
   0.270    48    61     6     2     0     1     0.00000000
   0.270    48    62     6     2     1    -1     0.00000000
   0.270    48    63     6     0     0     1     0.00000000
   0.270    48    64     6     6     1     1     0.00000000
   0.270    48    65     6     6     2    -1     0.00000000
   0.270    48    66     6     4     1     1     0.00000000
   0.270    48    67     6     4     2    -1     0.00000000
   0.270    48    68     6     2     1     1     0.00000000
   0.270    48    69     6     2     2    -1     0.00000000
   0.270    48    70     6     6     2     1     0.00000000
   0.270    48    71     6     6     3    -1     0.00000000
   0.270    48    72     6     4     2     1     0.00000000
   0.270    48    73     6     4     3    -1     0.00000000
   0.270    48    74     6     2     2     1     0.00000000
   0.270    48    75     6     6     3     1     0.00000000
   0.270    48    76     6     6     4    -1     0.00000000
   0.270    48    77     6     4     3     1     0.00000000
   0.270    48    78     6     4     4    -1     0.00000000
   0.270    48    79     6     6     4     1     0.00000000
   0.270    48    80     6     6     5    -1     0.00000000
   0.270    48    81     6     4     4     1     0.00000000
   0.270    48    82     6     6     5     1     0.00000000
   0.270    48    83     6     6     6    -1     0.00000000
   0.270    48    84     6     6     6     1     0.00000000
   0.270    48    85     7     7     0     1     0.00000000
   0.270    48    86     7     7     1    -1     0.00000000
   0.270    48    87     7     5     0     1     0.00000000
   0.270    48    88     7     5     1    -1     0.00000000
   0.270    48    89     7     3     0     1     0.00000000
   0.270    48    90     7     3     1    -1     0.00000000
   0.270    48    91     7     1     0     1     0.00000000
   0.270    48    92     7     1     1    -1     0.00000000
   0.270    48    93     7     7     1     1     0.00000000
   0.270    48    94     7     7     2    -1     0.00000000
   0.270    48    95     7     5     1     1     0.00000000
   0.270    48    96     7     5     2    -1     0.00000000
   0.270    48    97     7     3     1     1     0.00000000
   0.270    48    98     7     3     2    -1     0.00000000
   0.270    48    99     7     1     1     1     0.00000000
   0.270    48   100     7     7     2     1     0.00000000
   0.270    48   101     7     7     3    -1     0.00000000
   0.270    48   102     7     5     2     1     0.00000000
   0.270    48   103     7     5     3    -1     0.00000000
   0.270    48   104     7     3     2     1     0.00000000
   0.270    48   105     7     3     3    -1     0.00000000
   0.270    48   106     7     7     3     1     0.00000000
   0.270    48   107     7     7     4    -1     0.00000000
   0.270    48   108     7     5     3     1     0.00000000
   0.270    48   109     7     5     4    -1     0.00000000
   0.270    48   110     7     3     3     1     0.00000000
   0.270    48   111     7     7     4     1     0.00000000
   0.270    48   112     7     7     5    -1     0.00000000
   0.270    48   113     7     5     4     1     0.00000000
   0.270    48   114     7     5     5    -1     0.00000000
   0.270    48   115     7     7     5     1    -0.04023059
   0.270    48   116     7     7     6    -1    -0.00495599
   0.270    48   117     7     5     5     1     0.07752403
   0.270    48   118     7     7     6     1     0.00000000
   0.270    48   119     7     7     7    -1     0.00000000
   0.270    48   120     7     7     7     1     0.00000000
   0.270    49     1     0     0     0     1    -0.00000000
   0.270    49     2     1     1     0     1     0.00000000
   0.270    49     3     1     1     1    -1    -0.00000000
   0.270    49     4     1     1     1     1     0.00000000
   0.270    49     5     2     2     0     1     0.00000000
   0.270    49     6     2     2     1    -1     0.00000000
   0.270    49     7     2     0     0     1     0.00000000
   0.270    49     8     2     2     1     1     0.00000000
   0.270    49     9     2     2     2    -1    -0.00000000
   0.270    49    10     2     2     2     1     0.00000000
   0.270    49    11     3     3     0     1     0.00000000
   0.270    49    12     3     3     1    -1    -0.00000000
   0.270    49    13     3     1     0     1     0.00000000
   0.270    49    14     3     1     1    -1    -0.00000000
   0.270    49    15     3     3     1     1     0.00000000
   0.270    49    16     3     3     2    -1    -0.00000000
   0.270    49    17     3     1     1     1    -0.00000000
   0.270    49    18     3     3     2     1    -0.02267405
   0.270    49    19     3     3     3    -1     0.04191183
   0.270    49    20     3     3     3     1    -0.00000000
   0.270    49    21     4     4     0     1     0.00000000
   0.270    49    22     4     4     1    -1    -0.00000000
   0.270    49    23     4     2     0     1    -0.00000000
   0.270    49    24     4     2     1    -1     0.00000000
   0.270    49    25     4     0     0     1     0.00000000
   0.270    49    26     4     4     1     1     0.00000000
   0.270    49    27     4     4     2    -1    -0.00000000
   0.270    49    28     4     2     1     1     0.00000000
   0.270    49    29     4     2     2    -1     0.00000000
   0.270    49    30     4     4     2     1    -0.00000000
   0.270    49    31     4     4     3    -1    -0.00000000
   0.270    49    32     4     2     2     1     0.00000000
   0.270    49    33     4     4     3     1     0.00000000
   0.270    49    34     4     4     4    -1    -0.00000000
   0.270    49    35     4     4     4     1    -0.00000000
   0.270    49    36     5     5     0     1     0.00000000
   0.270    49    37     5     5     1    -1     0.00000000
   0.270    49    38     5     3     0     1    -0.00000000
   0.270    49    39     5     3     1    -1     0.00000000
   0.270    49    40     5     1     0     1     0.00000000
   0.270    49    41     5     1     1    -1    -0.00000000
   0.270    49    42     5     5     1     1    -0.00000000
   0.270    49    43     5     5     2    -1     0.00000000
   0.270    49    44     5     3     1     1     0.00000000
   0.270    49    45     5     3     2    -1     0.00000000
   0.270    49    46     5     1     1     1     0.00000000
   0.270    49    47     5     5     2     1     0.42258596
   0.270    49    48     5     5     3    -1    -0.89814854
   0.270    49    49     5     3     2     1     0.07984471
   0.270    49    50     5     3     3    -1     0.01044837
   0.270    49    51     5     5     3     1    -0.00000000
   0.270    49    52     5     5     4    -1     0.00000000
   0.270    49    53     5     3     3     1    -0.00000000
   0.270    49    54     5     5     4     1    -0.00000000
   0.270    49    55     5     5     5    -1    -0.00000000
   0.270    49    56     5     5     5     1     0.00000000
   0.270    49    57     6     6     0     1     0.00000000
   0.270    49    58     6     6     1    -1    -0.00000000
   0.270    49    59     6     4     0     1     0.00000000
   0.270    49    60     6     4     1    -1    -0.00000000
   0.270    49    61     6     2     0     1     0.00000000
   0.270    49    62     6     2     1    -1    -0.00000000
   0.270    49    63     6     0     0     1    -0.00000000
   0.270    49    64     6     6     1     1     0.00000000
   0.270    49    65     6     6     2    -1    -0.00000000
   0.270    49    66     6     4     1     1     0.00000000
   0.270    49    67     6     4     2    -1    -0.00000000
   0.270    49    68     6     2     1     1    -0.00000000
   0.270    49    69     6     2     2    -1     0.00000000
   0.270    49    70     6     6     2     1     0.00000000
   0.270    49    71     6     6     3    -1    -0.00000000
   0.270    49    72     6     4     2     1     0.00000000
   0.270    49    73     6     4     3    -1     0.00000000
   0.270    49    74     6     2     2     1     0.00000000
   0.270    49    75     6     6     3     1     0.00000000
   0.270    49    76     6     6     4    -1     0.00000000
   0.270    49    77     6     4     3     1     0.00000000
   0.270    49    78     6     4     4    -1    -0.00000000
   0.270    49    79     6     6     4     1    -0.00000000
   0.270    49    80     6     6     5    -1    -0.00000000
   0.270    49    81     6     4     4     1     0.00000000
   0.270    49    82     6     6     5     1     0.00000000
   0.270    49    83     6     6     6    -1     0.00000000
   0.270    49    84     6     6     6     1    -0.00000000
   0.270    49    85     7     7     0     1     0.00000000
   0.270    49    86     7     7     1    -1    -0.00000000
   0.270    49    87     7     5     0     1     0.00000000
   0.270    49    88     7     5     1    -1     0.00000000
   0.270    49    89     7     3     0     1     0.00000000
   0.270    49    90     7     3     1    -1    -0.00000000
   0.270    49    91     7     1     0     1    -0.00000000
   0.270    49    92     7     1     1    -1    -0.00000000
   0.270    49    93     7     7     1     1    -0.00000000
   0.270    49    94     7     7     2    -1     0.00000000
   0.270    49    95     7     5     1     1    -0.00000000
   0.270    49    96     7     5     2    -1     0.00000000
   0.270    49    97     7     3     1     1    -0.00000000
   0.270    49    98     7     3     2    -1    -0.00000000
   0.270    49    99     7     1     1     1    -0.00000000
   0.270    49   100     7     7     2     1     0.02931174
   0.270    49   101     7     7     3    -1    -0.06249103
   0.270    49   102     7     5     2     1     0.02780189
   0.270    49   103     7     5     3    -1    -0.00129250
   0.270    49   104     7     3     2     1     0.01421845
   0.270    49   105     7     3     3    -1    -0.01594257
   0.270    49   106     7     7     3     1    -0.00000000
   0.270    49   107     7     7     4    -1    -0.00000000
   0.270    49   108     7     5     3     1    -0.00000000
   0.270    49   109     7     5     4    -1     0.00000000
   0.270    49   110     7     3     3     1     0.00000000
   0.270    49   111     7     7     4     1     0.00000000
   0.270    49   112     7     7     5    -1     0.00000000
   0.270    49   113     7     5     4     1    -0.00000000
   0.270    49   114     7     5     5    -1     0.00000000
   0.270    49   115     7     7     5     1     0.00000000
   0.270    49   116     7     7     6    -1     0.00000000
   0.270    49   117     7     5     5     1     0.00000000
   0.270    49   118     7     7     6     1     0.00000000
   0.270    49   119     7     7     7    -1     0.00000000
   0.270    49   120     7     7     7     1     0.00000000
   0.270    50     1     0     0     0     1    -0.00000000
   0.270    50     2     1     1     0     1    -0.00000000
   0.270    50     3     1     1     1    -1     0.00000000
   0.270    50     4     1     1     1     1    -0.00000000
   0.270    50     5     2     2     0     1     0.00000000
   0.270    50     6     2     2     1    -1    -0.00000000
   0.270    50     7     2     0     0     1     0.00000000
   0.270    50     8     2     2     1     1    -0.00000000
   0.270    50     9     2     2     2    -1    -0.00000000
   0.270    50    10     2     2     2     1    -0.00182023
   0.270    50    11     3     3     0     1    -0.00000000
   0.270    50    12     3     3     1    -1     0.00000000
   0.270    50    13     3     1     0     1    -0.00000000
   0.270    50    14     3     1     1    -1     0.00000000
   0.270    50    15     3     3     1     1     0.00000000
   0.270    50    16     3     3     2    -1     0.00000000
   0.270    50    17     3     1     1     1    -0.00000000
   0.270    50    18     3     3     2     1    -0.00000000
   0.270    50    19     3     3     3    -1     0.00000000
   0.270    50    20     3     3     3     1     0.00000000
   0.270    50    21     4     4     0     1     0.00000000
   0.270    50    22     4     4     1    -1    -0.00000000
   0.270    50    23     4     2     0     1     0.00000000
   0.270    50    24     4     2     1    -1     0.00000000
   0.270    50    25     4     0     0     1     0.00000000
   0.270    50    26     4     4     1     1    -0.00000000
   0.270    50    27     4     4     2    -1     0.00000000
   0.270    50    28     4     2     1     1     0.00000000
   0.270    50    29     4     2     2    -1    -0.00000000
   0.270    50    30     4     4     2     1     0.06880587
   0.270    50    31     4     4     3    -1     0.03552661
   0.270    50    32     4     2     2     1    -0.00043169
   0.270    50    33     4     4     3     1     0.00000000
   0.270    50    34     4     4     4    -1     0.00000000
   0.270    50    35     4     4     4     1    -0.00000000
   0.270    50    36     5     5     0     1    -0.00000000
   0.270    50    37     5     5     1    -1     0.00000000
   0.270    50    38     5     3     0     1     0.00000000
   0.270    50    39     5     3     1    -1    -0.00000000
   0.270    50    40     5     1     0     1     0.00000000
   0.270    50    41     5     1     1    -1     0.00000000
   0.270    50    42     5     5     1     1    -0.00000000
   0.270    50    43     5     5     2    -1    -0.00000000
   0.270    50    44     5     3     1     1    -0.00000000
   0.270    50    45     5     3     2    -1    -0.00000000
   0.270    50    46     5     1     1     1    -0.00000000
   0.270    50    47     5     5     2     1    -0.00000000
   0.270    50    48     5     5     3    -1    -0.00000000
   0.270    50    49     5     3     2     1    -0.00000000
   0.270    50    50     5     3     3    -1     0.00000000
   0.270    50    51     5     5     3     1    -0.00000000
   0.270    50    52     5     5     4    -1    -0.00000000
   0.270    50    53     5     3     3     1    -0.00000000
   0.270    50    54     5     5     4     1    -0.00000000
   0.270    50    55     5     5     5    -1    -0.00000000
   0.270    50    56     5     5     5     1     0.00000000
   0.270    50    57     6     6     0     1     0.00000000
   0.270    50    58     6     6     1    -1     0.00000000
   0.270    50    59     6     4     0     1    -0.00000000
   0.270    50    60     6     4     1    -1    -0.00000000
   0.270    50    61     6     2     0     1    -0.00000000
   0.270    50    62     6     2     1    -1    -0.00000000
   0.270    50    63     6     0     0     1    -0.00000000
   0.270    50    64     6     6     1     1     0.00000000
   0.270    50    65     6     6     2    -1     0.00000000
   0.270    50    66     6     4     1     1     0.00000000
   0.270    50    67     6     4     2    -1    -0.00000000
   0.270    50    68     6     2     1     1     0.00000000
   0.270    50    69     6     2     2    -1     0.00000000
   0.270    50    70     6     6     2     1    -0.87071382
   0.270    50    71     6     6     3    -1    -0.48562895
   0.270    50    72     6     4     2     1     0.00377516
   0.270    50    73     6     4     3    -1    -0.00051654
   0.270    50    74     6     2     2     1     0.00275011
   0.270    50    75     6     6     3     1    -0.00000000
   0.270    50    76     6     6     4    -1    -0.00000000
   0.270    50    77     6     4     3     1    -0.00000000
   0.270    50    78     6     4     4    -1     0.00000000
   0.270    50    79     6     6     4     1    -0.00000000
   0.270    50    80     6     6     5    -1    -0.00000000
   0.270    50    81     6     4     4     1    -0.00000000
   0.270    50    82     6     6     5     1    -0.00000000
   0.270    50    83     6     6     6    -1     0.00000000
   0.270    50    84     6     6     6     1    -0.00000000
   0.270    50    85     7     7     0     1    -0.00000000
   0.270    50    86     7     7     1    -1    -0.00000000
   0.270    50    87     7     5     0     1    -0.00000000
   0.270    50    88     7     5     1    -1    -0.00000000
   0.270    50    89     7     3     0     1     0.00000000
   0.270    50    90     7     3     1    -1    -0.00000000
   0.270    50    91     7     1     0     1     0.00000000
   0.270    50    92     7     1     1    -1    -0.00000000
   0.270    50    93     7     7     1     1     0.00000000
   0.270    50    94     7     7     2    -1     0.00000000
   0.270    50    95     7     5     1     1     0.00000000
   0.270    50    96     7     5     2    -1     0.00000000
   0.270    50    97     7     3     1     1    -0.00000000
   0.270    50    98     7     3     2    -1    -0.00000000
   0.270    50    99     7     1     1     1     0.00000000
   0.270    50   100     7     7     2     1     0.00000000
   0.270    50   101     7     7     3    -1     0.00000000
   0.270    50   102     7     5     2     1    -0.00000000
   0.270    50   103     7     5     3    -1     0.00000000
   0.270    50   104     7     3     2     1    -0.00000000
   0.270    50   105     7     3     3    -1    -0.00000000
   0.270    50   106     7     7     3     1     0.00000000
   0.270    50   107     7     7     4    -1     0.00000000
   0.270    50   108     7     5     3     1    -0.00000000
   0.270    50   109     7     5     4    -1     0.00000000
   0.270    50   110     7     3     3     1    -0.00000000
   0.270    50   111     7     7     4     1     0.00000000
   0.270    50   112     7     7     5    -1     0.00000000
   0.270    50   113     7     5     4     1     0.00000000
   0.270    50   114     7     5     5    -1     0.00000000
   0.270    50   115     7     7     5     1     0.00000000
   0.270    50   116     7     7     6    -1     0.00000000
   0.270    50   117     7     5     5     1     0.00000000
   0.270    50   118     7     7     6     1     0.00000000
   0.270    50   119     7     7     7    -1     0.00000000
   0.270    50   120     7     7     7     1     0.00000000
   0.270    51     1     0     0     0     1     0.00000000
   0.270    51     2     1     1     0     1     0.00000000
   0.270    51     3     1     1     1    -1    -0.00000000
   0.270    51     4     1     1     1     1    -0.00000000
   0.270    51     5     2     2     0     1     0.00000000
   0.270    51     6     2     2     1    -1     0.00000000
   0.270    51     7     2     0     0     1     0.00000000
   0.270    51     8     2     2     1     1    -0.00000000
   0.270    51     9     2     2     2    -1     0.00000000
   0.270    51    10     2     2     2     1    -0.00000000
   0.270    51    11     3     3     0     1     0.00000000
   0.270    51    12     3     3     1    -1     0.00000000
   0.270    51    13     3     1     0     1    -0.00000000
   0.270    51    14     3     1     1    -1     0.00000000
   0.270    51    15     3     3     1     1     0.00000000
   0.270    51    16     3     3     2    -1    -0.00000000
   0.270    51    17     3     1     1     1     0.00000000
   0.270    51    18     3     3     2     1     0.00128483
   0.270    51    19     3     3     3    -1     0.01303249
   0.270    51    20     3     3     3     1     0.00000000
   0.270    51    21     4     4     0     1     0.00000000
   0.270    51    22     4     4     1    -1     0.00000000
   0.270    51    23     4     2     0     1     0.00000000
   0.270    51    24     4     2     1    -1    -0.00000000
   0.270    51    25     4     0     0     1    -0.00000000
   0.270    51    26     4     4     1     1     0.00000000
   0.270    51    27     4     4     2    -1    -0.00000000
   0.270    51    28     4     2     1     1    -0.00000000
   0.270    51    29     4     2     2    -1    -0.00000000
   0.270    51    30     4     4     2     1     0.00000000
   0.270    51    31     4     4     3    -1    -0.00000000
   0.270    51    32     4     2     2     1    -0.00000000
   0.270    51    33     4     4     3     1    -0.00000000
   0.270    51    34     4     4     4    -1     0.00000000
   0.270    51    35     4     4     4     1     0.00000000
   0.270    51    36     5     5     0     1     0.00000000
   0.270    51    37     5     5     1    -1     0.00000000
   0.270    51    38     5     3     0     1    -0.00000000
   0.270    51    39     5     3     1    -1     0.00000000
   0.270    51    40     5     1     0     1     0.00000000
   0.270    51    41     5     1     1    -1     0.00000000
   0.270    51    42     5     5     1     1     0.00000000
   0.270    51    43     5     5     2    -1    -0.00000000
   0.270    51    44     5     3     1     1    -0.00000000
   0.270    51    45     5     3     2    -1    -0.00000000
   0.270    51    46     5     1     1     1    -0.00000000
   0.270    51    47     5     5     2     1    -0.04538597
   0.270    51    48     5     5     3    -1     0.07094573
   0.270    51    49     5     3     2     1     0.97333829
   0.270    51    50     5     3     3    -1     0.17976049
   0.270    51    51     5     5     3     1     0.00000000
   0.270    51    52     5     5     4    -1     0.00000000
   0.270    51    53     5     3     3     1     0.00000000
   0.270    51    54     5     5     4     1     0.00000000
   0.270    51    55     5     5     5    -1    -0.00000000
   0.270    51    56     5     5     5     1     0.00000000
   0.270    51    57     6     6     0     1     0.00000000
   0.270    51    58     6     6     1    -1     0.00000000
   0.270    51    59     6     4     0     1     0.00000000
   0.270    51    60     6     4     1    -1    -0.00000000
   0.270    51    61     6     2     0     1     0.00000000
   0.270    51    62     6     2     1    -1    -0.00000000
   0.270    51    63     6     0     0     1     0.00000000
   0.270    51    64     6     6     1     1     0.00000000
   0.270    51    65     6     6     2    -1    -0.00000000
   0.270    51    66     6     4     1     1    -0.00000000
   0.270    51    67     6     4     2    -1    -0.00000000
   0.270    51    68     6     2     1     1     0.00000000
   0.270    51    69     6     2     2    -1    -0.00000000
   0.270    51    70     6     6     2     1     0.00000000
   0.270    51    71     6     6     3    -1    -0.00000000
   0.270    51    72     6     4     2     1    -0.00000000
   0.270    51    73     6     4     3    -1    -0.00000000
   0.270    51    74     6     2     2     1     0.00000000
   0.270    51    75     6     6     3     1    -0.00000000
   0.270    51    76     6     6     4    -1    -0.00000000
   0.270    51    77     6     4     3     1    -0.00000000
   0.270    51    78     6     4     4    -1     0.00000000
   0.270    51    79     6     6     4     1     0.00000000
   0.270    51    80     6     6     5    -1     0.00000000
   0.270    51    81     6     4     4     1    -0.00000000
   0.270    51    82     6     6     5     1    -0.00000000
   0.270    51    83     6     6     6    -1    -0.00000000
   0.270    51    84     6     6     6     1     0.00000000
   0.270    51    85     7     7     0     1     0.00000000
   0.270    51    86     7     7     1    -1     0.00000000
   0.270    51    87     7     5     0     1    -0.00000000
   0.270    51    88     7     5     1    -1     0.00000000
   0.270    51    89     7     3     0     1    -0.00000000
   0.270    51    90     7     3     1    -1     0.00000000
   0.270    51    91     7     1     0     1    -0.00000000
   0.270    51    92     7     1     1    -1    -0.00000000
   0.270    51    93     7     7     1     1     0.00000000
   0.270    51    94     7     7     2    -1     0.00000000
   0.270    51    95     7     5     1     1    -0.00000000
   0.270    51    96     7     5     2    -1    -0.00000000
   0.270    51    97     7     3     1     1     0.00000000
   0.270    51    98     7     3     2    -1     0.00000000
   0.270    51    99     7     1     1     1    -0.00000000
   0.270    51   100     7     7     2     1    -0.00407535
   0.270    51   101     7     7     3    -1     0.00457788
   0.270    51   102     7     5     2     1     0.11071659
   0.270    51   103     7     5     3    -1     0.02460591
   0.270    51   104     7     3     2     1    -0.00230580
   0.270    51   105     7     3     3    -1    -0.01129490
   0.270    51   106     7     7     3     1    -0.00000000
   0.270    51   107     7     7     4    -1    -0.00000000
   0.270    51   108     7     5     3     1     0.00000000
   0.270    51   109     7     5     4    -1     0.00000000
   0.270    51   110     7     3     3     1    -0.00000000
   0.270    51   111     7     7     4     1    -0.00000000
   0.270    51   112     7     7     5    -1     0.00000000
   0.270    51   113     7     5     4     1    -0.00000000
   0.270    51   114     7     5     5    -1     0.00000000
   0.270    51   115     7     7     5     1     0.00000000
   0.270    51   116     7     7     6    -1     0.00000000
   0.270    51   117     7     5     5     1     0.00000000
   0.270    51   118     7     7     6     1     0.00000000
   0.270    51   119     7     7     7    -1     0.00000000
   0.270    51   120     7     7     7     1     0.00000000
   0.270    52     1     0     0     0     1    -0.00000000
   0.270    52     2     1     1     0     1     0.00199462
   0.270    52     3     1     1     1    -1     0.00057034
   0.270    52     4     1     1     1     1     0.00000000
   0.270    52     5     2     2     0     1     0.00000000
   0.270    52     6     2     2     1    -1     0.00000000
   0.270    52     7     2     0     0     1     0.00000000
   0.270    52     8     2     2     1     1    -0.00000000
   0.270    52     9     2     2     2    -1     0.00000000
   0.270    52    10     2     2     2     1     0.00000000
   0.270    52    11     3     3     0     1    -0.02547116
   0.270    52    12     3     3     1    -1     0.03222681
   0.270    52    13     3     1     0     1    -0.04778568
   0.270    52    14     3     1     1    -1     0.08160055
   0.270    52    15     3     3     1     1    -0.00000000
   0.270    52    16     3     3     2    -1     0.00000000
   0.270    52    17     3     1     1     1    -0.00000000
   0.270    52    18     3     3     2     1    -0.00000000
   0.270    52    19     3     3     3    -1     0.00000000
   0.270    52    20     3     3     3     1    -0.00000000
   0.270    52    21     4     4     0     1     0.00000000
   0.270    52    22     4     4     1    -1    -0.00000000
   0.270    52    23     4     2     0     1     0.00000000
   0.270    52    24     4     2     1    -1     0.00000000
   0.270    52    25     4     0     0     1    -0.00000000
   0.270    52    26     4     4     1     1    -0.00000000
   0.270    52    27     4     4     2    -1    -0.00000000
   0.270    52    28     4     2     1     1    -0.00000000
   0.270    52    29     4     2     2    -1    -0.00000000
   0.270    52    30     4     4     2     1    -0.00000000
   0.270    52    31     4     4     3    -1    -0.00000000
   0.270    52    32     4     2     2     1    -0.00000000
   0.270    52    33     4     4     3     1    -0.00000000
   0.270    52    34     4     4     4    -1    -0.00000000
   0.270    52    35     4     4     4     1    -0.00000000
   0.270    52    36     5     5     0     1    -0.02740065
   0.270    52    37     5     5     1    -1     0.03384781
   0.270    52    38     5     3     0     1     0.55254232
   0.270    52    39     5     3     1    -1    -0.81136482
   0.270    52    40     5     1     0     1    -0.05212553
   0.270    52    41     5     1     1    -1    -0.02347195
   0.270    52    42     5     5     1     1     0.00000000
   0.270    52    43     5     5     2    -1     0.00000000
   0.270    52    44     5     3     1     1     0.00000000
   0.270    52    45     5     3     2    -1    -0.00000000
   0.270    52    46     5     1     1     1     0.00000000
   0.270    52    47     5     5     2     1     0.00000000
   0.270    52    48     5     5     3    -1    -0.00000000
   0.270    52    49     5     3     2     1     0.00000000
   0.270    52    50     5     3     3    -1     0.00000000
   0.270    52    51     5     5     3     1     0.00000000
   0.270    52    52     5     5     4    -1     0.00000000
   0.270    52    53     5     3     3     1     0.00000000
   0.270    52    54     5     5     4     1     0.00000000
   0.270    52    55     5     5     5    -1     0.00000000
   0.270    52    56     5     5     5     1     0.00000000
   0.270    52    57     6     6     0     1    -0.00000000
   0.270    52    58     6     6     1    -1     0.00000000
   0.270    52    59     6     4     0     1     0.00000000
   0.270    52    60     6     4     1    -1     0.00000000
   0.270    52    61     6     2     0     1    -0.00000000
   0.270    52    62     6     2     1    -1    -0.00000000
   0.270    52    63     6     0     0     1     0.00000000
   0.270    52    64     6     6     1     1    -0.00000000
   0.270    52    65     6     6     2    -1     0.00000000
   0.270    52    66     6     4     1     1    -0.00000000
   0.270    52    67     6     4     2    -1    -0.00000000
   0.270    52    68     6     2     1     1     0.00000000
   0.270    52    69     6     2     2    -1     0.00000000
   0.270    52    70     6     6     2     1     0.00000000
   0.270    52    71     6     6     3    -1     0.00000000
   0.270    52    72     6     4     2     1    -0.00000000
   0.270    52    73     6     4     3    -1    -0.00000000
   0.270    52    74     6     2     2     1    -0.00000000
   0.270    52    75     6     6     3     1     0.00000000
   0.270    52    76     6     6     4    -1     0.00000000
   0.270    52    77     6     4     3     1     0.00000000
   0.270    52    78     6     4     4    -1    -0.00000000
   0.270    52    79     6     6     4     1    -0.00000000
   0.270    52    80     6     6     5    -1    -0.00000000
   0.270    52    81     6     4     4     1     0.00000000
   0.270    52    82     6     6     5     1    -0.00000000
   0.270    52    83     6     6     6    -1    -0.00000000
   0.270    52    84     6     6     6     1     0.00000000
   0.270    52    85     7     7     0     1    -0.00257295
   0.270    52    86     7     7     1    -1     0.00352960
   0.270    52    87     7     5     0     1     0.06303008
   0.270    52    88     7     5     1    -1    -0.09618925
   0.270    52    89     7     3     0     1     0.03618364
   0.270    52    90     7     3     1    -1    -0.04872780
   0.270    52    91     7     1     0     1     0.04537028
   0.270    52    92     7     1     1    -1    -0.03999388
   0.270    52    93     7     7     1     1    -0.00000000
   0.270    52    94     7     7     2    -1     0.00000000
   0.270    52    95     7     5     1     1    -0.00000000
   0.270    52    96     7     5     2    -1    -0.00000000
   0.270    52    97     7     3     1     1     0.00000000
   0.270    52    98     7     3     2    -1    -0.00000000
   0.270    52    99     7     1     1     1    -0.00000000
   0.270    52   100     7     7     2     1     0.00000000
   0.270    52   101     7     7     3    -1    -0.00000000
   0.270    52   102     7     5     2     1     0.00000000
   0.270    52   103     7     5     3    -1    -0.00000000
   0.270    52   104     7     3     2     1    -0.00000000
   0.270    52   105     7     3     3    -1    -0.00000000
   0.270    52   106     7     7     3     1    -0.00000000
   0.270    52   107     7     7     4    -1    -0.00000000
   0.270    52   108     7     5     3     1     0.00000000
   0.270    52   109     7     5     4    -1    -0.00000000
   0.270    52   110     7     3     3     1     0.00000000
   0.270    52   111     7     7     4     1    -0.00000000
   0.270    52   112     7     7     5    -1    -0.00000000
   0.270    52   113     7     5     4     1    -0.00000000
   0.270    52   114     7     5     5    -1    -0.00000000
   0.270    52   115     7     7     5     1     0.00000000
   0.270    52   116     7     7     6    -1     0.00000000
   0.270    52   117     7     5     5     1     0.00000000
   0.270    52   118     7     7     6     1     0.00000000
   0.270    52   119     7     7     7    -1     0.00000000
   0.270    52   120     7     7     7     1     0.00000000
   0.270    53     1     0     0     0     1    -0.00000000
   0.270    53     2     1     1     0     1     0.00000000
   0.270    53     3     1     1     1    -1     0.00000000
   0.270    53     4     1     1     1     1     0.00000000
   0.270    53     5     2     2     0     1     0.00000000
   0.270    53     6     2     2     1    -1    -0.00000000
   0.270    53     7     2     0     0     1     0.00000000
   0.270    53     8     2     2     1     1     0.00000000
   0.270    53     9     2     2     2    -1    -0.00000000
   0.270    53    10     2     2     2     1     0.00000000
   0.270    53    11     3     3     0     1     0.00000000
   0.270    53    12     3     3     1    -1    -0.00000000
   0.270    53    13     3     1     0     1    -0.00000000
   0.270    53    14     3     1     1    -1     0.00000000
   0.270    53    15     3     3     1     1    -0.00000000
   0.270    53    16     3     3     2    -1     0.00000000
   0.270    53    17     3     1     1     1    -0.00000000
   0.270    53    18     3     3     2     1    -0.00000000
   0.270    53    19     3     3     3    -1    -0.00000000
   0.270    53    20     3     3     3     1    -0.00000000
   0.270    53    21     4     4     0     1    -0.00000000
   0.270    53    22     4     4     1    -1     0.00000000
   0.270    53    23     4     2     0     1    -0.00000000
   0.270    53    24     4     2     1    -1    -0.00000000
   0.270    53    25     4     0     0     1     0.00000000
   0.270    53    26     4     4     1     1    -0.00000000
   0.270    53    27     4     4     2    -1     0.00000000
   0.270    53    28     4     2     1     1    -0.00000000
   0.270    53    29     4     2     2    -1     0.00000000
   0.270    53    30     4     4     2     1     0.00000000
   0.270    53    31     4     4     3    -1    -0.00000000
   0.270    53    32     4     2     2     1     0.00000000
   0.270    53    33     4     4     3     1    -0.06140472
   0.270    53    34     4     4     4    -1    -0.02102593
   0.270    53    35     4     4     4     1    -0.00000000
   0.270    53    36     5     5     0     1    -0.00000000
   0.270    53    37     5     5     1    -1     0.00000000
   0.270    53    38     5     3     0     1    -0.00000000
   0.270    53    39     5     3     1    -1     0.00000000
   0.270    53    40     5     1     0     1     0.00000000
   0.270    53    41     5     1     1    -1     0.00000000
   0.270    53    42     5     5     1     1     0.00000000
   0.270    53    43     5     5     2    -1    -0.00000000
   0.270    53    44     5     3     1     1     0.00000000
   0.270    53    45     5     3     2    -1    -0.00000000
   0.270    53    46     5     1     1     1     0.00000000
   0.270    53    47     5     5     2     1     0.00000000
   0.270    53    48     5     5     3    -1     0.00000000
   0.270    53    49     5     3     2     1     0.00000000
   0.270    53    50     5     3     3    -1    -0.00000000
   0.270    53    51     5     5     3     1     0.00000000
   0.270    53    52     5     5     4    -1     0.00000000
   0.270    53    53     5     3     3     1     0.00000000
   0.270    53    54     5     5     4     1     0.00000000
   0.270    53    55     5     5     5    -1     0.00000000
   0.270    53    56     5     5     5     1     0.00000000
   0.270    53    57     6     6     0     1    -0.00000000
   0.270    53    58     6     6     1    -1    -0.00000000
   0.270    53    59     6     4     0     1     0.00000000
   0.270    53    60     6     4     1    -1     0.00000000
   0.270    53    61     6     2     0     1     0.00000000
   0.270    53    62     6     2     1    -1    -0.00000000
   0.270    53    63     6     0     0     1     0.00000000
   0.270    53    64     6     6     1     1    -0.00000000
   0.270    53    65     6     6     2    -1    -0.00000000
   0.270    53    66     6     4     1     1    -0.00000000
   0.270    53    67     6     4     2    -1     0.00000000
   0.270    53    68     6     2     1     1     0.00000000
   0.270    53    69     6     2     2    -1    -0.00000000
   0.270    53    70     6     6     2     1    -0.00000000
   0.270    53    71     6     6     3    -1    -0.00000000
   0.270    53    72     6     4     2     1     0.00000000
   0.270    53    73     6     4     3    -1     0.00000000
   0.270    53    74     6     2     2     1    -0.00000000
   0.270    53    75     6     6     3     1     0.91671057
   0.270    53    76     6     6     4    -1     0.39422544
   0.270    53    77     6     4     3     1     0.00315204
   0.270    53    78     6     4     4    -1     0.00233864
   0.270    53    79     6     6     4     1     0.00000000
   0.270    53    80     6     6     5    -1     0.00000000
   0.270    53    81     6     4     4     1    -0.00000000
   0.270    53    82     6     6     5     1    -0.00000000
   0.270    53    83     6     6     6    -1     0.00000000
   0.270    53    84     6     6     6     1    -0.00000000
   0.270    53    85     7     7     0     1    -0.00000000
   0.270    53    86     7     7     1    -1     0.00000000
   0.270    53    87     7     5     0     1     0.00000000
   0.270    53    88     7     5     1    -1     0.00000000
   0.270    53    89     7     3     0     1    -0.00000000
   0.270    53    90     7     3     1    -1     0.00000000
   0.270    53    91     7     1     0     1    -0.00000000
   0.270    53    92     7     1     1    -1    -0.00000000
   0.270    53    93     7     7     1     1    -0.00000000
   0.270    53    94     7     7     2    -1    -0.00000000
   0.270    53    95     7     5     1     1     0.00000000
   0.270    53    96     7     5     2    -1    -0.00000000
   0.270    53    97     7     3     1     1     0.00000000
   0.270    53    98     7     3     2    -1    -0.00000000
   0.270    53    99     7     1     1     1     0.00000000
   0.270    53   100     7     7     2     1    -0.00000000
   0.270    53   101     7     7     3    -1    -0.00000000
   0.270    53   102     7     5     2     1     0.00000000
   0.270    53   103     7     5     3    -1    -0.00000000
   0.270    53   104     7     3     2     1     0.00000000
   0.270    53   105     7     3     3    -1     0.00000000
   0.270    53   106     7     7     3     1    -0.00000000
   0.270    53   107     7     7     4    -1    -0.00000000
   0.270    53   108     7     5     3     1     0.00000000
   0.270    53   109     7     5     4    -1    -0.00000000
   0.270    53   110     7     3     3     1     0.00000000
   0.270    53   111     7     7     4     1    -0.00000000
   0.270    53   112     7     7     5    -1    -0.00000000
   0.270    53   113     7     5     4     1    -0.00000000
   0.270    53   114     7     5     5    -1    -0.00000000
   0.270    53   115     7     7     5     1     0.00000000
   0.270    53   116     7     7     6    -1     0.00000000
   0.270    53   117     7     5     5     1     0.00000000
   0.270    53   118     7     7     6     1     0.00000000
   0.270    53   119     7     7     7    -1     0.00000000
   0.270    53   120     7     7     7     1     0.00000000
   0.270    54     1     0     0     0     1     0.00000000
   0.270    54     2     1     1     0     1     0.00000000
   0.270    54     3     1     1     1    -1     0.00000000
   0.270    54     4     1     1     1     1    -0.00000000
   0.270    54     5     2     2     0     1    -0.00000000
   0.270    54     6     2     2     1    -1     0.00000000
   0.270    54     7     2     0     0     1    -0.00000000
   0.270    54     8     2     2     1     1    -0.00000000
   0.270    54     9     2     2     2    -1    -0.00000000
   0.270    54    10     2     2     2     1     0.00000000
   0.270    54    11     3     3     0     1     0.00000000
   0.270    54    12     3     3     1    -1    -0.00000000
   0.270    54    13     3     1     0     1    -0.00000000
   0.270    54    14     3     1     1    -1     0.00000000
   0.270    54    15     3     3     1     1     0.00000000
   0.270    54    16     3     3     2    -1    -0.00000000
   0.270    54    17     3     1     1     1    -0.00000000
   0.270    54    18     3     3     2     1    -0.00000000
   0.270    54    19     3     3     3    -1     0.00000000
   0.270    54    20     3     3     3     1     0.00979699
   0.270    54    21     4     4     0     1    -0.00000000
   0.270    54    22     4     4     1    -1    -0.00000000
   0.270    54    23     4     2     0     1    -0.00000000
   0.270    54    24     4     2     1    -1     0.00000000
   0.270    54    25     4     0     0     1    -0.00000000
   0.270    54    26     4     4     1     1    -0.00000000
   0.270    54    27     4     4     2    -1     0.00000000
   0.270    54    28     4     2     1     1     0.00000000
   0.270    54    29     4     2     2    -1     0.00000000
   0.270    54    30     4     4     2     1     0.00000000
   0.270    54    31     4     4     3    -1     0.00000000
   0.270    54    32     4     2     2     1    -0.00000000
   0.270    54    33     4     4     3     1    -0.00000000
   0.270    54    34     4     4     4    -1    -0.00000000
   0.270    54    35     4     4     4     1     0.00000000
   0.270    54    36     5     5     0     1    -0.00000000
   0.270    54    37     5     5     1    -1    -0.00000000
   0.270    54    38     5     3     0     1    -0.00000000
   0.270    54    39     5     3     1    -1     0.00000000
   0.270    54    40     5     1     0     1    -0.00000000
   0.270    54    41     5     1     1    -1    -0.00000000
   0.270    54    42     5     5     1     1    -0.00000000
   0.270    54    43     5     5     2    -1    -0.00000000
   0.270    54    44     5     3     1     1    -0.00000000
   0.270    54    45     5     3     2    -1    -0.00000000
   0.270    54    46     5     1     1     1     0.00000000
   0.270    54    47     5     5     2     1    -0.00000000
   0.270    54    48     5     5     3    -1     0.00000000
   0.270    54    49     5     3     2     1    -0.00000000
   0.270    54    50     5     3     3    -1    -0.00000000
   0.270    54    51     5     5     3     1    -0.31843368
   0.270    54    52     5     5     4    -1     0.94555388
   0.270    54    53     5     3     3     1    -0.00400112
   0.270    54    54     5     5     4     1    -0.00000000
   0.270    54    55     5     5     5    -1     0.00000000
   0.270    54    56     5     5     5     1     0.00000000
   0.270    54    57     6     6     0     1    -0.00000000
   0.270    54    58     6     6     1    -1     0.00000000
   0.270    54    59     6     4     0     1    -0.00000000
   0.270    54    60     6     4     1    -1    -0.00000000
   0.270    54    61     6     2     0     1    -0.00000000
   0.270    54    62     6     2     1    -1    -0.00000000
   0.270    54    63     6     0     0     1    -0.00000000
   0.270    54    64     6     6     1     1    -0.00000000
   0.270    54    65     6     6     2    -1     0.00000000
   0.270    54    66     6     4     1     1     0.00000000
   0.270    54    67     6     4     2    -1    -0.00000000
   0.270    54    68     6     2     1     1    -0.00000000
   0.270    54    69     6     2     2    -1     0.00000000
   0.270    54    70     6     6     2     1    -0.00000000
   0.270    54    71     6     6     3    -1     0.00000000
   0.270    54    72     6     4     2     1     0.00000000
   0.270    54    73     6     4     3    -1    -0.00000000
   0.270    54    74     6     2     2     1     0.00000000
   0.270    54    75     6     6     3     1    -0.00000000
   0.270    54    76     6     6     4    -1    -0.00000000
   0.270    54    77     6     4     3     1    -0.00000000
   0.270    54    78     6     4     4    -1     0.00000000
   0.270    54    79     6     6     4     1     0.00000000
   0.270    54    80     6     6     5    -1     0.00000000
   0.270    54    81     6     4     4     1    -0.00000000
   0.270    54    82     6     6     5     1     0.00000000
   0.270    54    83     6     6     6    -1     0.00000000
   0.270    54    84     6     6     6     1    -0.00000000
   0.270    54    85     7     7     0     1    -0.00000000
   0.270    54    86     7     7     1    -1    -0.00000000
   0.270    54    87     7     5     0     1     0.00000000
   0.270    54    88     7     5     1    -1     0.00000000
   0.270    54    89     7     3     0     1     0.00000000
   0.270    54    90     7     3     1    -1     0.00000000
   0.270    54    91     7     1     0     1    -0.00000000
   0.270    54    92     7     1     1    -1    -0.00000000
   0.270    54    93     7     7     1     1    -0.00000000
   0.270    54    94     7     7     2    -1    -0.00000000
   0.270    54    95     7     5     1     1    -0.00000000
   0.270    54    96     7     5     2    -1     0.00000000
   0.270    54    97     7     3     1     1     0.00000000
   0.270    54    98     7     3     2    -1    -0.00000000
   0.270    54    99     7     1     1     1     0.00000000
   0.270    54   100     7     7     2     1    -0.00000000
   0.270    54   101     7     7     3    -1    -0.00000000
   0.270    54   102     7     5     2     1     0.00000000
   0.270    54   103     7     5     3    -1    -0.00000000
   0.270    54   104     7     3     2     1    -0.00000000
   0.270    54   105     7     3     3    -1     0.00000000
   0.270    54   106     7     7     3     1    -0.01859786
   0.270    54   107     7     7     4    -1     0.05401224
   0.270    54   108     7     5     3     1    -0.00749085
   0.270    54   109     7     5     4    -1    -0.03247259
   0.270    54   110     7     3     3     1    -0.00648600
   0.270    54   111     7     7     4     1     0.00000000
   0.270    54   112     7     7     5    -1     0.00000000
   0.270    54   113     7     5     4     1     0.00000000
   0.270    54   114     7     5     5    -1    -0.00000000
   0.270    54   115     7     7     5     1     0.00000000
   0.270    54   116     7     7     6    -1     0.00000000
   0.270    54   117     7     5     5     1     0.00000000
   0.270    54   118     7     7     6     1     0.00000000
   0.270    54   119     7     7     7    -1     0.00000000
   0.270    54   120     7     7     7     1     0.00000000
   0.270    55     1     0     0     0     1     0.00000000
   0.270    55     2     1     1     0     1    -0.00000000
   0.270    55     3     1     1     1    -1    -0.00000000
   0.270    55     4     1     1     1     1     0.00000000
   0.270    55     5     2     2     0     1     0.00000000
   0.270    55     6     2     2     1    -1     0.00000000
   0.270    55     7     2     0     0     1    -0.00000000
   0.270    55     8     2     2     1     1     0.00000000
   0.270    55     9     2     2     2    -1    -0.00000000
   0.270    55    10     2     2     2     1    -0.00000000
   0.270    55    11     3     3     0     1     0.00000000
   0.270    55    12     3     3     1    -1    -0.00000000
   0.270    55    13     3     1     0     1    -0.00000000
   0.270    55    14     3     1     1    -1    -0.00000000
   0.270    55    15     3     3     1     1    -0.00000000
   0.270    55    16     3     3     2    -1     0.00000000
   0.270    55    17     3     1     1     1    -0.00000000
   0.270    55    18     3     3     2     1    -0.00000000
   0.270    55    19     3     3     3    -1     0.00000000
   0.270    55    20     3     3     3     1     0.00000000
   0.270    55    21     4     4     0     1     0.00000000
   0.270    55    22     4     4     1    -1    -0.00000000
   0.270    55    23     4     2     0     1     0.00000000
   0.270    55    24     4     2     1    -1    -0.00000000
   0.270    55    25     4     0     0     1    -0.00000000
   0.270    55    26     4     4     1     1     0.00000000
   0.270    55    27     4     4     2    -1     0.00000000
   0.270    55    28     4     2     1     1     0.00000000
   0.270    55    29     4     2     2    -1    -0.00000000
   0.270    55    30     4     4     2     1    -0.00000000
   0.270    55    31     4     4     3    -1     0.00000000
   0.270    55    32     4     2     2     1    -0.00000000
   0.270    55    33     4     4     3     1    -0.00000000
   0.270    55    34     4     4     4    -1    -0.00000000
   0.270    55    35     4     4     4     1     0.04413237
   0.270    55    36     5     5     0     1    -0.00000000
   0.270    55    37     5     5     1    -1     0.00000000
   0.270    55    38     5     3     0     1    -0.00000000
   0.270    55    39     5     3     1    -1     0.00000000
   0.270    55    40     5     1     0     1     0.00000000
   0.270    55    41     5     1     1    -1    -0.00000000
   0.270    55    42     5     5     1     1    -0.00000000
   0.270    55    43     5     5     2    -1     0.00000000
   0.270    55    44     5     3     1     1     0.00000000
   0.270    55    45     5     3     2    -1    -0.00000000
   0.270    55    46     5     1     1     1     0.00000000
   0.270    55    47     5     5     2     1    -0.00000000
   0.270    55    48     5     5     3    -1    -0.00000000
   0.270    55    49     5     3     2     1    -0.00000000
   0.270    55    50     5     3     3    -1     0.00000000
   0.270    55    51     5     5     3     1    -0.00000000
   0.270    55    52     5     5     4    -1    -0.00000000
   0.270    55    53     5     3     3     1     0.00000000
   0.270    55    54     5     5     4     1     0.00000000
   0.270    55    55     5     5     5    -1    -0.00000000
   0.270    55    56     5     5     5     1     0.00000000
   0.270    55    57     6     6     0     1    -0.00000000
   0.270    55    58     6     6     1    -1     0.00000000
   0.270    55    59     6     4     0     1    -0.00000000
   0.270    55    60     6     4     1    -1     0.00000000
   0.270    55    61     6     2     0     1     0.00000000
   0.270    55    62     6     2     1    -1     0.00000000
   0.270    55    63     6     0     0     1    -0.00000000
   0.270    55    64     6     6     1     1     0.00000000
   0.270    55    65     6     6     2    -1    -0.00000000
   0.270    55    66     6     4     1     1     0.00000000
   0.270    55    67     6     4     2    -1     0.00000000
   0.270    55    68     6     2     1     1    -0.00000000
   0.270    55    69     6     2     2    -1     0.00000000
   0.270    55    70     6     6     2     1     0.00000000
   0.270    55    71     6     6     3    -1     0.00000000
   0.270    55    72     6     4     2     1    -0.00000000
   0.270    55    73     6     4     3    -1    -0.00000000
   0.270    55    74     6     2     2     1    -0.00000000
   0.270    55    75     6     6     3     1     0.00000000
   0.270    55    76     6     6     4    -1     0.00000000
   0.270    55    77     6     4     3     1    -0.00000000
   0.270    55    78     6     4     4    -1    -0.00000000
   0.270    55    79     6     6     4     1    -0.95260838
   0.270    55    80     6     6     5    -1    -0.30090608
   0.270    55    81     6     4     4     1    -0.00671839
   0.270    55    82     6     6     5     1     0.00000000
   0.270    55    83     6     6     6    -1     0.00000000
   0.270    55    84     6     6     6     1    -0.00000000
   0.270    55    85     7     7     0     1    -0.00000000
   0.270    55    86     7     7     1    -1    -0.00000000
   0.270    55    87     7     5     0     1    -0.00000000
   0.270    55    88     7     5     1    -1     0.00000000
   0.270    55    89     7     3     0     1    -0.00000000
   0.270    55    90     7     3     1    -1    -0.00000000
   0.270    55    91     7     1     0     1     0.00000000
   0.270    55    92     7     1     1    -1     0.00000000
   0.270    55    93     7     7     1     1    -0.00000000
   0.270    55    94     7     7     2    -1    -0.00000000
   0.270    55    95     7     5     1     1     0.00000000
   0.270    55    96     7     5     2    -1    -0.00000000
   0.270    55    97     7     3     1     1     0.00000000
   0.270    55    98     7     3     2    -1     0.00000000
   0.270    55    99     7     1     1     1     0.00000000
   0.270    55   100     7     7     2     1     0.00000000
   0.270    55   101     7     7     3    -1     0.00000000
   0.270    55   102     7     5     2     1    -0.00000000
   0.270    55   103     7     5     3    -1     0.00000000
   0.270    55   104     7     3     2     1    -0.00000000
   0.270    55   105     7     3     3    -1    -0.00000000
   0.270    55   106     7     7     3     1    -0.00000000
   0.270    55   107     7     7     4    -1     0.00000000
   0.270    55   108     7     5     3     1    -0.00000000
   0.270    55   109     7     5     4    -1     0.00000000
   0.270    55   110     7     3     3     1    -0.00000000
   0.270    55   111     7     7     4     1    -0.00000000
   0.270    55   112     7     7     5    -1    -0.00000000
   0.270    55   113     7     5     4     1    -0.00000000
   0.270    55   114     7     5     5    -1    -0.00000000
   0.270    55   115     7     7     5     1     0.00000000
   0.270    55   116     7     7     6    -1     0.00000000
   0.270    55   117     7     5     5     1     0.00000000
   0.270    55   118     7     7     6     1     0.00000000
   0.270    55   119     7     7     7    -1     0.00000000
   0.270    55   120     7     7     7     1     0.00000000
   0.270    56     1     0     0     0     1    -0.00000000
   0.270    56     2     1     1     0     1     0.00000000
   0.270    56     3     1     1     1    -1     0.00000000
   0.270    56     4     1     1     1     1    -0.00016661
   0.270    56     5     2     2     0     1     0.00000000
   0.270    56     6     2     2     1    -1    -0.00000000
   0.270    56     7     2     0     0     1    -0.00000000
   0.270    56     8     2     2     1     1    -0.00000000
   0.270    56     9     2     2     2    -1     0.00000000
   0.270    56    10     2     2     2     1    -0.00000000
   0.270    56    11     3     3     0     1    -0.00000000
   0.270    56    12     3     3     1    -1     0.00000000
   0.270    56    13     3     1     0     1    -0.00000000
   0.270    56    14     3     1     1    -1    -0.00000000
   0.270    56    15     3     3     1     1    -0.01108258
   0.270    56    16     3     3     2    -1     0.00018250
   0.270    56    17     3     1     1     1    -0.02629919
   0.270    56    18     3     3     2     1    -0.00000000
   0.270    56    19     3     3     3    -1    -0.00000000
   0.270    56    20     3     3     3     1    -0.00000000
   0.270    56    21     4     4     0     1    -0.00000000
   0.270    56    22     4     4     1    -1    -0.00000000
   0.270    56    23     4     2     0     1     0.00000000
   0.270    56    24     4     2     1    -1     0.00000000
   0.270    56    25     4     0     0     1    -0.00000000
   0.270    56    26     4     4     1     1    -0.00000000
   0.270    56    27     4     4     2    -1     0.00000000
   0.270    56    28     4     2     1     1    -0.00000000
   0.270    56    29     4     2     2    -1     0.00000000
   0.270    56    30     4     4     2     1     0.00000000
   0.270    56    31     4     4     3    -1    -0.00000000
   0.270    56    32     4     2     2     1    -0.00000000
   0.270    56    33     4     4     3     1    -0.00000000
   0.270    56    34     4     4     4    -1     0.00000000
   0.270    56    35     4     4     4     1    -0.00000000
   0.270    56    36     5     5     0     1     0.00000000
   0.270    56    37     5     5     1    -1    -0.00000000
   0.270    56    38     5     3     0     1    -0.00000000
   0.270    56    39     5     3     1    -1    -0.00000000
   0.270    56    40     5     1     0     1     0.00000000
   0.270    56    41     5     1     1    -1     0.00000000
   0.270    56    42     5     5     1     1    -0.01017057
   0.270    56    43     5     5     2    -1     0.01538161
   0.270    56    44     5     3     1     1     0.33235109
   0.270    56    45     5     3     2    -1    -0.93547890
   0.270    56    46     5     1     1     1     0.01836957
   0.270    56    47     5     5     2     1    -0.00000000
   0.270    56    48     5     5     3    -1    -0.00000000
   0.270    56    49     5     3     2     1     0.00000000
   0.270    56    50     5     3     3    -1    -0.00000000
   0.270    56    51     5     5     3     1     0.00000000
   0.270    56    52     5     5     4    -1     0.00000000
   0.270    56    53     5     3     3     1     0.00000000
   0.270    56    54     5     5     4     1     0.00000000
   0.270    56    55     5     5     5    -1    -0.00000000
   0.270    56    56     5     5     5     1     0.00000000
   0.270    56    57     6     6     0     1    -0.00000000
   0.270    56    58     6     6     1    -1    -0.00000000
   0.270    56    59     6     4     0     1     0.00000000
   0.270    56    60     6     4     1    -1     0.00000000
   0.270    56    61     6     2     0     1     0.00000000
   0.270    56    62     6     2     1    -1     0.00000000
   0.270    56    63     6     0     0     1     0.00000000
   0.270    56    64     6     6     1     1    -0.00000000
   0.270    56    65     6     6     2    -1     0.00000000
   0.270    56    66     6     4     1     1    -0.00000000
   0.270    56    67     6     4     2    -1     0.00000000
   0.270    56    68     6     2     1     1    -0.00000000
   0.270    56    69     6     2     2    -1     0.00000000
   0.270    56    70     6     6     2     1     0.00000000
   0.270    56    71     6     6     3    -1    -0.00000000
   0.270    56    72     6     4     2     1    -0.00000000
   0.270    56    73     6     4     3    -1    -0.00000000
   0.270    56    74     6     2     2     1    -0.00000000
   0.270    56    75     6     6     3     1    -0.00000000
   0.270    56    76     6     6     4    -1    -0.00000000
   0.270    56    77     6     4     3     1    -0.00000000
   0.270    56    78     6     4     4    -1     0.00000000
   0.270    56    79     6     6     4     1     0.00000000
   0.270    56    80     6     6     5    -1     0.00000000
   0.270    56    81     6     4     4     1     0.00000000
   0.270    56    82     6     6     5     1    -0.00000000
   0.270    56    83     6     6     6    -1    -0.00000000
   0.270    56    84     6     6     6     1    -0.00000000
   0.270    56    85     7     7     0     1     0.00000000
   0.270    56    86     7     7     1    -1    -0.00000000
   0.270    56    87     7     5     0     1    -0.00000000
   0.270    56    88     7     5     1    -1    -0.00000000
   0.270    56    89     7     3     0     1     0.00000000
   0.270    56    90     7     3     1    -1    -0.00000000
   0.270    56    91     7     1     0     1     0.00000000
   0.270    56    92     7     1     1    -1     0.00000000
   0.270    56    93     7     7     1     1    -0.00107834
   0.270    56    94     7     7     2    -1     0.00169043
   0.270    56    95     7     5     1     1     0.03325601
   0.270    56    96     7     5     2    -1    -0.10351483
   0.270    56    97     7     3     1     1     0.02736509
   0.270    56    98     7     3     2    -1     0.00271116
   0.270    56    99     7     1     1     1     0.01866757
   0.270    56   100     7     7     2     1     0.00000000
   0.270    56   101     7     7     3    -1     0.00000000
   0.270    56   102     7     5     2     1     0.00000000
   0.270    56   103     7     5     3    -1    -0.00000000
   0.270    56   104     7     3     2     1     0.00000000
   0.270    56   105     7     3     3    -1     0.00000000
   0.270    56   106     7     7     3     1    -0.00000000
   0.270    56   107     7     7     4    -1    -0.00000000
   0.270    56   108     7     5     3     1     0.00000000
   0.270    56   109     7     5     4    -1    -0.00000000
   0.270    56   110     7     3     3     1     0.00000000
   0.270    56   111     7     7     4     1    -0.00000000
   0.270    56   112     7     7     5    -1    -0.00000000
   0.270    56   113     7     5     4     1    -0.00000000
   0.270    56   114     7     5     5    -1    -0.00000000
   0.270    56   115     7     7     5     1     0.00000000
   0.270    56   116     7     7     6    -1     0.00000000
   0.270    56   117     7     5     5     1     0.00000000
   0.270    56   118     7     7     6     1     0.00000000
   0.270    56   119     7     7     7    -1     0.00000000
   0.270    56   120     7     7     7     1     0.00000000
   0.270    57     1     0     0     0     1    -0.00000000
   0.270    57     2     1     1     0     1     0.00000000
   0.270    57     3     1     1     1    -1     0.00000000
   0.270    57     4     1     1     1     1     0.00000000
   0.270    57     5     2     2     0     1    -0.00000000
   0.270    57     6     2     2     1    -1    -0.00000000
   0.270    57     7     2     0     0     1     0.00000000
   0.270    57     8     2     2     1     1     0.00000000
   0.270    57     9     2     2     2    -1    -0.00000000
   0.270    57    10     2     2     2     1     0.00000000
   0.270    57    11     3     3     0     1     0.00000000
   0.270    57    12     3     3     1    -1    -0.00000000
   0.270    57    13     3     1     0     1    -0.00000000
   0.270    57    14     3     1     1    -1    -0.00000000
   0.270    57    15     3     3     1     1    -0.00000000
   0.270    57    16     3     3     2    -1     0.00000000
   0.270    57    17     3     1     1     1     0.00000000
   0.270    57    18     3     3     2     1    -0.00000000
   0.270    57    19     3     3     3    -1     0.00000000
   0.270    57    20     3     3     3     1    -0.06066471
   0.270    57    21     4     4     0     1    -0.00000000
   0.270    57    22     4     4     1    -1     0.00000000
   0.270    57    23     4     2     0     1    -0.00000000
   0.270    57    24     4     2     1    -1     0.00000000
   0.270    57    25     4     0     0     1    -0.00000000
   0.270    57    26     4     4     1     1     0.00000000
   0.270    57    27     4     4     2    -1     0.00000000
   0.270    57    28     4     2     1     1    -0.00000000
   0.270    57    29     4     2     2    -1    -0.00000000
   0.270    57    30     4     4     2     1     0.00000000
   0.270    57    31     4     4     3    -1     0.00000000
   0.270    57    32     4     2     2     1    -0.00000000
   0.270    57    33     4     4     3     1    -0.00000000
   0.270    57    34     4     4     4    -1    -0.00000000
   0.270    57    35     4     4     4     1     0.00000000
   0.270    57    36     5     5     0     1    -0.00000000
   0.270    57    37     5     5     1    -1    -0.00000000
   0.270    57    38     5     3     0     1     0.00000000
   0.270    57    39     5     3     1    -1    -0.00000000
   0.270    57    40     5     1     0     1     0.00000000
   0.270    57    41     5     1     1    -1    -0.00000000
   0.270    57    42     5     5     1     1     0.00000000
   0.270    57    43     5     5     2    -1    -0.00000000
   0.270    57    44     5     3     1     1    -0.00000000
   0.270    57    45     5     3     2    -1    -0.00000000
   0.270    57    46     5     1     1     1    -0.00000000
   0.270    57    47     5     5     2     1    -0.00000000
   0.270    57    48     5     5     3    -1     0.00000000
   0.270    57    49     5     3     2     1     0.00000000
   0.270    57    50     5     3     3    -1     0.00000000
   0.270    57    51     5     5     3     1     0.00107201
   0.270    57    52     5     5     4    -1    -0.00359494
   0.270    57    53     5     3     3     1    -0.99023966
   0.270    57    54     5     5     4     1     0.00000000
   0.270    57    55     5     5     5    -1    -0.00000000
   0.270    57    56     5     5     5     1     0.00000000
   0.270    57    57     6     6     0     1     0.00000000
   0.270    57    58     6     6     1    -1    -0.00000000
   0.270    57    59     6     4     0     1    -0.00000000
   0.270    57    60     6     4     1    -1    -0.00000000
   0.270    57    61     6     2     0     1    -0.00000000
   0.270    57    62     6     2     1    -1     0.00000000
   0.270    57    63     6     0     0     1    -0.00000000
   0.270    57    64     6     6     1     1     0.00000000
   0.270    57    65     6     6     2    -1     0.00000000
   0.270    57    66     6     4     1     1    -0.00000000
   0.270    57    67     6     4     2    -1    -0.00000000
   0.270    57    68     6     2     1     1     0.00000000
   0.270    57    69     6     2     2    -1     0.00000000
   0.270    57    70     6     6     2     1     0.00000000
   0.270    57    71     6     6     3    -1     0.00000000
   0.270    57    72     6     4     2     1     0.00000000
   0.270    57    73     6     4     3    -1    -0.00000000
   0.270    57    74     6     2     2     1    -0.00000000
   0.270    57    75     6     6     3     1    -0.00000000
   0.270    57    76     6     6     4    -1    -0.00000000
   0.270    57    77     6     4     3     1     0.00000000
   0.270    57    78     6     4     4    -1    -0.00000000
   0.270    57    79     6     6     4     1     0.00000000
   0.270    57    80     6     6     5    -1     0.00000000
   0.270    57    81     6     4     4     1    -0.00000000
   0.270    57    82     6     6     5     1     0.00000000
   0.270    57    83     6     6     6    -1     0.00000000
   0.270    57    84     6     6     6     1    -0.00000000
   0.270    57    85     7     7     0     1    -0.00000000
   0.270    57    86     7     7     1    -1    -0.00000000
   0.270    57    87     7     5     0     1    -0.00000000
   0.270    57    88     7     5     1    -1     0.00000000
   0.270    57    89     7     3     0     1    -0.00000000
   0.270    57    90     7     3     1    -1     0.00000000
   0.270    57    91     7     1     0     1     0.00000000
   0.270    57    92     7     1     1    -1    -0.00000000
   0.270    57    93     7     7     1     1     0.00000000
   0.270    57    94     7     7     2    -1    -0.00000000
   0.270    57    95     7     5     1     1    -0.00000000
   0.270    57    96     7     5     2    -1     0.00000000
   0.270    57    97     7     3     1     1     0.00000000
   0.270    57    98     7     3     2    -1     0.00000000
   0.270    57    99     7     1     1     1    -0.00000000
   0.270    57   100     7     7     2     1     0.00000000
   0.270    57   101     7     7     3    -1    -0.00000000
   0.270    57   102     7     5     2     1     0.00000000
   0.270    57   103     7     5     3    -1     0.00000000
   0.270    57   104     7     3     2     1    -0.00000000
   0.270    57   105     7     3     3    -1     0.00000000
   0.270    57   106     7     7     3     1     0.00004655
   0.270    57   107     7     7     4    -1    -0.00024582
   0.270    57   108     7     5     3     1    -0.08762235
   0.270    57   109     7     5     4    -1    -0.00952743
   0.270    57   110     7     3     3     1     0.08923358
   0.270    57   111     7     7     4     1     0.00000000
   0.270    57   112     7     7     5    -1     0.00000000
   0.270    57   113     7     5     4     1     0.00000000
   0.270    57   114     7     5     5    -1     0.00000000
   0.270    57   115     7     7     5     1     0.00000000
   0.270    57   116     7     7     6    -1     0.00000000
   0.270    57   117     7     5     5     1     0.00000000
   0.270    57   118     7     7     6     1     0.00000000
   0.270    57   119     7     7     7    -1     0.00000000
   0.270    57   120     7     7     7     1     0.00000000
   0.270    58     1     0     0     0     1     0.00000000
   0.270    58     2     1     1     0     1     0.00000000
   0.270    58     3     1     1     1    -1    -0.00000000
   0.270    58     4     1     1     1     1    -0.00000000
   0.270    58     5     2     2     0     1     0.00000000
   0.270    58     6     2     2     1    -1    -0.00000000
   0.270    58     7     2     0     0     1     0.00000000
   0.270    58     8     2     2     1     1    -0.00000000
   0.270    58     9     2     2     2    -1    -0.00000000
   0.270    58    10     2     2     2     1     0.00000000
   0.270    58    11     3     3     0     1    -0.00000000
   0.270    58    12     3     3     1    -1     0.00000000
   0.270    58    13     3     1     0     1     0.00000000
   0.270    58    14     3     1     1    -1    -0.00000000
   0.270    58    15     3     3     1     1    -0.00000000
   0.270    58    16     3     3     2    -1    -0.00000000
   0.270    58    17     3     1     1     1    -0.00000000
   0.270    58    18     3     3     2     1    -0.00000000
   0.270    58    19     3     3     3    -1    -0.00000000
   0.270    58    20     3     3     3     1    -0.00000000
   0.270    58    21     4     4     0     1     0.00000000
   0.270    58    22     4     4     1    -1     0.00000000
   0.270    58    23     4     2     0     1     0.00000000
   0.270    58    24     4     2     1    -1     0.00000000
   0.270    58    25     4     0     0     1     0.00000000
   0.270    58    26     4     4     1     1    -0.00000000
   0.270    58    27     4     4     2    -1    -0.00000000
   0.270    58    28     4     2     1     1    -0.00000000
   0.270    58    29     4     2     2    -1     0.00000000
   0.270    58    30     4     4     2     1    -0.00000000
   0.270    58    31     4     4     3    -1    -0.00000000
   0.270    58    32     4     2     2     1     0.00000000
   0.270    58    33     4     4     3     1     0.00000000
   0.270    58    34     4     4     4    -1     0.00000000
   0.270    58    35     4     4     4     1     0.00000000
   0.270    58    36     5     5     0     1    -0.00000000
   0.270    58    37     5     5     1    -1    -0.00000000
   0.270    58    38     5     3     0     1     0.00000000
   0.270    58    39     5     3     1    -1    -0.00000000
   0.270    58    40     5     1     0     1     0.00000000
   0.270    58    41     5     1     1    -1    -0.00000000
   0.270    58    42     5     5     1     1     0.00000000
   0.270    58    43     5     5     2    -1     0.00000000
   0.270    58    44     5     3     1     1     0.00000000
   0.270    58    45     5     3     2    -1     0.00000000
   0.270    58    46     5     1     1     1    -0.00000000
   0.270    58    47     5     5     2     1    -0.00000000
   0.270    58    48     5     5     3    -1     0.00000000
   0.270    58    49     5     3     2     1    -0.00000000
   0.270    58    50     5     3     3    -1    -0.00000000
   0.270    58    51     5     5     3     1    -0.00000000
   0.270    58    52     5     5     4    -1     0.00000000
   0.270    58    53     5     3     3     1     0.00000000
   0.270    58    54     5     5     4     1     0.20767679
   0.270    58    55     5     5     5    -1    -0.97441840
   0.270    58    56     5     5     5     1     0.00000000
   0.270    58    57     6     6     0     1     0.00000000
   0.270    58    58     6     6     1    -1     0.00000000
   0.270    58    59     6     4     0     1     0.00000000
   0.270    58    60     6     4     1    -1     0.00000000
   0.270    58    61     6     2     0     1     0.00000000
   0.270    58    62     6     2     1    -1     0.00000000
   0.270    58    63     6     0     0     1     0.00000000
   0.270    58    64     6     6     1     1    -0.00000000
   0.270    58    65     6     6     2    -1    -0.00000000
   0.270    58    66     6     4     1     1    -0.00000000
   0.270    58    67     6     4     2    -1    -0.00000000
   0.270    58    68     6     2     1     1    -0.00000000
   0.270    58    69     6     2     2    -1    -0.00000000
   0.270    58    70     6     6     2     1    -0.00000000
   0.270    58    71     6     6     3    -1    -0.00000000
   0.270    58    72     6     4     2     1    -0.00000000
   0.270    58    73     6     4     3    -1     0.00000000
   0.270    58    74     6     2     2     1    -0.00000000
   0.270    58    75     6     6     3     1     0.00000000
   0.270    58    76     6     6     4    -1    -0.00000000
   0.270    58    77     6     4     3     1    -0.00000000
   0.270    58    78     6     4     4    -1     0.00000000
   0.270    58    79     6     6     4     1     0.00000000
   0.270    58    80     6     6     5    -1     0.00000000
   0.270    58    81     6     4     4     1    -0.00000000
   0.270    58    82     6     6     5     1     0.00000000
   0.270    58    83     6     6     6    -1    -0.00000000
   0.270    58    84     6     6     6     1     0.00000000
   0.270    58    85     7     7     0     1     0.00000000
   0.270    58    86     7     7     1    -1     0.00000000
   0.270    58    87     7     5     0     1    -0.00000000
   0.270    58    88     7     5     1    -1     0.00000000
   0.270    58    89     7     3     0     1     0.00000000
   0.270    58    90     7     3     1    -1     0.00000000
   0.270    58    91     7     1     0     1    -0.00000000
   0.270    58    92     7     1     1    -1    -0.00000000
   0.270    58    93     7     7     1     1     0.00000000
   0.270    58    94     7     7     2    -1     0.00000000
   0.270    58    95     7     5     1     1    -0.00000000
   0.270    58    96     7     5     2    -1     0.00000000
   0.270    58    97     7     3     1     1     0.00000000
   0.270    58    98     7     3     2    -1     0.00000000
   0.270    58    99     7     1     1     1    -0.00000000
   0.270    58   100     7     7     2     1    -0.00000000
   0.270    58   101     7     7     3    -1     0.00000000
   0.270    58   102     7     5     2     1    -0.00000000
   0.270    58   103     7     5     3    -1     0.00000000
   0.270    58   104     7     3     2     1    -0.00000000
   0.270    58   105     7     3     3    -1    -0.00000000
   0.270    58   106     7     7     3     1    -0.00000000
   0.270    58   107     7     7     4    -1     0.00000000
   0.270    58   108     7     5     3     1     0.00000000
   0.270    58   109     7     5     4    -1    -0.00000000
   0.270    58   110     7     3     3     1     0.00000000
   0.270    58   111     7     7     4     1     0.00888665
   0.270    58   112     7     7     5    -1    -0.03730151
   0.270    58   113     7     5     4     1    -0.00175468
   0.270    58   114     7     5     5    -1     0.07684845
   0.270    58   115     7     7     5     1     0.00000000
   0.270    58   116     7     7     6    -1     0.00000000
   0.270    58   117     7     5     5     1     0.00000000
   0.270    58   118     7     7     6     1     0.00000000
   0.270    58   119     7     7     7    -1     0.00000000
   0.270    58   120     7     7     7     1     0.00000000
   0.270    59     1     0     0     0     1    -0.00000000
   0.270    59     2     1     1     0     1    -0.00000000
   0.270    59     3     1     1     1    -1    -0.00000000
   0.270    59     4     1     1     1     1    -0.00000000
   0.270    59     5     2     2     0     1    -0.00000000
   0.270    59     6     2     2     1    -1     0.00000000
   0.270    59     7     2     0     0     1    -0.00000000
   0.270    59     8     2     2     1     1    -0.00000000
   0.270    59     9     2     2     2    -1    -0.00000000
   0.270    59    10     2     2     2     1    -0.00000000
   0.270    59    11     3     3     0     1    -0.00000000
   0.270    59    12     3     3     1    -1    -0.00000000
   0.270    59    13     3     1     0     1     0.00000000
   0.270    59    14     3     1     1    -1     0.00000000
   0.270    59    15     3     3     1     1     0.00000000
   0.270    59    16     3     3     2    -1     0.00000000
   0.270    59    17     3     1     1     1    -0.00000000
   0.270    59    18     3     3     2     1    -0.00000000
   0.270    59    19     3     3     3    -1     0.00000000
   0.270    59    20     3     3     3     1    -0.00000000
   0.270    59    21     4     4     0     1     0.00000000
   0.270    59    22     4     4     1    -1     0.00000000
   0.270    59    23     4     2     0     1     0.00000000
   0.270    59    24     4     2     1    -1     0.00000000
   0.270    59    25     4     0     0     1    -0.00000000
   0.270    59    26     4     4     1     1    -0.00000000
   0.270    59    27     4     4     2    -1     0.00000000
   0.270    59    28     4     2     1     1     0.00000000
   0.270    59    29     4     2     2    -1    -0.00000000
   0.270    59    30     4     4     2     1     0.00000000
   0.270    59    31     4     4     3    -1     0.00000000
   0.270    59    32     4     2     2     1    -0.00000000
   0.270    59    33     4     4     3     1    -0.00000000
   0.270    59    34     4     4     4    -1    -0.00000000
   0.270    59    35     4     4     4     1     0.00000000
   0.270    59    36     5     5     0     1     0.00000000
   0.270    59    37     5     5     1    -1    -0.00000000
   0.270    59    38     5     3     0     1     0.00000000
   0.270    59    39     5     3     1    -1    -0.00000000
   0.270    59    40     5     1     0     1    -0.00000000
   0.270    59    41     5     1     1    -1     0.00000000
   0.270    59    42     5     5     1     1     0.00000000
   0.270    59    43     5     5     2    -1    -0.00000000
   0.270    59    44     5     3     1     1     0.00000000
   0.270    59    45     5     3     2    -1     0.00000000
   0.270    59    46     5     1     1     1    -0.00000000
   0.270    59    47     5     5     2     1    -0.00000000
   0.270    59    48     5     5     3    -1    -0.00000000
   0.270    59    49     5     3     2     1    -0.00000000
   0.270    59    50     5     3     3    -1     0.00000000
   0.270    59    51     5     5     3     1    -0.00000000
   0.270    59    52     5     5     4    -1     0.00000000
   0.270    59    53     5     3     3     1     0.00000000
   0.270    59    54     5     5     4     1     0.00000000
   0.270    59    55     5     5     5    -1    -0.00000000
   0.270    59    56     5     5     5     1     0.00000000
   0.270    59    57     6     6     0     1    -0.00000000
   0.270    59    58     6     6     1    -1     0.00000000
   0.270    59    59     6     4     0     1    -0.00000000
   0.270    59    60     6     4     1    -1    -0.00000000
   0.270    59    61     6     2     0     1     0.00000000
   0.270    59    62     6     2     1    -1     0.00000000
   0.270    59    63     6     0     0     1     0.00000000
   0.270    59    64     6     6     1     1     0.00000000
   0.270    59    65     6     6     2    -1    -0.00000000
   0.270    59    66     6     4     1     1    -0.00000000
   0.270    59    67     6     4     2    -1     0.00000000
   0.270    59    68     6     2     1     1     0.00000000
   0.270    59    69     6     2     2    -1     0.00000000
   0.270    59    70     6     6     2     1     0.00000000
   0.270    59    71     6     6     3    -1    -0.00000000
   0.270    59    72     6     4     2     1     0.00000000
   0.270    59    73     6     4     3    -1     0.00000000
   0.270    59    74     6     2     2     1    -0.00000000
   0.270    59    75     6     6     3     1     0.00000000
   0.270    59    76     6     6     4    -1    -0.00000000
   0.270    59    77     6     4     3     1    -0.00000000
   0.270    59    78     6     4     4    -1    -0.00000000
   0.270    59    79     6     6     4     1    -0.00000000
   0.270    59    80     6     6     5    -1    -0.00000000
   0.270    59    81     6     4     4     1    -0.00000000
   0.270    59    82     6     6     5     1    -0.98009537
   0.270    59    83     6     6     6    -1    -0.19852722
   0.270    59    84     6     6     6     1    -0.00000000
   0.270    59    85     7     7     0     1    -0.00000000
   0.270    59    86     7     7     1    -1    -0.00000000
   0.270    59    87     7     5     0     1     0.00000000
   0.270    59    88     7     5     1    -1     0.00000000
   0.270    59    89     7     3     0     1     0.00000000
   0.270    59    90     7     3     1    -1     0.00000000
   0.270    59    91     7     1     0     1    -0.00000000
   0.270    59    92     7     1     1    -1    -0.00000000
   0.270    59    93     7     7     1     1     0.00000000
   0.270    59    94     7     7     2    -1     0.00000000
   0.270    59    95     7     5     1     1     0.00000000
   0.270    59    96     7     5     2    -1     0.00000000
   0.270    59    97     7     3     1     1    -0.00000000
   0.270    59    98     7     3     2    -1     0.00000000
   0.270    59    99     7     1     1     1     0.00000000
   0.270    59   100     7     7     2     1     0.00000000
   0.270    59   101     7     7     3    -1     0.00000000
   0.270    59   102     7     5     2     1    -0.00000000
   0.270    59   103     7     5     3    -1     0.00000000
   0.270    59   104     7     3     2     1    -0.00000000
   0.270    59   105     7     3     3    -1    -0.00000000
   0.270    59   106     7     7     3     1     0.00000000
   0.270    59   107     7     7     4    -1    -0.00000000
   0.270    59   108     7     5     3     1     0.00000000
   0.270    59   109     7     5     4    -1     0.00000000
   0.270    59   110     7     3     3     1    -0.00000000
   0.270    59   111     7     7     4     1     0.00000000
   0.270    59   112     7     7     5    -1    -0.00000000
   0.270    59   113     7     5     4     1     0.00000000
   0.270    59   114     7     5     5    -1     0.00000000
   0.270    59   115     7     7     5     1     0.00000000
   0.270    59   116     7     7     6    -1     0.00000000
   0.270    59   117     7     5     5     1     0.00000000
   0.270    59   118     7     7     6     1     0.00000000
   0.270    59   119     7     7     7    -1     0.00000000
   0.270    59   120     7     7     7     1     0.00000000
   0.270    60     1     0     0     0     1     0.00006066
   0.270    60     2     1     1     0     1    -0.00000000
   0.270    60     3     1     1     1    -1     0.00000000
   0.270    60     4     1     1     1     1     0.00000000
   0.270    60     5     2     2     0     1    -0.00348155
   0.270    60     6     2     2     1    -1    -0.00189288
   0.270    60     7     2     0     0     1    -0.00529748
   0.270    60     8     2     2     1     1     0.00000000
   0.270    60     9     2     2     2    -1    -0.00000000
   0.270    60    10     2     2     2     1     0.00000000
   0.270    60    11     3     3     0     1     0.00000000
   0.270    60    12     3     3     1    -1    -0.00000000
   0.270    60    13     3     1     0     1    -0.00000000
   0.270    60    14     3     1     1    -1     0.00000000
   0.270    60    15     3     3     1     1    -0.00000000
   0.270    60    16     3     3     2    -1     0.00000000
   0.270    60    17     3     1     1     1     0.00000000
   0.270    60    18     3     3     2     1     0.00000000
   0.270    60    19     3     3     3    -1    -0.00000000
   0.270    60    20     3     3     3     1     0.00000000
   0.270    60    21     4     4     0     1     0.04072934
   0.270    60    22     4     4     1    -1     0.02942025
   0.270    60    23     4     2     0     1     0.08980381
   0.270    60    24     4     2     1    -1     0.07568646
   0.270    60    25     4     0     0     1    -0.00981036
   0.270    60    26     4     4     1     1    -0.00000000
   0.270    60    27     4     4     2    -1    -0.00000000
   0.270    60    28     4     2     1     1    -0.00000000
   0.270    60    29     4     2     2    -1    -0.00000000
   0.270    60    30     4     4     2     1    -0.00000000
   0.270    60    31     4     4     3    -1     0.00000000
   0.270    60    32     4     2     2     1    -0.00000000
   0.270    60    33     4     4     3     1    -0.00000000
   0.270    60    34     4     4     4    -1    -0.00000000
   0.270    60    35     4     4     4     1     0.00000000
   0.270    60    36     5     5     0     1    -0.00000000
   0.270    60    37     5     5     1    -1     0.00000000
   0.270    60    38     5     3     0     1     0.00000000
   0.270    60    39     5     3     1    -1    -0.00000000
   0.270    60    40     5     1     0     1    -0.00000000
   0.270    60    41     5     1     1    -1     0.00000000
   0.270    60    42     5     5     1     1     0.00000000
   0.270    60    43     5     5     2    -1    -0.00000000
   0.270    60    44     5     3     1     1    -0.00000000
   0.270    60    45     5     3     2    -1    -0.00000000
   0.270    60    46     5     1     1     1    -0.00000000
   0.270    60    47     5     5     2     1    -0.00000000
   0.270    60    48     5     5     3    -1     0.00000000
   0.270    60    49     5     3     2     1     0.00000000
   0.270    60    50     5     3     3    -1    -0.00000000
   0.270    60    51     5     5     3     1    -0.00000000
   0.270    60    52     5     5     4    -1    -0.00000000
   0.270    60    53     5     3     3     1     0.00000000
   0.270    60    54     5     5     4     1     0.00000000
   0.270    60    55     5     5     5    -1    -0.00000000
   0.270    60    56     5     5     5     1     0.00000000
   0.270    60    57     6     6     0     1     0.01154783
   0.270    60    58     6     6     1    -1    -0.02746438
   0.270    60    59     6     4     0     1    -0.77293444
   0.270    60    60     6     4     1    -1    -0.61870684
   0.270    60    61     6     2     0     1     0.04099847
   0.270    60    62     6     2     1    -1     0.02003127
   0.270    60    63     6     0     0     1     0.01862313
   0.270    60    64     6     6     1     1    -0.00000000
   0.270    60    65     6     6     2    -1     0.00000000
   0.270    60    66     6     4     1     1     0.00000000
   0.270    60    67     6     4     2    -1     0.00000000
   0.270    60    68     6     2     1     1     0.00000000
   0.270    60    69     6     2     2    -1    -0.00000000
   0.270    60    70     6     6     2     1     0.00000000
   0.270    60    71     6     6     3    -1     0.00000000
   0.270    60    72     6     4     2     1     0.00000000
   0.270    60    73     6     4     3    -1     0.00000000
   0.270    60    74     6     2     2     1     0.00000000
   0.270    60    75     6     6     3     1     0.00000000
   0.270    60    76     6     6     4    -1    -0.00000000
   0.270    60    77     6     4     3     1     0.00000000
   0.270    60    78     6     4     4    -1     0.00000000
   0.270    60    79     6     6     4     1     0.00000000
   0.270    60    80     6     6     5    -1    -0.00000000
   0.270    60    81     6     4     4     1    -0.00000000
   0.270    60    82     6     6     5     1     0.00000000
   0.270    60    83     6     6     6    -1     0.00000000
   0.270    60    84     6     6     6     1     0.00000000
   0.270    60    85     7     7     0     1    -0.00000000
   0.270    60    86     7     7     1    -1     0.00000000
   0.270    60    87     7     5     0     1     0.00000000
   0.270    60    88     7     5     1    -1     0.00000000
   0.270    60    89     7     3     0     1     0.00000000
   0.270    60    90     7     3     1    -1     0.00000000
   0.270    60    91     7     1     0     1     0.00000000
   0.270    60    92     7     1     1    -1    -0.00000000
   0.270    60    93     7     7     1     1    -0.00000000
   0.270    60    94     7     7     2    -1    -0.00000000
   0.270    60    95     7     5     1     1     0.00000000
   0.270    60    96     7     5     2    -1     0.00000000
   0.270    60    97     7     3     1     1     0.00000000
   0.270    60    98     7     3     2    -1     0.00000000
   0.270    60    99     7     1     1     1    -0.00000000
   0.270    60   100     7     7     2     1    -0.00000000
   0.270    60   101     7     7     3    -1     0.00000000
   0.270    60   102     7     5     2     1    -0.00000000
   0.270    60   103     7     5     3    -1    -0.00000000
   0.270    60   104     7     3     2     1     0.00000000
   0.270    60   105     7     3     3    -1     0.00000000
   0.270    60   106     7     7     3     1     0.00000000
   0.270    60   107     7     7     4    -1     0.00000000
   0.270    60   108     7     5     3     1     0.00000000
   0.270    60   109     7     5     4    -1     0.00000000
   0.270    60   110     7     3     3     1    -0.00000000
   0.270    60   111     7     7     4     1    -0.00000000
   0.270    60   112     7     7     5    -1     0.00000000
   0.270    60   113     7     5     4     1    -0.00000000
   0.270    60   114     7     5     5    -1     0.00000000
   0.270    60   115     7     7     5     1     0.00000000
   0.270    60   116     7     7     6    -1     0.00000000
   0.270    60   117     7     5     5     1     0.00000000
   0.270    60   118     7     7     6     1     0.00000000
   0.270    60   119     7     7     7    -1     0.00000000
   0.270    60   120     7     7     7     1     0.00000000
   0.270    61     1     0     0     0     1     0.00002743
   0.270    61     2     1     1     0     1    -0.00000000
   0.270    61     3     1     1     1    -1     0.00000000
   0.270    61     4     1     1     1     1    -0.00000000
   0.270    61     5     2     2     0     1    -0.00158472
   0.270    61     6     2     2     1    -1     0.00163032
   0.270    61     7     2     0     0     1    -0.00000680
   0.270    61     8     2     2     1     1     0.00000000
   0.270    61     9     2     2     2    -1    -0.00000000
   0.270    61    10     2     2     2     1     0.00000000
   0.270    61    11     3     3     0     1     0.00000000
   0.270    61    12     3     3     1    -1    -0.00000000
   0.270    61    13     3     1     0     1     0.00000000
   0.270    61    14     3     1     1    -1    -0.00000000
   0.270    61    15     3     3     1     1     0.00000000
   0.270    61    16     3     3     2    -1    -0.00000000
   0.270    61    17     3     1     1     1    -0.00000000
   0.270    61    18     3     3     2     1    -0.00000000
   0.270    61    19     3     3     3    -1     0.00000000
   0.270    61    20     3     3     3     1    -0.00000000
   0.270    61    21     4     4     0     1     0.05147030
   0.270    61    22     4     4     1    -1    -0.05540569
   0.270    61    23     4     2     0     1     0.00011659
   0.270    61    24     4     2     1    -1     0.00435112
   0.270    61    25     4     0     0     1    -0.00215243
   0.270    61    26     4     4     1     1     0.00000000
   0.270    61    27     4     4     2    -1     0.00000000
   0.270    61    28     4     2     1     1     0.00000000
   0.270    61    29     4     2     2    -1     0.00000000
   0.270    61    30     4     4     2     1     0.00000000
   0.270    61    31     4     4     3    -1    -0.00000000
   0.270    61    32     4     2     2     1     0.00000000
   0.270    61    33     4     4     3     1     0.00000000
   0.270    61    34     4     4     4    -1     0.00000000
   0.270    61    35     4     4     4     1    -0.00000000
   0.270    61    36     5     5     0     1    -0.00000000
   0.270    61    37     5     5     1    -1    -0.00000000
   0.270    61    38     5     3     0     1    -0.00000000
   0.270    61    39     5     3     1    -1     0.00000000
   0.270    61    40     5     1     0     1     0.00000000
   0.270    61    41     5     1     1    -1     0.00000000
   0.270    61    42     5     5     1     1    -0.00000000
   0.270    61    43     5     5     2    -1     0.00000000
   0.270    61    44     5     3     1     1     0.00000000
   0.270    61    45     5     3     2    -1    -0.00000000
   0.270    61    46     5     1     1     1    -0.00000000
   0.270    61    47     5     5     2     1     0.00000000
   0.270    61    48     5     5     3    -1    -0.00000000
   0.270    61    49     5     3     2     1    -0.00000000
   0.270    61    50     5     3     3    -1     0.00000000
   0.270    61    51     5     5     3     1    -0.00000000
   0.270    61    52     5     5     4    -1     0.00000000
   0.270    61    53     5     3     3     1    -0.00000000
   0.270    61    54     5     5     4     1    -0.00000000
   0.270    61    55     5     5     5    -1     0.00000000
   0.270    61    56     5     5     5     1     0.00000000
   0.270    61    57     6     6     0     1    -0.66356185
   0.270    61    58     6     6     1    -1     0.74348436
   0.270    61    59     6     4     0     1    -0.01033260
   0.270    61    60     6     4     1    -1    -0.03067449
   0.270    61    61     6     2     0     1     0.00961862
   0.270    61    62     6     2     1    -1    -0.00536149
   0.270    61    63     6     0     0     1     0.00002510
   0.270    61    64     6     6     1     1     0.00000000
   0.270    61    65     6     6     2    -1    -0.00000000
   0.270    61    66     6     4     1     1    -0.00000000
   0.270    61    67     6     4     2    -1    -0.00000000
   0.270    61    68     6     2     1     1    -0.00000000
   0.270    61    69     6     2     2    -1    -0.00000000
   0.270    61    70     6     6     2     1    -0.00000000
   0.270    61    71     6     6     3    -1     0.00000000
   0.270    61    72     6     4     2     1    -0.00000000
   0.270    61    73     6     4     3    -1    -0.00000000
   0.270    61    74     6     2     2     1     0.00000000
   0.270    61    75     6     6     3     1     0.00000000
   0.270    61    76     6     6     4    -1     0.00000000
   0.270    61    77     6     4     3     1     0.00000000
   0.270    61    78     6     4     4    -1     0.00000000
   0.270    61    79     6     6     4     1     0.00000000
   0.270    61    80     6     6     5    -1     0.00000000
   0.270    61    81     6     4     4     1     0.00000000
   0.270    61    82     6     6     5     1     0.00000000
   0.270    61    83     6     6     6    -1     0.00000000
   0.270    61    84     6     6     6     1    -0.00000000
   0.270    61    85     7     7     0     1     0.00000000
   0.270    61    86     7     7     1    -1    -0.00000000
   0.270    61    87     7     5     0     1     0.00000000
   0.270    61    88     7     5     1    -1     0.00000000
   0.270    61    89     7     3     0     1    -0.00000000
   0.270    61    90     7     3     1    -1     0.00000000
   0.270    61    91     7     1     0     1    -0.00000000
   0.270    61    92     7     1     1    -1    -0.00000000
   0.270    61    93     7     7     1     1     0.00000000
   0.270    61    94     7     7     2    -1    -0.00000000
   0.270    61    95     7     5     1     1     0.00000000
   0.270    61    96     7     5     2    -1     0.00000000
   0.270    61    97     7     3     1     1    -0.00000000
   0.270    61    98     7     3     2    -1     0.00000000
   0.270    61    99     7     1     1     1     0.00000000
   0.270    61   100     7     7     2     1    -0.00000000
   0.270    61   101     7     7     3    -1    -0.00000000
   0.270    61   102     7     5     2     1     0.00000000
   0.270    61   103     7     5     3    -1     0.00000000
   0.270    61   104     7     3     2     1    -0.00000000
   0.270    61   105     7     3     3    -1    -0.00000000
   0.270    61   106     7     7     3     1     0.00000000
   0.270    61   107     7     7     4    -1    -0.00000000
   0.270    61   108     7     5     3     1     0.00000000
   0.270    61   109     7     5     4    -1     0.00000000
   0.270    61   110     7     3     3     1    -0.00000000
   0.270    61   111     7     7     4     1     0.00000000
   0.270    61   112     7     7     5    -1    -0.00000000
   0.270    61   113     7     5     4     1     0.00000000
   0.270    61   114     7     5     5    -1    -0.00000000
   0.270    61   115     7     7     5     1     0.00000000
   0.270    61   116     7     7     6    -1     0.00000000
   0.270    61   117     7     5     5     1     0.00000000
   0.270    61   118     7     7     6     1     0.00000000
   0.270    61   119     7     7     7    -1     0.00000000
   0.270    61   120     7     7     7     1     0.00000000
   0.270    62     1     0     0     0     1     0.00000000
   0.270    62     2     1     1     0     1     0.00000000
   0.270    62     3     1     1     1    -1     0.00000000
   0.270    62     4     1     1     1     1     0.00120775
   0.270    62     5     2     2     0     1    -0.00000000
   0.270    62     6     2     2     1    -1     0.00000000
   0.270    62     7     2     0     0     1    -0.00000000
   0.270    62     8     2     2     1     1    -0.00000000
   0.270    62     9     2     2     2    -1     0.00000000
   0.270    62    10     2     2     2     1    -0.00000000
   0.270    62    11     3     3     0     1     0.00000000
   0.270    62    12     3     3     1    -1    -0.00000000
   0.270    62    13     3     1     0     1     0.00000000
   0.270    62    14     3     1     1    -1     0.00000000
   0.270    62    15     3     3     1     1    -0.03038821
   0.270    62    16     3     3     2    -1     0.00206181
   0.270    62    17     3     1     1     1     0.04710080
   0.270    62    18     3     3     2     1    -0.00000000
   0.270    62    19     3     3     3    -1     0.00000000
   0.270    62    20     3     3     3     1    -0.00000000
   0.270    62    21     4     4     0     1     0.00000000
   0.270    62    22     4     4     1    -1     0.00000000
   0.270    62    23     4     2     0     1    -0.00000000
   0.270    62    24     4     2     1    -1     0.00000000
   0.270    62    25     4     0     0     1     0.00000000
   0.270    62    26     4     4     1     1    -0.00000000
   0.270    62    27     4     4     2    -1     0.00000000
   0.270    62    28     4     2     1     1    -0.00000000
   0.270    62    29     4     2     2    -1     0.00000000
   0.270    62    30     4     4     2     1    -0.00000000
   0.270    62    31     4     4     3    -1     0.00000000
   0.270    62    32     4     2     2     1    -0.00000000
   0.270    62    33     4     4     3     1     0.00000000
   0.270    62    34     4     4     4    -1    -0.00000000
   0.270    62    35     4     4     4     1    -0.00000000
   0.270    62    36     5     5     0     1    -0.00000000
   0.270    62    37     5     5     1    -1    -0.00000000
   0.270    62    38     5     3     0     1    -0.00000000
   0.270    62    39     5     3     1    -1     0.00000000
   0.270    62    40     5     1     0     1    -0.00000000
   0.270    62    41     5     1     1    -1     0.00000000
   0.270    62    42     5     5     1     1    -0.00921807
   0.270    62    43     5     5     2    -1     0.00178308
   0.270    62    44     5     3     1     1    -0.02355138
   0.270    62    45     5     3     2    -1     0.01319985
   0.270    62    46     5     1     1     1     0.98363157
   0.270    62    47     5     5     2     1    -0.00000000
   0.270    62    48     5     5     3    -1     0.00000000
   0.270    62    49     5     3     2     1    -0.00000000
   0.270    62    50     5     3     3    -1     0.00000000
   0.270    62    51     5     5     3     1    -0.00000000
   0.270    62    52     5     5     4    -1    -0.00000000
   0.270    62    53     5     3     3     1    -0.00000000
   0.270    62    54     5     5     4     1    -0.00000000
   0.270    62    55     5     5     5    -1     0.00000000
   0.270    62    56     5     5     5     1     0.00000000
   0.270    62    57     6     6     0     1     0.00000000
   0.270    62    58     6     6     1    -1     0.00000000
   0.270    62    59     6     4     0     1    -0.00000000
   0.270    62    60     6     4     1    -1     0.00000000
   0.270    62    61     6     2     0     1     0.00000000
   0.270    62    62     6     2     1    -1    -0.00000000
   0.270    62    63     6     0     0     1    -0.00000000
   0.270    62    64     6     6     1     1    -0.00000000
   0.270    62    65     6     6     2    -1    -0.00000000
   0.270    62    66     6     4     1     1    -0.00000000
   0.270    62    67     6     4     2    -1     0.00000000
   0.270    62    68     6     2     1     1    -0.00000000
   0.270    62    69     6     2     2    -1     0.00000000
   0.270    62    70     6     6     2     1    -0.00000000
   0.270    62    71     6     6     3    -1    -0.00000000
   0.270    62    72     6     4     2     1    -0.00000000
   0.270    62    73     6     4     3    -1    -0.00000000
   0.270    62    74     6     2     2     1    -0.00000000
   0.270    62    75     6     6     3     1     0.00000000
   0.270    62    76     6     6     4    -1    -0.00000000
   0.270    62    77     6     4     3     1    -0.00000000
   0.270    62    78     6     4     4    -1    -0.00000000
   0.270    62    79     6     6     4     1     0.00000000
   0.270    62    80     6     6     5    -1     0.00000000
   0.270    62    81     6     4     4     1     0.00000000
   0.270    62    82     6     6     5     1    -0.00000000
   0.270    62    83     6     6     6    -1    -0.00000000
   0.270    62    84     6     6     6     1     0.00000000
   0.270    62    85     7     7     0     1     0.00000000
   0.270    62    86     7     7     1    -1     0.00000000
   0.270    62    87     7     5     0     1    -0.00000000
   0.270    62    88     7     5     1    -1    -0.00000000
   0.270    62    89     7     3     0     1    -0.00000000
   0.270    62    90     7     3     1    -1    -0.00000000
   0.270    62    91     7     1     0     1     0.00000000
   0.270    62    92     7     1     1    -1    -0.00000000
   0.270    62    93     7     7     1     1    -0.00596497
   0.270    62    94     7     7     2    -1    -0.00324338
   0.270    62    95     7     5     1     1    -0.00598145
   0.270    62    96     7     5     2    -1     0.00065040
   0.270    62    97     7     3     1     1     0.15614869
   0.270    62    98     7     3     2    -1     0.01383047
   0.270    62    99     7     1     1     1    -0.06203426
   0.270    62   100     7     7     2     1     0.00000000
   0.270    62   101     7     7     3    -1     0.00000000
   0.270    62   102     7     5     2     1     0.00000000
   0.270    62   103     7     5     3    -1     0.00000000
   0.270    62   104     7     3     2     1    -0.00000000
   0.270    62   105     7     3     3    -1     0.00000000
   0.270    62   106     7     7     3     1     0.00000000
   0.270    62   107     7     7     4    -1    -0.00000000
   0.270    62   108     7     5     3     1     0.00000000
   0.270    62   109     7     5     4    -1     0.00000000
   0.270    62   110     7     3     3     1     0.00000000
   0.270    62   111     7     7     4     1     0.00000000
   0.270    62   112     7     7     5    -1    -0.00000000
   0.270    62   113     7     5     4     1    -0.00000000
   0.270    62   114     7     5     5    -1    -0.00000000
   0.270    62   115     7     7     5     1     0.00000000
   0.270    62   116     7     7     6    -1     0.00000000
   0.270    62   117     7     5     5     1     0.00000000
   0.270    62   118     7     7     6     1     0.00000000
   0.270    62   119     7     7     7    -1     0.00000000
   0.270    62   120     7     7     7     1     0.00000000
   0.270    63     1     0     0     0     1     0.00000000
   0.270    63     2     1     1     0     1     0.00000000
   0.270    63     3     1     1     1    -1     0.00000000
   0.270    63     4     1     1     1     1     0.00000000
   0.270    63     5     2     2     0     1    -0.00000000
   0.270    63     6     2     2     1    -1     0.00000000
   0.270    63     7     2     0     0     1     0.00000000
   0.270    63     8     2     2     1     1     0.00260570
   0.270    63     9     2     2     2    -1    -0.00152318
   0.270    63    10     2     2     2     1    -0.00000000
   0.270    63    11     3     3     0     1    -0.00000000
   0.270    63    12     3     3     1    -1    -0.00000000
   0.270    63    13     3     1     0     1     0.00000000
   0.270    63    14     3     1     1    -1     0.00000000
   0.270    63    15     3     3     1     1    -0.00000000
   0.270    63    16     3     3     2    -1     0.00000000
   0.270    63    17     3     1     1     1    -0.00000000
   0.270    63    18     3     3     2     1     0.00000000
   0.270    63    19     3     3     3    -1     0.00000000
   0.270    63    20     3     3     3     1     0.00000000
   0.270    63    21     4     4     0     1     0.00000000
   0.270    63    22     4     4     1    -1    -0.00000000
   0.270    63    23     4     2     0     1    -0.00000000
   0.270    63    24     4     2     1    -1     0.00000000
   0.270    63    25     4     0     0     1     0.00000000
   0.270    63    26     4     4     1     1    -0.03819080
   0.270    63    27     4     4     2    -1    -0.01277020
   0.270    63    28     4     2     1     1    -0.10244665
   0.270    63    29     4     2     2    -1    -0.05230064
   0.270    63    30     4     4     2     1    -0.00000000
   0.270    63    31     4     4     3    -1     0.00000000
   0.270    63    32     4     2     2     1     0.00000000
   0.270    63    33     4     4     3     1    -0.00000000
   0.270    63    34     4     4     4    -1     0.00000000
   0.270    63    35     4     4     4     1    -0.00000000
   0.270    63    36     5     5     0     1    -0.00000000
   0.270    63    37     5     5     1    -1    -0.00000000
   0.270    63    38     5     3     0     1    -0.00000000
   0.270    63    39     5     3     1    -1    -0.00000000
   0.270    63    40     5     1     0     1    -0.00000000
   0.270    63    41     5     1     1    -1     0.00000000
   0.270    63    42     5     5     1     1     0.00000000
   0.270    63    43     5     5     2    -1     0.00000000
   0.270    63    44     5     3     1     1    -0.00000000
   0.270    63    45     5     3     2    -1    -0.00000000
   0.270    63    46     5     1     1     1    -0.00000000
   0.270    63    47     5     5     2     1    -0.00000000
   0.270    63    48     5     5     3    -1     0.00000000
   0.270    63    49     5     3     2     1    -0.00000000
   0.270    63    50     5     3     3    -1     0.00000000
   0.270    63    51     5     5     3     1     0.00000000
   0.270    63    52     5     5     4    -1    -0.00000000
   0.270    63    53     5     3     3     1     0.00000000
   0.270    63    54     5     5     4     1     0.00000000
   0.270    63    55     5     5     5    -1    -0.00000000
   0.270    63    56     5     5     5     1     0.00000000
   0.270    63    57     6     6     0     1    -0.00000000
   0.270    63    58     6     6     1    -1     0.00000000
   0.270    63    59     6     4     0     1     0.00000000
   0.270    63    60     6     4     1    -1     0.00000000
   0.270    63    61     6     2     0     1    -0.00000000
   0.270    63    62     6     2     1    -1    -0.00000000
   0.270    63    63     6     0     0     1    -0.00000000
   0.270    63    64     6     6     1     1    -0.04845510
   0.270    63    65     6     6     2    -1     0.08037873
   0.270    63    66     6     4     1     1     0.87675578
   0.270    63    67     6     4     2    -1     0.45513430
   0.270    63    68     6     2     1     1    -0.02156107
   0.270    63    69     6     2     2    -1     0.00414106
   0.270    63    70     6     6     2     1     0.00000000
   0.270    63    71     6     6     3    -1    -0.00000000
   0.270    63    72     6     4     2     1    -0.00000000
   0.270    63    73     6     4     3    -1    -0.00000000
   0.270    63    74     6     2     2     1     0.00000000
   0.270    63    75     6     6     3     1    -0.00000000
   0.270    63    76     6     6     4    -1     0.00000000
   0.270    63    77     6     4     3     1    -0.00000000
   0.270    63    78     6     4     4    -1    -0.00000000
   0.270    63    79     6     6     4     1     0.00000000
   0.270    63    80     6     6     5    -1     0.00000000
   0.270    63    81     6     4     4     1    -0.00000000
   0.270    63    82     6     6     5     1     0.00000000
   0.270    63    83     6     6     6    -1    -0.00000000
   0.270    63    84     6     6     6     1    -0.00000000
   0.270    63    85     7     7     0     1     0.00000000
   0.270    63    86     7     7     1    -1    -0.00000000
   0.270    63    87     7     5     0     1    -0.00000000
   0.270    63    88     7     5     1    -1    -0.00000000
   0.270    63    89     7     3     0     1    -0.00000000
   0.270    63    90     7     3     1    -1     0.00000000
   0.270    63    91     7     1     0     1    -0.00000000
   0.270    63    92     7     1     1    -1    -0.00000000
   0.270    63    93     7     7     1     1    -0.00000000
   0.270    63    94     7     7     2    -1    -0.00000000
   0.270    63    95     7     5     1     1     0.00000000
   0.270    63    96     7     5     2    -1     0.00000000
   0.270    63    97     7     3     1     1     0.00000000
   0.270    63    98     7     3     2    -1     0.00000000
   0.270    63    99     7     1     1     1     0.00000000
   0.270    63   100     7     7     2     1     0.00000000
   0.270    63   101     7     7     3    -1     0.00000000
   0.270    63   102     7     5     2     1    -0.00000000
   0.270    63   103     7     5     3    -1     0.00000000
   0.270    63   104     7     3     2     1     0.00000000
   0.270    63   105     7     3     3    -1     0.00000000
   0.270    63   106     7     7     3     1    -0.00000000
   0.270    63   107     7     7     4    -1     0.00000000
   0.270    63   108     7     5     3     1    -0.00000000
   0.270    63   109     7     5     4    -1    -0.00000000
   0.270    63   110     7     3     3     1     0.00000000
   0.270    63   111     7     7     4     1    -0.00000000
   0.270    63   112     7     7     5    -1     0.00000000
   0.270    63   113     7     5     4     1     0.00000000
   0.270    63   114     7     5     5    -1     0.00000000
   0.270    63   115     7     7     5     1     0.00000000
   0.270    63   116     7     7     6    -1     0.00000000
   0.270    63   117     7     5     5     1     0.00000000
   0.270    63   118     7     7     6     1     0.00000000
   0.270    63   119     7     7     7    -1     0.00000000
   0.270    63   120     7     7     7     1     0.00000000
   0.270    64     1     0     0     0     1    -0.00000000
   0.270    64     2     1     1     0     1     0.00000000
   0.270    64     3     1     1     1    -1    -0.00000000
   0.270    64     4     1     1     1     1    -0.00000000
   0.270    64     5     2     2     0     1    -0.00000000
   0.270    64     6     2     2     1    -1    -0.00000000
   0.270    64     7     2     0     0     1    -0.00000000
   0.270    64     8     2     2     1     1    -0.00145312
   0.270    64     9     2     2     2    -1     0.00153075
   0.270    64    10     2     2     2     1     0.00000000
   0.270    64    11     3     3     0     1    -0.00000000
   0.270    64    12     3     3     1    -1     0.00000000
   0.270    64    13     3     1     0     1    -0.00000000
   0.270    64    14     3     1     1    -1    -0.00000000
   0.270    64    15     3     3     1     1     0.00000000
   0.270    64    16     3     3     2    -1     0.00000000
   0.270    64    17     3     1     1     1     0.00000000
   0.270    64    18     3     3     2     1    -0.00000000
   0.270    64    19     3     3     3    -1    -0.00000000
   0.270    64    20     3     3     3     1    -0.00000000
   0.270    64    21     4     4     0     1     0.00000000
   0.270    64    22     4     4     1    -1     0.00000000
   0.270    64    23     4     2     0     1     0.00000000
   0.270    64    24     4     2     1    -1    -0.00000000
   0.270    64    25     4     0     0     1     0.00000000
   0.270    64    26     4     4     1     1     0.04570186
   0.270    64    27     4     4     2    -1    -0.05715968
   0.270    64    28     4     2     1     1     0.00851916
   0.270    64    29     4     2     2    -1     0.00555683
   0.270    64    30     4     4     2     1     0.00000000
   0.270    64    31     4     4     3    -1    -0.00000000
   0.270    64    32     4     2     2     1     0.00000000
   0.270    64    33     4     4     3     1     0.00000000
   0.270    64    34     4     4     4    -1    -0.00000000
   0.270    64    35     4     4     4     1     0.00000000
   0.270    64    36     5     5     0     1    -0.00000000
   0.270    64    37     5     5     1    -1    -0.00000000
   0.270    64    38     5     3     0     1    -0.00000000
   0.270    64    39     5     3     1    -1     0.00000000
   0.270    64    40     5     1     0     1     0.00000000
   0.270    64    41     5     1     1    -1    -0.00000000
   0.270    64    42     5     5     1     1    -0.00000000
   0.270    64    43     5     5     2    -1    -0.00000000
   0.270    64    44     5     3     1     1     0.00000000
   0.270    64    45     5     3     2    -1     0.00000000
   0.270    64    46     5     1     1     1     0.00000000
   0.270    64    47     5     5     2     1     0.00000000
   0.270    64    48     5     5     3    -1    -0.00000000
   0.270    64    49     5     3     2     1     0.00000000
   0.270    64    50     5     3     3    -1    -0.00000000
   0.270    64    51     5     5     3     1    -0.00000000
   0.270    64    52     5     5     4    -1     0.00000000
   0.270    64    53     5     3     3     1    -0.00000000
   0.270    64    54     5     5     4     1    -0.00000000
   0.270    64    55     5     5     5    -1     0.00000000
   0.270    64    56     5     5     5     1     0.00000000
   0.270    64    57     6     6     0     1    -0.00000000
   0.270    64    58     6     6     1    -1     0.00000000
   0.270    64    59     6     4     0     1     0.00000000
   0.270    64    60     6     4     1    -1     0.00000000
   0.270    64    61     6     2     0     1    -0.00000000
   0.270    64    62     6     2     1    -1    -0.00000000
   0.270    64    63     6     0     0     1     0.00000000
   0.270    64    64     6     6     1     1    -0.57438188
   0.270    64    65     6     6     2    -1     0.80997526
   0.270    64    66     6     4     1     1    -0.07755801
   0.270    64    67     6     4     2    -1    -0.04952632
   0.270    64    68     6     2     1     1     0.00922477
   0.270    64    69     6     2     2    -1    -0.00292299
   0.270    64    70     6     6     2     1    -0.00000000
   0.270    64    71     6     6     3    -1     0.00000000
   0.270    64    72     6     4     2     1    -0.00000000
   0.270    64    73     6     4     3    -1    -0.00000000
   0.270    64    74     6     2     2     1    -0.00000000
   0.270    64    75     6     6     3     1    -0.00000000
   0.270    64    76     6     6     4    -1    -0.00000000
   0.270    64    77     6     4     3     1     0.00000000
   0.270    64    78     6     4     4    -1     0.00000000
   0.270    64    79     6     6     4     1    -0.00000000
   0.270    64    80     6     6     5    -1     0.00000000
   0.270    64    81     6     4     4     1     0.00000000
   0.270    64    82     6     6     5     1    -0.00000000
   0.270    64    83     6     6     6    -1     0.00000000
   0.270    64    84     6     6     6     1     0.00000000
   0.270    64    85     7     7     0     1     0.00000000
   0.270    64    86     7     7     1    -1     0.00000000
   0.270    64    87     7     5     0     1     0.00000000
   0.270    64    88     7     5     1    -1    -0.00000000
   0.270    64    89     7     3     0     1    -0.00000000
   0.270    64    90     7     3     1    -1    -0.00000000
   0.270    64    91     7     1     0     1     0.00000000
   0.270    64    92     7     1     1    -1     0.00000000
   0.270    64    93     7     7     1     1     0.00000000
   0.270    64    94     7     7     2    -1     0.00000000
   0.270    64    95     7     5     1     1    -0.00000000
   0.270    64    96     7     5     2    -1    -0.00000000
   0.270    64    97     7     3     1     1    -0.00000000
   0.270    64    98     7     3     2    -1    -0.00000000
   0.270    64    99     7     1     1     1    -0.00000000
   0.270    64   100     7     7     2     1    -0.00000000
   0.270    64   101     7     7     3    -1     0.00000000
   0.270    64   102     7     5     2     1     0.00000000
   0.270    64   103     7     5     3    -1    -0.00000000
   0.270    64   104     7     3     2     1    -0.00000000
   0.270    64   105     7     3     3    -1     0.00000000
   0.270    64   106     7     7     3     1     0.00000000
   0.270    64   107     7     7     4    -1    -0.00000000
   0.270    64   108     7     5     3     1     0.00000000
   0.270    64   109     7     5     4    -1     0.00000000
   0.270    64   110     7     3     3     1    -0.00000000
   0.270    64   111     7     7     4     1     0.00000000
   0.270    64   112     7     7     5    -1    -0.00000000
   0.270    64   113     7     5     4     1    -0.00000000
   0.270    64   114     7     5     5    -1    -0.00000000
   0.270    64   115     7     7     5     1     0.00000000
   0.270    64   116     7     7     6    -1     0.00000000
   0.270    64   117     7     5     5     1     0.00000000
   0.270    64   118     7     7     6     1     0.00000000
   0.270    64   119     7     7     7    -1     0.00000000
   0.270    64   120     7     7     7     1     0.00000000
   0.270    65     1     0     0     0     1     0.00000000
   0.270    65     2     1     1     0     1     0.00002150
   0.270    65     3     1     1     1    -1     0.00015024
   0.270    65     4     1     1     1     1     0.00000000
   0.270    65     5     2     2     0     1     0.00000000
   0.270    65     6     2     2     1    -1    -0.00000000
   0.270    65     7     2     0     0     1    -0.00000000
   0.270    65     8     2     2     1     1    -0.00000000
   0.270    65     9     2     2     2    -1     0.00000000
   0.270    65    10     2     2     2     1    -0.00000000
   0.270    65    11     3     3     0     1    -0.00205896
   0.270    65    12     3     3     1    -1    -0.00496909
   0.270    65    13     3     1     0     1     0.00075602
   0.270    65    14     3     1     1    -1     0.00428709
   0.270    65    15     3     3     1     1    -0.00000000
   0.270    65    16     3     3     2    -1    -0.00000000
   0.270    65    17     3     1     1     1     0.00000000
   0.270    65    18     3     3     2     1     0.00000000
   0.270    65    19     3     3     3    -1    -0.00000000
   0.270    65    20     3     3     3     1     0.00000000
   0.270    65    21     4     4     0     1    -0.00000000
   0.270    65    22     4     4     1    -1    -0.00000000
   0.270    65    23     4     2     0     1    -0.00000000
   0.270    65    24     4     2     1    -1     0.00000000
   0.270    65    25     4     0     0     1     0.00000000
   0.270    65    26     4     4     1     1     0.00000000
   0.270    65    27     4     4     2    -1    -0.00000000
   0.270    65    28     4     2     1     1     0.00000000
   0.270    65    29     4     2     2    -1    -0.00000000
   0.270    65    30     4     4     2     1    -0.00000000
   0.270    65    31     4     4     3    -1    -0.00000000
   0.270    65    32     4     2     2     1    -0.00000000
   0.270    65    33     4     4     3     1     0.00000000
   0.270    65    34     4     4     4    -1     0.00000000
   0.270    65    35     4     4     4     1    -0.00000000
   0.270    65    36     5     5     0     1     0.06664080
   0.270    65    37     5     5     1    -1     0.05955090
   0.270    65    38     5     3     0     1    -0.00256983
   0.270    65    39     5     3     1    -1    -0.00462495
   0.270    65    40     5     1     0     1    -0.00944551
   0.270    65    41     5     1     1    -1     0.08609688
   0.270    65    42     5     5     1     1     0.00000000
   0.270    65    43     5     5     2    -1    -0.00000000
   0.270    65    44     5     3     1     1    -0.00000000
   0.270    65    45     5     3     2    -1     0.00000000
   0.270    65    46     5     1     1     1     0.00000000
   0.270    65    47     5     5     2     1     0.00000000
   0.270    65    48     5     5     3    -1     0.00000000
   0.270    65    49     5     3     2     1     0.00000000
   0.270    65    50     5     3     3    -1    -0.00000000
   0.270    65    51     5     5     3     1    -0.00000000
   0.270    65    52     5     5     4    -1    -0.00000000
   0.270    65    53     5     3     3     1    -0.00000000
   0.270    65    54     5     5     4     1     0.00000000
   0.270    65    55     5     5     5    -1     0.00000000
   0.270    65    56     5     5     5     1     0.00000000
   0.270    65    57     6     6     0     1     0.00000000
   0.270    65    58     6     6     1    -1    -0.00000000
   0.270    65    59     6     4     0     1     0.00000000
   0.270    65    60     6     4     1    -1     0.00000000
   0.270    65    61     6     2     0     1    -0.00000000
   0.270    65    62     6     2     1    -1     0.00000000
   0.270    65    63     6     0     0     1     0.00000000
   0.270    65    64     6     6     1     1    -0.00000000
   0.270    65    65     6     6     2    -1     0.00000000
   0.270    65    66     6     4     1     1    -0.00000000
   0.270    65    67     6     4     2    -1    -0.00000000
   0.270    65    68     6     2     1     1     0.00000000
   0.270    65    69     6     2     2    -1    -0.00000000
   0.270    65    70     6     6     2     1     0.00000000
   0.270    65    71     6     6     3    -1    -0.00000000
   0.270    65    72     6     4     2     1     0.00000000
   0.270    65    73     6     4     3    -1     0.00000000
   0.270    65    74     6     2     2     1    -0.00000000
   0.270    65    75     6     6     3     1     0.00000000
   0.270    65    76     6     6     4    -1    -0.00000000
   0.270    65    77     6     4     3     1    -0.00000000
   0.270    65    78     6     4     4    -1     0.00000000
   0.270    65    79     6     6     4     1    -0.00000000
   0.270    65    80     6     6     5    -1     0.00000000
   0.270    65    81     6     4     4     1    -0.00000000
   0.270    65    82     6     6     5     1     0.00000000
   0.270    65    83     6     6     6    -1     0.00000000
   0.270    65    84     6     6     6     1     0.00000000
   0.270    65    85     7     7     0     1    -0.73341193
   0.270    65    86     7     7     1    -1    -0.66777381
   0.270    65    87     7     5     0     1     0.01161170
   0.270    65    88     7     5     1    -1     0.00916040
   0.270    65    89     7     3     0     1     0.00563844
   0.270    65    90     7     3     1    -1     0.01814169
   0.270    65    91     7     1     0     1    -0.00282500
   0.270    65    92     7     1     1    -1    -0.00568754
   0.270    65    93     7     7     1     1    -0.00000000
   0.270    65    94     7     7     2    -1     0.00000000
   0.270    65    95     7     5     1     1     0.00000000
   0.270    65    96     7     5     2    -1    -0.00000000
   0.270    65    97     7     3     1     1     0.00000000
   0.270    65    98     7     3     2    -1     0.00000000
   0.270    65    99     7     1     1     1    -0.00000000
   0.270    65   100     7     7     2     1    -0.00000000
   0.270    65   101     7     7     3    -1    -0.00000000
   0.270    65   102     7     5     2     1     0.00000000
   0.270    65   103     7     5     3    -1    -0.00000000
   0.270    65   104     7     3     2     1     0.00000000
   0.270    65   105     7     3     3    -1     0.00000000
   0.270    65   106     7     7     3     1     0.00000000
   0.270    65   107     7     7     4    -1    -0.00000000
   0.270    65   108     7     5     3     1     0.00000000
   0.270    65   109     7     5     4    -1     0.00000000
   0.270    65   110     7     3     3     1     0.00000000
   0.270    65   111     7     7     4     1    -0.00000000
   0.270    65   112     7     7     5    -1     0.00000000
   0.270    65   113     7     5     4     1     0.00000000
   0.270    65   114     7     5     5    -1     0.00000000
   0.270    65   115     7     7     5     1     0.00000000
   0.270    65   116     7     7     6    -1     0.00000000
   0.270    65   117     7     5     5     1     0.00000000
   0.270    65   118     7     7     6     1     0.00000000
   0.270    65   119     7     7     7    -1     0.00000000
   0.270    65   120     7     7     7     1     0.00000000
   0.270    66     1     0     0     0     1     0.00000000
   0.270    66     2     1     1     0     1    -0.00025124
   0.270    66     3     1     1     1    -1     0.00119363
   0.270    66     4     1     1     1     1     0.00000000
   0.270    66     5     2     2     0     1    -0.00000000
   0.270    66     6     2     2     1    -1    -0.00000000
   0.270    66     7     2     0     0     1     0.00000000
   0.270    66     8     2     2     1     1     0.00000000
   0.270    66     9     2     2     2    -1     0.00000000
   0.270    66    10     2     2     2     1    -0.00000000
   0.270    66    11     3     3     0     1     0.00523765
   0.270    66    12     3     3     1    -1    -0.03011450
   0.270    66    13     3     1     0     1     0.00481569
   0.270    66    14     3     1     1    -1     0.04626523
   0.270    66    15     3     3     1     1    -0.00000000
   0.270    66    16     3     3     2    -1    -0.00000000
   0.270    66    17     3     1     1     1    -0.00000000
   0.270    66    18     3     3     2     1     0.00000000
   0.270    66    19     3     3     3    -1    -0.00000000
   0.270    66    20     3     3     3     1     0.00000000
   0.270    66    21     4     4     0     1    -0.00000000
   0.270    66    22     4     4     1    -1    -0.00000000
   0.270    66    23     4     2     0     1     0.00000000
   0.270    66    24     4     2     1    -1    -0.00000000
   0.270    66    25     4     0     0     1     0.00000000
   0.270    66    26     4     4     1     1     0.00000000
   0.270    66    27     4     4     2    -1    -0.00000000
   0.270    66    28     4     2     1     1     0.00000000
   0.270    66    29     4     2     2    -1     0.00000000
   0.270    66    30     4     4     2     1    -0.00000000
   0.270    66    31     4     4     3    -1     0.00000000
   0.270    66    32     4     2     2     1    -0.00000000
   0.270    66    33     4     4     3     1     0.00000000
   0.270    66    34     4     4     4    -1    -0.00000000
   0.270    66    35     4     4     4     1     0.00000000
   0.270    66    36     5     5     0     1    -0.00456369
   0.270    66    37     5     5     1    -1    -0.01485861
   0.270    66    38     5     3     0     1     0.00748392
   0.270    66    39     5     3     1    -1    -0.02135916
   0.270    66    40     5     1     0     1    -0.09017206
   0.270    66    41     5     1     1    -1     0.97571551
   0.270    66    42     5     5     1     1     0.00000000
   0.270    66    43     5     5     2    -1     0.00000000
   0.270    66    44     5     3     1     1     0.00000000
   0.270    66    45     5     3     2    -1    -0.00000000
   0.270    66    46     5     1     1     1    -0.00000000
   0.270    66    47     5     5     2     1    -0.00000000
   0.270    66    48     5     5     3    -1    -0.00000000
   0.270    66    49     5     3     2     1     0.00000000
   0.270    66    50     5     3     3    -1    -0.00000000
   0.270    66    51     5     5     3     1     0.00000000
   0.270    66    52     5     5     4    -1    -0.00000000
   0.270    66    53     5     3     3     1     0.00000000
   0.270    66    54     5     5     4     1     0.00000000
   0.270    66    55     5     5     5    -1     0.00000000
   0.270    66    56     5     5     5     1     0.00000000
   0.270    66    57     6     6     0     1     0.00000000
   0.270    66    58     6     6     1    -1    -0.00000000
   0.270    66    59     6     4     0     1     0.00000000
   0.270    66    60     6     4     1    -1     0.00000000
   0.270    66    61     6     2     0     1    -0.00000000
   0.270    66    62     6     2     1    -1     0.00000000
   0.270    66    63     6     0     0     1    -0.00000000
   0.270    66    64     6     6     1     1    -0.00000000
   0.270    66    65     6     6     2    -1     0.00000000
   0.270    66    66     6     4     1     1    -0.00000000
   0.270    66    67     6     4     2    -1    -0.00000000
   0.270    66    68     6     2     1     1    -0.00000000
   0.270    66    69     6     2     2    -1     0.00000000
   0.270    66    70     6     6     2     1     0.00000000
   0.270    66    71     6     6     3    -1    -0.00000000
   0.270    66    72     6     4     2     1     0.00000000
   0.270    66    73     6     4     3    -1     0.00000000
   0.270    66    74     6     2     2     1     0.00000000
   0.270    66    75     6     6     3     1    -0.00000000
   0.270    66    76     6     6     4    -1     0.00000000
   0.270    66    77     6     4     3     1    -0.00000000
   0.270    66    78     6     4     4    -1    -0.00000000
   0.270    66    79     6     6     4     1    -0.00000000
   0.270    66    80     6     6     5    -1    -0.00000000
   0.270    66    81     6     4     4     1     0.00000000
   0.270    66    82     6     6     5     1     0.00000000
   0.270    66    83     6     6     6    -1    -0.00000000
   0.270    66    84     6     6     6     1     0.00000000
   0.270    66    85     7     7     0     1     0.06599105
   0.270    66    86     7     7     1    -1     0.05818580
   0.270    66    87     7     5     0     1    -0.00090720
   0.270    66    88     7     5     1    -1    -0.00664370
   0.270    66    89     7     3     0     1     0.00323828
   0.270    66    90     7     3     1    -1     0.15422936
   0.270    66    91     7     1     0     1    -0.02292119
   0.270    66    92     7     1     1    -1    -0.06234592
   0.270    66    93     7     7     1     1    -0.00000000
   0.270    66    94     7     7     2    -1    -0.00000000
   0.270    66    95     7     5     1     1     0.00000000
   0.270    66    96     7     5     2    -1     0.00000000
   0.270    66    97     7     3     1     1    -0.00000000
   0.270    66    98     7     3     2    -1     0.00000000
   0.270    66    99     7     1     1     1    -0.00000000
   0.270    66   100     7     7     2     1     0.00000000
   0.270    66   101     7     7     3    -1     0.00000000
   0.270    66   102     7     5     2     1    -0.00000000
   0.270    66   103     7     5     3    -1    -0.00000000
   0.270    66   104     7     3     2     1     0.00000000
   0.270    66   105     7     3     3    -1     0.00000000
   0.270    66   106     7     7     3     1    -0.00000000
   0.270    66   107     7     7     4    -1     0.00000000
   0.270    66   108     7     5     3     1    -0.00000000
   0.270    66   109     7     5     4    -1    -0.00000000
   0.270    66   110     7     3     3     1     0.00000000
   0.270    66   111     7     7     4     1    -0.00000000
   0.270    66   112     7     7     5    -1     0.00000000
   0.270    66   113     7     5     4     1     0.00000000
   0.270    66   114     7     5     5    -1     0.00000000
   0.270    66   115     7     7     5     1     0.00000000
   0.270    66   116     7     7     6    -1     0.00000000
   0.270    66   117     7     5     5     1     0.00000000
   0.270    66   118     7     7     6     1     0.00000000
   0.270    66   119     7     7     7    -1     0.00000000
   0.270    66   120     7     7     7     1     0.00000000
   0.270    67     1     0     0     0     1    -0.00000000
   0.270    67     2     1     1     0     1    -0.00000000
   0.270    67     3     1     1     1    -1    -0.00000000
   0.270    67     4     1     1     1     1    -0.00004180
   0.270    67     5     2     2     0     1     0.00000000
   0.270    67     6     2     2     1    -1     0.00000000
   0.270    67     7     2     0     0     1     0.00000000
   0.270    67     8     2     2     1     1    -0.00000000
   0.270    67     9     2     2     2    -1    -0.00000000
   0.270    67    10     2     2     2     1    -0.00000000
   0.270    67    11     3     3     0     1     0.00000000
   0.270    67    12     3     3     1    -1    -0.00000000
   0.270    67    13     3     1     0     1     0.00000000
   0.270    67    14     3     1     1    -1     0.00000000
   0.270    67    15     3     3     1     1     0.00241839
   0.270    67    16     3     3     2    -1     0.00181934
   0.270    67    17     3     1     1     1     0.00010549
   0.270    67    18     3     3     2     1     0.00000000
   0.270    67    19     3     3     3    -1    -0.00000000
   0.270    67    20     3     3     3     1    -0.00000000
   0.270    67    21     4     4     0     1    -0.00000000
   0.270    67    22     4     4     1    -1    -0.00000000
   0.270    67    23     4     2     0     1    -0.00000000
   0.270    67    24     4     2     1    -1     0.00000000
   0.270    67    25     4     0     0     1    -0.00000000
   0.270    67    26     4     4     1     1     0.00000000
   0.270    67    27     4     4     2    -1     0.00000000
   0.270    67    28     4     2     1     1    -0.00000000
   0.270    67    29     4     2     2    -1     0.00000000
   0.270    67    30     4     4     2     1     0.00000000
   0.270    67    31     4     4     3    -1    -0.00000000
   0.270    67    32     4     2     2     1     0.00000000
   0.270    67    33     4     4     3     1    -0.00000000
   0.270    67    34     4     4     4    -1    -0.00000000
   0.270    67    35     4     4     4     1     0.00000000
   0.270    67    36     5     5     0     1    -0.00000000
   0.270    67    37     5     5     1    -1     0.00000000
   0.270    67    38     5     3     0     1     0.00000000
   0.270    67    39     5     3     1    -1    -0.00000000
   0.270    67    40     5     1     0     1    -0.00000000
   0.270    67    41     5     1     1    -1     0.00000000
   0.270    67    42     5     5     1     1    -0.07062648
   0.270    67    43     5     5     2    -1    -0.05246923
   0.270    67    44     5     3     1     1     0.00287272
   0.270    67    45     5     3     2    -1     0.00133533
   0.270    67    46     5     1     1     1     0.00698328
   0.270    67    47     5     5     2     1     0.00000000
   0.270    67    48     5     5     3    -1    -0.00000000
   0.270    67    49     5     3     2     1     0.00000000
   0.270    67    50     5     3     3    -1    -0.00000000
   0.270    67    51     5     5     3     1    -0.00000000
   0.270    67    52     5     5     4    -1     0.00000000
   0.270    67    53     5     3     3     1    -0.00000000
   0.270    67    54     5     5     4     1    -0.00000000
   0.270    67    55     5     5     5    -1     0.00000000
   0.270    67    56     5     5     5     1     0.00000000
   0.270    67    57     6     6     0     1     0.00000000
   0.270    67    58     6     6     1    -1     0.00000000
   0.270    67    59     6     4     0     1    -0.00000000
   0.270    67    60     6     4     1    -1    -0.00000000
   0.270    67    61     6     2     0     1    -0.00000000
   0.270    67    62     6     2     1    -1     0.00000000
   0.270    67    63     6     0     0     1    -0.00000000
   0.270    67    64     6     6     1     1    -0.00000000
   0.270    67    65     6     6     2    -1    -0.00000000
   0.270    67    66     6     4     1     1     0.00000000
   0.270    67    67     6     4     2    -1    -0.00000000
   0.270    67    68     6     2     1     1     0.00000000
   0.270    67    69     6     2     2    -1     0.00000000
   0.270    67    70     6     6     2     1    -0.00000000
   0.270    67    71     6     6     3    -1     0.00000000
   0.270    67    72     6     4     2     1    -0.00000000
   0.270    67    73     6     4     3    -1    -0.00000000
   0.270    67    74     6     2     2     1     0.00000000
   0.270    67    75     6     6     3     1     0.00000000
   0.270    67    76     6     6     4    -1    -0.00000000
   0.270    67    77     6     4     3     1     0.00000000
   0.270    67    78     6     4     4    -1     0.00000000
   0.270    67    79     6     6     4     1    -0.00000000
   0.270    67    80     6     6     5    -1     0.00000000
   0.270    67    81     6     4     4     1    -0.00000000
   0.270    67    82     6     6     5     1     0.00000000
   0.270    67    83     6     6     6    -1     0.00000000
   0.270    67    84     6     6     6     1     0.00000000
   0.270    67    85     7     7     0     1     0.00000000
   0.270    67    86     7     7     1    -1    -0.00000000
   0.270    67    87     7     5     0     1    -0.00000000
   0.270    67    88     7     5     1    -1    -0.00000000
   0.270    67    89     7     3     0     1    -0.00000000
   0.270    67    90     7     3     1    -1     0.00000000
   0.270    67    91     7     1     0     1     0.00000000
   0.270    67    92     7     1     1    -1    -0.00000000
   0.270    67    93     7     7     1     1     0.79567101
   0.270    67    94     7     7     2    -1     0.59910447
   0.270    67    95     7     5     1     1    -0.01057992
   0.270    67    96     7     5     2    -1    -0.00588425
   0.270    67    97     7     3     1     1    -0.00421800
   0.270    67    98     7     3     2    -1    -0.00282403
   0.270    67    99     7     1     1     1    -0.00025641
   0.270    67   100     7     7     2     1     0.00000000
   0.270    67   101     7     7     3    -1     0.00000000
   0.270    67   102     7     5     2     1     0.00000000
   0.270    67   103     7     5     3    -1    -0.00000000
   0.270    67   104     7     3     2     1     0.00000000
   0.270    67   105     7     3     3    -1     0.00000000
   0.270    67   106     7     7     3     1     0.00000000
   0.270    67   107     7     7     4    -1    -0.00000000
   0.270    67   108     7     5     3     1     0.00000000
   0.270    67   109     7     5     4    -1     0.00000000
   0.270    67   110     7     3     3     1    -0.00000000
   0.270    67   111     7     7     4     1     0.00000000
   0.270    67   112     7     7     5    -1    -0.00000000
   0.270    67   113     7     5     4     1    -0.00000000
   0.270    67   114     7     5     5    -1    -0.00000000
   0.270    67   115     7     7     5     1     0.00000000
   0.270    67   116     7     7     6    -1     0.00000000
   0.270    67   117     7     5     5     1     0.00000000
   0.270    67   118     7     7     6     1     0.00000000
   0.270    67   119     7     7     7    -1     0.00000000
   0.270    67   120     7     7     7     1     0.00000000
   0.270    68     1     0     0     0     1     0.00000000
   0.270    68     2     1     1     0     1     0.00000000
   0.270    68     3     1     1     1    -1     0.00000000
   0.270    68     4     1     1     1     1     0.00000000
   0.270    68     5     2     2     0     1    -0.00000000
   0.270    68     6     2     2     1    -1     0.00000000
   0.270    68     7     2     0     0     1     0.00000000
   0.270    68     8     2     2     1     1    -0.00000000
   0.270    68     9     2     2     2    -1     0.00000000
   0.270    68    10     2     2     2     1     0.00000000
   0.270    68    11     3     3     0     1    -0.00000000
   0.270    68    12     3     3     1    -1    -0.00000000
   0.270    68    13     3     1     0     1    -0.00000000
   0.270    68    14     3     1     1    -1    -0.00000000
   0.270    68    15     3     3     1     1    -0.00000000
   0.270    68    16     3     3     2    -1    -0.00000000
   0.270    68    17     3     1     1     1     0.00000000
   0.270    68    18     3     3     2     1    -0.00280391
   0.270    68    19     3     3     3    -1     0.05915152
   0.270    68    20     3     3     3     1    -0.00000000
   0.270    68    21     4     4     0     1    -0.00000000
   0.270    68    22     4     4     1    -1    -0.00000000
   0.270    68    23     4     2     0     1    -0.00000000
   0.270    68    24     4     2     1    -1    -0.00000000
   0.270    68    25     4     0     0     1     0.00000000
   0.270    68    26     4     4     1     1    -0.00000000
   0.270    68    27     4     4     2    -1    -0.00000000
   0.270    68    28     4     2     1     1    -0.00000000
   0.270    68    29     4     2     2    -1    -0.00000000
   0.270    68    30     4     4     2     1    -0.00000000
   0.270    68    31     4     4     3    -1    -0.00000000
   0.270    68    32     4     2     2     1     0.00000000
   0.270    68    33     4     4     3     1     0.00000000
   0.270    68    34     4     4     4    -1    -0.00000000
   0.270    68    35     4     4     4     1    -0.00000000
   0.270    68    36     5     5     0     1     0.00000000
   0.270    68    37     5     5     1    -1     0.00000000
   0.270    68    38     5     3     0     1    -0.00000000
   0.270    68    39     5     3     1    -1    -0.00000000
   0.270    68    40     5     1     0     1    -0.00000000
   0.270    68    41     5     1     1    -1     0.00000000
   0.270    68    42     5     5     1     1    -0.00000000
   0.270    68    43     5     5     2    -1    -0.00000000
   0.270    68    44     5     3     1     1    -0.00000000
   0.270    68    45     5     3     2    -1    -0.00000000
   0.270    68    46     5     1     1     1     0.00000000
   0.270    68    47     5     5     2     1     0.00117743
   0.270    68    48     5     5     3    -1    -0.00055721
   0.270    68    49     5     3     2     1    -0.18227562
   0.270    68    50     5     3     3    -1     0.97369860
   0.270    68    51     5     5     3     1     0.00000000
   0.270    68    52     5     5     4    -1    -0.00000000
   0.270    68    53     5     3     3     1     0.00000000
   0.270    68    54     5     5     4     1    -0.00000000
   0.270    68    55     5     5     5    -1     0.00000000
   0.270    68    56     5     5     5     1     0.00000000
   0.270    68    57     6     6     0     1     0.00000000
   0.270    68    58     6     6     1    -1     0.00000000
   0.270    68    59     6     4     0     1    -0.00000000
   0.270    68    60     6     4     1    -1     0.00000000
   0.270    68    61     6     2     0     1    -0.00000000
   0.270    68    62     6     2     1    -1     0.00000000
   0.270    68    63     6     0     0     1     0.00000000
   0.270    68    64     6     6     1     1    -0.00000000
   0.270    68    65     6     6     2    -1    -0.00000000
   0.270    68    66     6     4     1     1    -0.00000000
   0.270    68    67     6     4     2    -1     0.00000000
   0.270    68    68     6     2     1     1     0.00000000
   0.270    68    69     6     2     2    -1    -0.00000000
   0.270    68    70     6     6     2     1     0.00000000
   0.270    68    71     6     6     3    -1     0.00000000
   0.270    68    72     6     4     2     1    -0.00000000
   0.270    68    73     6     4     3    -1     0.00000000
   0.270    68    74     6     2     2     1    -0.00000000
   0.270    68    75     6     6     3     1    -0.00000000
   0.270    68    76     6     6     4    -1     0.00000000
   0.270    68    77     6     4     3     1     0.00000000
   0.270    68    78     6     4     4    -1     0.00000000
   0.270    68    79     6     6     4     1     0.00000000
   0.270    68    80     6     6     5    -1     0.00000000
   0.270    68    81     6     4     4     1     0.00000000
   0.270    68    82     6     6     5     1     0.00000000
   0.270    68    83     6     6     6    -1    -0.00000000
   0.270    68    84     6     6     6     1     0.00000000
   0.270    68    85     7     7     0     1    -0.00000000
   0.270    68    86     7     7     1    -1    -0.00000000
   0.270    68    87     7     5     0     1     0.00000000
   0.270    68    88     7     5     1    -1     0.00000000
   0.270    68    89     7     3     0     1     0.00000000
   0.270    68    90     7     3     1    -1    -0.00000000
   0.270    68    91     7     1     0     1    -0.00000000
   0.270    68    92     7     1     1    -1    -0.00000000
   0.270    68    93     7     7     1     1     0.00000000
   0.270    68    94     7     7     2    -1     0.00000000
   0.270    68    95     7     5     1     1    -0.00000000
   0.270    68    96     7     5     2    -1     0.00000000
   0.270    68    97     7     3     1     1    -0.00000000
   0.270    68    98     7     3     2    -1    -0.00000000
   0.270    68    99     7     1     1     1     0.00000000
   0.270    68   100     7     7     2     1     0.00336465
   0.270    68   101     7     7     3    -1     0.00190202
   0.270    68   102     7     5     2     1    -0.01238234
   0.270    68   103     7     5     3    -1     0.08377437
   0.270    68   104     7     3     2     1    -0.00758662
   0.270    68   105     7     3     3    -1    -0.08907423
   0.270    68   106     7     7     3     1    -0.00000000
   0.270    68   107     7     7     4    -1    -0.00000000
   0.270    68   108     7     5     3     1    -0.00000000
   0.270    68   109     7     5     4    -1    -0.00000000
   0.270    68   110     7     3     3     1    -0.00000000
   0.270    68   111     7     7     4     1     0.00000000
   0.270    68   112     7     7     5    -1    -0.00000000
   0.270    68   113     7     5     4     1    -0.00000000
   0.270    68   114     7     5     5    -1    -0.00000000
   0.270    68   115     7     7     5     1     0.00000000
   0.270    68   116     7     7     6    -1     0.00000000
   0.270    68   117     7     5     5     1     0.00000000
   0.270    68   118     7     7     6     1     0.00000000
   0.270    68   119     7     7     7    -1     0.00000000
   0.270    68   120     7     7     7     1     0.00000000
   0.270    69     1     0     0     0     1     0.00000000
   0.270    69     2     1     1     0     1     0.00000000
   0.270    69     3     1     1     1    -1     0.00000000
   0.270    69     4     1     1     1     1    -0.00000000
   0.270    69     5     2     2     0     1     0.00000000
   0.270    69     6     2     2     1    -1    -0.00000000
   0.270    69     7     2     0     0     1    -0.00000000
   0.270    69     8     2     2     1     1     0.00000000
   0.270    69     9     2     2     2    -1     0.00000000
   0.270    69    10     2     2     2     1     0.00123279
   0.270    69    11     3     3     0     1    -0.00000000
   0.270    69    12     3     3     1    -1     0.00000000
   0.270    69    13     3     1     0     1    -0.00000000
   0.270    69    14     3     1     1    -1    -0.00000000
   0.270    69    15     3     3     1     1     0.00000000
   0.270    69    16     3     3     2    -1     0.00000000
   0.270    69    17     3     1     1     1     0.00000000
   0.270    69    18     3     3     2     1    -0.00000000
   0.270    69    19     3     3     3    -1     0.00000000
   0.270    69    20     3     3     3     1    -0.00000000
   0.270    69    21     4     4     0     1    -0.00000000
   0.270    69    22     4     4     1    -1    -0.00000000
   0.270    69    23     4     2     0     1    -0.00000000
   0.270    69    24     4     2     1    -1     0.00000000
   0.270    69    25     4     0     0     1    -0.00000000
   0.270    69    26     4     4     1     1     0.00000000
   0.270    69    27     4     4     2    -1     0.00000000
   0.270    69    28     4     2     1     1     0.00000000
   0.270    69    29     4     2     2    -1     0.00000000
   0.270    69    30     4     4     2     1    -0.02451077
   0.270    69    31     4     4     3    -1     0.04853993
   0.270    69    32     4     2     2     1     0.02464481
   0.270    69    33     4     4     3     1    -0.00000000
   0.270    69    34     4     4     4    -1     0.00000000
   0.270    69    35     4     4     4     1     0.00000000
   0.270    69    36     5     5     0     1    -0.00000000
   0.270    69    37     5     5     1    -1    -0.00000000
   0.270    69    38     5     3     0     1     0.00000000
   0.270    69    39     5     3     1    -1    -0.00000000
   0.270    69    40     5     1     0     1     0.00000000
   0.270    69    41     5     1     1    -1    -0.00000000
   0.270    69    42     5     5     1     1    -0.00000000
   0.270    69    43     5     5     2    -1    -0.00000000
   0.270    69    44     5     3     1     1     0.00000000
   0.270    69    45     5     3     2    -1     0.00000000
   0.270    69    46     5     1     1     1     0.00000000
   0.270    69    47     5     5     2     1     0.00000000
   0.270    69    48     5     5     3    -1     0.00000000
   0.270    69    49     5     3     2     1    -0.00000000
   0.270    69    50     5     3     3    -1     0.00000000
   0.270    69    51     5     5     3     1     0.00000000
   0.270    69    52     5     5     4    -1    -0.00000000
   0.270    69    53     5     3     3     1     0.00000000
   0.270    69    54     5     5     4     1    -0.00000000
   0.270    69    55     5     5     5    -1     0.00000000
   0.270    69    56     5     5     5     1     0.00000000
   0.270    69    57     6     6     0     1    -0.00000000
   0.270    69    58     6     6     1    -1     0.00000000
   0.270    69    59     6     4     0     1    -0.00000000
   0.270    69    60     6     4     1    -1    -0.00000000
   0.270    69    61     6     2     0     1     0.00000000
   0.270    69    62     6     2     1    -1     0.00000000
   0.270    69    63     6     0     0     1     0.00000000
   0.270    69    64     6     6     1     1    -0.00000000
   0.270    69    65     6     6     2    -1     0.00000000
   0.270    69    66     6     4     1     1    -0.00000000
   0.270    69    67     6     4     2    -1    -0.00000000
   0.270    69    68     6     2     1     1     0.00000000
   0.270    69    69     6     2     2    -1     0.00000000
   0.270    69    70     6     6     2     1     0.46864892
   0.270    69    71     6     6     3    -1    -0.84207508
   0.270    69    72     6     4     2     1    -0.24612396
   0.270    69    73     6     4     3    -1    -0.08425800
   0.270    69    74     6     2     2     1    -0.00596289
   0.270    69    75     6     6     3     1     0.00000000
   0.270    69    76     6     6     4    -1    -0.00000000
   0.270    69    77     6     4     3     1     0.00000000
   0.270    69    78     6     4     4    -1    -0.00000000
   0.270    69    79     6     6     4     1    -0.00000000
   0.270    69    80     6     6     5    -1    -0.00000000
   0.270    69    81     6     4     4     1     0.00000000
   0.270    69    82     6     6     5     1     0.00000000
   0.270    69    83     6     6     6    -1    -0.00000000
   0.270    69    84     6     6     6     1     0.00000000
   0.270    69    85     7     7     0     1     0.00000000
   0.270    69    86     7     7     1    -1     0.00000000
   0.270    69    87     7     5     0     1    -0.00000000
   0.270    69    88     7     5     1    -1     0.00000000
   0.270    69    89     7     3     0     1    -0.00000000
   0.270    69    90     7     3     1    -1    -0.00000000
   0.270    69    91     7     1     0     1    -0.00000000
   0.270    69    92     7     1     1    -1     0.00000000
   0.270    69    93     7     7     1     1     0.00000000
   0.270    69    94     7     7     2    -1     0.00000000
   0.270    69    95     7     5     1     1    -0.00000000
   0.270    69    96     7     5     2    -1    -0.00000000
   0.270    69    97     7     3     1     1    -0.00000000
   0.270    69    98     7     3     2    -1    -0.00000000
   0.270    69    99     7     1     1     1    -0.00000000
   0.270    69   100     7     7     2     1    -0.00000000
   0.270    69   101     7     7     3    -1    -0.00000000
   0.270    69   102     7     5     2     1    -0.00000000
   0.270    69   103     7     5     3    -1     0.00000000
   0.270    69   104     7     3     2     1    -0.00000000
   0.270    69   105     7     3     3    -1    -0.00000000
   0.270    69   106     7     7     3     1    -0.00000000
   0.270    69   107     7     7     4    -1    -0.00000000
   0.270    69   108     7     5     3     1    -0.00000000
   0.270    69   109     7     5     4    -1    -0.00000000
   0.270    69   110     7     3     3     1    -0.00000000
   0.270    69   111     7     7     4     1     0.00000000
   0.270    69   112     7     7     5    -1    -0.00000000
   0.270    69   113     7     5     4     1    -0.00000000
   0.270    69   114     7     5     5    -1    -0.00000000
   0.270    69   115     7     7     5     1     0.00000000
   0.270    69   116     7     7     6    -1     0.00000000
   0.270    69   117     7     5     5     1     0.00000000
   0.270    69   118     7     7     6     1     0.00000000
   0.270    69   119     7     7     7    -1     0.00000000
   0.270    69   120     7     7     7     1     0.00000000
   0.270    70     1     0     0     0     1     0.00000000
   0.270    70     2     1     1     0     1     0.00000000
   0.270    70     3     1     1     1    -1     0.00000000
   0.270    70     4     1     1     1     1     0.00000000
   0.270    70     5     2     2     0     1     0.00000000
   0.270    70     6     2     2     1    -1    -0.00000000
   0.270    70     7     2     0     0     1    -0.00000000
   0.270    70     8     2     2     1     1     0.00000000
   0.270    70     9     2     2     2    -1     0.00000000
   0.270    70    10     2     2     2     1     0.00208489
   0.270    70    11     3     3     0     1     0.00000000
   0.270    70    12     3     3     1    -1    -0.00000000
   0.270    70    13     3     1     0     1     0.00000000
   0.270    70    14     3     1     1    -1     0.00000000
   0.270    70    15     3     3     1     1    -0.00000000
   0.270    70    16     3     3     2    -1    -0.00000000
   0.270    70    17     3     1     1     1    -0.00000000
   0.270    70    18     3     3     2     1    -0.00000000
   0.270    70    19     3     3     3    -1     0.00000000
   0.270    70    20     3     3     3     1    -0.00000000
   0.270    70    21     4     4     0     1    -0.00000000
   0.270    70    22     4     4     1    -1     0.00000000
   0.270    70    23     4     2     0     1     0.00000000
   0.270    70    24     4     2     1    -1     0.00000000
   0.270    70    25     4     0     0     1     0.00000000
   0.270    70    26     4     4     1     1    -0.00000000
   0.270    70    27     4     4     2    -1    -0.00000000
   0.270    70    28     4     2     1     1     0.00000000
   0.270    70    29     4     2     2    -1     0.00000000
   0.270    70    30     4     4     2     1     0.03011649
   0.270    70    31     4     4     3    -1    -0.02411944
   0.270    70    32     4     2     2     1     0.09154387
   0.270    70    33     4     4     3     1     0.00000000
   0.270    70    34     4     4     4    -1    -0.00000000
   0.270    70    35     4     4     4     1    -0.00000000
   0.270    70    36     5     5     0     1    -0.00000000
   0.270    70    37     5     5     1    -1     0.00000000
   0.270    70    38     5     3     0     1    -0.00000000
   0.270    70    39     5     3     1    -1    -0.00000000
   0.270    70    40     5     1     0     1    -0.00000000
   0.270    70    41     5     1     1    -1     0.00000000
   0.270    70    42     5     5     1     1     0.00000000
   0.270    70    43     5     5     2    -1     0.00000000
   0.270    70    44     5     3     1     1    -0.00000000
   0.270    70    45     5     3     2    -1     0.00000000
   0.270    70    46     5     1     1     1    -0.00000000
   0.270    70    47     5     5     2     1     0.00000000
   0.270    70    48     5     5     3    -1     0.00000000
   0.270    70    49     5     3     2     1    -0.00000000
   0.270    70    50     5     3     3    -1     0.00000000
   0.270    70    51     5     5     3     1     0.00000000
   0.270    70    52     5     5     4    -1     0.00000000
   0.270    70    53     5     3     3     1     0.00000000
   0.270    70    54     5     5     4     1    -0.00000000
   0.270    70    55     5     5     5    -1     0.00000000
   0.270    70    56     5     5     5     1     0.00000000
   0.270    70    57     6     6     0     1     0.00000000
   0.270    70    58     6     6     1    -1    -0.00000000
   0.270    70    59     6     4     0     1    -0.00000000
   0.270    70    60     6     4     1    -1     0.00000000
   0.270    70    61     6     2     0     1    -0.00000000
   0.270    70    62     6     2     1    -1    -0.00000000
   0.270    70    63     6     0     0     1     0.00000000
   0.270    70    64     6     6     1     1     0.00000000
   0.270    70    65     6     6     2    -1    -0.00000000
   0.270    70    66     6     4     1     1     0.00000000
   0.270    70    67     6     4     2    -1     0.00000000
   0.270    70    68     6     2     1     1     0.00000000
   0.270    70    69     6     2     2    -1     0.00000000
   0.270    70    70     6     6     2     1    -0.12838848
   0.270    70    71     6     6     3    -1     0.22576627
   0.270    70    72     6     4     2     1    -0.91158837
   0.270    70    73     6     4     3    -1    -0.30247311
   0.270    70    74     6     2     2     1    -0.01375742
   0.270    70    75     6     6     3     1    -0.00000000
   0.270    70    76     6     6     4    -1     0.00000000
   0.270    70    77     6     4     3     1    -0.00000000
   0.270    70    78     6     4     4    -1     0.00000000
   0.270    70    79     6     6     4     1     0.00000000
   0.270    70    80     6     6     5    -1     0.00000000
   0.270    70    81     6     4     4     1     0.00000000
   0.270    70    82     6     6     5     1    -0.00000000
   0.270    70    83     6     6     6    -1     0.00000000
   0.270    70    84     6     6     6     1    -0.00000000
   0.270    70    85     7     7     0     1     0.00000000
   0.270    70    86     7     7     1    -1    -0.00000000
   0.270    70    87     7     5     0     1     0.00000000
   0.270    70    88     7     5     1    -1     0.00000000
   0.270    70    89     7     3     0     1    -0.00000000
   0.270    70    90     7     3     1    -1     0.00000000
   0.270    70    91     7     1     0     1     0.00000000
   0.270    70    92     7     1     1    -1    -0.00000000
   0.270    70    93     7     7     1     1    -0.00000000
   0.270    70    94     7     7     2    -1    -0.00000000
   0.270    70    95     7     5     1     1     0.00000000
   0.270    70    96     7     5     2    -1     0.00000000
   0.270    70    97     7     3     1     1     0.00000000
   0.270    70    98     7     3     2    -1     0.00000000
   0.270    70    99     7     1     1     1     0.00000000
   0.270    70   100     7     7     2     1    -0.00000000
   0.270    70   101     7     7     3    -1    -0.00000000
   0.270    70   102     7     5     2     1    -0.00000000
   0.270    70   103     7     5     3    -1     0.00000000
   0.270    70   104     7     3     2     1    -0.00000000
   0.270    70   105     7     3     3    -1    -0.00000000
   0.270    70   106     7     7     3     1     0.00000000
   0.270    70   107     7     7     4    -1    -0.00000000
   0.270    70   108     7     5     3     1     0.00000000
   0.270    70   109     7     5     4    -1    -0.00000000
   0.270    70   110     7     3     3     1    -0.00000000
   0.270    70   111     7     7     4     1     0.00000000
   0.270    70   112     7     7     5    -1    -0.00000000
   0.270    70   113     7     5     4     1    -0.00000000
   0.270    70   114     7     5     5    -1    -0.00000000
   0.270    70   115     7     7     5     1     0.00000000
   0.270    70   116     7     7     6    -1     0.00000000
   0.270    70   117     7     5     5     1     0.00000000
   0.270    70   118     7     7     6     1     0.00000000
   0.270    70   119     7     7     7    -1     0.00000000
   0.270    70   120     7     7     7     1     0.00000000
   0.270    71     1     0     0     0     1     0.00000000
   0.270    71     2     1     1     0     1     0.00000000
   0.270    71     3     1     1     1    -1     0.00000000
   0.270    71     4     1     1     1     1     0.00000000
   0.270    71     5     2     2     0     1    -0.00000000
   0.270    71     6     2     2     1    -1     0.00000000
   0.270    71     7     2     0     0     1     0.00000000
   0.270    71     8     2     2     1     1     0.00000000
   0.270    71     9     2     2     2    -1    -0.00000000
   0.270    71    10     2     2     2     1     0.00000000
   0.270    71    11     3     3     0     1    -0.00000000
   0.270    71    12     3     3     1    -1    -0.00000000
   0.270    71    13     3     1     0     1    -0.00000000
   0.270    71    14     3     1     1    -1     0.00000000
   0.270    71    15     3     3     1     1     0.00000000
   0.270    71    16     3     3     2    -1    -0.00000000
   0.270    71    17     3     1     1     1    -0.00000000
   0.270    71    18     3     3     2     1    -0.00237521
   0.270    71    19     3     3     3    -1    -0.00084611
   0.270    71    20     3     3     3     1    -0.00000000
   0.270    71    21     4     4     0     1    -0.00000000
   0.270    71    22     4     4     1    -1     0.00000000
   0.270    71    23     4     2     0     1     0.00000000
   0.270    71    24     4     2     1    -1     0.00000000
   0.270    71    25     4     0     0     1     0.00000000
   0.270    71    26     4     4     1     1    -0.00000000
   0.270    71    27     4     4     2    -1     0.00000000
   0.270    71    28     4     2     1     1     0.00000000
   0.270    71    29     4     2     2    -1     0.00000000
   0.270    71    30     4     4     2     1     0.00000000
   0.270    71    31     4     4     3    -1     0.00000000
   0.270    71    32     4     2     2     1     0.00000000
   0.270    71    33     4     4     3     1     0.00000000
   0.270    71    34     4     4     4    -1     0.00000000
   0.270    71    35     4     4     4     1    -0.00000000
   0.270    71    36     5     5     0     1    -0.00000000
   0.270    71    37     5     5     1    -1    -0.00000000
   0.270    71    38     5     3     0     1     0.00000000
   0.270    71    39     5     3     1    -1     0.00000000
   0.270    71    40     5     1     0     1     0.00000000
   0.270    71    41     5     1     1    -1     0.00000000
   0.270    71    42     5     5     1     1    -0.00000000
   0.270    71    43     5     5     2    -1     0.00000000
   0.270    71    44     5     3     1     1     0.00000000
   0.270    71    45     5     3     2    -1    -0.00000000
   0.270    71    46     5     1     1     1     0.00000000
   0.270    71    47     5     5     2     1     0.07119553
   0.270    71    48     5     5     3    -1     0.04244811
   0.270    71    49     5     3     2     1    -0.00225517
   0.270    71    50     5     3     3    -1     0.00353811
   0.270    71    51     5     5     3     1     0.00000000
   0.270    71    52     5     5     4    -1    -0.00000000
   0.270    71    53     5     3     3     1    -0.00000000
   0.270    71    54     5     5     4     1    -0.00000000
   0.270    71    55     5     5     5    -1     0.00000000
   0.270    71    56     5     5     5     1     0.00000000
   0.270    71    57     6     6     0     1    -0.00000000
   0.270    71    58     6     6     1    -1    -0.00000000
   0.270    71    59     6     4     0     1     0.00000000
   0.270    71    60     6     4     1    -1     0.00000000
   0.270    71    61     6     2     0     1     0.00000000
   0.270    71    62     6     2     1    -1     0.00000000
   0.270    71    63     6     0     0     1     0.00000000
   0.270    71    64     6     6     1     1     0.00000000
   0.270    71    65     6     6     2    -1     0.00000000
   0.270    71    66     6     4     1     1    -0.00000000
   0.270    71    67     6     4     2    -1     0.00000000
   0.270    71    68     6     2     1     1    -0.00000000
   0.270    71    69     6     2     2    -1     0.00000000
   0.270    71    70     6     6     2     1    -0.00000000
   0.270    71    71     6     6     3    -1    -0.00000000
   0.270    71    72     6     4     2     1    -0.00000000
   0.270    71    73     6     4     3    -1     0.00000000
   0.270    71    74     6     2     2     1    -0.00000000
   0.270    71    75     6     6     3     1    -0.00000000
   0.270    71    76     6     6     4    -1    -0.00000000
   0.270    71    77     6     4     3     1    -0.00000000
   0.270    71    78     6     4     4    -1    -0.00000000
   0.270    71    79     6     6     4     1    -0.00000000
   0.270    71    80     6     6     5    -1     0.00000000
   0.270    71    81     6     4     4     1    -0.00000000
   0.270    71    82     6     6     5     1    -0.00000000
   0.270    71    83     6     6     6    -1     0.00000000
   0.270    71    84     6     6     6     1    -0.00000000
   0.270    71    85     7     7     0     1     0.00000000
   0.270    71    86     7     7     1    -1     0.00000000
   0.270    71    87     7     5     0     1    -0.00000000
   0.270    71    88     7     5     1    -1    -0.00000000
   0.270    71    89     7     3     0     1    -0.00000000
   0.270    71    90     7     3     1    -1    -0.00000000
   0.270    71    91     7     1     0     1    -0.00000000
   0.270    71    92     7     1     1    -1     0.00000000
   0.270    71    93     7     7     1     1     0.00000000
   0.270    71    94     7     7     2    -1     0.00000000
   0.270    71    95     7     5     1     1     0.00000000
   0.270    71    96     7     5     2    -1     0.00000000
   0.270    71    97     7     3     1     1     0.00000000
   0.270    71    98     7     3     2    -1    -0.00000000
   0.270    71    99     7     1     1     1     0.00000000
   0.270    71   100     7     7     2     1    -0.84728184
   0.270    71   101     7     7     3    -1    -0.52455385
   0.270    71   102     7     5     2     1     0.00642926
   0.270    71   103     7     5     3    -1     0.00198833
   0.270    71   104     7     3     2     1     0.00400122
   0.270    71   105     7     3     3    -1     0.00090919
   0.270    71   106     7     7     3     1    -0.00000000
   0.270    71   107     7     7     4    -1    -0.00000000
   0.270    71   108     7     5     3     1    -0.00000000
   0.270    71   109     7     5     4    -1     0.00000000
   0.270    71   110     7     3     3     1     0.00000000
   0.270    71   111     7     7     4     1    -0.00000000
   0.270    71   112     7     7     5    -1     0.00000000
   0.270    71   113     7     5     4     1    -0.00000000
   0.270    71   114     7     5     5    -1    -0.00000000
   0.270    71   115     7     7     5     1     0.00000000
   0.270    71   116     7     7     6    -1     0.00000000
   0.270    71   117     7     5     5     1     0.00000000
   0.270    71   118     7     7     6     1     0.00000000
   0.270    71   119     7     7     7    -1     0.00000000
   0.270    71   120     7     7     7     1     0.00000000
   0.270    72     1     0     0     0     1     0.00000000
   0.270    72     2     1     1     0     1     0.00000000
   0.270    72     3     1     1     1    -1    -0.00000000
   0.270    72     4     1     1     1     1     0.00000000
   0.270    72     5     2     2     0     1     0.00000000
   0.270    72     6     2     2     1    -1     0.00000000
   0.270    72     7     2     0     0     1    -0.00000000
   0.270    72     8     2     2     1     1     0.00000000
   0.270    72     9     2     2     2    -1     0.00000000
   0.270    72    10     2     2     2     1     0.00000000
   0.270    72    11     3     3     0     1     0.00000000
   0.270    72    12     3     3     1    -1    -0.00000000
   0.270    72    13     3     1     0     1    -0.00000000
   0.270    72    14     3     1     1    -1     0.00000000
   0.270    72    15     3     3     1     1    -0.00000000
   0.270    72    16     3     3     2    -1    -0.00000000
   0.270    72    17     3     1     1     1     0.00000000
   0.270    72    18     3     3     2     1     0.00000000
   0.270    72    19     3     3     3    -1     0.00000000
   0.270    72    20     3     3     3     1     0.00000000
   0.270    72    21     4     4     0     1     0.00000000
   0.270    72    22     4     4     1    -1     0.00000000
   0.270    72    23     4     2     0     1     0.00000000
   0.270    72    24     4     2     1    -1    -0.00000000
   0.270    72    25     4     0     0     1     0.00000000
   0.270    72    26     4     4     1     1    -0.00000000
   0.270    72    27     4     4     2    -1    -0.00000000
   0.270    72    28     4     2     1     1     0.00000000
   0.270    72    29     4     2     2    -1     0.00000000
   0.270    72    30     4     4     2     1    -0.00000000
   0.270    72    31     4     4     3    -1     0.00000000
   0.270    72    32     4     2     2     1    -0.00000000
   0.270    72    33     4     4     3     1     0.00000000
   0.270    72    34     4     4     4    -1     0.00000000
   0.270    72    35     4     4     4     1    -0.00000000
   0.270    72    36     5     5     0     1    -0.00000000
   0.270    72    37     5     5     1    -1     0.00000000
   0.270    72    38     5     3     0     1    -0.00000000
   0.270    72    39     5     3     1    -1    -0.00000000
   0.270    72    40     5     1     0     1     0.00000000
   0.270    72    41     5     1     1    -1     0.00000000
   0.270    72    42     5     5     1     1    -0.00000000
   0.270    72    43     5     5     2    -1    -0.00000000
   0.270    72    44     5     3     1     1    -0.00000000
   0.270    72    45     5     3     2    -1     0.00000000
   0.270    72    46     5     1     1     1     0.00000000
   0.270    72    47     5     5     2     1    -0.00000000
   0.270    72    48     5     5     3    -1    -0.00000000
   0.270    72    49     5     3     2     1    -0.00000000
   0.270    72    50     5     3     3    -1     0.00000000
   0.270    72    51     5     5     3     1    -0.00000000
   0.270    72    52     5     5     4    -1     0.00000000
   0.270    72    53     5     3     3     1     0.00000000
   0.270    72    54     5     5     4     1     0.00000000
   0.270    72    55     5     5     5    -1    -0.00000000
   0.270    72    56     5     5     5     1     0.00000000
   0.270    72    57     6     6     0     1     0.00000000
   0.270    72    58     6     6     1    -1    -0.00000000
   0.270    72    59     6     4     0     1    -0.00000000
   0.270    72    60     6     4     1    -1     0.00000000
   0.270    72    61     6     2     0     1    -0.00000000
   0.270    72    62     6     2     1    -1    -0.00000000
   0.270    72    63     6     0     0     1     0.00000000
   0.270    72    64     6     6     1     1    -0.00000000
   0.270    72    65     6     6     2    -1     0.00000000
   0.270    72    66     6     4     1     1    -0.00000000
   0.270    72    67     6     4     2    -1    -0.00000000
   0.270    72    68     6     2     1     1     0.00000000
   0.270    72    69     6     2     2    -1     0.00000000
   0.270    72    70     6     6     2     1     0.00000000
   0.270    72    71     6     6     3    -1    -0.00000000
   0.270    72    72     6     4     2     1     0.00000000
   0.270    72    73     6     4     3    -1     0.00000000
   0.270    72    74     6     2     2     1    -0.00000000
   0.270    72    75     6     6     3     1     0.00000000
   0.270    72    76     6     6     4    -1    -0.00000000
   0.270    72    77     6     4     3     1     0.00000000
   0.270    72    78     6     4     4    -1     0.00000000
   0.270    72    79     6     6     4     1     0.00000000
   0.270    72    80     6     6     5    -1     0.00000000
   0.270    72    81     6     4     4     1     0.00000000
   0.270    72    82     6     6     5     1     0.00000000
   0.270    72    83     6     6     6    -1     0.00000000
   0.270    72    84     6     6     6     1    -1.00000000
   0.270    72    85     7     7     0     1    -0.00000000
   0.270    72    86     7     7     1    -1    -0.00000000
   0.270    72    87     7     5     0     1     0.00000000
   0.270    72    88     7     5     1    -1     0.00000000
   0.270    72    89     7     3     0     1     0.00000000
   0.270    72    90     7     3     1    -1     0.00000000
   0.270    72    91     7     1     0     1    -0.00000000
   0.270    72    92     7     1     1    -1    -0.00000000
   0.270    72    93     7     7     1     1     0.00000000
   0.270    72    94     7     7     2    -1     0.00000000
   0.270    72    95     7     5     1     1    -0.00000000
   0.270    72    96     7     5     2    -1    -0.00000000
   0.270    72    97     7     3     1     1     0.00000000
   0.270    72    98     7     3     2    -1    -0.00000000
   0.270    72    99     7     1     1     1    -0.00000000
   0.270    72   100     7     7     2     1     0.00000000
   0.270    72   101     7     7     3    -1     0.00000000
   0.270    72   102     7     5     2     1    -0.00000000
   0.270    72   103     7     5     3    -1     0.00000000
   0.270    72   104     7     3     2     1    -0.00000000
   0.270    72   105     7     3     3    -1    -0.00000000
   0.270    72   106     7     7     3     1     0.00000000
   0.270    72   107     7     7     4    -1     0.00000000
   0.270    72   108     7     5     3     1    -0.00000000
   0.270    72   109     7     5     4    -1    -0.00000000
   0.270    72   110     7     3     3     1    -0.00000000
   0.270    72   111     7     7     4     1     0.00000000
   0.270    72   112     7     7     5    -1    -0.00000000
   0.270    72   113     7     5     4     1     0.00000000
   0.270    72   114     7     5     5    -1     0.00000000
   0.270    72   115     7     7     5     1     0.00000000
   0.270    72   116     7     7     6    -1     0.00000000
   0.270    72   117     7     5     5     1     0.00000000
   0.270    72   118     7     7     6     1     0.00000000
   0.270    72   119     7     7     7    -1     0.00000000
   0.270    72   120     7     7     7     1     0.00000000
   0.270    73     1     0     0     0     1     0.00000000
   0.270    73     2     1     1     0     1    -0.00000000
   0.270    73     3     1     1     1    -1    -0.00000000
   0.270    73     4     1     1     1     1    -0.00000000
   0.270    73     5     2     2     0     1     0.00000000
   0.270    73     6     2     2     1    -1     0.00000000
   0.270    73     7     2     0     0     1     0.00000000
   0.270    73     8     2     2     1     1    -0.00000000
   0.270    73     9     2     2     2    -1     0.00000000
   0.270    73    10     2     2     2     1    -0.00000000
   0.270    73    11     3     3     0     1    -0.00000000
   0.270    73    12     3     3     1    -1     0.00000000
   0.270    73    13     3     1     0     1    -0.00000000
   0.270    73    14     3     1     1    -1    -0.00000000
   0.270    73    15     3     3     1     1    -0.00000000
   0.270    73    16     3     3     2    -1    -0.00000000
   0.270    73    17     3     1     1     1     0.00000000
   0.270    73    18     3     3     2     1    -0.00000000
   0.270    73    19     3     3     3    -1    -0.00000000
   0.270    73    20     3     3     3     1    -0.00157954
   0.270    73    21     4     4     0     1    -0.00000000
   0.270    73    22     4     4     1    -1    -0.00000000
   0.270    73    23     4     2     0     1     0.00000000
   0.270    73    24     4     2     1    -1    -0.00000000
   0.270    73    25     4     0     0     1     0.00000000
   0.270    73    26     4     4     1     1     0.00000000
   0.270    73    27     4     4     2    -1    -0.00000000
   0.270    73    28     4     2     1     1     0.00000000
   0.270    73    29     4     2     2    -1     0.00000000
   0.270    73    30     4     4     2     1     0.00000000
   0.270    73    31     4     4     3    -1    -0.00000000
   0.270    73    32     4     2     2     1     0.00000000
   0.270    73    33     4     4     3     1     0.00000000
   0.270    73    34     4     4     4    -1    -0.00000000
   0.270    73    35     4     4     4     1     0.00000000
   0.270    73    36     5     5     0     1     0.00000000
   0.270    73    37     5     5     1    -1    -0.00000000
   0.270    73    38     5     3     0     1     0.00000000
   0.270    73    39     5     3     1    -1     0.00000000
   0.270    73    40     5     1     0     1     0.00000000
   0.270    73    41     5     1     1    -1     0.00000000
   0.270    73    42     5     5     1     1    -0.00000000
   0.270    73    43     5     5     2    -1     0.00000000
   0.270    73    44     5     3     1     1     0.00000000
   0.270    73    45     5     3     2    -1     0.00000000
   0.270    73    46     5     1     1     1    -0.00000000
   0.270    73    47     5     5     2     1    -0.00000000
   0.270    73    48     5     5     3    -1     0.00000000
   0.270    73    49     5     3     2     1    -0.00000000
   0.270    73    50     5     3     3    -1    -0.00000000
   0.270    73    51     5     5     3     1     0.06736313
   0.270    73    52     5     5     4    -1     0.03073185
   0.270    73    53     5     3     3     1     0.00026015
   0.270    73    54     5     5     4     1    -0.00000000
   0.270    73    55     5     5     5    -1     0.00000000
   0.270    73    56     5     5     5     1     0.00000000
   0.270    73    57     6     6     0     1    -0.00000000
   0.270    73    58     6     6     1    -1    -0.00000000
   0.270    73    59     6     4     0     1     0.00000000
   0.270    73    60     6     4     1    -1    -0.00000000
   0.270    73    61     6     2     0     1     0.00000000
   0.270    73    62     6     2     1    -1    -0.00000000
   0.270    73    63     6     0     0     1     0.00000000
   0.270    73    64     6     6     1     1     0.00000000
   0.270    73    65     6     6     2    -1    -0.00000000
   0.270    73    66     6     4     1     1     0.00000000
   0.270    73    67     6     4     2    -1    -0.00000000
   0.270    73    68     6     2     1     1     0.00000000
   0.270    73    69     6     2     2    -1    -0.00000000
   0.270    73    70     6     6     2     1    -0.00000000
   0.270    73    71     6     6     3    -1    -0.00000000
   0.270    73    72     6     4     2     1     0.00000000
   0.270    73    73     6     4     3    -1    -0.00000000
   0.270    73    74     6     2     2     1    -0.00000000
   0.270    73    75     6     6     3     1    -0.00000000
   0.270    73    76     6     6     4    -1    -0.00000000
   0.270    73    77     6     4     3     1    -0.00000000
   0.270    73    78     6     4     4    -1     0.00000000
   0.270    73    79     6     6     4     1     0.00000000
   0.270    73    80     6     6     5    -1     0.00000000
   0.270    73    81     6     4     4     1    -0.00000000
   0.270    73    82     6     6     5     1    -0.00000000
   0.270    73    83     6     6     6    -1    -0.00000000
   0.270    73    84     6     6     6     1    -0.00000000
   0.270    73    85     7     7     0     1     0.00000000
   0.270    73    86     7     7     1    -1    -0.00000000
   0.270    73    87     7     5     0     1     0.00000000
   0.270    73    88     7     5     1    -1    -0.00000000
   0.270    73    89     7     3     0     1    -0.00000000
   0.270    73    90     7     3     1    -1    -0.00000000
   0.270    73    91     7     1     0     1     0.00000000
   0.270    73    92     7     1     1    -1     0.00000000
   0.270    73    93     7     7     1     1     0.00000000
   0.270    73    94     7     7     2    -1     0.00000000
   0.270    73    95     7     5     1     1    -0.00000000
   0.270    73    96     7     5     2    -1    -0.00000000
   0.270    73    97     7     3     1     1    -0.00000000
   0.270    73    98     7     3     2    -1    -0.00000000
   0.270    73    99     7     1     1     1    -0.00000000
   0.270    73   100     7     7     2     1     0.00000000
   0.270    73   101     7     7     3    -1     0.00000000
   0.270    73   102     7     5     2     1     0.00000000
   0.270    73   103     7     5     3    -1     0.00000000
   0.270    73   104     7     3     2     1    -0.00000000
   0.270    73   105     7     3     3    -1    -0.00000000
   0.270    73   106     7     7     3     1    -0.89102328
   0.270    73   107     7     7     4    -1    -0.44786897
   0.270    73   108     7     5     3     1     0.00062722
   0.270    73   109     7     5     4    -1    -0.00139014
   0.270    73   110     7     3     3     1     0.00194038
   0.270    73   111     7     7     4     1    -0.00000000
   0.270    73   112     7     7     5    -1    -0.00000000
   0.270    73   113     7     5     4     1    -0.00000000
   0.270    73   114     7     5     5    -1    -0.00000000
   0.270    73   115     7     7     5     1     0.00000000
   0.270    73   116     7     7     6    -1     0.00000000
   0.270    73   117     7     5     5     1     0.00000000
   0.270    73   118     7     7     6     1     0.00000000
   0.270    73   119     7     7     7    -1     0.00000000
   0.270    73   120     7     7     7     1     0.00000000
   0.270    74     1     0     0     0     1     0.00000000
   0.270    74     2     1     1     0     1     0.00000000
   0.270    74     3     1     1     1    -1     0.00000000
   0.270    74     4     1     1     1     1    -0.00000000
   0.270    74     5     2     2     0     1     0.00000000
   0.270    74     6     2     2     1    -1     0.00000000
   0.270    74     7     2     0     0     1    -0.00000000
   0.270    74     8     2     2     1     1    -0.00000000
   0.270    74     9     2     2     2    -1     0.00000000
   0.270    74    10     2     2     2     1     0.00000000
   0.270    74    11     3     3     0     1    -0.00000000
   0.270    74    12     3     3     1    -1     0.00000000
   0.270    74    13     3     1     0     1    -0.00000000
   0.270    74    14     3     1     1    -1     0.00000000
   0.270    74    15     3     3     1     1     0.00000000
   0.270    74    16     3     3     2    -1    -0.00000000
   0.270    74    17     3     1     1     1    -0.00000000
   0.270    74    18     3     3     2     1    -0.00000000
   0.270    74    19     3     3     3    -1     0.00000000
   0.270    74    20     3     3     3     1    -0.00000000
   0.270    74    21     4     4     0     1    -0.00000000
   0.270    74    22     4     4     1    -1    -0.00000000
   0.270    74    23     4     2     0     1    -0.00000000
   0.270    74    24     4     2     1    -1    -0.00000000
   0.270    74    25     4     0     0     1    -0.00000000
   0.270    74    26     4     4     1     1     0.00000000
   0.270    74    27     4     4     2    -1    -0.00000000
   0.270    74    28     4     2     1     1     0.00000000
   0.270    74    29     4     2     2    -1    -0.00000000
   0.270    74    30     4     4     2     1     0.00000000
   0.270    74    31     4     4     3    -1    -0.00000000
   0.270    74    32     4     2     2     1     0.00000000
   0.270    74    33     4     4     3     1    -0.01981806
   0.270    74    34     4     4     4    -1     0.03842386
   0.270    74    35     4     4     4     1    -0.00000000
   0.270    74    36     5     5     0     1     0.00000000
   0.270    74    37     5     5     1    -1    -0.00000000
   0.270    74    38     5     3     0     1     0.00000000
   0.270    74    39     5     3     1    -1     0.00000000
   0.270    74    40     5     1     0     1     0.00000000
   0.270    74    41     5     1     1    -1     0.00000000
   0.270    74    42     5     5     1     1    -0.00000000
   0.270    74    43     5     5     2    -1     0.00000000
   0.270    74    44     5     3     1     1    -0.00000000
   0.270    74    45     5     3     2    -1     0.00000000
   0.270    74    46     5     1     1     1    -0.00000000
   0.270    74    47     5     5     2     1     0.00000000
   0.270    74    48     5     5     3    -1    -0.00000000
   0.270    74    49     5     3     2     1    -0.00000000
   0.270    74    50     5     3     3    -1     0.00000000
   0.270    74    51     5     5     3     1     0.00000000
   0.270    74    52     5     5     4    -1    -0.00000000
   0.270    74    53     5     3     3     1     0.00000000
   0.270    74    54     5     5     4     1    -0.00000000
   0.270    74    55     5     5     5    -1    -0.00000000
   0.270    74    56     5     5     5     1     0.00000000
   0.270    74    57     6     6     0     1    -0.00000000
   0.270    74    58     6     6     1    -1     0.00000000
   0.270    74    59     6     4     0     1    -0.00000000
   0.270    74    60     6     4     1    -1     0.00000000
   0.270    74    61     6     2     0     1     0.00000000
   0.270    74    62     6     2     1    -1     0.00000000
   0.270    74    63     6     0     0     1    -0.00000000
   0.270    74    64     6     6     1     1    -0.00000000
   0.270    74    65     6     6     2    -1    -0.00000000
   0.270    74    66     6     4     1     1     0.00000000
   0.270    74    67     6     4     2    -1    -0.00000000
   0.270    74    68     6     2     1     1    -0.00000000
   0.270    74    69     6     2     2    -1    -0.00000000
   0.270    74    70     6     6     2     1    -0.00000000
   0.270    74    71     6     6     3    -1     0.00000000
   0.270    74    72     6     4     2     1    -0.00000000
   0.270    74    73     6     4     3    -1    -0.00000000
   0.270    74    74     6     2     2     1     0.00000000
   0.270    74    75     6     6     3     1     0.39432801
   0.270    74    76     6     6     4    -1    -0.91791212
   0.270    74    77     6     4     3     1    -0.00351175
   0.270    74    78     6     4     4    -1    -0.00782849
   0.270    74    79     6     6     4     1    -0.00000000
   0.270    74    80     6     6     5    -1     0.00000000
   0.270    74    81     6     4     4     1    -0.00000000
   0.270    74    82     6     6     5     1     0.00000000
   0.270    74    83     6     6     6    -1    -0.00000000
   0.270    74    84     6     6     6     1     0.00000000
   0.270    74    85     7     7     0     1     0.00000000
   0.270    74    86     7     7     1    -1     0.00000000
   0.270    74    87     7     5     0     1    -0.00000000
   0.270    74    88     7     5     1    -1    -0.00000000
   0.270    74    89     7     3     0     1     0.00000000
   0.270    74    90     7     3     1    -1    -0.00000000
   0.270    74    91     7     1     0     1    -0.00000000
   0.270    74    92     7     1     1    -1    -0.00000000
   0.270    74    93     7     7     1     1    -0.00000000
   0.270    74    94     7     7     2    -1    -0.00000000
   0.270    74    95     7     5     1     1    -0.00000000
   0.270    74    96     7     5     2    -1    -0.00000000
   0.270    74    97     7     3     1     1     0.00000000
   0.270    74    98     7     3     2    -1     0.00000000
   0.270    74    99     7     1     1     1     0.00000000
   0.270    74   100     7     7     2     1     0.00000000
   0.270    74   101     7     7     3    -1     0.00000000
   0.270    74   102     7     5     2     1    -0.00000000
   0.270    74   103     7     5     3    -1     0.00000000
   0.270    74   104     7     3     2     1    -0.00000000
   0.270    74   105     7     3     3    -1    -0.00000000
   0.270    74   106     7     7     3     1    -0.00000000
   0.270    74   107     7     7     4    -1    -0.00000000
   0.270    74   108     7     5     3     1    -0.00000000
   0.270    74   109     7     5     4    -1    -0.00000000
   0.270    74   110     7     3     3     1    -0.00000000
   0.270    74   111     7     7     4     1     0.00000000
   0.270    74   112     7     7     5    -1    -0.00000000
   0.270    74   113     7     5     4     1    -0.00000000
   0.270    74   114     7     5     5    -1    -0.00000000
   0.270    74   115     7     7     5     1     0.00000000
   0.270    74   116     7     7     6    -1     0.00000000
   0.270    74   117     7     5     5     1     0.00000000
   0.270    74   118     7     7     6     1     0.00000000
   0.270    74   119     7     7     7    -1     0.00000000
   0.270    74   120     7     7     7     1     0.00000000
   0.270    75     1     0     0     0     1    -0.00010475
   0.270    75     2     1     1     0     1    -0.00000000
   0.270    75     3     1     1     1    -1     0.00000000
   0.270    75     4     1     1     1     1    -0.00000000
   0.270    75     5     2     2     0     1     0.00651424
   0.270    75     6     2     2     1    -1     0.00100232
   0.270    75     7     2     0     0     1     0.00243133
   0.270    75     8     2     2     1     1     0.00000000
   0.270    75     9     2     2     2    -1    -0.00000000
   0.270    75    10     2     2     2     1    -0.00000000
   0.270    75    11     3     3     0     1     0.00000000
   0.270    75    12     3     3     1    -1    -0.00000000
   0.270    75    13     3     1     0     1     0.00000000
   0.270    75    14     3     1     1    -1     0.00000000
   0.270    75    15     3     3     1     1     0.00000000
   0.270    75    16     3     3     2    -1    -0.00000000
   0.270    75    17     3     1     1     1    -0.00000000
   0.270    75    18     3     3     2     1    -0.00000000
   0.270    75    19     3     3     3    -1     0.00000000
   0.270    75    20     3     3     3     1     0.00000000
   0.270    75    21     4     4     0     1    -0.02698829
   0.270    75    22     4     4     1    -1    -0.02553186
   0.270    75    23     4     2     0     1    -0.04690017
   0.270    75    24     4     2     1    -1    -0.04140461
   0.270    75    25     4     0     0     1    -0.15071235
   0.270    75    26     4     4     1     1    -0.00000000
   0.270    75    27     4     4     2    -1    -0.00000000
   0.270    75    28     4     2     1     1    -0.00000000
   0.270    75    29     4     2     2    -1     0.00000000
   0.270    75    30     4     4     2     1     0.00000000
   0.270    75    31     4     4     3    -1    -0.00000000
   0.270    75    32     4     2     2     1    -0.00000000
   0.270    75    33     4     4     3     1     0.00000000
   0.270    75    34     4     4     4    -1     0.00000000
   0.270    75    35     4     4     4     1     0.00000000
   0.270    75    36     5     5     0     1     0.00000000
   0.270    75    37     5     5     1    -1     0.00000000
   0.270    75    38     5     3     0     1    -0.00000000
   0.270    75    39     5     3     1    -1    -0.00000000
   0.270    75    40     5     1     0     1    -0.00000000
   0.270    75    41     5     1     1    -1    -0.00000000
   0.270    75    42     5     5     1     1    -0.00000000
   0.270    75    43     5     5     2    -1     0.00000000
   0.270    75    44     5     3     1     1     0.00000000
   0.270    75    45     5     3     2    -1     0.00000000
   0.270    75    46     5     1     1     1     0.00000000
   0.270    75    47     5     5     2     1    -0.00000000
   0.270    75    48     5     5     3    -1    -0.00000000
   0.270    75    49     5     3     2     1    -0.00000000
   0.270    75    50     5     3     3    -1     0.00000000
   0.270    75    51     5     5     3     1    -0.00000000
   0.270    75    52     5     5     4    -1     0.00000000
   0.270    75    53     5     3     3     1    -0.00000000
   0.270    75    54     5     5     4     1     0.00000000
   0.270    75    55     5     5     5    -1    -0.00000000
   0.270    75    56     5     5     5     1     0.00000000
   0.270    75    57     6     6     0     1     0.00307495
   0.270    75    58     6     6     1    -1     0.00292439
   0.270    75    59     6     4     0     1    -0.16175005
   0.270    75    60     6     4     1    -1     0.25806562
   0.270    75    61     6     2     0     1     0.84522699
   0.270    75    62     6     2     1    -1     0.40550943
   0.270    75    63     6     0     0     1    -0.01779608
   0.270    75    64     6     6     1     1    -0.00000000
   0.270    75    65     6     6     2    -1     0.00000000
   0.270    75    66     6     4     1     1     0.00000000
   0.270    75    67     6     4     2    -1    -0.00000000
   0.270    75    68     6     2     1     1     0.00000000
   0.270    75    69     6     2     2    -1    -0.00000000
   0.270    75    70     6     6     2     1    -0.00000000
   0.270    75    71     6     6     3    -1     0.00000000
   0.270    75    72     6     4     2     1    -0.00000000
   0.270    75    73     6     4     3    -1    -0.00000000
   0.270    75    74     6     2     2     1    -0.00000000
   0.270    75    75     6     6     3     1    -0.00000000
   0.270    75    76     6     6     4    -1     0.00000000
   0.270    75    77     6     4     3     1     0.00000000
   0.270    75    78     6     4     4    -1     0.00000000
   0.270    75    79     6     6     4     1     0.00000000
   0.270    75    80     6     6     5    -1     0.00000000
   0.270    75    81     6     4     4     1     0.00000000
   0.270    75    82     6     6     5     1    -0.00000000
   0.270    75    83     6     6     6    -1    -0.00000000
   0.270    75    84     6     6     6     1    -0.00000000
   0.270    75    85     7     7     0     1    -0.00000000
   0.270    75    86     7     7     1    -1     0.00000000
   0.270    75    87     7     5     0     1    -0.00000000
   0.270    75    88     7     5     1    -1    -0.00000000
   0.270    75    89     7     3     0     1     0.00000000
   0.270    75    90     7     3     1    -1    -0.00000000
   0.270    75    91     7     1     0     1    -0.00000000
   0.270    75    92     7     1     1    -1    -0.00000000
   0.270    75    93     7     7     1     1     0.00000000
   0.270    75    94     7     7     2    -1    -0.00000000
   0.270    75    95     7     5     1     1     0.00000000
   0.270    75    96     7     5     2    -1     0.00000000
   0.270    75    97     7     3     1     1    -0.00000000
   0.270    75    98     7     3     2    -1     0.00000000
   0.270    75    99     7     1     1     1    -0.00000000
   0.270    75   100     7     7     2     1     0.00000000
   0.270    75   101     7     7     3    -1     0.00000000
   0.270    75   102     7     5     2     1     0.00000000
   0.270    75   103     7     5     3    -1     0.00000000
   0.270    75   104     7     3     2     1    -0.00000000
   0.270    75   105     7     3     3    -1    -0.00000000
   0.270    75   106     7     7     3     1     0.00000000
   0.270    75   107     7     7     4    -1    -0.00000000
   0.270    75   108     7     5     3     1     0.00000000
   0.270    75   109     7     5     4    -1     0.00000000
   0.270    75   110     7     3     3     1    -0.00000000
   0.270    75   111     7     7     4     1     0.00000000
   0.270    75   112     7     7     5    -1    -0.00000000
   0.270    75   113     7     5     4     1    -0.00000000
   0.270    75   114     7     5     5    -1     0.00000000
   0.270    75   115     7     7     5     1     0.00000000
   0.270    75   116     7     7     6    -1     0.00000000
   0.270    75   117     7     5     5     1     0.00000000
   0.270    75   118     7     7     6     1     0.00000000
   0.270    75   119     7     7     7    -1     0.00000000
   0.270    75   120     7     7     7     1     0.00000000
   0.270    76     1     0     0     0     1     0.00000000
   0.270    76     2     1     1     0     1    -0.00000000
   0.270    76     3     1     1     1    -1     0.00000000
   0.270    76     4     1     1     1     1     0.00000000
   0.270    76     5     2     2     0     1    -0.00000000
   0.270    76     6     2     2     1    -1    -0.00000000
   0.270    76     7     2     0     0     1     0.00000000
   0.270    76     8     2     2     1     1    -0.00000000
   0.270    76     9     2     2     2    -1     0.00000000
   0.270    76    10     2     2     2     1     0.00000000
   0.270    76    11     3     3     0     1    -0.00000000
   0.270    76    12     3     3     1    -1    -0.00000000
   0.270    76    13     3     1     0     1    -0.00000000
   0.270    76    14     3     1     1    -1     0.00000000
   0.270    76    15     3     3     1     1     0.00000000
   0.270    76    16     3     3     2    -1    -0.00000000
   0.270    76    17     3     1     1     1     0.00000000
   0.270    76    18     3     3     2     1     0.00000000
   0.270    76    19     3     3     3    -1    -0.00000000
   0.270    76    20     3     3     3     1    -0.00000000
   0.270    76    21     4     4     0     1    -0.00000000
   0.270    76    22     4     4     1    -1     0.00000000
   0.270    76    23     4     2     0     1    -0.00000000
   0.270    76    24     4     2     1    -1     0.00000000
   0.270    76    25     4     0     0     1     0.00000000
   0.270    76    26     4     4     1     1     0.00000000
   0.270    76    27     4     4     2    -1     0.00000000
   0.270    76    28     4     2     1     1    -0.00000000
   0.270    76    29     4     2     2    -1    -0.00000000
   0.270    76    30     4     4     2     1    -0.00000000
   0.270    76    31     4     4     3    -1    -0.00000000
   0.270    76    32     4     2     2     1     0.00000000
   0.270    76    33     4     4     3     1     0.01718234
   0.270    76    34     4     4     4    -1     0.01819868
   0.270    76    35     4     4     4     1     0.00000000
   0.270    76    36     5     5     0     1    -0.00000000
   0.270    76    37     5     5     1    -1     0.00000000
   0.270    76    38     5     3     0     1     0.00000000
   0.270    76    39     5     3     1    -1     0.00000000
   0.270    76    40     5     1     0     1    -0.00000000
   0.270    76    41     5     1     1    -1     0.00000000
   0.270    76    42     5     5     1     1    -0.00000000
   0.270    76    43     5     5     2    -1     0.00000000
   0.270    76    44     5     3     1     1    -0.00000000
   0.270    76    45     5     3     2    -1    -0.00000000
   0.270    76    46     5     1     1     1     0.00000000
   0.270    76    47     5     5     2     1     0.00000000
   0.270    76    48     5     5     3    -1     0.00000000
   0.270    76    49     5     3     2     1     0.00000000
   0.270    76    50     5     3     3    -1    -0.00000000
   0.270    76    51     5     5     3     1    -0.00000000
   0.270    76    52     5     5     4    -1     0.00000000
   0.270    76    53     5     3     3     1    -0.00000000
   0.270    76    54     5     5     4     1    -0.00000000
   0.270    76    55     5     5     5    -1     0.00000000
   0.270    76    56     5     5     5     1     0.00000000
   0.270    76    57     6     6     0     1     0.00000000
   0.270    76    58     6     6     1    -1    -0.00000000
   0.270    76    59     6     4     0     1     0.00000000
   0.270    76    60     6     4     1    -1    -0.00000000
   0.270    76    61     6     2     0     1    -0.00000000
   0.270    76    62     6     2     1    -1    -0.00000000
   0.270    76    63     6     0     0     1    -0.00000000
   0.270    76    64     6     6     1     1     0.00000000
   0.270    76    65     6     6     2    -1    -0.00000000
   0.270    76    66     6     4     1     1     0.00000000
   0.270    76    67     6     4     2    -1    -0.00000000
   0.270    76    68     6     2     1     1    -0.00000000
   0.270    76    69     6     2     2    -1    -0.00000000
   0.270    76    70     6     6     2     1    -0.00000000
   0.270    76    71     6     6     3    -1     0.00000000
   0.270    76    72     6     4     2     1     0.00000000
   0.270    76    73     6     4     3    -1    -0.00000000
   0.270    76    74     6     2     2     1     0.00000000
   0.270    76    75     6     6     3     1    -0.00013299
   0.270    76    76     6     6     4    -1    -0.00498764
   0.270    76    77     6     4     3     1     0.98276544
   0.270    76    78     6     4     4    -1     0.18308678
   0.270    76    79     6     6     4     1     0.00000000
   0.270    76    80     6     6     5    -1    -0.00000000
   0.270    76    81     6     4     4     1     0.00000000
   0.270    76    82     6     6     5     1    -0.00000000
   0.270    76    83     6     6     6    -1    -0.00000000
   0.270    76    84     6     6     6     1     0.00000000
   0.270    76    85     7     7     0     1    -0.00000000
   0.270    76    86     7     7     1    -1     0.00000000
   0.270    76    87     7     5     0     1    -0.00000000
   0.270    76    88     7     5     1    -1    -0.00000000
   0.270    76    89     7     3     0     1     0.00000000
   0.270    76    90     7     3     1    -1     0.00000000
   0.270    76    91     7     1     0     1    -0.00000000
   0.270    76    92     7     1     1    -1    -0.00000000
   0.270    76    93     7     7     1     1    -0.00000000
   0.270    76    94     7     7     2    -1    -0.00000000
   0.270    76    95     7     5     1     1     0.00000000
   0.270    76    96     7     5     2    -1     0.00000000
   0.270    76    97     7     3     1     1     0.00000000
   0.270    76    98     7     3     2    -1     0.00000000
   0.270    76    99     7     1     1     1    -0.00000000
   0.270    76   100     7     7     2     1    -0.00000000
   0.270    76   101     7     7     3    -1    -0.00000000
   0.270    76   102     7     5     2     1     0.00000000
   0.270    76   103     7     5     3    -1    -0.00000000
   0.270    76   104     7     3     2     1     0.00000000
   0.270    76   105     7     3     3    -1     0.00000000
   0.270    76   106     7     7     3     1     0.00000000
   0.270    76   107     7     7     4    -1    -0.00000000
   0.270    76   108     7     5     3     1     0.00000000
   0.270    76   109     7     5     4    -1     0.00000000
   0.270    76   110     7     3     3     1     0.00000000
   0.270    76   111     7     7     4     1     0.00000000
   0.270    76   112     7     7     5    -1    -0.00000000
   0.270    76   113     7     5     4     1     0.00000000
   0.270    76   114     7     5     5    -1    -0.00000000
   0.270    76   115     7     7     5     1     0.00000000
   0.270    76   116     7     7     6    -1     0.00000000
   0.270    76   117     7     5     5     1     0.00000000
   0.270    76   118     7     7     6     1     0.00000000
   0.270    76   119     7     7     7    -1     0.00000000
   0.270    76   120     7     7     7     1     0.00000000
   0.270    77     1     0     0     0     1    -0.00007410
   0.270    77     2     1     1     0     1    -0.00000000
   0.270    77     3     1     1     1    -1     0.00000000
   0.270    77     4     1     1     1     1     0.00000000
   0.270    77     5     2     2     0     1     0.00463020
   0.270    77     6     2     2     1    -1    -0.00188250
   0.270    77     7     2     0     0     1     0.00418898
   0.270    77     8     2     2     1     1    -0.00000000
   0.270    77     9     2     2     2    -1     0.00000000
   0.270    77    10     2     2     2     1    -0.00000000
   0.270    77    11     3     3     0     1     0.00000000
   0.270    77    12     3     3     1    -1    -0.00000000
   0.270    77    13     3     1     0     1    -0.00000000
   0.270    77    14     3     1     1    -1     0.00000000
   0.270    77    15     3     3     1     1    -0.00000000
   0.270    77    16     3     3     2    -1     0.00000000
   0.270    77    17     3     1     1     1     0.00000000
   0.270    77    18     3     3     2     1     0.00000000
   0.270    77    19     3     3     3    -1    -0.00000000
   0.270    77    20     3     3     3     1    -0.00000000
   0.270    77    21     4     4     0     1    -0.04336561
   0.270    77    22     4     4     1    -1     0.02927348
   0.270    77    23     4     2     0     1    -0.08140987
   0.270    77    24     4     2     1    -1     0.07255491
   0.270    77    25     4     0     0     1    -0.04279979
   0.270    77    26     4     4     1     1     0.00000000
   0.270    77    27     4     4     2    -1    -0.00000000
   0.270    77    28     4     2     1     1    -0.00000000
   0.270    77    29     4     2     2    -1     0.00000000
   0.270    77    30     4     4     2     1     0.00000000
   0.270    77    31     4     4     3    -1    -0.00000000
   0.270    77    32     4     2     2     1     0.00000000
   0.270    77    33     4     4     3     1    -0.00000000
   0.270    77    34     4     4     4    -1    -0.00000000
   0.270    77    35     4     4     4     1     0.00000000
   0.270    77    36     5     5     0     1     0.00000000
   0.270    77    37     5     5     1    -1    -0.00000000
   0.270    77    38     5     3     0     1    -0.00000000
   0.270    77    39     5     3     1    -1    -0.00000000
   0.270    77    40     5     1     0     1     0.00000000
   0.270    77    41     5     1     1    -1     0.00000000
   0.270    77    42     5     5     1     1     0.00000000
   0.270    77    43     5     5     2    -1    -0.00000000
   0.270    77    44     5     3     1     1    -0.00000000
   0.270    77    45     5     3     2    -1    -0.00000000
   0.270    77    46     5     1     1     1    -0.00000000
   0.270    77    47     5     5     2     1     0.00000000
   0.270    77    48     5     5     3    -1     0.00000000
   0.270    77    49     5     3     2     1     0.00000000
   0.270    77    50     5     3     3    -1    -0.00000000
   0.270    77    51     5     5     3     1     0.00000000
   0.270    77    52     5     5     4    -1    -0.00000000
   0.270    77    53     5     3     3     1     0.00000000
   0.270    77    54     5     5     4     1    -0.00000000
   0.270    77    55     5     5     5    -1     0.00000000
   0.270    77    56     5     5     5     1     0.00000000
   0.270    77    57     6     6     0     1     0.01058754
   0.270    77    58     6     6     1    -1    -0.00957132
   0.270    77    59     6     4     0     1     0.59879152
   0.270    77    60     6     4     1    -1    -0.73037151
   0.270    77    61     6     2     0     1     0.24307961
   0.270    77    62     6     2     1    -1     0.17649648
   0.270    77    63     6     0     0     1    -0.03255925
   0.270    77    64     6     6     1     1    -0.00000000
   0.270    77    65     6     6     2    -1     0.00000000
   0.270    77    66     6     4     1     1     0.00000000
   0.270    77    67     6     4     2    -1    -0.00000000
   0.270    77    68     6     2     1     1     0.00000000
   0.270    77    69     6     2     2    -1     0.00000000
   0.270    77    70     6     6     2     1    -0.00000000
   0.270    77    71     6     6     3    -1     0.00000000
   0.270    77    72     6     4     2     1    -0.00000000
   0.270    77    73     6     4     3    -1    -0.00000000
   0.270    77    74     6     2     2     1    -0.00000000
   0.270    77    75     6     6     3     1    -0.00000000
   0.270    77    76     6     6     4    -1     0.00000000
   0.270    77    77     6     4     3     1    -0.00000000
   0.270    77    78     6     4     4    -1    -0.00000000
   0.270    77    79     6     6     4     1    -0.00000000
   0.270    77    80     6     6     5    -1     0.00000000
   0.270    77    81     6     4     4     1     0.00000000
   0.270    77    82     6     6     5     1    -0.00000000
   0.270    77    83     6     6     6    -1    -0.00000000
   0.270    77    84     6     6     6     1    -0.00000000
   0.270    77    85     7     7     0     1    -0.00000000
   0.270    77    86     7     7     1    -1     0.00000000
   0.270    77    87     7     5     0     1     0.00000000
   0.270    77    88     7     5     1    -1     0.00000000
   0.270    77    89     7     3     0     1     0.00000000
   0.270    77    90     7     3     1    -1     0.00000000
   0.270    77    91     7     1     0     1    -0.00000000
   0.270    77    92     7     1     1    -1    -0.00000000
   0.270    77    93     7     7     1     1    -0.00000000
   0.270    77    94     7     7     2    -1    -0.00000000
   0.270    77    95     7     5     1     1     0.00000000
   0.270    77    96     7     5     2    -1     0.00000000
   0.270    77    97     7     3     1     1     0.00000000
   0.270    77    98     7     3     2    -1    -0.00000000
   0.270    77    99     7     1     1     1     0.00000000
   0.270    77   100     7     7     2     1    -0.00000000
   0.270    77   101     7     7     3    -1    -0.00000000
   0.270    77   102     7     5     2     1    -0.00000000
   0.270    77   103     7     5     3    -1    -0.00000000
   0.270    77   104     7     3     2     1     0.00000000
   0.270    77   105     7     3     3    -1     0.00000000
   0.270    77   106     7     7     3     1    -0.00000000
   0.270    77   107     7     7     4    -1     0.00000000
   0.270    77   108     7     5     3     1    -0.00000000
   0.270    77   109     7     5     4    -1    -0.00000000
   0.270    77   110     7     3     3     1     0.00000000
   0.270    77   111     7     7     4     1    -0.00000000
   0.270    77   112     7     7     5    -1     0.00000000
   0.270    77   113     7     5     4     1    -0.00000000
   0.270    77   114     7     5     5    -1    -0.00000000
   0.270    77   115     7     7     5     1     0.00000000
   0.270    77   116     7     7     6    -1     0.00000000
   0.270    77   117     7     5     5     1     0.00000000
   0.270    77   118     7     7     6     1     0.00000000
   0.270    77   119     7     7     7    -1     0.00000000
   0.270    77   120     7     7     7     1     0.00000000
   0.270    78     1     0     0     0     1    -0.00000000
   0.270    78     2     1     1     0     1     0.00000000
   0.270    78     3     1     1     1    -1    -0.00000000
   0.270    78     4     1     1     1     1     0.00000000
   0.270    78     5     2     2     0     1     0.00000000
   0.270    78     6     2     2     1    -1     0.00000000
   0.270    78     7     2     0     0     1    -0.00000000
   0.270    78     8     2     2     1     1    -0.00000000
   0.270    78     9     2     2     2    -1    -0.00000000
   0.270    78    10     2     2     2     1    -0.00000000
   0.270    78    11     3     3     0     1    -0.00000000
   0.270    78    12     3     3     1    -1    -0.00000000
   0.270    78    13     3     1     0     1    -0.00000000
   0.270    78    14     3     1     1    -1     0.00000000
   0.270    78    15     3     3     1     1    -0.00000000
   0.270    78    16     3     3     2    -1     0.00000000
   0.270    78    17     3     1     1     1    -0.00000000
   0.270    78    18     3     3     2     1     0.00000000
   0.270    78    19     3     3     3    -1    -0.00000000
   0.270    78    20     3     3     3     1     0.00000000
   0.270    78    21     4     4     0     1     0.00000000
   0.270    78    22     4     4     1    -1     0.00000000
   0.270    78    23     4     2     0     1    -0.00000000
   0.270    78    24     4     2     1    -1     0.00000000
   0.270    78    25     4     0     0     1     0.00000000
   0.270    78    26     4     4     1     1    -0.00000000
   0.270    78    27     4     4     2    -1    -0.00000000
   0.270    78    28     4     2     1     1    -0.00000000
   0.270    78    29     4     2     2    -1     0.00000000
   0.270    78    30     4     4     2     1     0.00000000
   0.270    78    31     4     4     3    -1    -0.00000000
   0.270    78    32     4     2     2     1     0.00000000
   0.270    78    33     4     4     3     1     0.00000000
   0.270    78    34     4     4     4    -1     0.00000000
   0.270    78    35     4     4     4     1     0.00000000
   0.270    78    36     5     5     0     1    -0.00000000
   0.270    78    37     5     5     1    -1     0.00000000
   0.270    78    38     5     3     0     1    -0.00000000
   0.270    78    39     5     3     1    -1     0.00000000
   0.270    78    40     5     1     0     1    -0.00000000
   0.270    78    41     5     1     1    -1    -0.00000000
   0.270    78    42     5     5     1     1     0.00000000
   0.270    78    43     5     5     2    -1     0.00000000
   0.270    78    44     5     3     1     1     0.00000000
   0.270    78    45     5     3     2    -1    -0.00000000
   0.270    78    46     5     1     1     1     0.00000000
   0.270    78    47     5     5     2     1     0.00000000
   0.270    78    48     5     5     3    -1    -0.00000000
   0.270    78    49     5     3     2     1     0.00000000
   0.270    78    50     5     3     3    -1    -0.00000000
   0.270    78    51     5     5     3     1     0.00000000
   0.270    78    52     5     5     4    -1     0.00000000
   0.270    78    53     5     3     3     1     0.00000000
   0.270    78    54     5     5     4     1     0.05744301
   0.270    78    55     5     5     5    -1     0.01774568
   0.270    78    56     5     5     5     1     0.00000000
   0.270    78    57     6     6     0     1     0.00000000
   0.270    78    58     6     6     1    -1     0.00000000
   0.270    78    59     6     4     0     1     0.00000000
   0.270    78    60     6     4     1    -1     0.00000000
   0.270    78    61     6     2     0     1     0.00000000
   0.270    78    62     6     2     1    -1     0.00000000
   0.270    78    63     6     0     0     1    -0.00000000
   0.270    78    64     6     6     1     1    -0.00000000
   0.270    78    65     6     6     2    -1    -0.00000000
   0.270    78    66     6     4     1     1    -0.00000000
   0.270    78    67     6     4     2    -1    -0.00000000
   0.270    78    68     6     2     1     1    -0.00000000
   0.270    78    69     6     2     2    -1    -0.00000000
   0.270    78    70     6     6     2     1    -0.00000000
   0.270    78    71     6     6     3    -1    -0.00000000
   0.270    78    72     6     4     2     1    -0.00000000
   0.270    78    73     6     4     3    -1    -0.00000000
   0.270    78    74     6     2     2     1     0.00000000
   0.270    78    75     6     6     3     1     0.00000000
   0.270    78    76     6     6     4    -1     0.00000000
   0.270    78    77     6     4     3     1    -0.00000000
   0.270    78    78     6     4     4    -1    -0.00000000
   0.270    78    79     6     6     4     1     0.00000000
   0.270    78    80     6     6     5    -1     0.00000000
   0.270    78    81     6     4     4     1    -0.00000000
   0.270    78    82     6     6     5     1    -0.00000000
   0.270    78    83     6     6     6    -1     0.00000000
   0.270    78    84     6     6     6     1     0.00000000
   0.270    78    85     7     7     0     1     0.00000000
   0.270    78    86     7     7     1    -1    -0.00000000
   0.270    78    87     7     5     0     1     0.00000000
   0.270    78    88     7     5     1    -1    -0.00000000
   0.270    78    89     7     3     0     1     0.00000000
   0.270    78    90     7     3     1    -1     0.00000000
   0.270    78    91     7     1     0     1    -0.00000000
   0.270    78    92     7     1     1    -1    -0.00000000
   0.270    78    93     7     7     1     1     0.00000000
   0.270    78    94     7     7     2    -1     0.00000000
   0.270    78    95     7     5     1     1    -0.00000000
   0.270    78    96     7     5     2    -1     0.00000000
   0.270    78    97     7     3     1     1    -0.00000000
   0.270    78    98     7     3     2    -1    -0.00000000
   0.270    78    99     7     1     1     1    -0.00000000
   0.270    78   100     7     7     2     1     0.00000000
   0.270    78   101     7     7     3    -1    -0.00000000
   0.270    78   102     7     5     2     1    -0.00000000
   0.270    78   103     7     5     3    -1     0.00000000
   0.270    78   104     7     3     2     1     0.00000000
   0.270    78   105     7     3     3    -1    -0.00000000
   0.270    78   106     7     7     3     1    -0.00000000
   0.270    78   107     7     7     4    -1     0.00000000
   0.270    78   108     7     5     3     1    -0.00000000
   0.270    78   109     7     5     4    -1     0.00000000
   0.270    78   110     7     3     3     1     0.00000000
   0.270    78   111     7     7     4     1    -0.92742503
   0.270    78   112     7     7     5    -1    -0.36910760
   0.270    78   113     7     5     4     1    -0.00476781
   0.270    78   114     7     5     5    -1    -0.00224853
   0.270    78   115     7     7     5     1     0.00000000
   0.270    78   116     7     7     6    -1     0.00000000
   0.270    78   117     7     5     5     1     0.00000000
   0.270    78   118     7     7     6     1     0.00000000
   0.270    78   119     7     7     7    -1     0.00000000
   0.270    78   120     7     7     7     1     0.00000000
   0.270    79     1     0     0     0     1    -0.00000000
   0.270    79     2     1     1     0     1     0.00000000
   0.270    79     3     1     1     1    -1    -0.00000000
   0.270    79     4     1     1     1     1    -0.00000000
   0.270    79     5     2     2     0     1     0.00000000
   0.270    79     6     2     2     1    -1     0.00000000
   0.270    79     7     2     0     0     1     0.00000000
   0.270    79     8     2     2     1     1    -0.00102232
   0.270    79     9     2     2     2    -1     0.00021464
   0.270    79    10     2     2     2     1     0.00000000
   0.270    79    11     3     3     0     1     0.00000000
   0.270    79    12     3     3     1    -1     0.00000000
   0.270    79    13     3     1     0     1    -0.00000000
   0.270    79    14     3     1     1    -1    -0.00000000
   0.270    79    15     3     3     1     1     0.00000000
   0.270    79    16     3     3     2    -1     0.00000000
   0.270    79    17     3     1     1     1    -0.00000000
   0.270    79    18     3     3     2     1    -0.00000000
   0.270    79    19     3     3     3    -1     0.00000000
   0.270    79    20     3     3     3     1    -0.00000000
   0.270    79    21     4     4     0     1     0.00000000
   0.270    79    22     4     4     1    -1    -0.00000000
   0.270    79    23     4     2     0     1    -0.00000000
   0.270    79    24     4     2     1    -1    -0.00000000
   0.270    79    25     4     0     0     1    -0.00000000
   0.270    79    26     4     4     1     1     0.02933686
   0.270    79    27     4     4     2    -1     0.00707258
   0.270    79    28     4     2     1     1     0.02334306
   0.270    79    29     4     2     2    -1     0.01145707
   0.270    79    30     4     4     2     1     0.00000000
   0.270    79    31     4     4     3    -1    -0.00000000
   0.270    79    32     4     2     2     1     0.00000000
   0.270    79    33     4     4     3     1    -0.00000000
   0.270    79    34     4     4     4    -1     0.00000000
   0.270    79    35     4     4     4     1    -0.00000000
   0.270    79    36     5     5     0     1     0.00000000
   0.270    79    37     5     5     1    -1    -0.00000000
   0.270    79    38     5     3     0     1    -0.00000000
   0.270    79    39     5     3     1    -1    -0.00000000
   0.270    79    40     5     1     0     1    -0.00000000
   0.270    79    41     5     1     1    -1    -0.00000000
   0.270    79    42     5     5     1     1    -0.00000000
   0.270    79    43     5     5     2    -1    -0.00000000
   0.270    79    44     5     3     1     1     0.00000000
   0.270    79    45     5     3     2    -1    -0.00000000
   0.270    79    46     5     1     1     1    -0.00000000
   0.270    79    47     5     5     2     1     0.00000000
   0.270    79    48     5     5     3    -1    -0.00000000
   0.270    79    49     5     3     2     1    -0.00000000
   0.270    79    50     5     3     3    -1     0.00000000
   0.270    79    51     5     5     3     1     0.00000000
   0.270    79    52     5     5     4    -1    -0.00000000
   0.270    79    53     5     3     3     1     0.00000000
   0.270    79    54     5     5     4     1    -0.00000000
   0.270    79    55     5     5     5    -1     0.00000000
   0.270    79    56     5     5     5     1     0.00000000
   0.270    79    57     6     6     0     1     0.00000000
   0.270    79    58     6     6     1    -1    -0.00000000
   0.270    79    59     6     4     0     1     0.00000000
   0.270    79    60     6     4     1    -1    -0.00000000
   0.270    79    61     6     2     0     1    -0.00000000
   0.270    79    62     6     2     1    -1     0.00000000
   0.270    79    63     6     0     0     1     0.00000000
   0.270    79    64     6     6     1     1    -0.00400119
   0.270    79    65     6     6     2    -1     0.00073234
   0.270    79    66     6     4     1     1     0.13725462
   0.270    79    67     6     4     2    -1    -0.29883262
   0.270    79    68     6     2     1     1    -0.93473974
   0.270    79    69     6     2     2    -1    -0.12851999
   0.270    79    70     6     6     2     1    -0.00000000
   0.270    79    71     6     6     3    -1    -0.00000000
   0.270    79    72     6     4     2     1    -0.00000000
   0.270    79    73     6     4     3    -1    -0.00000000
   0.270    79    74     6     2     2     1    -0.00000000
   0.270    79    75     6     6     3     1    -0.00000000
   0.270    79    76     6     6     4    -1     0.00000000
   0.270    79    77     6     4     3     1    -0.00000000
   0.270    79    78     6     4     4    -1    -0.00000000
   0.270    79    79     6     6     4     1     0.00000000
   0.270    79    80     6     6     5    -1    -0.00000000
   0.270    79    81     6     4     4     1    -0.00000000
   0.270    79    82     6     6     5     1    -0.00000000
   0.270    79    83     6     6     6    -1    -0.00000000
   0.270    79    84     6     6     6     1    -0.00000000
   0.270    79    85     7     7     0     1    -0.00000000
   0.270    79    86     7     7     1    -1     0.00000000
   0.270    79    87     7     5     0     1    -0.00000000
   0.270    79    88     7     5     1    -1    -0.00000000
   0.270    79    89     7     3     0     1     0.00000000
   0.270    79    90     7     3     1    -1     0.00000000
   0.270    79    91     7     1     0     1     0.00000000
   0.270    79    92     7     1     1    -1     0.00000000
   0.270    79    93     7     7     1     1    -0.00000000
   0.270    79    94     7     7     2    -1     0.00000000
   0.270    79    95     7     5     1     1    -0.00000000
   0.270    79    96     7     5     2    -1    -0.00000000
   0.270    79    97     7     3     1     1    -0.00000000
   0.270    79    98     7     3     2    -1    -0.00000000
   0.270    79    99     7     1     1     1     0.00000000
   0.270    79   100     7     7     2     1     0.00000000
   0.270    79   101     7     7     3    -1     0.00000000
   0.270    79   102     7     5     2     1    -0.00000000
   0.270    79   103     7     5     3    -1     0.00000000
   0.270    79   104     7     3     2     1    -0.00000000
   0.270    79   105     7     3     3    -1    -0.00000000
   0.270    79   106     7     7     3     1    -0.00000000
   0.270    79   107     7     7     4    -1    -0.00000000
   0.270    79   108     7     5     3     1    -0.00000000
   0.270    79   109     7     5     4    -1    -0.00000000
   0.270    79   110     7     3     3     1    -0.00000000
   0.270    79   111     7     7     4     1     0.00000000
   0.270    79   112     7     7     5    -1    -0.00000000
   0.270    79   113     7     5     4     1    -0.00000000
   0.270    79   114     7     5     5    -1    -0.00000000
   0.270    79   115     7     7     5     1     0.00000000
   0.270    79   116     7     7     6    -1     0.00000000
   0.270    79   117     7     5     5     1     0.00000000
   0.270    79   118     7     7     6     1     0.00000000
   0.270    79   119     7     7     7    -1     0.00000000
   0.270    79   120     7     7     7     1     0.00000000
   0.270    80     1     0     0     0     1     0.00000000
   0.270    80     2     1     1     0     1    -0.00000000
   0.270    80     3     1     1     1    -1     0.00000000
   0.270    80     4     1     1     1     1     0.00000000
   0.270    80     5     2     2     0     1    -0.00000000
   0.270    80     6     2     2     1    -1    -0.00000000
   0.270    80     7     2     0     0     1    -0.00000000
   0.270    80     8     2     2     1     1     0.00141864
   0.270    80     9     2     2     2    -1     0.00187119
   0.270    80    10     2     2     2     1    -0.00000000
   0.270    80    11     3     3     0     1     0.00000000
   0.270    80    12     3     3     1    -1     0.00000000
   0.270    80    13     3     1     0     1    -0.00000000
   0.270    80    14     3     1     1    -1    -0.00000000
   0.270    80    15     3     3     1     1    -0.00000000
   0.270    80    16     3     3     2    -1    -0.00000000
   0.270    80    17     3     1     1     1     0.00000000
   0.270    80    18     3     3     2     1     0.00000000
   0.270    80    19     3     3     3    -1    -0.00000000
   0.270    80    20     3     3     3     1     0.00000000
   0.270    80    21     4     4     0     1     0.00000000
   0.270    80    22     4     4     1    -1    -0.00000000
   0.270    80    23     4     2     0     1     0.00000000
   0.270    80    24     4     2     1    -1    -0.00000000
   0.270    80    25     4     0     0     1     0.00000000
   0.270    80    26     4     4     1     1    -0.03120524
   0.270    80    27     4     4     2    -1     0.01959246
   0.270    80    28     4     2     1     1    -0.05621300
   0.270    80    29     4     2     2    -1     0.08183622
   0.270    80    30     4     4     2     1    -0.00000000
   0.270    80    31     4     4     3    -1     0.00000000
   0.270    80    32     4     2     2     1    -0.00000000
   0.270    80    33     4     4     3     1    -0.00000000
   0.270    80    34     4     4     4    -1    -0.00000000
   0.270    80    35     4     4     4     1    -0.00000000
   0.270    80    36     5     5     0     1    -0.00000000
   0.270    80    37     5     5     1    -1     0.00000000
   0.270    80    38     5     3     0     1     0.00000000
   0.270    80    39     5     3     1    -1     0.00000000
   0.270    80    40     5     1     0     1    -0.00000000
   0.270    80    41     5     1     1    -1    -0.00000000
   0.270    80    42     5     5     1     1     0.00000000
   0.270    80    43     5     5     2    -1     0.00000000
   0.270    80    44     5     3     1     1    -0.00000000
   0.270    80    45     5     3     2    -1     0.00000000
   0.270    80    46     5     1     1     1     0.00000000
   0.270    80    47     5     5     2     1    -0.00000000
   0.270    80    48     5     5     3    -1     0.00000000
   0.270    80    49     5     3     2     1     0.00000000
   0.270    80    50     5     3     3    -1    -0.00000000
   0.270    80    51     5     5     3     1    -0.00000000
   0.270    80    52     5     5     4    -1     0.00000000
   0.270    80    53     5     3     3     1    -0.00000000
   0.270    80    54     5     5     4     1     0.00000000
   0.270    80    55     5     5     5    -1    -0.00000000
   0.270    80    56     5     5     5     1     0.00000000
   0.270    80    57     6     6     0     1     0.00000000
   0.270    80    58     6     6     1    -1     0.00000000
   0.270    80    59     6     4     0     1    -0.00000000
   0.270    80    60     6     4     1    -1     0.00000000
   0.270    80    61     6     2     0     1    -0.00000000
   0.270    80    62     6     2     1    -1     0.00000000
   0.270    80    63     6     0     0     1     0.00000000
   0.270    80    64     6     6     1     1     0.00567726
   0.270    80    65     6     6     2    -1    -0.00533887
   0.270    80    66     6     4     1     1     0.43743208
   0.270    80    67     6     4     2    -1    -0.83131361
   0.270    80    68     6     2     1     1     0.32468864
   0.270    80    69     6     2     2    -1     0.02944817
   0.270    80    70     6     6     2     1    -0.00000000
   0.270    80    71     6     6     3    -1     0.00000000
   0.270    80    72     6     4     2     1     0.00000000
   0.270    80    73     6     4     3    -1    -0.00000000
   0.270    80    74     6     2     2     1     0.00000000
   0.270    80    75     6     6     3     1    -0.00000000
   0.270    80    76     6     6     4    -1     0.00000000
   0.270    80    77     6     4     3     1    -0.00000000
   0.270    80    78     6     4     4    -1    -0.00000000
   0.270    80    79     6     6     4     1     0.00000000
   0.270    80    80     6     6     5    -1    -0.00000000
   0.270    80    81     6     4     4     1    -0.00000000
   0.270    80    82     6     6     5     1    -0.00000000
   0.270    80    83     6     6     6    -1     0.00000000
   0.270    80    84     6     6     6     1     0.00000000
   0.270    80    85     7     7     0     1     0.00000000
   0.270    80    86     7     7     1    -1    -0.00000000
   0.270    80    87     7     5     0     1     0.00000000
   0.270    80    88     7     5     1    -1     0.00000000
   0.270    80    89     7     3     0     1    -0.00000000
   0.270    80    90     7     3     1    -1     0.00000000
   0.270    80    91     7     1     0     1    -0.00000000
   0.270    80    92     7     1     1    -1    -0.00000000
   0.270    80    93     7     7     1     1     0.00000000
   0.270    80    94     7     7     2    -1    -0.00000000
   0.270    80    95     7     5     1     1     0.00000000
   0.270    80    96     7     5     2    -1     0.00000000
   0.270    80    97     7     3     1     1     0.00000000
   0.270    80    98     7     3     2    -1     0.00000000
   0.270    80    99     7     1     1     1    -0.00000000
   0.270    80   100     7     7     2     1    -0.00000000
   0.270    80   101     7     7     3    -1    -0.00000000
   0.270    80   102     7     5     2     1     0.00000000
   0.270    80   103     7     5     3    -1    -0.00000000
   0.270    80   104     7     3     2     1     0.00000000
   0.270    80   105     7     3     3    -1     0.00000000
   0.270    80   106     7     7     3     1     0.00000000
   0.270    80   107     7     7     4    -1     0.00000000
   0.270    80   108     7     5     3     1     0.00000000
   0.270    80   109     7     5     4    -1     0.00000000
   0.270    80   110     7     3     3     1     0.00000000
   0.270    80   111     7     7     4     1    -0.00000000
   0.270    80   112     7     7     5    -1     0.00000000
   0.270    80   113     7     5     4     1     0.00000000
   0.270    80   114     7     5     5    -1     0.00000000
   0.270    80   115     7     7     5     1     0.00000000
   0.270    80   116     7     7     6    -1     0.00000000
   0.270    80   117     7     5     5     1     0.00000000
   0.270    80   118     7     7     6     1     0.00000000
   0.270    80   119     7     7     7    -1     0.00000000
   0.270    80   120     7     7     7     1     0.00000000
   0.270    81     1     0     0     0     1     0.00000000
   0.270    81     2     1     1     0     1    -0.00000000
   0.270    81     3     1     1     1    -1    -0.00000000
   0.270    81     4     1     1     1     1    -0.00000000
   0.270    81     5     2     2     0     1    -0.00000000
   0.270    81     6     2     2     1    -1     0.00000000
   0.270    81     7     2     0     0     1    -0.00000000
   0.270    81     8     2     2     1     1    -0.00000000
   0.270    81     9     2     2     2    -1    -0.00000000
   0.270    81    10     2     2     2     1     0.00000000
   0.270    81    11     3     3     0     1    -0.00000000
   0.270    81    12     3     3     1    -1     0.00000000
   0.270    81    13     3     1     0     1     0.00000000
   0.270    81    14     3     1     1    -1    -0.00000000
   0.270    81    15     3     3     1     1     0.00000000
   0.270    81    16     3     3     2    -1    -0.00000000
   0.270    81    17     3     1     1     1     0.00000000
   0.270    81    18     3     3     2     1     0.00000000
   0.270    81    19     3     3     3    -1     0.00000000
   0.270    81    20     3     3     3     1    -0.00000000
   0.270    81    21     4     4     0     1     0.00000000
   0.270    81    22     4     4     1    -1     0.00000000
   0.270    81    23     4     2     0     1     0.00000000
   0.270    81    24     4     2     1    -1    -0.00000000
   0.270    81    25     4     0     0     1    -0.00000000
   0.270    81    26     4     4     1     1     0.00000000
   0.270    81    27     4     4     2    -1    -0.00000000
   0.270    81    28     4     2     1     1     0.00000000
   0.270    81    29     4     2     2    -1    -0.00000000
   0.270    81    30     4     4     2     1     0.00000000
   0.270    81    31     4     4     3    -1     0.00000000
   0.270    81    32     4     2     2     1    -0.00000000
   0.270    81    33     4     4     3     1     0.00000000
   0.270    81    34     4     4     4    -1     0.00000000
   0.270    81    35     4     4     4     1     0.00786015
   0.270    81    36     5     5     0     1     0.00000000
   0.270    81    37     5     5     1    -1    -0.00000000
   0.270    81    38     5     3     0     1    -0.00000000
   0.270    81    39     5     3     1    -1     0.00000000
   0.270    81    40     5     1     0     1    -0.00000000
   0.270    81    41     5     1     1    -1    -0.00000000
   0.270    81    42     5     5     1     1     0.00000000
   0.270    81    43     5     5     2    -1     0.00000000
   0.270    81    44     5     3     1     1    -0.00000000
   0.270    81    45     5     3     2    -1    -0.00000000
   0.270    81    46     5     1     1     1    -0.00000000
   0.270    81    47     5     5     2     1    -0.00000000
   0.270    81    48     5     5     3    -1    -0.00000000
   0.270    81    49     5     3     2     1    -0.00000000
   0.270    81    50     5     3     3    -1     0.00000000
   0.270    81    51     5     5     3     1    -0.00000000
   0.270    81    52     5     5     4    -1     0.00000000
   0.270    81    53     5     3     3     1     0.00000000
   0.270    81    54     5     5     4     1    -0.00000000
   0.270    81    55     5     5     5    -1    -0.00000000
   0.270    81    56     5     5     5     1     0.00000000
   0.270    81    57     6     6     0     1     0.00000000
   0.270    81    58     6     6     1    -1    -0.00000000
   0.270    81    59     6     4     0     1    -0.00000000
   0.270    81    60     6     4     1    -1    -0.00000000
   0.270    81    61     6     2     0     1    -0.00000000
   0.270    81    62     6     2     1    -1     0.00000000
   0.270    81    63     6     0     0     1    -0.00000000
   0.270    81    64     6     6     1     1    -0.00000000
   0.270    81    65     6     6     2    -1    -0.00000000
   0.270    81    66     6     4     1     1     0.00000000
   0.270    81    67     6     4     2    -1    -0.00000000
   0.270    81    68     6     2     1     1     0.00000000
   0.270    81    69     6     2     2    -1    -0.00000000
   0.270    81    70     6     6     2     1     0.00000000
   0.270    81    71     6     6     3    -1    -0.00000000
   0.270    81    72     6     4     2     1     0.00000000
   0.270    81    73     6     4     3    -1    -0.00000000
   0.270    81    74     6     2     2     1    -0.00000000
   0.270    81    75     6     6     3     1    -0.00000000
   0.270    81    76     6     6     4    -1     0.00000000
   0.270    81    77     6     4     3     1     0.00000000
   0.270    81    78     6     4     4    -1     0.00000000
   0.270    81    79     6     6     4     1    -0.30081965
   0.270    81    80     6     6     5    -1     0.95362793
   0.270    81    81     6     4     4     1    -0.00628650
   0.270    81    82     6     6     5     1     0.00000000
   0.270    81    83     6     6     6    -1     0.00000000
   0.270    81    84     6     6     6     1     0.00000000
   0.270    81    85     7     7     0     1     0.00000000
   0.270    81    86     7     7     1    -1     0.00000000
   0.270    81    87     7     5     0     1    -0.00000000
   0.270    81    88     7     5     1    -1    -0.00000000
   0.270    81    89     7     3     0     1     0.00000000
   0.270    81    90     7     3     1    -1    -0.00000000
   0.270    81    91     7     1     0     1     0.00000000
   0.270    81    92     7     1     1    -1     0.00000000
   0.270    81    93     7     7     1     1    -0.00000000
   0.270    81    94     7     7     2    -1    -0.00000000
   0.270    81    95     7     5     1     1     0.00000000
   0.270    81    96     7     5     2    -1    -0.00000000
   0.270    81    97     7     3     1     1    -0.00000000
   0.270    81    98     7     3     2    -1    -0.00000000
   0.270    81    99     7     1     1     1    -0.00000000
   0.270    81   100     7     7     2     1     0.00000000
   0.270    81   101     7     7     3    -1     0.00000000
   0.270    81   102     7     5     2     1    -0.00000000
   0.270    81   103     7     5     3    -1     0.00000000
   0.270    81   104     7     3     2     1    -0.00000000
   0.270    81   105     7     3     3    -1    -0.00000000
   0.270    81   106     7     7     3     1     0.00000000
   0.270    81   107     7     7     4    -1     0.00000000
   0.270    81   108     7     5     3     1     0.00000000
   0.270    81   109     7     5     4    -1    -0.00000000
   0.270    81   110     7     3     3     1    -0.00000000
   0.270    81   111     7     7     4     1     0.00000000
   0.270    81   112     7     7     5    -1    -0.00000000
   0.270    81   113     7     5     4     1     0.00000000
   0.270    81   114     7     5     5    -1    -0.00000000
   0.270    81   115     7     7     5     1     0.00000000
   0.270    81   116     7     7     6    -1     0.00000000
   0.270    81   117     7     5     5     1     0.00000000
   0.270    81   118     7     7     6     1     0.00000000
   0.270    81   119     7     7     7    -1     0.00000000
   0.270    81   120     7     7     7     1     0.00000000
   0.270    82     1     0     0     0     1     0.00000000
   0.270    82     2     1     1     0     1     0.00000000
   0.270    82     3     1     1     1    -1     0.00000000
   0.270    82     4     1     1     1     1     0.00000000
   0.270    82     5     2     2     0     1     0.00000000
   0.270    82     6     2     2     1    -1     0.00000000
   0.270    82     7     2     0     0     1     0.00000000
   0.270    82     8     2     2     1     1     0.00000000
   0.270    82     9     2     2     2    -1     0.00000000
   0.270    82    10     2     2     2     1     0.00000000
   0.270    82    11     3     3     0     1     0.00000000
   0.270    82    12     3     3     1    -1     0.00000000
   0.270    82    13     3     1     0     1     0.00000000
   0.270    82    14     3     1     1    -1     0.00000000
   0.270    82    15     3     3     1     1     0.00000000
   0.270    82    16     3     3     2    -1     0.00000000
   0.270    82    17     3     1     1     1     0.00000000
   0.270    82    18     3     3     2     1     0.00000000
   0.270    82    19     3     3     3    -1     0.00000000
   0.270    82    20     3     3     3     1     0.00000000
   0.270    82    21     4     4     0     1     0.00000000
   0.270    82    22     4     4     1    -1     0.00000000
   0.270    82    23     4     2     0     1     0.00000000
   0.270    82    24     4     2     1    -1     0.00000000
   0.270    82    25     4     0     0     1     0.00000000
   0.270    82    26     4     4     1     1     0.00000000
   0.270    82    27     4     4     2    -1     0.00000000
   0.270    82    28     4     2     1     1     0.00000000
   0.270    82    29     4     2     2    -1     0.00000000
   0.270    82    30     4     4     2     1     0.00000000
   0.270    82    31     4     4     3    -1     0.00000000
   0.270    82    32     4     2     2     1     0.00000000
   0.270    82    33     4     4     3     1     0.00000000
   0.270    82    34     4     4     4    -1     0.00000000
   0.270    82    35     4     4     4     1     0.00000000
   0.270    82    36     5     5     0     1     0.00000000
   0.270    82    37     5     5     1    -1     0.00000000
   0.270    82    38     5     3     0     1     0.00000000
   0.270    82    39     5     3     1    -1     0.00000000
   0.270    82    40     5     1     0     1     0.00000000
   0.270    82    41     5     1     1    -1     0.00000000
   0.270    82    42     5     5     1     1     0.00000000
   0.270    82    43     5     5     2    -1     0.00000000
   0.270    82    44     5     3     1     1     0.00000000
   0.270    82    45     5     3     2    -1     0.00000000
   0.270    82    46     5     1     1     1     0.00000000
   0.270    82    47     5     5     2     1     0.00000000
   0.270    82    48     5     5     3    -1     0.00000000
   0.270    82    49     5     3     2     1     0.00000000
   0.270    82    50     5     3     3    -1     0.00000000
   0.270    82    51     5     5     3     1     0.00000000
   0.270    82    52     5     5     4    -1     0.00000000
   0.270    82    53     5     3     3     1     0.00000000
   0.270    82    54     5     5     4     1     0.00000000
   0.270    82    55     5     5     5    -1     0.00000000
   0.270    82    56     5     5     5     1     0.03956846
   0.270    82    57     6     6     0     1     0.00000000
   0.270    82    58     6     6     1    -1     0.00000000
   0.270    82    59     6     4     0     1     0.00000000
   0.270    82    60     6     4     1    -1     0.00000000
   0.270    82    61     6     2     0     1     0.00000000
   0.270    82    62     6     2     1    -1     0.00000000
   0.270    82    63     6     0     0     1     0.00000000
   0.270    82    64     6     6     1     1     0.00000000
   0.270    82    65     6     6     2    -1     0.00000000
   0.270    82    66     6     4     1     1     0.00000000
   0.270    82    67     6     4     2    -1     0.00000000
   0.270    82    68     6     2     1     1     0.00000000
   0.270    82    69     6     2     2    -1     0.00000000
   0.270    82    70     6     6     2     1     0.00000000
   0.270    82    71     6     6     3    -1     0.00000000
   0.270    82    72     6     4     2     1     0.00000000
   0.270    82    73     6     4     3    -1     0.00000000
   0.270    82    74     6     2     2     1     0.00000000
   0.270    82    75     6     6     3     1     0.00000000
   0.270    82    76     6     6     4    -1     0.00000000
   0.270    82    77     6     4     3     1     0.00000000
   0.270    82    78     6     4     4    -1     0.00000000
   0.270    82    79     6     6     4     1     0.00000000
   0.270    82    80     6     6     5    -1     0.00000000
   0.270    82    81     6     4     4     1     0.00000000
   0.270    82    82     6     6     5     1     0.00000000
   0.270    82    83     6     6     6    -1     0.00000000
   0.270    82    84     6     6     6     1     0.00000000
   0.270    82    85     7     7     0     1     0.00000000
   0.270    82    86     7     7     1    -1     0.00000000
   0.270    82    87     7     5     0     1     0.00000000
   0.270    82    88     7     5     1    -1     0.00000000
   0.270    82    89     7     3     0     1     0.00000000
   0.270    82    90     7     3     1    -1     0.00000000
   0.270    82    91     7     1     0     1     0.00000000
   0.270    82    92     7     1     1    -1     0.00000000
   0.270    82    93     7     7     1     1     0.00000000
   0.270    82    94     7     7     2    -1     0.00000000
   0.270    82    95     7     5     1     1     0.00000000
   0.270    82    96     7     5     2    -1     0.00000000
   0.270    82    97     7     3     1     1     0.00000000
   0.270    82    98     7     3     2    -1     0.00000000
   0.270    82    99     7     1     1     1     0.00000000
   0.270    82   100     7     7     2     1     0.00000000
   0.270    82   101     7     7     3    -1     0.00000000
   0.270    82   102     7     5     2     1     0.00000000
   0.270    82   103     7     5     3    -1     0.00000000
   0.270    82   104     7     3     2     1     0.00000000
   0.270    82   105     7     3     3    -1     0.00000000
   0.270    82   106     7     7     3     1     0.00000000
   0.270    82   107     7     7     4    -1     0.00000000
   0.270    82   108     7     5     3     1     0.00000000
   0.270    82   109     7     5     4    -1     0.00000000
   0.270    82   110     7     3     3     1     0.00000000
   0.270    82   111     7     7     4     1     0.00000000
   0.270    82   112     7     7     5    -1     0.00000000
   0.270    82   113     7     5     4     1     0.00000000
   0.270    82   114     7     5     5    -1     0.00000000
   0.270    82   115     7     7     5     1    -0.95731050
   0.270    82   116     7     7     6    -1    -0.28626350
   0.270    82   117     7     5     5     1    -0.00664474
   0.270    82   118     7     7     6     1     0.00000000
   0.270    82   119     7     7     7    -1     0.00000000
   0.270    82   120     7     7     7     1     0.00000000
   0.270    83     1     0     0     0     1     0.00004817
   0.270    83     2     1     1     0     1     0.00000000
   0.270    83     3     1     1     1    -1     0.00000000
   0.270    83     4     1     1     1     1     0.00000000
   0.270    83     5     2     2     0     1    -0.00316046
   0.270    83     6     2     2     1    -1     0.00144889
   0.270    83     7     2     0     0     1    -0.00152546
   0.270    83     8     2     2     1     1     0.00000000
   0.270    83     9     2     2     2    -1     0.00000000
   0.270    83    10     2     2     2     1     0.00000000
   0.270    83    11     3     3     0     1     0.00000000
   0.270    83    12     3     3     1    -1    -0.00000000
   0.270    83    13     3     1     0     1    -0.00000000
   0.270    83    14     3     1     1    -1     0.00000000
   0.270    83    15     3     3     1     1    -0.00000000
   0.270    83    16     3     3     2    -1     0.00000000
   0.270    83    17     3     1     1     1     0.00000000
   0.270    83    18     3     3     2     1     0.00000000
   0.270    83    19     3     3     3    -1    -0.00000000
   0.270    83    20     3     3     3     1     0.00000000
   0.270    83    21     4     4     0     1     0.02140465
   0.270    83    22     4     4     1    -1    -0.03617342
   0.270    83    23     4     2     0     1     0.03197361
   0.270    83    24     4     2     1    -1    -0.03855088
   0.270    83    25     4     0     0     1     0.06424412
   0.270    83    26     4     4     1     1    -0.00000000
   0.270    83    27     4     4     2    -1    -0.00000000
   0.270    83    28     4     2     1     1    -0.00000000
   0.270    83    29     4     2     2    -1    -0.00000000
   0.270    83    30     4     4     2     1    -0.00000000
   0.270    83    31     4     4     3    -1     0.00000000
   0.270    83    32     4     2     2     1     0.00000000
   0.270    83    33     4     4     3     1    -0.00000000
   0.270    83    34     4     4     4    -1    -0.00000000
   0.270    83    35     4     4     4     1    -0.00000000
   0.270    83    36     5     5     0     1    -0.00000000
   0.270    83    37     5     5     1    -1    -0.00000000
   0.270    83    38     5     3     0     1     0.00000000
   0.270    83    39     5     3     1    -1     0.00000000
   0.270    83    40     5     1     0     1    -0.00000000
   0.270    83    41     5     1     1    -1    -0.00000000
   0.270    83    42     5     5     1     1    -0.00000000
   0.270    83    43     5     5     2    -1    -0.00000000
   0.270    83    44     5     3     1     1    -0.00000000
   0.270    83    45     5     3     2    -1     0.00000000
   0.270    83    46     5     1     1     1     0.00000000
   0.270    83    47     5     5     2     1    -0.00000000
   0.270    83    48     5     5     3    -1     0.00000000
   0.270    83    49     5     3     2     1     0.00000000
   0.270    83    50     5     3     3    -1    -0.00000000
   0.270    83    51     5     5     3     1    -0.00000000
   0.270    83    52     5     5     4    -1     0.00000000
   0.270    83    53     5     3     3     1    -0.00000000
   0.270    83    54     5     5     4     1     0.00000000
   0.270    83    55     5     5     5    -1    -0.00000000
   0.270    83    56     5     5     5     1     0.00000000
   0.270    83    57     6     6     0     1    -0.00412770
   0.270    83    58     6     6     1    -1     0.00561257
   0.270    83    59     6     4     0     1    -0.02763913
   0.270    83    60     6     4     1    -1     0.03397386
   0.270    83    61     6     2     0     1    -0.43342751
   0.270    83    62     6     2     1    -1     0.89491309
   0.270    83    63     6     0     0     1     0.02979243
   0.270    83    64     6     6     1     1    -0.00000000
   0.270    83    65     6     6     2    -1     0.00000000
   0.270    83    66     6     4     1     1    -0.00000000
   0.270    83    67     6     4     2    -1     0.00000000
   0.270    83    68     6     2     1     1     0.00000000
   0.270    83    69     6     2     2    -1     0.00000000
   0.270    83    70     6     6     2     1     0.00000000
   0.270    83    71     6     6     3    -1    -0.00000000
   0.270    83    72     6     4     2     1    -0.00000000
   0.270    83    73     6     4     3    -1     0.00000000
   0.270    83    74     6     2     2     1     0.00000000
   0.270    83    75     6     6     3     1     0.00000000
   0.270    83    76     6     6     4    -1    -0.00000000
   0.270    83    77     6     4     3     1    -0.00000000
   0.270    83    78     6     4     4    -1     0.00000000
   0.270    83    79     6     6     4     1     0.00000000
   0.270    83    80     6     6     5    -1    -0.00000000
   0.270    83    81     6     4     4     1    -0.00000000
   0.270    83    82     6     6     5     1     0.00000000
   0.270    83    83     6     6     6    -1     0.00000000
   0.270    83    84     6     6     6     1     0.00000000
   0.270    83    85     7     7     0     1     0.00000000
   0.270    83    86     7     7     1    -1    -0.00000000
   0.270    83    87     7     5     0     1    -0.00000000
   0.270    83    88     7     5     1    -1    -0.00000000
   0.270    83    89     7     3     0     1     0.00000000
   0.270    83    90     7     3     1    -1     0.00000000
   0.270    83    91     7     1     0     1     0.00000000
   0.270    83    92     7     1     1    -1     0.00000000
   0.270    83    93     7     7     1     1     0.00000000
   0.270    83    94     7     7     2    -1     0.00000000
   0.270    83    95     7     5     1     1     0.00000000
   0.270    83    96     7     5     2    -1     0.00000000
   0.270    83    97     7     3     1     1     0.00000000
   0.270    83    98     7     3     2    -1     0.00000000
   0.270    83    99     7     1     1     1    -0.00000000
   0.270    83   100     7     7     2     1    -0.00000000
   0.270    83   101     7     7     3    -1    -0.00000000
   0.270    83   102     7     5     2     1     0.00000000
   0.270    83   103     7     5     3    -1    -0.00000000
   0.270    83   104     7     3     2     1     0.00000000
   0.270    83   105     7     3     3    -1     0.00000000
   0.270    83   106     7     7     3     1     0.00000000
   0.270    83   107     7     7     4    -1     0.00000000
   0.270    83   108     7     5     3     1     0.00000000
   0.270    83   109     7     5     4    -1     0.00000000
   0.270    83   110     7     3     3     1     0.00000000
   0.270    83   111     7     7     4     1    -0.00000000
   0.270    83   112     7     7     5    -1     0.00000000
   0.270    83   113     7     5     4     1     0.00000000
   0.270    83   114     7     5     5    -1     0.00000000
   0.270    83   115     7     7     5     1     0.00000000
   0.270    83   116     7     7     6    -1     0.00000000
   0.270    83   117     7     5     5     1     0.00000000
   0.270    83   118     7     7     6     1     0.00000000
   0.270    83   119     7     7     7    -1     0.00000000
   0.270    83   120     7     7     7     1     0.00000000
   0.270    84     1     0     0     0     1    -0.00000000
   0.270    84     2     1     1     0     1     0.00017554
   0.270    84     3     1     1     1    -1    -0.00001604
   0.270    84     4     1     1     1     1    -0.00000000
   0.270    84     5     2     2     0     1     0.00000000
   0.270    84     6     2     2     1    -1    -0.00000000
   0.270    84     7     2     0     0     1    -0.00000000
   0.270    84     8     2     2     1     1     0.00000000
   0.270    84     9     2     2     2    -1     0.00000000
   0.270    84    10     2     2     2     1     0.00000000
   0.270    84    11     3     3     0     1    -0.00390586
   0.270    84    12     3     3     1    -1    -0.00271602
   0.270    84    13     3     1     0     1    -0.00465152
   0.270    84    14     3     1     1    -1    -0.00477415
   0.270    84    15     3     3     1     1    -0.00000000
   0.270    84    16     3     3     2    -1     0.00000000
   0.270    84    17     3     1     1     1    -0.00000000
   0.270    84    18     3     3     2     1    -0.00000000
   0.270    84    19     3     3     3    -1     0.00000000
   0.270    84    20     3     3     3     1     0.00000000
   0.270    84    21     4     4     0     1    -0.00000000
   0.270    84    22     4     4     1    -1     0.00000000
   0.270    84    23     4     2     0     1    -0.00000000
   0.270    84    24     4     2     1    -1     0.00000000
   0.270    84    25     4     0     0     1     0.00000000
   0.270    84    26     4     4     1     1     0.00000000
   0.270    84    27     4     4     2    -1    -0.00000000
   0.270    84    28     4     2     1     1    -0.00000000
   0.270    84    29     4     2     2    -1     0.00000000
   0.270    84    30     4     4     2     1    -0.00000000
   0.270    84    31     4     4     3    -1     0.00000000
   0.270    84    32     4     2     2     1     0.00000000
   0.270    84    33     4     4     3     1    -0.00000000
   0.270    84    34     4     4     4    -1     0.00000000
   0.270    84    35     4     4     4     1     0.00000000
   0.270    84    36     5     5     0     1     0.04218343
   0.270    84    37     5     5     1    -1     0.03207610
   0.270    84    38     5     3     0     1     0.09558089
   0.270    84    39     5     3     1    -1     0.08443558
   0.270    84    40     5     1     0     1    -0.01127780
   0.270    84    41     5     1     1    -1    -0.00624050
   0.270    84    42     5     5     1     1     0.00000000
   0.270    84    43     5     5     2    -1    -0.00000000
   0.270    84    44     5     3     1     1     0.00000000
   0.270    84    45     5     3     2    -1     0.00000000
   0.270    84    46     5     1     1     1    -0.00000000
   0.270    84    47     5     5     2     1     0.00000000
   0.270    84    48     5     5     3    -1    -0.00000000
   0.270    84    49     5     3     2     1     0.00000000
   0.270    84    50     5     3     3    -1    -0.00000000
   0.270    84    51     5     5     3     1    -0.00000000
   0.270    84    52     5     5     4    -1    -0.00000000
   0.270    84    53     5     3     3     1     0.00000000
   0.270    84    54     5     5     4     1    -0.00000000
   0.270    84    55     5     5     5    -1     0.00000000
   0.270    84    56     5     5     5     1     0.00000000
   0.270    84    57     6     6     0     1    -0.00000000
   0.270    84    58     6     6     1    -1     0.00000000
   0.270    84    59     6     4     0     1     0.00000000
   0.270    84    60     6     4     1    -1    -0.00000000
   0.270    84    61     6     2     0     1     0.00000000
   0.270    84    62     6     2     1    -1    -0.00000000
   0.270    84    63     6     0     0     1    -0.00000000
   0.270    84    64     6     6     1     1    -0.00000000
   0.270    84    65     6     6     2    -1     0.00000000
   0.270    84    66     6     4     1     1    -0.00000000
   0.270    84    67     6     4     2    -1    -0.00000000
   0.270    84    68     6     2     1     1     0.00000000
   0.270    84    69     6     2     2    -1     0.00000000
   0.270    84    70     6     6     2     1     0.00000000
   0.270    84    71     6     6     3    -1     0.00000000
   0.270    84    72     6     4     2     1    -0.00000000
   0.270    84    73     6     4     3    -1     0.00000000
   0.270    84    74     6     2     2     1     0.00000000
   0.270    84    75     6     6     3     1    -0.00000000
   0.270    84    76     6     6     4    -1     0.00000000
   0.270    84    77     6     4     3     1    -0.00000000
   0.270    84    78     6     4     4    -1     0.00000000
   0.270    84    79     6     6     4     1     0.00000000
   0.270    84    80     6     6     5    -1    -0.00000000
   0.270    84    81     6     4     4     1     0.00000000
   0.270    84    82     6     6     5     1    -0.00000000
   0.270    84    83     6     6     6    -1    -0.00000000
   0.270    84    84     6     6     6     1    -0.00000000
   0.270    84    85     7     7     0     1    -0.00290863
   0.270    84    86     7     7     1    -1    -0.01237327
   0.270    84    87     7     5     0     1    -0.75223057
   0.270    84    88     7     5     1    -1    -0.64165498
   0.270    84    89     7     3     0     1     0.03840918
   0.270    84    90     7     3     1    -1     0.02634478
   0.270    84    91     7     1     0     1     0.02639040
   0.270    84    92     7     1     1    -1     0.00970117
   0.270    84    93     7     7     1     1    -0.00000000
   0.270    84    94     7     7     2    -1     0.00000000
   0.270    84    95     7     5     1     1    -0.00000000
   0.270    84    96     7     5     2    -1     0.00000000
   0.270    84    97     7     3     1     1    -0.00000000
   0.270    84    98     7     3     2    -1    -0.00000000
   0.270    84    99     7     1     1     1    -0.00000000
   0.270    84   100     7     7     2     1    -0.00000000
   0.270    84   101     7     7     3    -1     0.00000000
   0.270    84   102     7     5     2     1     0.00000000
   0.270    84   103     7     5     3    -1    -0.00000000
   0.270    84   104     7     3     2     1    -0.00000000
   0.270    84   105     7     3     3    -1    -0.00000000
   0.270    84   106     7     7     3     1     0.00000000
   0.270    84   107     7     7     4    -1     0.00000000
   0.270    84   108     7     5     3     1    -0.00000000
   0.270    84   109     7     5     4    -1    -0.00000000
   0.270    84   110     7     3     3     1    -0.00000000
   0.270    84   111     7     7     4     1    -0.00000000
   0.270    84   112     7     7     5    -1     0.00000000
   0.270    84   113     7     5     4     1     0.00000000
   0.270    84   114     7     5     5    -1    -0.00000000
   0.270    84   115     7     7     5     1     0.00000000
   0.270    84   116     7     7     6    -1     0.00000000
   0.270    84   117     7     5     5     1     0.00000000
   0.270    84   118     7     7     6     1     0.00000000
   0.270    84   119     7     7     7    -1     0.00000000
   0.270    84   120     7     7     7     1     0.00000000
   0.270    85     1     0     0     0     1     0.00000000
   0.270    85     2     1     1     0     1    -0.00000000
   0.270    85     3     1     1     1    -1     0.00000000
   0.270    85     4     1     1     1     1    -0.00000000
   0.270    85     5     2     2     0     1    -0.00000000
   0.270    85     6     2     2     1    -1    -0.00000000
   0.270    85     7     2     0     0     1     0.00000000
   0.270    85     8     2     2     1     1    -0.00000000
   0.270    85     9     2     2     2    -1    -0.00000000
   0.270    85    10     2     2     2     1    -0.00000000
   0.270    85    11     3     3     0     1    -0.00000000
   0.270    85    12     3     3     1    -1     0.00000000
   0.270    85    13     3     1     0     1    -0.00000000
   0.270    85    14     3     1     1    -1    -0.00000000
   0.270    85    15     3     3     1     1    -0.00000000
   0.270    85    16     3     3     2    -1    -0.00000000
   0.270    85    17     3     1     1     1     0.00000000
   0.270    85    18     3     3     2     1     0.00000000
   0.270    85    19     3     3     3    -1     0.00000000
   0.270    85    20     3     3     3     1     0.00000000
   0.270    85    21     4     4     0     1     0.00000000
   0.270    85    22     4     4     1    -1     0.00000000
   0.270    85    23     4     2     0     1    -0.00000000
   0.270    85    24     4     2     1    -1     0.00000000
   0.270    85    25     4     0     0     1    -0.00000000
   0.270    85    26     4     4     1     1    -0.00000000
   0.270    85    27     4     4     2    -1    -0.00000000
   0.270    85    28     4     2     1     1    -0.00000000
   0.270    85    29     4     2     2    -1    -0.00000000
   0.270    85    30     4     4     2     1     0.00000000
   0.270    85    31     4     4     3    -1    -0.00000000
   0.270    85    32     4     2     2     1    -0.00000000
   0.270    85    33     4     4     3     1     0.00000000
   0.270    85    34     4     4     4    -1     0.00000000
   0.270    85    35     4     4     4     1    -0.07035166
   0.270    85    36     5     5     0     1     0.00000000
   0.270    85    37     5     5     1    -1    -0.00000000
   0.270    85    38     5     3     0     1     0.00000000
   0.270    85    39     5     3     1    -1     0.00000000
   0.270    85    40     5     1     0     1    -0.00000000
   0.270    85    41     5     1     1    -1     0.00000000
   0.270    85    42     5     5     1     1     0.00000000
   0.270    85    43     5     5     2    -1     0.00000000
   0.270    85    44     5     3     1     1     0.00000000
   0.270    85    45     5     3     2    -1    -0.00000000
   0.270    85    46     5     1     1     1     0.00000000
   0.270    85    47     5     5     2     1    -0.00000000
   0.270    85    48     5     5     3    -1    -0.00000000
   0.270    85    49     5     3     2     1     0.00000000
   0.270    85    50     5     3     3    -1    -0.00000000
   0.270    85    51     5     5     3     1    -0.00000000
   0.270    85    52     5     5     4    -1     0.00000000
   0.270    85    53     5     3     3     1     0.00000000
   0.270    85    54     5     5     4     1    -0.00000000
   0.270    85    55     5     5     5    -1     0.00000000
   0.270    85    56     5     5     5     1     0.00000000
   0.270    85    57     6     6     0     1    -0.00000000
   0.270    85    58     6     6     1    -1     0.00000000
   0.270    85    59     6     4     0     1     0.00000000
   0.270    85    60     6     4     1    -1     0.00000000
   0.270    85    61     6     2     0     1     0.00000000
   0.270    85    62     6     2     1    -1    -0.00000000
   0.270    85    63     6     0     0     1     0.00000000
   0.270    85    64     6     6     1     1    -0.00000000
   0.270    85    65     6     6     2    -1     0.00000000
   0.270    85    66     6     4     1     1    -0.00000000
   0.270    85    67     6     4     2    -1     0.00000000
   0.270    85    68     6     2     1     1     0.00000000
   0.270    85    69     6     2     2    -1     0.00000000
   0.270    85    70     6     6     2     1     0.00000000
   0.270    85    71     6     6     3    -1    -0.00000000
   0.270    85    72     6     4     2     1     0.00000000
   0.270    85    73     6     4     3    -1    -0.00000000
   0.270    85    74     6     2     2     1     0.00000000
   0.270    85    75     6     6     3     1    -0.00000000
   0.270    85    76     6     6     4    -1     0.00000000
   0.270    85    77     6     4     3     1     0.00000000
   0.270    85    78     6     4     4    -1     0.00000000
   0.270    85    79     6     6     4     1     0.00515593
   0.270    85    80     6     6     5    -1    -0.00436942
   0.270    85    81     6     4     4     1    -0.99749936
   0.270    85    82     6     6     5     1    -0.00000000
   0.270    85    83     6     6     6    -1     0.00000000
   0.270    85    84     6     6     6     1    -0.00000000
   0.270    85    85     7     7     0     1    -0.00000000
   0.270    85    86     7     7     1    -1     0.00000000
   0.270    85    87     7     5     0     1    -0.00000000
   0.270    85    88     7     5     1    -1    -0.00000000
   0.270    85    89     7     3     0     1     0.00000000
   0.270    85    90     7     3     1    -1     0.00000000
   0.270    85    91     7     1     0     1     0.00000000
   0.270    85    92     7     1     1    -1     0.00000000
   0.270    85    93     7     7     1     1    -0.00000000
   0.270    85    94     7     7     2    -1    -0.00000000
   0.270    85    95     7     5     1     1     0.00000000
   0.270    85    96     7     5     2    -1    -0.00000000
   0.270    85    97     7     3     1     1    -0.00000000
   0.270    85    98     7     3     2    -1    -0.00000000
   0.270    85    99     7     1     1     1    -0.00000000
   0.270    85   100     7     7     2     1     0.00000000
   0.270    85   101     7     7     3    -1     0.00000000
   0.270    85   102     7     5     2     1    -0.00000000
   0.270    85   103     7     5     3    -1    -0.00000000
   0.270    85   104     7     3     2     1    -0.00000000
   0.270    85   105     7     3     3    -1     0.00000000
   0.270    85   106     7     7     3     1     0.00000000
   0.270    85   107     7     7     4    -1     0.00000000
   0.270    85   108     7     5     3     1    -0.00000000
   0.270    85   109     7     5     4    -1    -0.00000000
   0.270    85   110     7     3     3     1    -0.00000000
   0.270    85   111     7     7     4     1    -0.00000000
   0.270    85   112     7     7     5    -1     0.00000000
   0.270    85   113     7     5     4     1    -0.00000000
   0.270    85   114     7     5     5    -1    -0.00000000
   0.270    85   115     7     7     5     1     0.00000000
   0.270    85   116     7     7     6    -1     0.00000000
   0.270    85   117     7     5     5     1     0.00000000
   0.270    85   118     7     7     6     1     0.00000000
   0.270    85   119     7     7     7    -1     0.00000000
   0.270    85   120     7     7     7     1     0.00000000
   0.270    86     1     0     0     0     1     0.00000000
   0.270    86     2     1     1     0     1    -0.00000000
   0.270    86     3     1     1     1    -1     0.00000000
   0.270    86     4     1     1     1     1     0.00001101
   0.270    86     5     2     2     0     1     0.00000000
   0.270    86     6     2     2     1    -1     0.00000000
   0.270    86     7     2     0     0     1    -0.00000000
   0.270    86     8     2     2     1     1    -0.00000000
   0.270    86     9     2     2     2    -1    -0.00000000
   0.270    86    10     2     2     2     1     0.00000000
   0.270    86    11     3     3     0     1    -0.00000000
   0.270    86    12     3     3     1    -1     0.00000000
   0.270    86    13     3     1     0     1    -0.00000000
   0.270    86    14     3     1     1    -1     0.00000000
   0.270    86    15     3     3     1     1     0.00362438
   0.270    86    16     3     3     2    -1     0.00030312
   0.270    86    17     3     1     1     1     0.00581813
   0.270    86    18     3     3     2     1    -0.00000000
   0.270    86    19     3     3     3    -1     0.00000000
   0.270    86    20     3     3     3     1    -0.00000000
   0.270    86    21     4     4     0     1     0.00000000
   0.270    86    22     4     4     1    -1     0.00000000
   0.270    86    23     4     2     0     1    -0.00000000
   0.270    86    24     4     2     1    -1    -0.00000000
   0.270    86    25     4     0     0     1     0.00000000
   0.270    86    26     4     4     1     1    -0.00000000
   0.270    86    27     4     4     2    -1    -0.00000000
   0.270    86    28     4     2     1     1     0.00000000
   0.270    86    29     4     2     2    -1    -0.00000000
   0.270    86    30     4     4     2     1     0.00000000
   0.270    86    31     4     4     3    -1     0.00000000
   0.270    86    32     4     2     2     1     0.00000000
   0.270    86    33     4     4     3     1    -0.00000000
   0.270    86    34     4     4     4    -1    -0.00000000
   0.270    86    35     4     4     4     1    -0.00000000
   0.270    86    36     5     5     0     1    -0.00000000
   0.270    86    37     5     5     1    -1    -0.00000000
   0.270    86    38     5     3     0     1     0.00000000
   0.270    86    39     5     3     1    -1    -0.00000000
   0.270    86    40     5     1     0     1    -0.00000000
   0.270    86    41     5     1     1    -1    -0.00000000
   0.270    86    42     5     5     1     1    -0.04300479
   0.270    86    43     5     5     2    -1    -0.01664330
   0.270    86    44     5     3     1     1    -0.10683793
   0.270    86    45     5     3     2    -1    -0.06693231
   0.270    86    46     5     1     1     1     0.00670540
   0.270    86    47     5     5     2     1     0.00000000
   0.270    86    48     5     5     3    -1    -0.00000000
   0.270    86    49     5     3     2     1    -0.00000000
   0.270    86    50     5     3     3    -1    -0.00000000
   0.270    86    51     5     5     3     1     0.00000000
   0.270    86    52     5     5     4    -1     0.00000000
   0.270    86    53     5     3     3     1     0.00000000
   0.270    86    54     5     5     4     1    -0.00000000
   0.270    86    55     5     5     5    -1    -0.00000000
   0.270    86    56     5     5     5     1     0.00000000
   0.270    86    57     6     6     0     1    -0.00000000
   0.270    86    58     6     6     1    -1    -0.00000000
   0.270    86    59     6     4     0     1    -0.00000000
   0.270    86    60     6     4     1    -1    -0.00000000
   0.270    86    61     6     2     0     1     0.00000000
   0.270    86    62     6     2     1    -1     0.00000000
   0.270    86    63     6     0     0     1    -0.00000000
   0.270    86    64     6     6     1     1    -0.00000000
   0.270    86    65     6     6     2    -1    -0.00000000
   0.270    86    66     6     4     1     1    -0.00000000
   0.270    86    67     6     4     2    -1    -0.00000000
   0.270    86    68     6     2     1     1    -0.00000000
   0.270    86    69     6     2     2    -1     0.00000000
   0.270    86    70     6     6     2     1     0.00000000
   0.270    86    71     6     6     3    -1     0.00000000
   0.270    86    72     6     4     2     1    -0.00000000
   0.270    86    73     6     4     3    -1     0.00000000
   0.270    86    74     6     2     2     1     0.00000000
   0.270    86    75     6     6     3     1     0.00000000
   0.270    86    76     6     6     4    -1    -0.00000000
   0.270    86    77     6     4     3     1    -0.00000000
   0.270    86    78     6     4     4    -1    -0.00000000
   0.270    86    79     6     6     4     1     0.00000000
   0.270    86    80     6     6     5    -1    -0.00000000
   0.270    86    81     6     4     4     1     0.00000000
   0.270    86    82     6     6     5     1    -0.00000000
   0.270    86    83     6     6     6    -1     0.00000000
   0.270    86    84     6     6     6     1    -0.00000000
   0.270    86    85     7     7     0     1     0.00000000
   0.270    86    86     7     7     1    -1    -0.00000000
   0.270    86    87     7     5     0     1     0.00000000
   0.270    86    88     7     5     1    -1    -0.00000000
   0.270    86    89     7     3     0     1    -0.00000000
   0.270    86    90     7     3     1    -1    -0.00000000
   0.270    86    91     7     1     0     1     0.00000000
   0.270    86    92     7     1     1    -1    -0.00000000
   0.270    86    93     7     7     1     1    -0.00521142
   0.270    86    94     7     7     2    -1     0.02069939
   0.270    86    95     7     5     1     1     0.84062482
   0.270    86    96     7     5     2    -1     0.52316799
   0.270    86    97     7     3     1     1    -0.03000771
   0.270    86    98     7     3     2    -1    -0.00604273
   0.270    86    99     7     1     1     1    -0.01182512
   0.270    86   100     7     7     2     1     0.00000000
   0.270    86   101     7     7     3    -1    -0.00000000
   0.270    86   102     7     5     2     1     0.00000000
   0.270    86   103     7     5     3    -1     0.00000000
   0.270    86   104     7     3     2     1    -0.00000000
   0.270    86   105     7     3     3    -1     0.00000000
   0.270    86   106     7     7     3     1    -0.00000000
   0.270    86   107     7     7     4    -1    -0.00000000
   0.270    86   108     7     5     3     1     0.00000000
   0.270    86   109     7     5     4    -1    -0.00000000
   0.270    86   110     7     3     3     1     0.00000000
   0.270    86   111     7     7     4     1     0.00000000
   0.270    86   112     7     7     5    -1     0.00000000
   0.270    86   113     7     5     4     1     0.00000000
   0.270    86   114     7     5     5    -1     0.00000000
   0.270    86   115     7     7     5     1     0.00000000
   0.270    86   116     7     7     6    -1     0.00000000
   0.270    86   117     7     5     5     1     0.00000000
   0.270    86   118     7     7     6     1     0.00000000
   0.270    86   119     7     7     7    -1     0.00000000
   0.270    86   120     7     7     7     1     0.00000000
   0.270    87     1     0     0     0     1    -0.00000000
   0.270    87     2     1     1     0     1     0.00000000
   0.270    87     3     1     1     1    -1     0.00000000
   0.270    87     4     1     1     1     1     0.00000000
   0.270    87     5     2     2     0     1    -0.00000000
   0.270    87     6     2     2     1    -1    -0.00000000
   0.270    87     7     2     0     0     1    -0.00000000
   0.270    87     8     2     2     1     1     0.00000000
   0.270    87     9     2     2     2    -1     0.00000000
   0.270    87    10     2     2     2     1     0.00043284
   0.270    87    11     3     3     0     1     0.00000000
   0.270    87    12     3     3     1    -1     0.00000000
   0.270    87    13     3     1     0     1     0.00000000
   0.270    87    14     3     1     1    -1     0.00000000
   0.270    87    15     3     3     1     1    -0.00000000
   0.270    87    16     3     3     2    -1     0.00000000
   0.270    87    17     3     1     1     1    -0.00000000
   0.270    87    18     3     3     2     1     0.00000000
   0.270    87    19     3     3     3    -1    -0.00000000
   0.270    87    20     3     3     3     1    -0.00000000
   0.270    87    21     4     4     0     1    -0.00000000
   0.270    87    22     4     4     1    -1     0.00000000
   0.270    87    23     4     2     0     1    -0.00000000
   0.270    87    24     4     2     1    -1     0.00000000
   0.270    87    25     4     0     0     1    -0.00000000
   0.270    87    26     4     4     1     1    -0.00000000
   0.270    87    27     4     4     2    -1    -0.00000000
   0.270    87    28     4     2     1     1    -0.00000000
   0.270    87    29     4     2     2    -1     0.00000000
   0.270    87    30     4     4     2     1     0.00437064
   0.270    87    31     4     4     3    -1     0.01675750
   0.270    87    32     4     2     2     1     0.02050215
   0.270    87    33     4     4     3     1     0.00000000
   0.270    87    34     4     4     4    -1    -0.00000000
   0.270    87    35     4     4     4     1    -0.00000000
   0.270    87    36     5     5     0     1    -0.00000000
   0.270    87    37     5     5     1    -1     0.00000000
   0.270    87    38     5     3     0     1    -0.00000000
   0.270    87    39     5     3     1    -1    -0.00000000
   0.270    87    40     5     1     0     1     0.00000000
   0.270    87    41     5     1     1    -1     0.00000000
   0.270    87    42     5     5     1     1     0.00000000
   0.270    87    43     5     5     2    -1    -0.00000000
   0.270    87    44     5     3     1     1     0.00000000
   0.270    87    45     5     3     2    -1     0.00000000
   0.270    87    46     5     1     1     1    -0.00000000
   0.270    87    47     5     5     2     1    -0.00000000
   0.270    87    48     5     5     3    -1    -0.00000000
   0.270    87    49     5     3     2     1     0.00000000
   0.270    87    50     5     3     3    -1    -0.00000000
   0.270    87    51     5     5     3     1     0.00000000
   0.270    87    52     5     5     4    -1     0.00000000
   0.270    87    53     5     3     3     1     0.00000000
   0.270    87    54     5     5     4     1     0.00000000
   0.270    87    55     5     5     5    -1     0.00000000
   0.270    87    56     5     5     5     1     0.00000000
   0.270    87    57     6     6     0     1     0.00000000
   0.270    87    58     6     6     1    -1    -0.00000000
   0.270    87    59     6     4     0     1     0.00000000
   0.270    87    60     6     4     1    -1    -0.00000000
   0.270    87    61     6     2     0     1     0.00000000
   0.270    87    62     6     2     1    -1    -0.00000000
   0.270    87    63     6     0     0     1     0.00000000
   0.270    87    64     6     6     1     1     0.00000000
   0.270    87    65     6     6     2    -1    -0.00000000
   0.270    87    66     6     4     1     1     0.00000000
   0.270    87    67     6     4     2    -1    -0.00000000
   0.270    87    68     6     2     1     1    -0.00000000
   0.270    87    69     6     2     2    -1     0.00000000
   0.270    87    70     6     6     2     1     0.00006476
   0.270    87    71     6     6     3    -1    -0.00179879
   0.270    87    72     6     4     2     1    -0.31346778
   0.270    87    73     6     4     3    -1     0.94915540
   0.270    87    74     6     2     2     1    -0.01087623
   0.270    87    75     6     6     3     1    -0.00000000
   0.270    87    76     6     6     4    -1    -0.00000000
   0.270    87    77     6     4     3     1     0.00000000
   0.270    87    78     6     4     4    -1     0.00000000
   0.270    87    79     6     6     4     1    -0.00000000
   0.270    87    80     6     6     5    -1     0.00000000
   0.270    87    81     6     4     4     1    -0.00000000
   0.270    87    82     6     6     5     1     0.00000000
   0.270    87    83     6     6     6    -1    -0.00000000
   0.270    87    84     6     6     6     1    -0.00000000
   0.270    87    85     7     7     0     1     0.00000000
   0.270    87    86     7     7     1    -1    -0.00000000
   0.270    87    87     7     5     0     1     0.00000000
   0.270    87    88     7     5     1    -1     0.00000000
   0.270    87    89     7     3     0     1    -0.00000000
   0.270    87    90     7     3     1    -1    -0.00000000
   0.270    87    91     7     1     0     1     0.00000000
   0.270    87    92     7     1     1    -1     0.00000000
   0.270    87    93     7     7     1     1    -0.00000000
   0.270    87    94     7     7     2    -1     0.00000000
   0.270    87    95     7     5     1     1    -0.00000000
   0.270    87    96     7     5     2    -1    -0.00000000
   0.270    87    97     7     3     1     1     0.00000000
   0.270    87    98     7     3     2    -1     0.00000000
   0.270    87    99     7     1     1     1     0.00000000
   0.270    87   100     7     7     2     1     0.00000000
   0.270    87   101     7     7     3    -1     0.00000000
   0.270    87   102     7     5     2     1    -0.00000000
   0.270    87   103     7     5     3    -1    -0.00000000
   0.270    87   104     7     3     2     1    -0.00000000
   0.270    87   105     7     3     3    -1     0.00000000
   0.270    87   106     7     7     3     1    -0.00000000
   0.270    87   107     7     7     4    -1    -0.00000000
   0.270    87   108     7     5     3     1     0.00000000
   0.270    87   109     7     5     4    -1    -0.00000000
   0.270    87   110     7     3     3     1     0.00000000
   0.270    87   111     7     7     4     1    -0.00000000
   0.270    87   112     7     7     5    -1    -0.00000000
   0.270    87   113     7     5     4     1    -0.00000000
   0.270    87   114     7     5     5    -1    -0.00000000
   0.270    87   115     7     7     5     1     0.00000000
   0.270    87   116     7     7     6    -1     0.00000000
   0.270    87   117     7     5     5     1     0.00000000
   0.270    87   118     7     7     6     1     0.00000000
   0.270    87   119     7     7     7    -1     0.00000000
   0.270    87   120     7     7     7     1     0.00000000
   0.270    88     1     0     0     0     1     0.00000000
   0.270    88     2     1     1     0     1     0.00000000
   0.270    88     3     1     1     1    -1     0.00000000
   0.270    88     4     1     1     1     1     0.00000000
   0.270    88     5     2     2     0     1     0.00000000
   0.270    88     6     2     2     1    -1     0.00000000
   0.270    88     7     2     0     0     1     0.00000000
   0.270    88     8     2     2     1     1     0.00000000
   0.270    88     9     2     2     2    -1     0.00000000
   0.270    88    10     2     2     2     1     0.00000000
   0.270    88    11     3     3     0     1     0.00000000
   0.270    88    12     3     3     1    -1     0.00000000
   0.270    88    13     3     1     0     1     0.00000000
   0.270    88    14     3     1     1    -1     0.00000000
   0.270    88    15     3     3     1     1     0.00000000
   0.270    88    16     3     3     2    -1     0.00000000
   0.270    88    17     3     1     1     1     0.00000000
   0.270    88    18     3     3     2     1     0.00000000
   0.270    88    19     3     3     3    -1     0.00000000
   0.270    88    20     3     3     3     1     0.00000000
   0.270    88    21     4     4     0     1     0.00000000
   0.270    88    22     4     4     1    -1     0.00000000
   0.270    88    23     4     2     0     1     0.00000000
   0.270    88    24     4     2     1    -1     0.00000000
   0.270    88    25     4     0     0     1     0.00000000
   0.270    88    26     4     4     1     1     0.00000000
   0.270    88    27     4     4     2    -1     0.00000000
   0.270    88    28     4     2     1     1     0.00000000
   0.270    88    29     4     2     2    -1     0.00000000
   0.270    88    30     4     4     2     1     0.00000000
   0.270    88    31     4     4     3    -1     0.00000000
   0.270    88    32     4     2     2     1     0.00000000
   0.270    88    33     4     4     3     1     0.00000000
   0.270    88    34     4     4     4    -1     0.00000000
   0.270    88    35     4     4     4     1     0.00000000
   0.270    88    36     5     5     0     1     0.00000000
   0.270    88    37     5     5     1    -1     0.00000000
   0.270    88    38     5     3     0     1     0.00000000
   0.270    88    39     5     3     1    -1     0.00000000
   0.270    88    40     5     1     0     1     0.00000000
   0.270    88    41     5     1     1    -1     0.00000000
   0.270    88    42     5     5     1     1     0.00000000
   0.270    88    43     5     5     2    -1     0.00000000
   0.270    88    44     5     3     1     1     0.00000000
   0.270    88    45     5     3     2    -1     0.00000000
   0.270    88    46     5     1     1     1     0.00000000
   0.270    88    47     5     5     2     1     0.00000000
   0.270    88    48     5     5     3    -1     0.00000000
   0.270    88    49     5     3     2     1     0.00000000
   0.270    88    50     5     3     3    -1     0.00000000
   0.270    88    51     5     5     3     1     0.00000000
   0.270    88    52     5     5     4    -1     0.00000000
   0.270    88    53     5     3     3     1     0.00000000
   0.270    88    54     5     5     4     1     0.00000000
   0.270    88    55     5     5     5    -1     0.00000000
   0.270    88    56     5     5     5     1     0.00000000
   0.270    88    57     6     6     0     1     0.00000000
   0.270    88    58     6     6     1    -1     0.00000000
   0.270    88    59     6     4     0     1     0.00000000
   0.270    88    60     6     4     1    -1     0.00000000
   0.270    88    61     6     2     0     1     0.00000000
   0.270    88    62     6     2     1    -1     0.00000000
   0.270    88    63     6     0     0     1     0.00000000
   0.270    88    64     6     6     1     1     0.00000000
   0.270    88    65     6     6     2    -1     0.00000000
   0.270    88    66     6     4     1     1     0.00000000
   0.270    88    67     6     4     2    -1     0.00000000
   0.270    88    68     6     2     1     1     0.00000000
   0.270    88    69     6     2     2    -1     0.00000000
   0.270    88    70     6     6     2     1     0.00000000
   0.270    88    71     6     6     3    -1     0.00000000
   0.270    88    72     6     4     2     1     0.00000000
   0.270    88    73     6     4     3    -1     0.00000000
   0.270    88    74     6     2     2     1     0.00000000
   0.270    88    75     6     6     3     1     0.00000000
   0.270    88    76     6     6     4    -1     0.00000000
   0.270    88    77     6     4     3     1     0.00000000
   0.270    88    78     6     4     4    -1     0.00000000
   0.270    88    79     6     6     4     1     0.00000000
   0.270    88    80     6     6     5    -1     0.00000000
   0.270    88    81     6     4     4     1     0.00000000
   0.270    88    82     6     6     5     1     0.00000000
   0.270    88    83     6     6     6    -1     0.00000000
   0.270    88    84     6     6     6     1     0.00000000
   0.270    88    85     7     7     0     1     0.00000000
   0.270    88    86     7     7     1    -1     0.00000000
   0.270    88    87     7     5     0     1     0.00000000
   0.270    88    88     7     5     1    -1     0.00000000
   0.270    88    89     7     3     0     1     0.00000000
   0.270    88    90     7     3     1    -1     0.00000000
   0.270    88    91     7     1     0     1     0.00000000
   0.270    88    92     7     1     1    -1     0.00000000
   0.270    88    93     7     7     1     1     0.00000000
   0.270    88    94     7     7     2    -1     0.00000000
   0.270    88    95     7     5     1     1     0.00000000
   0.270    88    96     7     5     2    -1     0.00000000
   0.270    88    97     7     3     1     1     0.00000000
   0.270    88    98     7     3     2    -1     0.00000000
   0.270    88    99     7     1     1     1     0.00000000
   0.270    88   100     7     7     2     1     0.00000000
   0.270    88   101     7     7     3    -1     0.00000000
   0.270    88   102     7     5     2     1     0.00000000
   0.270    88   103     7     5     3    -1     0.00000000
   0.270    88   104     7     3     2     1     0.00000000
   0.270    88   105     7     3     3    -1     0.00000000
   0.270    88   106     7     7     3     1     0.00000000
   0.270    88   107     7     7     4    -1     0.00000000
   0.270    88   108     7     5     3     1     0.00000000
   0.270    88   109     7     5     4    -1     0.00000000
   0.270    88   110     7     3     3     1     0.00000000
   0.270    88   111     7     7     4     1     0.00000000
   0.270    88   112     7     7     5    -1     0.00000000
   0.270    88   113     7     5     4     1     0.00000000
   0.270    88   114     7     5     5    -1     0.00000000
   0.270    88   115     7     7     5     1     0.00000000
   0.270    88   116     7     7     6    -1     0.00000000
   0.270    88   117     7     5     5     1     0.00000000
   0.270    88   118     7     7     6     1    -0.98140729
   0.270    88   119     7     7     7    -1    -0.19193678
   0.270    88   120     7     7     7     1    -0.00000000
   0.270    89     1     0     0     0     1     0.00000000
   0.270    89     2     1     1     0     1     0.00000000
   0.270    89     3     1     1     1    -1     0.00000000
   0.270    89     4     1     1     1     1     0.00000000
   0.270    89     5     2     2     0     1     0.00000000
   0.270    89     6     2     2     1    -1     0.00000000
   0.270    89     7     2     0     0     1    -0.00000000
   0.270    89     8     2     2     1     1     0.00000000
   0.270    89     9     2     2     2    -1     0.00000000
   0.270    89    10     2     2     2     1    -0.00000000
   0.270    89    11     3     3     0     1    -0.00000000
   0.270    89    12     3     3     1    -1     0.00000000
   0.270    89    13     3     1     0     1     0.00000000
   0.270    89    14     3     1     1    -1    -0.00000000
   0.270    89    15     3     3     1     1    -0.00000000
   0.270    89    16     3     3     2    -1    -0.00000000
   0.270    89    17     3     1     1     1    -0.00000000
   0.270    89    18     3     3     2     1    -0.00000000
   0.270    89    19     3     3     3    -1    -0.00000000
   0.270    89    20     3     3     3     1     0.00000000
   0.270    89    21     4     4     0     1     0.00000000
   0.270    89    22     4     4     1    -1    -0.00000000
   0.270    89    23     4     2     0     1     0.00000000
   0.270    89    24     4     2     1    -1    -0.00000000
   0.270    89    25     4     0     0     1     0.00000000
   0.270    89    26     4     4     1     1    -0.00000000
   0.270    89    27     4     4     2    -1    -0.00000000
   0.270    89    28     4     2     1     1    -0.00000000
   0.270    89    29     4     2     2    -1     0.00000000
   0.270    89    30     4     4     2     1     0.00000000
   0.270    89    31     4     4     3    -1    -0.00000000
   0.270    89    32     4     2     2     1    -0.00000000
   0.270    89    33     4     4     3     1     0.00000000
   0.270    89    34     4     4     4    -1    -0.00000000
   0.270    89    35     4     4     4     1    -0.00000000
   0.270    89    36     5     5     0     1     0.00000000
   0.270    89    37     5     5     1    -1    -0.00000000
   0.270    89    38     5     3     0     1    -0.00000000
   0.270    89    39     5     3     1    -1     0.00000000
   0.270    89    40     5     1     0     1    -0.00000000
   0.270    89    41     5     1     1    -1    -0.00000000
   0.270    89    42     5     5     1     1    -0.00000000
   0.270    89    43     5     5     2    -1    -0.00000000
   0.270    89    44     5     3     1     1    -0.00000000
   0.270    89    45     5     3     2    -1    -0.00000000
   0.270    89    46     5     1     1     1    -0.00000000
   0.270    89    47     5     5     2     1     0.00000000
   0.270    89    48     5     5     3    -1     0.00000000
   0.270    89    49     5     3     2     1     0.00000000
   0.270    89    50     5     3     3    -1    -0.00000000
   0.270    89    51     5     5     3     1    -0.00000000
   0.270    89    52     5     5     4    -1    -0.00000000
   0.270    89    53     5     3     3     1    -0.00000000
   0.270    89    54     5     5     4     1    -0.00000000
   0.270    89    55     5     5     5    -1    -0.00000000
   0.270    89    56     5     5     5     1     0.00000000
   0.270    89    57     6     6     0     1     0.00000000
   0.270    89    58     6     6     1    -1     0.00000000
   0.270    89    59     6     4     0     1    -0.00000000
   0.270    89    60     6     4     1    -1     0.00000000
   0.270    89    61     6     2     0     1    -0.00000000
   0.270    89    62     6     2     1    -1     0.00000000
   0.270    89    63     6     0     0     1    -0.00000000
   0.270    89    64     6     6     1     1    -0.00000000
   0.270    89    65     6     6     2    -1     0.00000000
   0.270    89    66     6     4     1     1    -0.00000000
   0.270    89    67     6     4     2    -1     0.00000000
   0.270    89    68     6     2     1     1     0.00000000
   0.270    89    69     6     2     2    -1     0.00000000
   0.270    89    70     6     6     2     1    -0.00000000
   0.270    89    71     6     6     3    -1     0.00000000
   0.270    89    72     6     4     2     1     0.00000000
   0.270    89    73     6     4     3    -1    -0.00000000
   0.270    89    74     6     2     2     1    -0.00000000
   0.270    89    75     6     6     3     1     0.00000000
   0.270    89    76     6     6     4    -1     0.00000000
   0.270    89    77     6     4     3     1    -0.00000000
   0.270    89    78     6     4     4    -1    -0.00000000
   0.270    89    79     6     6     4     1    -0.00000000
   0.270    89    80     6     6     5    -1     0.00000000
   0.270    89    81     6     4     4     1    -0.00000000
   0.270    89    82     6     6     5     1     0.19852722
   0.270    89    83     6     6     6    -1    -0.98009537
   0.270    89    84     6     6     6     1    -0.00000000
   0.270    89    85     7     7     0     1    -0.00000000
   0.270    89    86     7     7     1    -1     0.00000000
   0.270    89    87     7     5     0     1     0.00000000
   0.270    89    88     7     5     1    -1    -0.00000000
   0.270    89    89     7     3     0     1     0.00000000
   0.270    89    90     7     3     1    -1    -0.00000000
   0.270    89    91     7     1     0     1    -0.00000000
   0.270    89    92     7     1     1    -1     0.00000000
   0.270    89    93     7     7     1     1     0.00000000
   0.270    89    94     7     7     2    -1     0.00000000
   0.270    89    95     7     5     1     1     0.00000000
   0.270    89    96     7     5     2    -1     0.00000000
   0.270    89    97     7     3     1     1     0.00000000
   0.270    89    98     7     3     2    -1    -0.00000000
   0.270    89    99     7     1     1     1    -0.00000000
   0.270    89   100     7     7     2     1    -0.00000000
   0.270    89   101     7     7     3    -1    -0.00000000
   0.270    89   102     7     5     2     1     0.00000000
   0.270    89   103     7     5     3    -1    -0.00000000
   0.270    89   104     7     3     2     1     0.00000000
   0.270    89   105     7     3     3    -1     0.00000000
   0.270    89   106     7     7     3     1     0.00000000
   0.270    89   107     7     7     4    -1     0.00000000
   0.270    89   108     7     5     3     1    -0.00000000
   0.270    89   109     7     5     4    -1     0.00000000
   0.270    89   110     7     3     3     1    -0.00000000
   0.270    89   111     7     7     4     1     0.00000000
   0.270    89   112     7     7     5    -1     0.00000000
   0.270    89   113     7     5     4     1     0.00000000
   0.270    89   114     7     5     5    -1     0.00000000
   0.270    89   115     7     7     5     1     0.00000000
   0.270    89   116     7     7     6    -1     0.00000000
   0.270    89   117     7     5     5     1     0.00000000
   0.270    89   118     7     7     6     1     0.00000000
   0.270    89   119     7     7     7    -1     0.00000000
   0.270    89   120     7     7     7     1     0.00000000
   0.270    90     1     0     0     0     1     0.00000000
   0.270    90     2     1     1     0     1     0.00002828
   0.270    90     3     1     1     1    -1    -0.00003093
   0.270    90     4     1     1     1     1    -0.00000000
   0.270    90     5     2     2     0     1    -0.00000000
   0.270    90     6     2     2     1    -1    -0.00000000
   0.270    90     7     2     0     0     1    -0.00000000
   0.270    90     8     2     2     1     1    -0.00000000
   0.270    90     9     2     2     2    -1    -0.00000000
   0.270    90    10     2     2     2     1    -0.00000000
   0.270    90    11     3     3     0     1    -0.00176787
   0.270    90    12     3     3     1    -1     0.00185757
   0.270    90    13     3     1     0     1     0.00017726
   0.270    90    14     3     1     1    -1    -0.00013011
   0.270    90    15     3     3     1     1     0.00000000
   0.270    90    16     3     3     2    -1     0.00000000
   0.270    90    17     3     1     1     1    -0.00000000
   0.270    90    18     3     3     2     1    -0.00000000
   0.270    90    19     3     3     3    -1     0.00000000
   0.270    90    20     3     3     3     1    -0.00000000
   0.270    90    21     4     4     0     1     0.00000000
   0.270    90    22     4     4     1    -1    -0.00000000
   0.270    90    23     4     2     0     1     0.00000000
   0.270    90    24     4     2     1    -1    -0.00000000
   0.270    90    25     4     0     0     1     0.00000000
   0.270    90    26     4     4     1     1    -0.00000000
   0.270    90    27     4     4     2    -1    -0.00000000
   0.270    90    28     4     2     1     1     0.00000000
   0.270    90    29     4     2     2    -1    -0.00000000
   0.270    90    30     4     4     2     1     0.00000000
   0.270    90    31     4     4     3    -1     0.00000000
   0.270    90    32     4     2     2     1     0.00000000
   0.270    90    33     4     4     3     1    -0.00000000
   0.270    90    34     4     4     4    -1    -0.00000000
   0.270    90    35     4     4     4     1     0.00000000
   0.270    90    36     5     5     0     1     0.05323535
   0.270    90    37     5     5     1    -1    -0.05784848
   0.270    90    38     5     3     0     1    -0.00198221
   0.270    90    39     5     3     1    -1     0.00330952
   0.270    90    40     5     1     0     1    -0.00117471
   0.270    90    41     5     1     1    -1     0.00151709
   0.270    90    42     5     5     1     1     0.00000000
   0.270    90    43     5     5     2    -1    -0.00000000
   0.270    90    44     5     3     1     1    -0.00000000
   0.270    90    45     5     3     2    -1    -0.00000000
   0.270    90    46     5     1     1     1     0.00000000
   0.270    90    47     5     5     2     1     0.00000000
   0.270    90    48     5     5     3    -1    -0.00000000
   0.270    90    49     5     3     2     1    -0.00000000
   0.270    90    50     5     3     3    -1     0.00000000
   0.270    90    51     5     5     3     1     0.00000000
   0.270    90    52     5     5     4    -1     0.00000000
   0.270    90    53     5     3     3     1     0.00000000
   0.270    90    54     5     5     4     1     0.00000000
   0.270    90    55     5     5     5    -1     0.00000000
   0.270    90    56     5     5     5     1     0.00000000
   0.270    90    57     6     6     0     1    -0.00000000
   0.270    90    58     6     6     1    -1     0.00000000
   0.270    90    59     6     4     0     1    -0.00000000
   0.270    90    60     6     4     1    -1     0.00000000
   0.270    90    61     6     2     0     1    -0.00000000
   0.270    90    62     6     2     1    -1     0.00000000
   0.270    90    63     6     0     0     1    -0.00000000
   0.270    90    64     6     6     1     1     0.00000000
   0.270    90    65     6     6     2    -1    -0.00000000
   0.270    90    66     6     4     1     1     0.00000000
   0.270    90    67     6     4     2    -1    -0.00000000
   0.270    90    68     6     2     1     1     0.00000000
   0.270    90    69     6     2     2    -1     0.00000000
   0.270    90    70     6     6     2     1    -0.00000000
   0.270    90    71     6     6     3    -1     0.00000000
   0.270    90    72     6     4     2     1    -0.00000000
   0.270    90    73     6     4     3    -1     0.00000000
   0.270    90    74     6     2     2     1    -0.00000000
   0.270    90    75     6     6     3     1    -0.00000000
   0.270    90    76     6     6     4    -1     0.00000000
   0.270    90    77     6     4     3     1    -0.00000000
   0.270    90    78     6     4     4    -1     0.00000000
   0.270    90    79     6     6     4     1     0.00000000
   0.270    90    80     6     6     5    -1    -0.00000000
   0.270    90    81     6     4     4     1     0.00000000
   0.270    90    82     6     6     5     1    -0.00000000
   0.270    90    83     6     6     6    -1     0.00000000
   0.270    90    84     6     6     6     1    -0.00000000
   0.270    90    85     7     7     0     1    -0.67091139
   0.270    90    86     7     7     1    -1     0.73699813
   0.270    90    87     7     5     0     1     0.00734225
   0.270    90    88     7     5     1    -1    -0.01881001
   0.270    90    89     7     3     0     1     0.00820380
   0.270    90    90     7     3     1    -1    -0.00536392
   0.270    90    91     7     1     0     1    -0.00148739
   0.270    90    92     7     1     1    -1     0.00011563
   0.270    90    93     7     7     1     1    -0.00000000
   0.270    90    94     7     7     2    -1     0.00000000
   0.270    90    95     7     5     1     1     0.00000000
   0.270    90    96     7     5     2    -1     0.00000000
   0.270    90    97     7     3     1     1     0.00000000
   0.270    90    98     7     3     2    -1    -0.00000000
   0.270    90    99     7     1     1     1     0.00000000
   0.270    90   100     7     7     2     1    -0.00000000
   0.270    90   101     7     7     3    -1     0.00000000
   0.270    90   102     7     5     2     1    -0.00000000
   0.270    90   103     7     5     3    -1    -0.00000000
   0.270    90   104     7     3     2     1     0.00000000
   0.270    90   105     7     3     3    -1    -0.00000000
   0.270    90   106     7     7     3     1    -0.00000000
   0.270    90   107     7     7     4    -1    -0.00000000
   0.270    90   108     7     5     3     1     0.00000000
   0.270    90   109     7     5     4    -1    -0.00000000
   0.270    90   110     7     3     3     1     0.00000000
   0.270    90   111     7     7     4     1    -0.00000000
   0.270    90   112     7     7     5    -1    -0.00000000
   0.270    90   113     7     5     4     1    -0.00000000
   0.270    90   114     7     5     5    -1    -0.00000000
   0.270    90   115     7     7     5     1     0.00000000
   0.270    90   116     7     7     6    -1     0.00000000
   0.270    90   117     7     5     5     1     0.00000000
   0.270    90   118     7     7     6     1     0.00000000
   0.270    90   119     7     7     7    -1     0.00000000
   0.270    90   120     7     7     7     1     0.00000000
   0.270    91     1     0     0     0     1    -0.00000000
   0.270    91     2     1     1     0     1     0.00000000
   0.270    91     3     1     1     1    -1    -0.00000000
   0.270    91     4     1     1     1     1    -0.00002196
   0.270    91     5     2     2     0     1    -0.00000000
   0.270    91     6     2     2     1    -1    -0.00000000
   0.270    91     7     2     0     0     1     0.00000000
   0.270    91     8     2     2     1     1    -0.00000000
   0.270    91     9     2     2     2    -1     0.00000000
   0.270    91    10     2     2     2     1    -0.00000000
   0.270    91    11     3     3     0     1    -0.00000000
   0.270    91    12     3     3     1    -1     0.00000000
   0.270    91    13     3     1     0     1     0.00000000
   0.270    91    14     3     1     1    -1    -0.00000000
   0.270    91    15     3     3     1     1     0.00150305
   0.270    91    16     3     3     2    -1    -0.00179276
   0.270    91    17     3     1     1     1     0.00007301
   0.270    91    18     3     3     2     1    -0.00000000
   0.270    91    19     3     3     3    -1     0.00000000
   0.270    91    20     3     3     3     1     0.00000000
   0.270    91    21     4     4     0     1    -0.00000000
   0.270    91    22     4     4     1    -1    -0.00000000
   0.270    91    23     4     2     0     1     0.00000000
   0.270    91    24     4     2     1    -1    -0.00000000
   0.270    91    25     4     0     0     1    -0.00000000
   0.270    91    26     4     4     1     1    -0.00000000
   0.270    91    27     4     4     2    -1    -0.00000000
   0.270    91    28     4     2     1     1     0.00000000
   0.270    91    29     4     2     2    -1    -0.00000000
   0.270    91    30     4     4     2     1    -0.00000000
   0.270    91    31     4     4     3    -1     0.00000000
   0.270    91    32     4     2     2     1     0.00000000
   0.270    91    33     4     4     3     1    -0.00000000
   0.270    91    34     4     4     4    -1     0.00000000
   0.270    91    35     4     4     4     1    -0.00000000
   0.270    91    36     5     5     0     1     0.00000000
   0.270    91    37     5     5     1    -1    -0.00000000
   0.270    91    38     5     3     0     1     0.00000000
   0.270    91    39     5     3     1    -1    -0.00000000
   0.270    91    40     5     1     0     1    -0.00000000
   0.270    91    41     5     1     1    -1     0.00000000
   0.270    91    42     5     5     1     1    -0.04675441
   0.270    91    43     5     5     2    -1     0.06007812
   0.270    91    44     5     3     1     1    -0.00035784
   0.270    91    45     5     3     2    -1    -0.00287937
   0.270    91    46     5     1     1     1     0.00171983
   0.270    91    47     5     5     2     1     0.00000000
   0.270    91    48     5     5     3    -1    -0.00000000
   0.270    91    49     5     3     2     1     0.00000000
   0.270    91    50     5     3     3    -1     0.00000000
   0.270    91    51     5     5     3     1    -0.00000000
   0.270    91    52     5     5     4    -1    -0.00000000
   0.270    91    53     5     3     3     1    -0.00000000
   0.270    91    54     5     5     4     1    -0.00000000
   0.270    91    55     5     5     5    -1     0.00000000
   0.270    91    56     5     5     5     1     0.00000000
   0.270    91    57     6     6     0     1    -0.00000000
   0.270    91    58     6     6     1    -1    -0.00000000
   0.270    91    59     6     4     0     1     0.00000000
   0.270    91    60     6     4     1    -1    -0.00000000
   0.270    91    61     6     2     0     1     0.00000000
   0.270    91    62     6     2     1    -1    -0.00000000
   0.270    91    63     6     0     0     1     0.00000000
   0.270    91    64     6     6     1     1    -0.00000000
   0.270    91    65     6     6     2    -1    -0.00000000
   0.270    91    66     6     4     1     1     0.00000000
   0.270    91    67     6     4     2    -1     0.00000000
   0.270    91    68     6     2     1     1     0.00000000
   0.270    91    69     6     2     2    -1    -0.00000000
   0.270    91    70     6     6     2     1     0.00000000
   0.270    91    71     6     6     3    -1    -0.00000000
   0.270    91    72     6     4     2     1    -0.00000000
   0.270    91    73     6     4     3    -1     0.00000000
   0.270    91    74     6     2     2     1     0.00000000
   0.270    91    75     6     6     3     1     0.00000000
   0.270    91    76     6     6     4    -1    -0.00000000
   0.270    91    77     6     4     3     1    -0.00000000
   0.270    91    78     6     4     4    -1     0.00000000
   0.270    91    79     6     6     4     1     0.00000000
   0.270    91    80     6     6     5    -1    -0.00000000
   0.270    91    81     6     4     4     1    -0.00000000
   0.270    91    82     6     6     5     1    -0.00000000
   0.270    91    83     6     6     6    -1     0.00000000
   0.270    91    84     6     6     6     1    -0.00000000
   0.270    91    85     7     7     0     1    -0.00000000
   0.270    91    86     7     7     1    -1     0.00000000
   0.270    91    87     7     5     0     1    -0.00000000
   0.270    91    88     7     5     1    -1    -0.00000000
   0.270    91    89     7     3     0     1     0.00000000
   0.270    91    90     7     3     1    -1    -0.00000000
   0.270    91    91     7     1     0     1     0.00000000
   0.270    91    92     7     1     1    -1    -0.00000000
   0.270    91    93     7     7     1     1     0.59961814
   0.270    91    94     7     7     2    -1    -0.79629408
   0.270    91    95     7     5     1     1     0.00900306
   0.270    91    96     7     5     2    -1     0.02021018
   0.270    91    97     7     3     1     1    -0.00759366
   0.270    91    98     7     3     2    -1     0.00379372
   0.270    91    99     7     1     1     1    -0.00022159
   0.270    91   100     7     7     2     1     0.00000000
   0.270    91   101     7     7     3    -1    -0.00000000
   0.270    91   102     7     5     2     1    -0.00000000
   0.270    91   103     7     5     3    -1    -0.00000000
   0.270    91   104     7     3     2     1    -0.00000000
   0.270    91   105     7     3     3    -1    -0.00000000
   0.270    91   106     7     7     3     1     0.00000000
   0.270    91   107     7     7     4    -1    -0.00000000
   0.270    91   108     7     5     3     1    -0.00000000
   0.270    91   109     7     5     4    -1    -0.00000000
   0.270    91   110     7     3     3     1    -0.00000000
   0.270    91   111     7     7     4     1     0.00000000
   0.270    91   112     7     7     5    -1     0.00000000
   0.270    91   113     7     5     4     1     0.00000000
   0.270    91   114     7     5     5    -1    -0.00000000
   0.270    91   115     7     7     5     1     0.00000000
   0.270    91   116     7     7     6    -1     0.00000000
   0.270    91   117     7     5     5     1     0.00000000
   0.270    91   118     7     7     6     1     0.00000000
   0.270    91   119     7     7     7    -1     0.00000000
   0.270    91   120     7     7     7     1     0.00000000
   0.270    92     1     0     0     0     1     0.00000000
   0.270    92     2     1     1     0     1    -0.00000000
   0.270    92     3     1     1     1    -1    -0.00000000
   0.270    92     4     1     1     1     1     0.00000000
   0.270    92     5     2     2     0     1    -0.00000000
   0.270    92     6     2     2     1    -1    -0.00000000
   0.270    92     7     2     0     0     1     0.00000000
   0.270    92     8     2     2     1     1    -0.00000000
   0.270    92     9     2     2     2    -1     0.00000000
   0.270    92    10     2     2     2     1     0.00000000
   0.270    92    11     3     3     0     1    -0.00000000
   0.270    92    12     3     3     1    -1     0.00000000
   0.270    92    13     3     1     0     1    -0.00000000
   0.270    92    14     3     1     1    -1    -0.00000000
   0.270    92    15     3     3     1     1    -0.00000000
   0.270    92    16     3     3     2    -1     0.00000000
   0.270    92    17     3     1     1     1     0.00000000
   0.270    92    18     3     3     2     1     0.00091964
   0.270    92    19     3     3     3    -1    -0.00195723
   0.270    92    20     3     3     3     1     0.00000000
   0.270    92    21     4     4     0     1     0.00000000
   0.270    92    22     4     4     1    -1    -0.00000000
   0.270    92    23     4     2     0     1    -0.00000000
   0.270    92    24     4     2     1    -1    -0.00000000
   0.270    92    25     4     0     0     1    -0.00000000
   0.270    92    26     4     4     1     1     0.00000000
   0.270    92    27     4     4     2    -1    -0.00000000
   0.270    92    28     4     2     1     1    -0.00000000
   0.270    92    29     4     2     2    -1    -0.00000000
   0.270    92    30     4     4     2     1     0.00000000
   0.270    92    31     4     4     3    -1     0.00000000
   0.270    92    32     4     2     2     1     0.00000000
   0.270    92    33     4     4     3     1     0.00000000
   0.270    92    34     4     4     4    -1     0.00000000
   0.270    92    35     4     4     4     1    -0.00000000
   0.270    92    36     5     5     0     1     0.00000000
   0.270    92    37     5     5     1    -1    -0.00000000
   0.270    92    38     5     3     0     1     0.00000000
   0.270    92    39     5     3     1    -1     0.00000000
   0.270    92    40     5     1     0     1     0.00000000
   0.270    92    41     5     1     1    -1     0.00000000
   0.270    92    42     5     5     1     1    -0.00000000
   0.270    92    43     5     5     2    -1     0.00000000
   0.270    92    44     5     3     1     1     0.00000000
   0.270    92    45     5     3     2    -1    -0.00000000
   0.270    92    46     5     1     1     1    -0.00000000
   0.270    92    47     5     5     2     1    -0.03171790
   0.270    92    48     5     5     3    -1     0.00006761
   0.270    92    49     5     3     2     1    -0.10691676
   0.270    92    50     5     3     3    -1    -0.04282757
   0.270    92    51     5     5     3     1     0.00000000
   0.270    92    52     5     5     4    -1     0.00000000
   0.270    92    53     5     3     3     1     0.00000000
   0.270    92    54     5     5     4     1     0.00000000
   0.270    92    55     5     5     5    -1    -0.00000000
   0.270    92    56     5     5     5     1     0.00000000
   0.270    92    57     6     6     0     1    -0.00000000
   0.270    92    58     6     6     1    -1    -0.00000000
   0.270    92    59     6     4     0     1    -0.00000000
   0.270    92    60     6     4     1    -1    -0.00000000
   0.270    92    61     6     2     0     1    -0.00000000
   0.270    92    62     6     2     1    -1    -0.00000000
   0.270    92    63     6     0     0     1    -0.00000000
   0.270    92    64     6     6     1     1     0.00000000
   0.270    92    65     6     6     2    -1     0.00000000
   0.270    92    66     6     4     1     1     0.00000000
   0.270    92    67     6     4     2    -1     0.00000000
   0.270    92    68     6     2     1     1     0.00000000
   0.270    92    69     6     2     2    -1    -0.00000000
   0.270    92    70     6     6     2     1     0.00000000
   0.270    92    71     6     6     3    -1     0.00000000
   0.270    92    72     6     4     2     1     0.00000000
   0.270    92    73     6     4     3    -1     0.00000000
   0.270    92    74     6     2     2     1     0.00000000
   0.270    92    75     6     6     3     1     0.00000000
   0.270    92    76     6     6     4    -1     0.00000000
   0.270    92    77     6     4     3     1     0.00000000
   0.270    92    78     6     4     4    -1    -0.00000000
   0.270    92    79     6     6     4     1    -0.00000000
   0.270    92    80     6     6     5    -1    -0.00000000
   0.270    92    81     6     4     4     1     0.00000000
   0.270    92    82     6     6     5     1     0.00000000
   0.270    92    83     6     6     6    -1    -0.00000000
   0.270    92    84     6     6     6     1     0.00000000
   0.270    92    85     7     7     0     1     0.00000000
   0.270    92    86     7     7     1    -1    -0.00000000
   0.270    92    87     7     5     0     1     0.00000000
   0.270    92    88     7     5     1    -1    -0.00000000
   0.270    92    89     7     3     0     1    -0.00000000
   0.270    92    90     7     3     1    -1    -0.00000000
   0.270    92    91     7     1     0     1    -0.00000000
   0.270    92    92     7     1     1    -1    -0.00000000
   0.270    92    93     7     7     1     1     0.00000000
   0.270    92    94     7     7     2    -1    -0.00000000
   0.270    92    95     7     5     1     1    -0.00000000
   0.270    92    96     7     5     2    -1     0.00000000
   0.270    92    97     7     3     1     1     0.00000000
   0.270    92    98     7     3     2    -1     0.00000000
   0.270    92    99     7     1     1     1     0.00000000
   0.270    92   100     7     7     2     1    -0.01102007
   0.270    92   101     7     7     3    -1     0.02629807
   0.270    92   102     7     5     2     1     0.90533757
   0.270    92   103     7     5     3    -1     0.40649216
   0.270    92   104     7     3     2     1    -0.00254388
   0.270    92   105     7     3     3    -1     0.00569312
   0.270    92   106     7     7     3     1     0.00000000
   0.270    92   107     7     7     4    -1     0.00000000
   0.270    92   108     7     5     3     1     0.00000000
   0.270    92   109     7     5     4    -1     0.00000000
   0.270    92   110     7     3     3     1    -0.00000000
   0.270    92   111     7     7     4     1    -0.00000000
   0.270    92   112     7     7     5    -1    -0.00000000
   0.270    92   113     7     5     4     1    -0.00000000
   0.270    92   114     7     5     5    -1     0.00000000
   0.270    92   115     7     7     5     1     0.00000000
   0.270    92   116     7     7     6    -1     0.00000000
   0.270    92   117     7     5     5     1     0.00000000
   0.270    92   118     7     7     6     1     0.00000000
   0.270    92   119     7     7     7    -1     0.00000000
   0.270    92   120     7     7     7     1     0.00000000
   0.270    93     1     0     0     0     1     0.00003005
   0.270    93     2     1     1     0     1     0.00000000
   0.270    93     3     1     1     1    -1    -0.00000000
   0.270    93     4     1     1     1     1    -0.00000000
   0.270    93     5     2     2     0     1    -0.00204746
   0.270    93     6     2     2     1    -1     0.00014865
   0.270    93     7     2     0     0     1    -0.00377114
   0.270    93     8     2     2     1     1     0.00000000
   0.270    93     9     2     2     2    -1    -0.00000000
   0.270    93    10     2     2     2     1    -0.00000000
   0.270    93    11     3     3     0     1    -0.00000000
   0.270    93    12     3     3     1    -1     0.00000000
   0.270    93    13     3     1     0     1     0.00000000
   0.270    93    14     3     1     1    -1    -0.00000000
   0.270    93    15     3     3     1     1     0.00000000
   0.270    93    16     3     3     2    -1    -0.00000000
   0.270    93    17     3     1     1     1    -0.00000000
   0.270    93    18     3     3     2     1    -0.00000000
   0.270    93    19     3     3     3    -1    -0.00000000
   0.270    93    20     3     3     3     1    -0.00000000
   0.270    93    21     4     4     0     1     0.00212495
   0.270    93    22     4     4     1    -1    -0.00096497
   0.270    93    23     4     2     0     1     0.08370862
   0.270    93    24     4     2     1    -1    -0.00566707
   0.270    93    25     4     0     0     1     0.00400892
   0.270    93    26     4     4     1     1    -0.00000000
   0.270    93    27     4     4     2    -1     0.00000000
   0.270    93    28     4     2     1     1     0.00000000
   0.270    93    29     4     2     2    -1     0.00000000
   0.270    93    30     4     4     2     1     0.00000000
   0.270    93    31     4     4     3    -1     0.00000000
   0.270    93    32     4     2     2     1     0.00000000
   0.270    93    33     4     4     3     1    -0.00000000
   0.270    93    34     4     4     4    -1     0.00000000
   0.270    93    35     4     4     4     1    -0.00000000
   0.270    93    36     5     5     0     1    -0.00000000
   0.270    93    37     5     5     1    -1    -0.00000000
   0.270    93    38     5     3     0     1    -0.00000000
   0.270    93    39     5     3     1    -1    -0.00000000
   0.270    93    40     5     1     0     1    -0.00000000
   0.270    93    41     5     1     1    -1    -0.00000000
   0.270    93    42     5     5     1     1     0.00000000
   0.270    93    43     5     5     2    -1     0.00000000
   0.270    93    44     5     3     1     1     0.00000000
   0.270    93    45     5     3     2    -1    -0.00000000
   0.270    93    46     5     1     1     1    -0.00000000
   0.270    93    47     5     5     2     1     0.00000000
   0.270    93    48     5     5     3    -1     0.00000000
   0.270    93    49     5     3     2     1     0.00000000
   0.270    93    50     5     3     3    -1    -0.00000000
   0.270    93    51     5     5     3     1     0.00000000
   0.270    93    52     5     5     4    -1     0.00000000
   0.270    93    53     5     3     3     1    -0.00000000
   0.270    93    54     5     5     4     1    -0.00000000
   0.270    93    55     5     5     5    -1    -0.00000000
   0.270    93    56     5     5     5     1     0.00000000
   0.270    93    57     6     6     0     1    -0.00023847
   0.270    93    58     6     6     1    -1     0.00015576
   0.270    93    59     6     4     0     1    -0.02297938
   0.270    93    60     6     4     1    -1     0.00875074
   0.270    93    61     6     2     0     1    -0.02965451
   0.270    93    62     6     2     1    -1     0.01411192
   0.270    93    63     6     0     0     1    -0.99560914
   0.270    93    64     6     6     1     1     0.00000000
   0.270    93    65     6     6     2    -1     0.00000000
   0.270    93    66     6     4     1     1    -0.00000000
   0.270    93    67     6     4     2    -1    -0.00000000
   0.270    93    68     6     2     1     1    -0.00000000
   0.270    93    69     6     2     2    -1    -0.00000000
   0.270    93    70     6     6     2     1     0.00000000
   0.270    93    71     6     6     3    -1    -0.00000000
   0.270    93    72     6     4     2     1    -0.00000000
   0.270    93    73     6     4     3    -1     0.00000000
   0.270    93    74     6     2     2     1     0.00000000
   0.270    93    75     6     6     3     1    -0.00000000
   0.270    93    76     6     6     4    -1     0.00000000
   0.270    93    77     6     4     3     1    -0.00000000
   0.270    93    78     6     4     4    -1     0.00000000
   0.270    93    79     6     6     4     1     0.00000000
   0.270    93    80     6     6     5    -1    -0.00000000
   0.270    93    81     6     4     4     1    -0.00000000
   0.270    93    82     6     6     5     1    -0.00000000
   0.270    93    83     6     6     6    -1     0.00000000
   0.270    93    84     6     6     6     1    -0.00000000
   0.270    93    85     7     7     0     1     0.00000000
   0.270    93    86     7     7     1    -1    -0.00000000
   0.270    93    87     7     5     0     1     0.00000000
   0.270    93    88     7     5     1    -1    -0.00000000
   0.270    93    89     7     3     0     1     0.00000000
   0.270    93    90     7     3     1    -1     0.00000000
   0.270    93    91     7     1     0     1    -0.00000000
   0.270    93    92     7     1     1    -1     0.00000000
   0.270    93    93     7     7     1     1    -0.00000000
   0.270    93    94     7     7     2    -1    -0.00000000
   0.270    93    95     7     5     1     1     0.00000000
   0.270    93    96     7     5     2    -1    -0.00000000
   0.270    93    97     7     3     1     1    -0.00000000
   0.270    93    98     7     3     2    -1    -0.00000000
   0.270    93    99     7     1     1     1     0.00000000
   0.270    93   100     7     7     2     1    -0.00000000
   0.270    93   101     7     7     3    -1    -0.00000000
   0.270    93   102     7     5     2     1     0.00000000
   0.270    93   103     7     5     3    -1    -0.00000000
   0.270    93   104     7     3     2     1     0.00000000
   0.270    93   105     7     3     3    -1     0.00000000
   0.270    93   106     7     7     3     1     0.00000000
   0.270    93   107     7     7     4    -1    -0.00000000
   0.270    93   108     7     5     3     1     0.00000000
   0.270    93   109     7     5     4    -1    -0.00000000
   0.270    93   110     7     3     3     1     0.00000000
   0.270    93   111     7     7     4     1     0.00000000
   0.270    93   112     7     7     5    -1     0.00000000
   0.270    93   113     7     5     4     1     0.00000000
   0.270    93   114     7     5     5    -1     0.00000000
   0.270    93   115     7     7     5     1     0.00000000
   0.270    93   116     7     7     6    -1     0.00000000
   0.270    93   117     7     5     5     1     0.00000000
   0.270    93   118     7     7     6     1     0.00000000
   0.270    93   119     7     7     7    -1     0.00000000
   0.270    93   120     7     7     7     1     0.00000000
   0.270    94     1     0     0     0     1     0.00000000
   0.270    94     2     1     1     0     1    -0.00000000
   0.270    94     3     1     1     1    -1     0.00000000
   0.270    94     4     1     1     1     1     0.00000000
   0.270    94     5     2     2     0     1     0.00000000
   0.270    94     6     2     2     1    -1     0.00000000
   0.270    94     7     2     0     0     1    -0.00000000
   0.270    94     8     2     2     1     1    -0.00000000
   0.270    94     9     2     2     2    -1    -0.00000000
   0.270    94    10     2     2     2     1    -0.00000000
   0.270    94    11     3     3     0     1    -0.00000000
   0.270    94    12     3     3     1    -1    -0.00000000
   0.270    94    13     3     1     0     1     0.00000000
   0.270    94    14     3     1     1    -1     0.00000000
   0.270    94    15     3     3     1     1    -0.00000000
   0.270    94    16     3     3     2    -1     0.00000000
   0.270    94    17     3     1     1     1     0.00000000
   0.270    94    18     3     3     2     1     0.00104215
   0.270    94    19     3     3     3    -1    -0.00129658
   0.270    94    20     3     3     3     1     0.00000000
   0.270    94    21     4     4     0     1     0.00000000
   0.270    94    22     4     4     1    -1     0.00000000
   0.270    94    23     4     2     0     1    -0.00000000
   0.270    94    24     4     2     1    -1    -0.00000000
   0.270    94    25     4     0     0     1    -0.00000000
   0.270    94    26     4     4     1     1    -0.00000000
   0.270    94    27     4     4     2    -1     0.00000000
   0.270    94    28     4     2     1     1     0.00000000
   0.270    94    29     4     2     2    -1    -0.00000000
   0.270    94    30     4     4     2     1     0.00000000
   0.270    94    31     4     4     3    -1     0.00000000
   0.270    94    32     4     2     2     1    -0.00000000
   0.270    94    33     4     4     3     1     0.00000000
   0.270    94    34     4     4     4    -1     0.00000000
   0.270    94    35     4     4     4     1     0.00000000
   0.270    94    36     5     5     0     1     0.00000000
   0.270    94    37     5     5     1    -1    -0.00000000
   0.270    94    38     5     3     0     1     0.00000000
   0.270    94    39     5     3     1    -1     0.00000000
   0.270    94    40     5     1     0     1     0.00000000
   0.270    94    41     5     1     1    -1     0.00000000
   0.270    94    42     5     5     1     1     0.00000000
   0.270    94    43     5     5     2    -1    -0.00000000
   0.270    94    44     5     3     1     1     0.00000000
   0.270    94    45     5     3     2    -1    -0.00000000
   0.270    94    46     5     1     1     1    -0.00000000
   0.270    94    47     5     5     2     1    -0.03810080
   0.270    94    48     5     5     3    -1     0.05845762
   0.270    94    49     5     3     2     1    -0.00257886
   0.270    94    50     5     3     3    -1    -0.00121379
   0.270    94    51     5     5     3     1     0.00000000
   0.270    94    52     5     5     4    -1    -0.00000000
   0.270    94    53     5     3     3     1     0.00000000
   0.270    94    54     5     5     4     1     0.00000000
   0.270    94    55     5     5     5    -1    -0.00000000
   0.270    94    56     5     5     5     1     0.00000000
   0.270    94    57     6     6     0     1     0.00000000
   0.270    94    58     6     6     1    -1     0.00000000
   0.270    94    59     6     4     0     1    -0.00000000
   0.270    94    60     6     4     1    -1     0.00000000
   0.270    94    61     6     2     0     1     0.00000000
   0.270    94    62     6     2     1    -1     0.00000000
   0.270    94    63     6     0     0     1     0.00000000
   0.270    94    64     6     6     1     1     0.00000000
   0.270    94    65     6     6     2    -1    -0.00000000
   0.270    94    66     6     4     1     1     0.00000000
   0.270    94    67     6     4     2    -1     0.00000000
   0.270    94    68     6     2     1     1     0.00000000
   0.270    94    69     6     2     2    -1     0.00000000
   0.270    94    70     6     6     2     1    -0.00000000
   0.270    94    71     6     6     3    -1     0.00000000
   0.270    94    72     6     4     2     1     0.00000000
   0.270    94    73     6     4     3    -1    -0.00000000
   0.270    94    74     6     2     2     1    -0.00000000
   0.270    94    75     6     6     3     1     0.00000000
   0.270    94    76     6     6     4    -1     0.00000000
   0.270    94    77     6     4     3     1     0.00000000
   0.270    94    78     6     4     4    -1    -0.00000000
   0.270    94    79     6     6     4     1     0.00000000
   0.270    94    80     6     6     5    -1    -0.00000000
   0.270    94    81     6     4     4     1    -0.00000000
   0.270    94    82     6     6     5     1     0.00000000
   0.270    94    83     6     6     6    -1     0.00000000
   0.270    94    84     6     6     6     1    -0.00000000
   0.270    94    85     7     7     0     1    -0.00000000
   0.270    94    86     7     7     1    -1     0.00000000
   0.270    94    87     7     5     0     1    -0.00000000
   0.270    94    88     7     5     1    -1    -0.00000000
   0.270    94    89     7     3     0     1    -0.00000000
   0.270    94    90     7     3     1    -1    -0.00000000
   0.270    94    91     7     1     0     1     0.00000000
   0.270    94    92     7     1     1    -1     0.00000000
   0.270    94    93     7     7     1     1    -0.00000000
   0.270    94    94     7     7     2    -1     0.00000000
   0.270    94    95     7     5     1     1    -0.00000000
   0.270    94    96     7     5     2    -1     0.00000000
   0.270    94    97     7     3     1     1    -0.00000000
   0.270    94    98     7     3     2    -1     0.00000000
   0.270    94    99     7     1     1     1    -0.00000000
   0.270    94   100     7     7     2     1     0.52484460
   0.270    94   101     7     7     3    -1    -0.84788679
   0.270    94   102     7     5     2     1     0.02315543
   0.270    94   103     7     5     3    -1     0.01365831
   0.270    94   104     7     3     2     1    -0.00443597
   0.270    94   105     7     3     3    -1     0.00197052
   0.270    94   106     7     7     3     1    -0.00000000
   0.270    94   107     7     7     4    -1     0.00000000
   0.270    94   108     7     5     3     1    -0.00000000
   0.270    94   109     7     5     4    -1     0.00000000
   0.270    94   110     7     3     3     1    -0.00000000
   0.270    94   111     7     7     4     1     0.00000000
   0.270    94   112     7     7     5    -1     0.00000000
   0.270    94   113     7     5     4     1     0.00000000
   0.270    94   114     7     5     5    -1     0.00000000
   0.270    94   115     7     7     5     1     0.00000000
   0.270    94   116     7     7     6    -1     0.00000000
   0.270    94   117     7     5     5     1     0.00000000
   0.270    94   118     7     7     6     1     0.00000000
   0.270    94   119     7     7     7    -1     0.00000000
   0.270    94   120     7     7     7     1     0.00000000
   0.270    95     1     0     0     0     1     0.00000000
   0.270    95     2     1     1     0     1     0.00000000
   0.270    95     3     1     1     1    -1     0.00000000
   0.270    95     4     1     1     1     1    -0.00000000
   0.270    95     5     2     2     0     1    -0.00000000
   0.270    95     6     2     2     1    -1    -0.00000000
   0.270    95     7     2     0     0     1     0.00000000
   0.270    95     8     2     2     1     1    -0.00000000
   0.270    95     9     2     2     2    -1    -0.00000000
   0.270    95    10     2     2     2     1    -0.00202274
   0.270    95    11     3     3     0     1     0.00000000
   0.270    95    12     3     3     1    -1    -0.00000000
   0.270    95    13     3     1     0     1    -0.00000000
   0.270    95    14     3     1     1    -1    -0.00000000
   0.270    95    15     3     3     1     1     0.00000000
   0.270    95    16     3     3     2    -1    -0.00000000
   0.270    95    17     3     1     1     1    -0.00000000
   0.270    95    18     3     3     2     1     0.00000000
   0.270    95    19     3     3     3    -1    -0.00000000
   0.270    95    20     3     3     3     1     0.00000000
   0.270    95    21     4     4     0     1     0.00000000
   0.270    95    22     4     4     1    -1    -0.00000000
   0.270    95    23     4     2     0     1     0.00000000
   0.270    95    24     4     2     1    -1    -0.00000000
   0.270    95    25     4     0     0     1    -0.00000000
   0.270    95    26     4     4     1     1    -0.00000000
   0.270    95    27     4     4     2    -1     0.00000000
   0.270    95    28     4     2     1     1    -0.00000000
   0.270    95    29     4     2     2    -1     0.00000000
   0.270    95    30     4     4     2     1     0.02205991
   0.270    95    31     4     4     3    -1    -0.00183303
   0.270    95    32     4     2     2     1    -0.07215731
   0.270    95    33     4     4     3     1     0.00000000
   0.270    95    34     4     4     4    -1     0.00000000
   0.270    95    35     4     4     4     1    -0.00000000
   0.270    95    36     5     5     0     1    -0.00000000
   0.270    95    37     5     5     1    -1     0.00000000
   0.270    95    38     5     3     0     1     0.00000000
   0.270    95    39     5     3     1    -1     0.00000000
   0.270    95    40     5     1     0     1     0.00000000
   0.270    95    41     5     1     1    -1     0.00000000
   0.270    95    42     5     5     1     1     0.00000000
   0.270    95    43     5     5     2    -1     0.00000000
   0.270    95    44     5     3     1     1     0.00000000
   0.270    95    45     5     3     2    -1     0.00000000
   0.270    95    46     5     1     1     1    -0.00000000
   0.270    95    47     5     5     2     1    -0.00000000
   0.270    95    48     5     5     3    -1     0.00000000
   0.270    95    49     5     3     2     1     0.00000000
   0.270    95    50     5     3     3    -1     0.00000000
   0.270    95    51     5     5     3     1    -0.00000000
   0.270    95    52     5     5     4    -1    -0.00000000
   0.270    95    53     5     3     3     1     0.00000000
   0.270    95    54     5     5     4     1    -0.00000000
   0.270    95    55     5     5     5    -1     0.00000000
   0.270    95    56     5     5     5     1     0.00000000
   0.270    95    57     6     6     0     1    -0.00000000
   0.270    95    58     6     6     1    -1     0.00000000
   0.270    95    59     6     4     0     1    -0.00000000
   0.270    95    60     6     4     1    -1     0.00000000
   0.270    95    61     6     2     0     1    -0.00000000
   0.270    95    62     6     2     1    -1     0.00000000
   0.270    95    63     6     0     0     1    -0.00000000
   0.270    95    64     6     6     1     1     0.00000000
   0.270    95    65     6     6     2    -1    -0.00000000
   0.270    95    66     6     4     1     1     0.00000000
   0.270    95    67     6     4     2    -1     0.00000000
   0.270    95    68     6     2     1     1     0.00000000
   0.270    95    69     6     2     2    -1    -0.00000000
   0.270    95    70     6     6     2     1    -0.00173858
   0.270    95    71     6     6     3    -1     0.00062667
   0.270    95    72     6     4     2     1     0.01105816
   0.270    95    73     6     4     3    -1    -0.00628149
   0.270    95    74     6     2     2     1    -0.99706272
   0.270    95    75     6     6     3     1     0.00000000
   0.270    95    76     6     6     4    -1    -0.00000000
   0.270    95    77     6     4     3     1    -0.00000000
   0.270    95    78     6     4     4    -1     0.00000000
   0.270    95    79     6     6     4     1     0.00000000
   0.270    95    80     6     6     5    -1    -0.00000000
   0.270    95    81     6     4     4     1    -0.00000000
   0.270    95    82     6     6     5     1     0.00000000
   0.270    95    83     6     6     6    -1     0.00000000
   0.270    95    84     6     6     6     1     0.00000000
   0.270    95    85     7     7     0     1     0.00000000
   0.270    95    86     7     7     1    -1    -0.00000000
   0.270    95    87     7     5     0     1    -0.00000000
   0.270    95    88     7     5     1    -1    -0.00000000
   0.270    95    89     7     3     0     1    -0.00000000
   0.270    95    90     7     3     1    -1    -0.00000000
   0.270    95    91     7     1     0     1    -0.00000000
   0.270    95    92     7     1     1    -1     0.00000000
   0.270    95    93     7     7     1     1     0.00000000
   0.270    95    94     7     7     2    -1    -0.00000000
   0.270    95    95     7     5     1     1    -0.00000000
   0.270    95    96     7     5     2    -1     0.00000000
   0.270    95    97     7     3     1     1    -0.00000000
   0.270    95    98     7     3     2    -1    -0.00000000
   0.270    95    99     7     1     1     1     0.00000000
   0.270    95   100     7     7     2     1     0.00000000
   0.270    95   101     7     7     3    -1     0.00000000
   0.270    95   102     7     5     2     1     0.00000000
   0.270    95   103     7     5     3    -1     0.00000000
   0.270    95   104     7     3     2     1    -0.00000000
   0.270    95   105     7     3     3    -1     0.00000000
   0.270    95   106     7     7     3     1     0.00000000
   0.270    95   107     7     7     4    -1     0.00000000
   0.270    95   108     7     5     3     1     0.00000000
   0.270    95   109     7     5     4    -1     0.00000000
   0.270    95   110     7     3     3     1    -0.00000000
   0.270    95   111     7     7     4     1    -0.00000000
   0.270    95   112     7     7     5    -1     0.00000000
   0.270    95   113     7     5     4     1     0.00000000
   0.270    95   114     7     5     5    -1    -0.00000000
   0.270    95   115     7     7     5     1     0.00000000
   0.270    95   116     7     7     6    -1     0.00000000
   0.270    95   117     7     5     5     1     0.00000000
   0.270    95   118     7     7     6     1     0.00000000
   0.270    95   119     7     7     7    -1     0.00000000
   0.270    95   120     7     7     7     1     0.00000000
   0.270    96     1     0     0     0     1     0.00000000
   0.270    96     2     1     1     0     1     0.00000000
   0.270    96     3     1     1     1    -1    -0.00000000
   0.270    96     4     1     1     1     1     0.00000000
   0.270    96     5     2     2     0     1     0.00000000
   0.270    96     6     2     2     1    -1     0.00000000
   0.270    96     7     2     0     0     1     0.00000000
   0.270    96     8     2     2     1     1     0.00000000
   0.270    96     9     2     2     2    -1    -0.00000000
   0.270    96    10     2     2     2     1     0.00000000
   0.270    96    11     3     3     0     1    -0.00000000
   0.270    96    12     3     3     1    -1    -0.00000000
   0.270    96    13     3     1     0     1    -0.00000000
   0.270    96    14     3     1     1    -1     0.00000000
   0.270    96    15     3     3     1     1     0.00000000
   0.270    96    16     3     3     2    -1     0.00000000
   0.270    96    17     3     1     1     1     0.00000000
   0.270    96    18     3     3     2     1    -0.00000000
   0.270    96    19     3     3     3    -1    -0.00000000
   0.270    96    20     3     3     3     1     0.00315142
   0.270    96    21     4     4     0     1    -0.00000000
   0.270    96    22     4     4     1    -1     0.00000000
   0.270    96    23     4     2     0     1     0.00000000
   0.270    96    24     4     2     1    -1     0.00000000
   0.270    96    25     4     0     0     1    -0.00000000
   0.270    96    26     4     4     1     1     0.00000000
   0.270    96    27     4     4     2    -1    -0.00000000
   0.270    96    28     4     2     1     1    -0.00000000
   0.270    96    29     4     2     2    -1     0.00000000
   0.270    96    30     4     4     2     1     0.00000000
   0.270    96    31     4     4     3    -1     0.00000000
   0.270    96    32     4     2     2     1     0.00000000
   0.270    96    33     4     4     3     1     0.00000000
   0.270    96    34     4     4     4    -1     0.00000000
   0.270    96    35     4     4     4     1    -0.00000000
   0.270    96    36     5     5     0     1    -0.00000000
   0.270    96    37     5     5     1    -1     0.00000000
   0.270    96    38     5     3     0     1    -0.00000000
   0.270    96    39     5     3     1    -1     0.00000000
   0.270    96    40     5     1     0     1    -0.00000000
   0.270    96    41     5     1     1    -1     0.00000000
   0.270    96    42     5     5     1     1    -0.00000000
   0.270    96    43     5     5     2    -1    -0.00000000
   0.270    96    44     5     3     1     1    -0.00000000
   0.270    96    45     5     3     2    -1     0.00000000
   0.270    96    46     5     1     1     1    -0.00000000
   0.270    96    47     5     5     2     1     0.00000000
   0.270    96    48     5     5     3    -1     0.00000000
   0.270    96    49     5     3     2     1    -0.00000000
   0.270    96    50     5     3     3    -1    -0.00000000
   0.270    96    51     5     5     3     1     0.00638917
   0.270    96    52     5     5     4    -1    -0.01321756
   0.270    96    53     5     3     3     1     0.08528207
   0.270    96    54     5     5     4     1    -0.00000000
   0.270    96    55     5     5     5    -1     0.00000000
   0.270    96    56     5     5     5     1     0.00000000
   0.270    96    57     6     6     0     1    -0.00000000
   0.270    96    58     6     6     1    -1    -0.00000000
   0.270    96    59     6     4     0     1     0.00000000
   0.270    96    60     6     4     1    -1     0.00000000
   0.270    96    61     6     2     0     1    -0.00000000
   0.270    96    62     6     2     1    -1    -0.00000000
   0.270    96    63     6     0     0     1     0.00000000
   0.270    96    64     6     6     1     1     0.00000000
   0.270    96    65     6     6     2    -1     0.00000000
   0.270    96    66     6     4     1     1    -0.00000000
   0.270    96    67     6     4     2    -1     0.00000000
   0.270    96    68     6     2     1     1     0.00000000
   0.270    96    69     6     2     2    -1    -0.00000000
   0.270    96    70     6     6     2     1     0.00000000
   0.270    96    71     6     6     3    -1     0.00000000
   0.270    96    72     6     4     2     1     0.00000000
   0.270    96    73     6     4     3    -1    -0.00000000
   0.270    96    74     6     2     2     1     0.00000000
   0.270    96    75     6     6     3     1     0.00000000
   0.270    96    76     6     6     4    -1     0.00000000
   0.270    96    77     6     4     3     1    -0.00000000
   0.270    96    78     6     4     4    -1    -0.00000000
   0.270    96    79     6     6     4     1    -0.00000000
   0.270    96    80     6     6     5    -1    -0.00000000
   0.270    96    81     6     4     4     1     0.00000000
   0.270    96    82     6     6     5     1     0.00000000
   0.270    96    83     6     6     6    -1    -0.00000000
   0.270    96    84     6     6     6     1    -0.00000000
   0.270    96    85     7     7     0     1     0.00000000
   0.270    96    86     7     7     1    -1    -0.00000000
   0.270    96    87     7     5     0     1     0.00000000
   0.270    96    88     7     5     1    -1    -0.00000000
   0.270    96    89     7     3     0     1     0.00000000
   0.270    96    90     7     3     1    -1    -0.00000000
   0.270    96    91     7     1     0     1     0.00000000
   0.270    96    92     7     1     1    -1     0.00000000
   0.270    96    93     7     7     1     1    -0.00000000
   0.270    96    94     7     7     2    -1    -0.00000000
   0.270    96    95     7     5     1     1     0.00000000
   0.270    96    96     7     5     2    -1    -0.00000000
   0.270    96    97     7     3     1     1     0.00000000
   0.270    96    98     7     3     2    -1     0.00000000
   0.270    96    99     7     1     1     1     0.00000000
   0.270    96   100     7     7     2     1    -0.00000000
   0.270    96   101     7     7     3    -1     0.00000000
   0.270    96   102     7     5     2     1     0.00000000
   0.270    96   103     7     5     3    -1     0.00000000
   0.270    96   104     7     3     2     1    -0.00000000
   0.270    96   105     7     3     3    -1    -0.00000000
   0.270    96   106     7     7     3     1     0.01548891
   0.270    96   107     7     7     4    -1    -0.03121252
   0.270    96   108     7     5     3     1    -0.95073635
   0.270    96   109     7     5     4    -1    -0.29511050
   0.270    96   110     7     3     3     1    -0.01725010
   0.270    96   111     7     7     4     1    -0.00000000
   0.270    96   112     7     7     5    -1     0.00000000
   0.270    96   113     7     5     4     1     0.00000000
   0.270    96   114     7     5     5    -1     0.00000000
   0.270    96   115     7     7     5     1     0.00000000
   0.270    96   116     7     7     6    -1     0.00000000
   0.270    96   117     7     5     5     1     0.00000000
   0.270    96   118     7     7     6     1     0.00000000
   0.270    96   119     7     7     7    -1     0.00000000
   0.270    96   120     7     7     7     1     0.00000000
   0.270    97     1     0     0     0     1     0.00000000
   0.270    97     2     1     1     0     1     0.00000000
   0.270    97     3     1     1     1    -1     0.00000000
   0.270    97     4     1     1     1     1     0.00000000
   0.270    97     5     2     2     0     1     0.00000000
   0.270    97     6     2     2     1    -1     0.00000000
   0.270    97     7     2     0     0     1     0.00000000
   0.270    97     8     2     2     1     1     0.00000000
   0.270    97     9     2     2     2    -1     0.00000000
   0.270    97    10     2     2     2     1     0.00000000
   0.270    97    11     3     3     0     1     0.00000000
   0.270    97    12     3     3     1    -1     0.00000000
   0.270    97    13     3     1     0     1     0.00000000
   0.270    97    14     3     1     1    -1     0.00000000
   0.270    97    15     3     3     1     1     0.00000000
   0.270    97    16     3     3     2    -1     0.00000000
   0.270    97    17     3     1     1     1     0.00000000
   0.270    97    18     3     3     2     1     0.00000000
   0.270    97    19     3     3     3    -1     0.00000000
   0.270    97    20     3     3     3     1     0.00000000
   0.270    97    21     4     4     0     1     0.00000000
   0.270    97    22     4     4     1    -1     0.00000000
   0.270    97    23     4     2     0     1     0.00000000
   0.270    97    24     4     2     1    -1     0.00000000
   0.270    97    25     4     0     0     1     0.00000000
   0.270    97    26     4     4     1     1     0.00000000
   0.270    97    27     4     4     2    -1     0.00000000
   0.270    97    28     4     2     1     1     0.00000000
   0.270    97    29     4     2     2    -1     0.00000000
   0.270    97    30     4     4     2     1     0.00000000
   0.270    97    31     4     4     3    -1     0.00000000
   0.270    97    32     4     2     2     1     0.00000000
   0.270    97    33     4     4     3     1     0.00000000
   0.270    97    34     4     4     4    -1     0.00000000
   0.270    97    35     4     4     4     1     0.00000000
   0.270    97    36     5     5     0     1     0.00000000
   0.270    97    37     5     5     1    -1     0.00000000
   0.270    97    38     5     3     0     1     0.00000000
   0.270    97    39     5     3     1    -1     0.00000000
   0.270    97    40     5     1     0     1     0.00000000
   0.270    97    41     5     1     1    -1     0.00000000
   0.270    97    42     5     5     1     1     0.00000000
   0.270    97    43     5     5     2    -1     0.00000000
   0.270    97    44     5     3     1     1     0.00000000
   0.270    97    45     5     3     2    -1     0.00000000
   0.270    97    46     5     1     1     1     0.00000000
   0.270    97    47     5     5     2     1     0.00000000
   0.270    97    48     5     5     3    -1     0.00000000
   0.270    97    49     5     3     2     1     0.00000000
   0.270    97    50     5     3     3    -1     0.00000000
   0.270    97    51     5     5     3     1     0.00000000
   0.270    97    52     5     5     4    -1     0.00000000
   0.270    97    53     5     3     3     1     0.00000000
   0.270    97    54     5     5     4     1     0.00000000
   0.270    97    55     5     5     5    -1     0.00000000
   0.270    97    56     5     5     5     1     0.00000000
   0.270    97    57     6     6     0     1     0.00000000
   0.270    97    58     6     6     1    -1     0.00000000
   0.270    97    59     6     4     0     1     0.00000000
   0.270    97    60     6     4     1    -1     0.00000000
   0.270    97    61     6     2     0     1     0.00000000
   0.270    97    62     6     2     1    -1     0.00000000
   0.270    97    63     6     0     0     1     0.00000000
   0.270    97    64     6     6     1     1     0.00000000
   0.270    97    65     6     6     2    -1     0.00000000
   0.270    97    66     6     4     1     1     0.00000000
   0.270    97    67     6     4     2    -1     0.00000000
   0.270    97    68     6     2     1     1     0.00000000
   0.270    97    69     6     2     2    -1     0.00000000
   0.270    97    70     6     6     2     1     0.00000000
   0.270    97    71     6     6     3    -1     0.00000000
   0.270    97    72     6     4     2     1     0.00000000
   0.270    97    73     6     4     3    -1     0.00000000
   0.270    97    74     6     2     2     1     0.00000000
   0.270    97    75     6     6     3     1     0.00000000
   0.270    97    76     6     6     4    -1     0.00000000
   0.270    97    77     6     4     3     1     0.00000000
   0.270    97    78     6     4     4    -1     0.00000000
   0.270    97    79     6     6     4     1     0.00000000
   0.270    97    80     6     6     5    -1     0.00000000
   0.270    97    81     6     4     4     1     0.00000000
   0.270    97    82     6     6     5     1     0.00000000
   0.270    97    83     6     6     6    -1     0.00000000
   0.270    97    84     6     6     6     1     0.00000000
   0.270    97    85     7     7     0     1     0.00000000
   0.270    97    86     7     7     1    -1     0.00000000
   0.270    97    87     7     5     0     1     0.00000000
   0.270    97    88     7     5     1    -1     0.00000000
   0.270    97    89     7     3     0     1     0.00000000
   0.270    97    90     7     3     1    -1     0.00000000
   0.270    97    91     7     1     0     1     0.00000000
   0.270    97    92     7     1     1    -1     0.00000000
   0.270    97    93     7     7     1     1     0.00000000
   0.270    97    94     7     7     2    -1     0.00000000
   0.270    97    95     7     5     1     1     0.00000000
   0.270    97    96     7     5     2    -1     0.00000000
   0.270    97    97     7     3     1     1     0.00000000
   0.270    97    98     7     3     2    -1     0.00000000
   0.270    97    99     7     1     1     1     0.00000000
   0.270    97   100     7     7     2     1     0.00000000
   0.270    97   101     7     7     3    -1     0.00000000
   0.270    97   102     7     5     2     1     0.00000000
   0.270    97   103     7     5     3    -1     0.00000000
   0.270    97   104     7     3     2     1     0.00000000
   0.270    97   105     7     3     3    -1     0.00000000
   0.270    97   106     7     7     3     1     0.00000000
   0.270    97   107     7     7     4    -1     0.00000000
   0.270    97   108     7     5     3     1     0.00000000
   0.270    97   109     7     5     4    -1     0.00000000
   0.270    97   110     7     3     3     1     0.00000000
   0.270    97   111     7     7     4     1     0.00000000
   0.270    97   112     7     7     5    -1     0.00000000
   0.270    97   113     7     5     4     1     0.00000000
   0.270    97   114     7     5     5    -1     0.00000000
   0.270    97   115     7     7     5     1     0.00000000
   0.270    97   116     7     7     6    -1     0.00000000
   0.270    97   117     7     5     5     1     0.00000000
   0.270    97   118     7     7     6     1     0.00000000
   0.270    97   119     7     7     7    -1     0.00000000
   0.270    97   120     7     7     7     1     1.00000000
   0.270    98     1     0     0     0     1    -0.00000000
   0.270    98     2     1     1     0     1    -0.00000000
   0.270    98     3     1     1     1    -1    -0.00000000
   0.270    98     4     1     1     1     1     0.00000000
   0.270    98     5     2     2     0     1    -0.00000000
   0.270    98     6     2     2     1    -1     0.00000000
   0.270    98     7     2     0     0     1    -0.00000000
   0.270    98     8     2     2     1     1    -0.00000000
   0.270    98     9     2     2     2    -1     0.00000000
   0.270    98    10     2     2     2     1     0.00000000
   0.270    98    11     3     3     0     1     0.00000000
   0.270    98    12     3     3     1    -1     0.00000000
   0.270    98    13     3     1     0     1    -0.00000000
   0.270    98    14     3     1     1    -1    -0.00000000
   0.270    98    15     3     3     1     1    -0.00000000
   0.270    98    16     3     3     2    -1    -0.00000000
   0.270    98    17     3     1     1     1     0.00000000
   0.270    98    18     3     3     2     1    -0.00000000
   0.270    98    19     3     3     3    -1     0.00000000
   0.270    98    20     3     3     3     1    -0.00037134
   0.270    98    21     4     4     0     1     0.00000000
   0.270    98    22     4     4     1    -1     0.00000000
   0.270    98    23     4     2     0     1    -0.00000000
   0.270    98    24     4     2     1    -1     0.00000000
   0.270    98    25     4     0     0     1     0.00000000
   0.270    98    26     4     4     1     1    -0.00000000
   0.270    98    27     4     4     2    -1     0.00000000
   0.270    98    28     4     2     1     1     0.00000000
   0.270    98    29     4     2     2    -1    -0.00000000
   0.270    98    30     4     4     2     1    -0.00000000
   0.270    98    31     4     4     3    -1    -0.00000000
   0.270    98    32     4     2     2     1    -0.00000000
   0.270    98    33     4     4     3     1    -0.00000000
   0.270    98    34     4     4     4    -1    -0.00000000
   0.270    98    35     4     4     4     1     0.00000000
   0.270    98    36     5     5     0     1    -0.00000000
   0.270    98    37     5     5     1    -1     0.00000000
   0.270    98    38     5     3     0     1    -0.00000000
   0.270    98    39     5     3     1    -1     0.00000000
   0.270    98    40     5     1     0     1    -0.00000000
   0.270    98    41     5     1     1    -1     0.00000000
   0.270    98    42     5     5     1     1    -0.00000000
   0.270    98    43     5     5     2    -1    -0.00000000
   0.270    98    44     5     3     1     1    -0.00000000
   0.270    98    45     5     3     2    -1     0.00000000
   0.270    98    46     5     1     1     1     0.00000000
   0.270    98    47     5     5     2     1     0.00000000
   0.270    98    48     5     5     3    -1    -0.00000000
   0.270    98    49     5     3     2     1     0.00000000
   0.270    98    50     5     3     3    -1    -0.00000000
   0.270    98    51     5     5     3     1     0.02740443
   0.270    98    52     5     5     4    -1    -0.05094332
   0.270    98    53     5     3     3     1     0.00310586
   0.270    98    54     5     5     4     1    -0.00000000
   0.270    98    55     5     5     5    -1     0.00000000
   0.270    98    56     5     5     5     1     0.00000000
   0.270    98    57     6     6     0     1     0.00000000
   0.270    98    58     6     6     1    -1     0.00000000
   0.270    98    59     6     4     0     1     0.00000000
   0.270    98    60     6     4     1    -1     0.00000000
   0.270    98    61     6     2     0     1     0.00000000
   0.270    98    62     6     2     1    -1     0.00000000
   0.270    98    63     6     0     0     1    -0.00000000
   0.270    98    64     6     6     1     1    -0.00000000
   0.270    98    65     6     6     2    -1     0.00000000
   0.270    98    66     6     4     1     1     0.00000000
   0.270    98    67     6     4     2    -1    -0.00000000
   0.270    98    68     6     2     1     1     0.00000000
   0.270    98    69     6     2     2    -1     0.00000000
   0.270    98    70     6     6     2     1    -0.00000000
   0.270    98    71     6     6     3    -1    -0.00000000
   0.270    98    72     6     4     2     1    -0.00000000
   0.270    98    73     6     4     3    -1     0.00000000
   0.270    98    74     6     2     2     1    -0.00000000
   0.270    98    75     6     6     3     1    -0.00000000
   0.270    98    76     6     6     4    -1    -0.00000000
   0.270    98    77     6     4     3     1     0.00000000
   0.270    98    78     6     4     4    -1     0.00000000
   0.270    98    79     6     6     4     1     0.00000000
   0.270    98    80     6     6     5    -1    -0.00000000
   0.270    98    81     6     4     4     1    -0.00000000
   0.270    98    82     6     6     5     1    -0.00000000
   0.270    98    83     6     6     6    -1    -0.00000000
   0.270    98    84     6     6     6     1     0.00000000
   0.270    98    85     7     7     0     1     0.00000000
   0.270    98    86     7     7     1    -1    -0.00000000
   0.270    98    87     7     5     0     1     0.00000000
   0.270    98    88     7     5     1    -1    -0.00000000
   0.270    98    89     7     3     0     1     0.00000000
   0.270    98    90     7     3     1    -1    -0.00000000
   0.270    98    91     7     1     0     1     0.00000000
   0.270    98    92     7     1     1    -1    -0.00000000
   0.270    98    93     7     7     1     1    -0.00000000
   0.270    98    94     7     7     2    -1    -0.00000000
   0.270    98    95     7     5     1     1     0.00000000
   0.270    98    96     7     5     2    -1    -0.00000000
   0.270    98    97     7     3     1     1    -0.00000000
   0.270    98    98     7     3     2    -1    -0.00000000
   0.270    98    99     7     1     1     1     0.00000000
   0.270    98   100     7     7     2     1    -0.00000000
   0.270    98   101     7     7     3    -1     0.00000000
   0.270    98   102     7     5     2     1    -0.00000000
   0.270    98   103     7     5     3    -1     0.00000000
   0.270    98   104     7     3     2     1     0.00000000
   0.270    98   105     7     3     3    -1     0.00000000
   0.270    98   106     7     7     3     1    -0.44784497
   0.270    98   107     7     7     4    -1     0.89157859
   0.270    98   108     7     5     3     1    -0.03368923
   0.270    98   109     7     5     4    -1    -0.00555034
   0.270    98   110     7     3     3     1     0.00084850
   0.270    98   111     7     7     4     1     0.00000000
   0.270    98   112     7     7     5    -1     0.00000000
   0.270    98   113     7     5     4     1     0.00000000
   0.270    98   114     7     5     5    -1    -0.00000000
   0.270    98   115     7     7     5     1     0.00000000
   0.270    98   116     7     7     6    -1     0.00000000
   0.270    98   117     7     5     5     1     0.00000000
   0.270    98   118     7     7     6     1     0.00000000
   0.270    98   119     7     7     7    -1     0.00000000
   0.270    98   120     7     7     7     1     0.00000000
   0.270    99     1     0     0     0     1    -0.00000000
   0.270    99     2     1     1     0     1     0.00000000
   0.270    99     3     1     1     1    -1     0.00000000
   0.270    99     4     1     1     1     1     0.00000000
   0.270    99     5     2     2     0     1    -0.00000000
   0.270    99     6     2     2     1    -1     0.00000000
   0.270    99     7     2     0     0     1     0.00000000
   0.270    99     8     2     2     1     1     0.00000000
   0.270    99     9     2     2     2    -1    -0.00000000
   0.270    99    10     2     2     2     1    -0.00000000
   0.270    99    11     3     3     0     1    -0.00000000
   0.270    99    12     3     3     1    -1     0.00000000
   0.270    99    13     3     1     0     1     0.00000000
   0.270    99    14     3     1     1    -1    -0.00000000
   0.270    99    15     3     3     1     1    -0.00000000
   0.270    99    16     3     3     2    -1     0.00000000
   0.270    99    17     3     1     1     1     0.00000000
   0.270    99    18     3     3     2     1     0.00000000
   0.270    99    19     3     3     3    -1     0.00000000
   0.270    99    20     3     3     3     1     0.00000000
   0.270    99    21     4     4     0     1    -0.00000000
   0.270    99    22     4     4     1    -1     0.00000000
   0.270    99    23     4     2     0     1     0.00000000
   0.270    99    24     4     2     1    -1    -0.00000000
   0.270    99    25     4     0     0     1     0.00000000
   0.270    99    26     4     4     1     1    -0.00000000
   0.270    99    27     4     4     2    -1    -0.00000000
   0.270    99    28     4     2     1     1     0.00000000
   0.270    99    29     4     2     2    -1    -0.00000000
   0.270    99    30     4     4     2     1     0.00000000
   0.270    99    31     4     4     3    -1     0.00000000
   0.270    99    32     4     2     2     1    -0.00000000
   0.270    99    33     4     4     3     1     0.00596515
   0.270    99    34     4     4     4    -1    -0.06868586
   0.270    99    35     4     4     4     1    -0.00000000
   0.270    99    36     5     5     0     1     0.00000000
   0.270    99    37     5     5     1    -1    -0.00000000
   0.270    99    38     5     3     0     1     0.00000000
   0.270    99    39     5     3     1    -1     0.00000000
   0.270    99    40     5     1     0     1    -0.00000000
   0.270    99    41     5     1     1    -1    -0.00000000
   0.270    99    42     5     5     1     1    -0.00000000
   0.270    99    43     5     5     2    -1     0.00000000
   0.270    99    44     5     3     1     1    -0.00000000
   0.270    99    45     5     3     2    -1     0.00000000
   0.270    99    46     5     1     1     1    -0.00000000
   0.270    99    47     5     5     2     1     0.00000000
   0.270    99    48     5     5     3    -1     0.00000000
   0.270    99    49     5     3     2     1     0.00000000
   0.270    99    50     5     3     3    -1     0.00000000
   0.270    99    51     5     5     3     1    -0.00000000
   0.270    99    52     5     5     4    -1    -0.00000000
   0.270    99    53     5     3     3     1     0.00000000
   0.270    99    54     5     5     4     1     0.00000000
   0.270    99    55     5     5     5    -1    -0.00000000
   0.270    99    56     5     5     5     1     0.00000000
   0.270    99    57     6     6     0     1    -0.00000000
   0.270    99    58     6     6     1    -1     0.00000000
   0.270    99    59     6     4     0     1    -0.00000000
   0.270    99    60     6     4     1    -1     0.00000000
   0.270    99    61     6     2     0     1    -0.00000000
   0.270    99    62     6     2     1    -1     0.00000000
   0.270    99    63     6     0     0     1    -0.00000000
   0.270    99    64     6     6     1     1     0.00000000
   0.270    99    65     6     6     2    -1     0.00000000
   0.270    99    66     6     4     1     1    -0.00000000
   0.270    99    67     6     4     2    -1     0.00000000
   0.270    99    68     6     2     1     1    -0.00000000
   0.270    99    69     6     2     2    -1    -0.00000000
   0.270    99    70     6     6     2     1    -0.00000000
   0.270    99    71     6     6     3    -1     0.00000000
   0.270    99    72     6     4     2     1     0.00000000
   0.270    99    73     6     4     3    -1    -0.00000000
   0.270    99    74     6     2     2     1    -0.00000000
   0.270    99    75     6     6     3     1    -0.00110442
   0.270    99    76     6     6     4    -1     0.00418063
   0.270    99    77     6     4     3     1     0.18385762
   0.270    99    78     6     4     4    -1    -0.98052249
   0.270    99    79     6     6     4     1    -0.00000000
   0.270    99    80     6     6     5    -1     0.00000000
   0.270    99    81     6     4     4     1    -0.00000000
   0.270    99    82     6     6     5     1    -0.00000000
   0.270    99    83     6     6     6    -1     0.00000000
   0.270    99    84     6     6     6     1    -0.00000000
   0.270    99    85     7     7     0     1    -0.00000000
   0.270    99    86     7     7     1    -1     0.00000000
   0.270    99    87     7     5     0     1    -0.00000000
   0.270    99    88     7     5     1    -1    -0.00000000
   0.270    99    89     7     3     0     1     0.00000000
   0.270    99    90     7     3     1    -1     0.00000000
   0.270    99    91     7     1     0     1    -0.00000000
   0.270    99    92     7     1     1    -1    -0.00000000
   0.270    99    93     7     7     1     1     0.00000000
   0.270    99    94     7     7     2    -1    -0.00000000
   0.270    99    95     7     5     1     1     0.00000000
   0.270    99    96     7     5     2    -1    -0.00000000
   0.270    99    97     7     3     1     1     0.00000000
   0.270    99    98     7     3     2    -1     0.00000000
   0.270    99    99     7     1     1     1     0.00000000
   0.270    99   100     7     7     2     1    -0.00000000
   0.270    99   101     7     7     3    -1    -0.00000000
   0.270    99   102     7     5     2     1    -0.00000000
   0.270    99   103     7     5     3    -1    -0.00000000
   0.270    99   104     7     3     2     1     0.00000000
   0.270    99   105     7     3     3    -1    -0.00000000
   0.270    99   106     7     7     3     1    -0.00000000
   0.270    99   107     7     7     4    -1    -0.00000000
   0.270    99   108     7     5     3     1     0.00000000
   0.270    99   109     7     5     4    -1    -0.00000000
   0.270    99   110     7     3     3     1    -0.00000000
   0.270    99   111     7     7     4     1     0.00000000
   0.270    99   112     7     7     5    -1    -0.00000000
   0.270    99   113     7     5     4     1    -0.00000000
   0.270    99   114     7     5     5    -1     0.00000000
   0.270    99   115     7     7     5     1     0.00000000
   0.270    99   116     7     7     6    -1     0.00000000
   0.270    99   117     7     5     5     1     0.00000000
   0.270    99   118     7     7     6     1     0.00000000
   0.270    99   119     7     7     7    -1     0.00000000
   0.270    99   120     7     7     7     1     0.00000000
   0.270   100     1     0     0     0     1    -0.00000000
   0.270   100     2     1     1     0     1     0.00015883
   0.270   100     3     1     1     1    -1     0.00005965
   0.270   100     4     1     1     1     1    -0.00000000
   0.270   100     5     2     2     0     1    -0.00000000
   0.270   100     6     2     2     1    -1    -0.00000000
   0.270   100     7     2     0     0     1    -0.00000000
   0.270   100     8     2     2     1     1    -0.00000000
   0.270   100     9     2     2     2    -1    -0.00000000
   0.270   100    10     2     2     2     1     0.00000000
   0.270   100    11     3     3     0     1    -0.00343558
   0.270   100    12     3     3     1    -1    -0.00315818
   0.270   100    13     3     1     0     1    -0.00498958
   0.270   100    14     3     1     1    -1     0.00146496
   0.270   100    15     3     3     1     1     0.00000000
   0.270   100    16     3     3     2    -1    -0.00000000
   0.270   100    17     3     1     1     1     0.00000000
   0.270   100    18     3     3     2     1    -0.00000000
   0.270   100    19     3     3     3    -1     0.00000000
   0.270   100    20     3     3     3     1     0.00000000
   0.270   100    21     4     4     0     1     0.00000000
   0.270   100    22     4     4     1    -1    -0.00000000
   0.270   100    23     4     2     0     1     0.00000000
   0.270   100    24     4     2     1    -1    -0.00000000
   0.270   100    25     4     0     0     1    -0.00000000
   0.270   100    26     4     4     1     1    -0.00000000
   0.270   100    27     4     4     2    -1     0.00000000
   0.270   100    28     4     2     1     1     0.00000000
   0.270   100    29     4     2     2    -1    -0.00000000
   0.270   100    30     4     4     2     1     0.00000000
   0.270   100    31     4     4     3    -1     0.00000000
   0.270   100    32     4     2     2     1    -0.00000000
   0.270   100    33     4     4     3     1    -0.00000000
   0.270   100    34     4     4     4    -1    -0.00000000
   0.270   100    35     4     4     4     1    -0.00000000
   0.270   100    36     5     5     0     1     0.03235273
   0.270   100    37     5     5     1    -1     0.01804329
   0.270   100    38     5     3     0     1     0.03514078
   0.270   100    39     5     3     1    -1     0.03208761
   0.270   100    40     5     1     0     1     0.06273572
   0.270   100    41     5     1     1    -1     0.09565536
   0.270   100    42     5     5     1     1    -0.00000000
   0.270   100    43     5     5     2    -1     0.00000000
   0.270   100    44     5     3     1     1    -0.00000000
   0.270   100    45     5     3     2    -1    -0.00000000
   0.270   100    46     5     1     1     1    -0.00000000
   0.270   100    47     5     5     2     1     0.00000000
   0.270   100    48     5     5     3    -1    -0.00000000
   0.270   100    49     5     3     2     1     0.00000000
   0.270   100    50     5     3     3    -1     0.00000000
   0.270   100    51     5     5     3     1    -0.00000000
   0.270   100    52     5     5     4    -1     0.00000000
   0.270   100    53     5     3     3     1     0.00000000
   0.270   100    54     5     5     4     1     0.00000000
   0.270   100    55     5     5     5    -1    -0.00000000
   0.270   100    56     5     5     5     1     0.00000000
   0.270   100    57     6     6     0     1    -0.00000000
   0.270   100    58     6     6     1    -1     0.00000000
   0.270   100    59     6     4     0     1    -0.00000000
   0.270   100    60     6     4     1    -1    -0.00000000
   0.270   100    61     6     2     0     1     0.00000000
   0.270   100    62     6     2     1    -1     0.00000000
   0.270   100    63     6     0     0     1    -0.00000000
   0.270   100    64     6     6     1     1     0.00000000
   0.270   100    65     6     6     2    -1    -0.00000000
   0.270   100    66     6     4     1     1    -0.00000000
   0.270   100    67     6     4     2    -1    -0.00000000
   0.270   100    68     6     2     1     1     0.00000000
   0.270   100    69     6     2     2    -1    -0.00000000
   0.270   100    70     6     6     2     1    -0.00000000
   0.270   100    71     6     6     3    -1    -0.00000000
   0.270   100    72     6     4     2     1     0.00000000
   0.270   100    73     6     4     3    -1    -0.00000000
   0.270   100    74     6     2     2     1     0.00000000
   0.270   100    75     6     6     3     1     0.00000000
   0.270   100    76     6     6     4    -1    -0.00000000
   0.270   100    77     6     4     3     1     0.00000000
   0.270   100    78     6     4     4    -1    -0.00000000
   0.270   100    79     6     6     4     1    -0.00000000
   0.270   100    80     6     6     5    -1     0.00000000
   0.270   100    81     6     4     4     1     0.00000000
   0.270   100    82     6     6     5     1    -0.00000000
   0.270   100    83     6     6     6    -1     0.00000000
   0.270   100    84     6     6     6     1    -0.00000000
   0.270   100    85     7     7     0     1    -0.00516935
   0.270   100    86     7     7     1    -1    -0.00053450
   0.270   100    87     7     5     0     1    -0.01014709
   0.270   100    88     7     5     1    -1    -0.03133153
   0.270   100    89     7     3     0     1    -0.79401373
   0.270   100    90     7     3     1    -1    -0.49072561
   0.270   100    91     7     1     0     1     0.33260784
   0.270   100    92     7     1     1    -1     0.01482058
   0.270   100    93     7     7     1     1     0.00000000
   0.270   100    94     7     7     2    -1    -0.00000000
   0.270   100    95     7     5     1     1    -0.00000000
   0.270   100    96     7     5     2    -1    -0.00000000
   0.270   100    97     7     3     1     1     0.00000000
   0.270   100    98     7     3     2    -1     0.00000000
   0.270   100    99     7     1     1     1     0.00000000
   0.270   100   100     7     7     2     1    -0.00000000
   0.270   100   101     7     7     3    -1     0.00000000
   0.270   100   102     7     5     2     1    -0.00000000
   0.270   100   103     7     5     3    -1    -0.00000000
   0.270   100   104     7     3     2     1    -0.00000000
   0.270   100   105     7     3     3    -1    -0.00000000
   0.270   100   106     7     7     3     1     0.00000000
   0.270   100   107     7     7     4    -1     0.00000000
   0.270   100   108     7     5     3     1     0.00000000
   0.270   100   109     7     5     4    -1    -0.00000000
   0.270   100   110     7     3     3     1    -0.00000000
   0.270   100   111     7     7     4     1    -0.00000000
   0.270   100   112     7     7     5    -1    -0.00000000
   0.270   100   113     7     5     4     1    -0.00000000
   0.270   100   114     7     5     5    -1     0.00000000
   0.270   100   115     7     7     5     1     0.00000000
   0.270   100   116     7     7     6    -1     0.00000000
   0.270   100   117     7     5     5     1     0.00000000
   0.270   100   118     7     7     6     1     0.00000000
   0.270   100   119     7     7     7    -1     0.00000000
   0.270   100   120     7     7     7     1     0.00000000
   0.270   101     1     0     0     0     1     0.00000000
   0.270   101     2     1     1     0     1     0.00003159
   0.270   101     3     1     1     1    -1     0.00000255
   0.270   101     4     1     1     1     1    -0.00000000
   0.270   101     5     2     2     0     1     0.00000000
   0.270   101     6     2     2     1    -1     0.00000000
   0.270   101     7     2     0     0     1    -0.00000000
   0.270   101     8     2     2     1     1    -0.00000000
   0.270   101     9     2     2     2    -1    -0.00000000
   0.270   101    10     2     2     2     1    -0.00000000
   0.270   101    11     3     3     0     1    -0.00136113
   0.270   101    12     3     3     1    -1     0.00283329
   0.270   101    13     3     1     0     1    -0.00045205
   0.270   101    14     3     1     1    -1     0.00407895
   0.270   101    15     3     3     1     1     0.00000000
   0.270   101    16     3     3     2    -1     0.00000000
   0.270   101    17     3     1     1     1     0.00000000
   0.270   101    18     3     3     2     1     0.00000000
   0.270   101    19     3     3     3    -1     0.00000000
   0.270   101    20     3     3     3     1    -0.00000000
   0.270   101    21     4     4     0     1     0.00000000
   0.270   101    22     4     4     1    -1     0.00000000
   0.270   101    23     4     2     0     1    -0.00000000
   0.270   101    24     4     2     1    -1    -0.00000000
   0.270   101    25     4     0     0     1     0.00000000
   0.270   101    26     4     4     1     1    -0.00000000
   0.270   101    27     4     4     2    -1     0.00000000
   0.270   101    28     4     2     1     1    -0.00000000
   0.270   101    29     4     2     2    -1    -0.00000000
   0.270   101    30     4     4     2     1     0.00000000
   0.270   101    31     4     4     3    -1     0.00000000
   0.270   101    32     4     2     2     1    -0.00000000
   0.270   101    33     4     4     3     1    -0.00000000
   0.270   101    34     4     4     4    -1    -0.00000000
   0.270   101    35     4     4     4     1    -0.00000000
   0.270   101    36     5     5     0     1     0.03302897
   0.270   101    37     5     5     1    -1    -0.03865208
   0.270   101    38     5     3     0     1     0.04966729
   0.270   101    39     5     3     1    -1    -0.08592695
   0.270   101    40     5     1     0     1    -0.04042530
   0.270   101    41     5     1     1    -1     0.00383912
   0.270   101    42     5     5     1     1    -0.00000000
   0.270   101    43     5     5     2    -1    -0.00000000
   0.270   101    44     5     3     1     1    -0.00000000
   0.270   101    45     5     3     2    -1    -0.00000000
   0.270   101    46     5     1     1     1    -0.00000000
   0.270   101    47     5     5     2     1    -0.00000000
   0.270   101    48     5     5     3    -1     0.00000000
   0.270   101    49     5     3     2     1    -0.00000000
   0.270   101    50     5     3     3    -1     0.00000000
   0.270   101    51     5     5     3     1     0.00000000
   0.270   101    52     5     5     4    -1     0.00000000
   0.270   101    53     5     3     3     1     0.00000000
   0.270   101    54     5     5     4     1     0.00000000
   0.270   101    55     5     5     5    -1     0.00000000
   0.270   101    56     5     5     5     1     0.00000000
   0.270   101    57     6     6     0     1     0.00000000
   0.270   101    58     6     6     1    -1     0.00000000
   0.270   101    59     6     4     0     1     0.00000000
   0.270   101    60     6     4     1    -1     0.00000000
   0.270   101    61     6     2     0     1    -0.00000000
   0.270   101    62     6     2     1    -1     0.00000000
   0.270   101    63     6     0     0     1    -0.00000000
   0.270   101    64     6     6     1     1     0.00000000
   0.270   101    65     6     6     2    -1    -0.00000000
   0.270   101    66     6     4     1     1    -0.00000000
   0.270   101    67     6     4     2    -1     0.00000000
   0.270   101    68     6     2     1     1     0.00000000
   0.270   101    69     6     2     2    -1    -0.00000000
   0.270   101    70     6     6     2     1    -0.00000000
   0.270   101    71     6     6     3    -1    -0.00000000
   0.270   101    72     6     4     2     1     0.00000000
   0.270   101    73     6     4     3    -1    -0.00000000
   0.270   101    74     6     2     2     1    -0.00000000
   0.270   101    75     6     6     3     1     0.00000000
   0.270   101    76     6     6     4    -1    -0.00000000
   0.270   101    77     6     4     3     1     0.00000000
   0.270   101    78     6     4     4    -1    -0.00000000
   0.270   101    79     6     6     4     1    -0.00000000
   0.270   101    80     6     6     5    -1     0.00000000
   0.270   101    81     6     4     4     1     0.00000000
   0.270   101    82     6     6     5     1     0.00000000
   0.270   101    83     6     6     6    -1    -0.00000000
   0.270   101    84     6     6     6     1    -0.00000000
   0.270   101    85     7     7     0     1    -0.00971757
   0.270   101    86     7     7     1    -1     0.01083501
   0.270   101    87     7     5     0     1    -0.62147375
   0.270   101    88     7     5     1    -1     0.73857249
   0.270   101    89     7     3     0     1     0.07093019
   0.270   101    90     7     3     1    -1    -0.00473178
   0.270   101    91     7     1     0     1     0.22112275
   0.270   101    92     7     1     1    -1     0.00310300
   0.270   101    93     7     7     1     1    -0.00000000
   0.270   101    94     7     7     2    -1     0.00000000
   0.270   101    95     7     5     1     1     0.00000000
   0.270   101    96     7     5     2    -1    -0.00000000
   0.270   101    97     7     3     1     1     0.00000000
   0.270   101    98     7     3     2    -1     0.00000000
   0.270   101    99     7     1     1     1     0.00000000
   0.270   101   100     7     7     2     1    -0.00000000
   0.270   101   101     7     7     3    -1    -0.00000000
   0.270   101   102     7     5     2     1     0.00000000
   0.270   101   103     7     5     3    -1    -0.00000000
   0.270   101   104     7     3     2     1    -0.00000000
   0.270   101   105     7     3     3    -1    -0.00000000
   0.270   101   106     7     7     3     1    -0.00000000
   0.270   101   107     7     7     4    -1    -0.00000000
   0.270   101   108     7     5     3     1     0.00000000
   0.270   101   109     7     5     4    -1    -0.00000000
   0.270   101   110     7     3     3     1    -0.00000000
   0.270   101   111     7     7     4     1    -0.00000000
   0.270   101   112     7     7     5    -1    -0.00000000
   0.270   101   113     7     5     4     1    -0.00000000
   0.270   101   114     7     5     5    -1    -0.00000000
   0.270   101   115     7     7     5     1     0.00000000
   0.270   101   116     7     7     6    -1     0.00000000
   0.270   101   117     7     5     5     1     0.00000000
   0.270   101   118     7     7     6     1     0.00000000
   0.270   101   119     7     7     7    -1     0.00000000
   0.270   101   120     7     7     7     1     0.00000000
   0.270   102     1     0     0     0     1    -0.00000000
   0.270   102     2     1     1     0     1    -0.00000000
   0.270   102     3     1     1     1    -1     0.00000000
   0.270   102     4     1     1     1     1    -0.00000000
   0.270   102     5     2     2     0     1     0.00000000
   0.270   102     6     2     2     1    -1     0.00000000
   0.270   102     7     2     0     0     1    -0.00000000
   0.270   102     8     2     2     1     1    -0.00016196
   0.270   102     9     2     2     2    -1     0.00199274
   0.270   102    10     2     2     2     1    -0.00000000
   0.270   102    11     3     3     0     1    -0.00000000
   0.270   102    12     3     3     1    -1     0.00000000
   0.270   102    13     3     1     0     1    -0.00000000
   0.270   102    14     3     1     1    -1     0.00000000
   0.270   102    15     3     3     1     1     0.00000000
   0.270   102    16     3     3     2    -1     0.00000000
   0.270   102    17     3     1     1     1     0.00000000
   0.270   102    18     3     3     2     1    -0.00000000
   0.270   102    19     3     3     3    -1    -0.00000000
   0.270   102    20     3     3     3     1     0.00000000
   0.270   102    21     4     4     0     1    -0.00000000
   0.270   102    22     4     4     1    -1    -0.00000000
   0.270   102    23     4     2     0     1     0.00000000
   0.270   102    24     4     2     1    -1     0.00000000
   0.270   102    25     4     0     0     1    -0.00000000
   0.270   102    26     4     4     1     1     0.00523430
   0.270   102    27     4     4     2    -1    -0.02205705
   0.270   102    28     4     2     1     1     0.00104446
   0.270   102    29     4     2     2    -1     0.07096838
   0.270   102    30     4     4     2     1     0.00000000
   0.270   102    31     4     4     3    -1    -0.00000000
   0.270   102    32     4     2     2     1    -0.00000000
   0.270   102    33     4     4     3     1    -0.00000000
   0.270   102    34     4     4     4    -1     0.00000000
   0.270   102    35     4     4     4     1     0.00000000
   0.270   102    36     5     5     0     1     0.00000000
   0.270   102    37     5     5     1    -1    -0.00000000
   0.270   102    38     5     3     0     1     0.00000000
   0.270   102    39     5     3     1    -1    -0.00000000
   0.270   102    40     5     1     0     1    -0.00000000
   0.270   102    41     5     1     1    -1     0.00000000
   0.270   102    42     5     5     1     1    -0.00000000
   0.270   102    43     5     5     2    -1    -0.00000000
   0.270   102    44     5     3     1     1     0.00000000
   0.270   102    45     5     3     2    -1     0.00000000
   0.270   102    46     5     1     1     1    -0.00000000
   0.270   102    47     5     5     2     1     0.00000000
   0.270   102    48     5     5     3    -1     0.00000000
   0.270   102    49     5     3     2     1     0.00000000
   0.270   102    50     5     3     3    -1     0.00000000
   0.270   102    51     5     5     3     1    -0.00000000
   0.270   102    52     5     5     4    -1     0.00000000
   0.270   102    53     5     3     3     1    -0.00000000
   0.270   102    54     5     5     4     1     0.00000000
   0.270   102    55     5     5     5    -1    -0.00000000
   0.270   102    56     5     5     5     1     0.00000000
   0.270   102    57     6     6     0     1     0.00000000
   0.270   102    58     6     6     1    -1    -0.00000000
   0.270   102    59     6     4     0     1    -0.00000000
   0.270   102    60     6     4     1    -1     0.00000000
   0.270   102    61     6     2     0     1     0.00000000
   0.270   102    62     6     2     1    -1    -0.00000000
   0.270   102    63     6     0     0     1    -0.00000000
   0.270   102    64     6     6     1     1    -0.00069330
   0.270   102    65     6     6     2    -1     0.00174396
   0.270   102    66     6     4     1     1     0.00116539
   0.270   102    67     6     4     2    -1    -0.00964320
   0.270   102    68     6     2     1     1    -0.13174934
   0.270   102    69     6     2     2    -1     0.98842740
   0.270   102    70     6     6     2     1    -0.00000000
   0.270   102    71     6     6     3    -1     0.00000000
   0.270   102    72     6     4     2     1     0.00000000
   0.270   102    73     6     4     3    -1    -0.00000000
   0.270   102    74     6     2     2     1    -0.00000000
   0.270   102    75     6     6     3     1    -0.00000000
   0.270   102    76     6     6     4    -1     0.00000000
   0.270   102    77     6     4     3     1    -0.00000000
   0.270   102    78     6     4     4    -1    -0.00000000
   0.270   102    79     6     6     4     1     0.00000000
   0.270   102    80     6     6     5    -1     0.00000000
   0.270   102    81     6     4     4     1     0.00000000
   0.270   102    82     6     6     5     1    -0.00000000
   0.270   102    83     6     6     6    -1     0.00000000
   0.270   102    84     6     6     6     1     0.00000000
   0.270   102    85     7     7     0     1    -0.00000000
   0.270   102    86     7     7     1    -1     0.00000000
   0.270   102    87     7     5     0     1    -0.00000000
   0.270   102    88     7     5     1    -1     0.00000000
   0.270   102    89     7     3     0     1     0.00000000
   0.270   102    90     7     3     1    -1    -0.00000000
   0.270   102    91     7     1     0     1     0.00000000
   0.270   102    92     7     1     1    -1     0.00000000
   0.270   102    93     7     7     1     1     0.00000000
   0.270   102    94     7     7     2    -1    -0.00000000
   0.270   102    95     7     5     1     1    -0.00000000
   0.270   102    96     7     5     2    -1    -0.00000000
   0.270   102    97     7     3     1     1    -0.00000000
   0.270   102    98     7     3     2    -1    -0.00000000
   0.270   102    99     7     1     1     1     0.00000000
   0.270   102   100     7     7     2     1     0.00000000
   0.270   102   101     7     7     3    -1     0.00000000
   0.270   102   102     7     5     2     1     0.00000000
   0.270   102   103     7     5     3    -1     0.00000000
   0.270   102   104     7     3     2     1    -0.00000000
   0.270   102   105     7     3     3    -1    -0.00000000
   0.270   102   106     7     7     3     1     0.00000000
   0.270   102   107     7     7     4    -1     0.00000000
   0.270   102   108     7     5     3     1     0.00000000
   0.270   102   109     7     5     4    -1    -0.00000000
   0.270   102   110     7     3     3     1    -0.00000000
   0.270   102   111     7     7     4     1     0.00000000
   0.270   102   112     7     7     5    -1    -0.00000000
   0.270   102   113     7     5     4     1    -0.00000000
   0.270   102   114     7     5     5    -1     0.00000000
   0.270   102   115     7     7     5     1     0.00000000
   0.270   102   116     7     7     6    -1     0.00000000
   0.270   102   117     7     5     5     1     0.00000000
   0.270   102   118     7     7     6     1     0.00000000
   0.270   102   119     7     7     7    -1     0.00000000
   0.270   102   120     7     7     7     1     0.00000000
   0.270   103     1     0     0     0     1    -0.00000000
   0.270   103     2     1     1     0     1     0.00000000
   0.270   103     3     1     1     1    -1    -0.00000000
   0.270   103     4     1     1     1     1    -0.00000000
   0.270   103     5     2     2     0     1     0.00000000
   0.270   103     6     2     2     1    -1     0.00000000
   0.270   103     7     2     0     0     1     0.00000000
   0.270   103     8     2     2     1     1     0.00000000
   0.270   103     9     2     2     2    -1    -0.00000000
   0.270   103    10     2     2     2     1    -0.00000000
   0.270   103    11     3     3     0     1    -0.00000000
   0.270   103    12     3     3     1    -1     0.00000000
   0.270   103    13     3     1     0     1    -0.00000000
   0.270   103    14     3     1     1    -1    -0.00000000
   0.270   103    15     3     3     1     1    -0.00000000
   0.270   103    16     3     3     2    -1     0.00000000
   0.270   103    17     3     1     1     1     0.00000000
   0.270   103    18     3     3     2     1     0.00000000
   0.270   103    19     3     3     3    -1    -0.00000000
   0.270   103    20     3     3     3     1     0.00000000
   0.270   103    21     4     4     0     1    -0.00000000
   0.270   103    22     4     4     1    -1    -0.00000000
   0.270   103    23     4     2     0     1     0.00000000
   0.270   103    24     4     2     1    -1     0.00000000
   0.270   103    25     4     0     0     1     0.00000000
   0.270   103    26     4     4     1     1     0.00000000
   0.270   103    27     4     4     2    -1     0.00000000
   0.270   103    28     4     2     1     1     0.00000000
   0.270   103    29     4     2     2    -1    -0.00000000
   0.270   103    30     4     4     2     1    -0.00000000
   0.270   103    31     4     4     3    -1    -0.00000000
   0.270   103    32     4     2     2     1     0.00000000
   0.270   103    33     4     4     3     1    -0.00000000
   0.270   103    34     4     4     4    -1    -0.00000000
   0.270   103    35     4     4     4     1    -0.00000000
   0.270   103    36     5     5     0     1    -0.00000000
   0.270   103    37     5     5     1    -1     0.00000000
   0.270   103    38     5     3     0     1    -0.00000000
   0.270   103    39     5     3     1    -1    -0.00000000
   0.270   103    40     5     1     0     1    -0.00000000
   0.270   103    41     5     1     1    -1     0.00000000
   0.270   103    42     5     5     1     1     0.00000000
   0.270   103    43     5     5     2    -1    -0.00000000
   0.270   103    44     5     3     1     1     0.00000000
   0.270   103    45     5     3     2    -1    -0.00000000
   0.270   103    46     5     1     1     1    -0.00000000
   0.270   103    47     5     5     2     1    -0.00000000
   0.270   103    48     5     5     3    -1     0.00000000
   0.270   103    49     5     3     2     1    -0.00000000
   0.270   103    50     5     3     3    -1     0.00000000
   0.270   103    51     5     5     3     1    -0.00000000
   0.270   103    52     5     5     4    -1     0.00000000
   0.270   103    53     5     3     3     1    -0.00000000
   0.270   103    54     5     5     4     1     0.01658352
   0.270   103    55     5     5     5    -1    -0.03482972
   0.270   103    56     5     5     5     1     0.00000000
   0.270   103    57     6     6     0     1    -0.00000000
   0.270   103    58     6     6     1    -1     0.00000000
   0.270   103    59     6     4     0     1    -0.00000000
   0.270   103    60     6     4     1    -1    -0.00000000
   0.270   103    61     6     2     0     1     0.00000000
   0.270   103    62     6     2     1    -1    -0.00000000
   0.270   103    63     6     0     0     1    -0.00000000
   0.270   103    64     6     6     1     1     0.00000000
   0.270   103    65     6     6     2    -1    -0.00000000
   0.270   103    66     6     4     1     1     0.00000000
   0.270   103    67     6     4     2    -1    -0.00000000
   0.270   103    68     6     2     1     1     0.00000000
   0.270   103    69     6     2     2    -1     0.00000000
   0.270   103    70     6     6     2     1    -0.00000000
   0.270   103    71     6     6     3    -1    -0.00000000
   0.270   103    72     6     4     2     1     0.00000000
   0.270   103    73     6     4     3    -1     0.00000000
   0.270   103    74     6     2     2     1    -0.00000000
   0.270   103    75     6     6     3     1     0.00000000
   0.270   103    76     6     6     4    -1    -0.00000000
   0.270   103    77     6     4     3     1     0.00000000
   0.270   103    78     6     4     4    -1     0.00000000
   0.270   103    79     6     6     4     1    -0.00000000
   0.270   103    80     6     6     5    -1     0.00000000
   0.270   103    81     6     4     4     1    -0.00000000
   0.270   103    82     6     6     5     1     0.00000000
   0.270   103    83     6     6     6    -1    -0.00000000
   0.270   103    84     6     6     6     1    -0.00000000
   0.270   103    85     7     7     0     1     0.00000000
   0.270   103    86     7     7     1    -1     0.00000000
   0.270   103    87     7     5     0     1    -0.00000000
   0.270   103    88     7     5     1    -1     0.00000000
   0.270   103    89     7     3     0     1    -0.00000000
   0.270   103    90     7     3     1    -1    -0.00000000
   0.270   103    91     7     1     0     1    -0.00000000
   0.270   103    92     7     1     1    -1     0.00000000
   0.270   103    93     7     7     1     1    -0.00000000
   0.270   103    94     7     7     2    -1     0.00000000
   0.270   103    95     7     5     1     1    -0.00000000
   0.270   103    96     7     5     2    -1     0.00000000
   0.270   103    97     7     3     1     1    -0.00000000
   0.270   103    98     7     3     2    -1     0.00000000
   0.270   103    99     7     1     1     1    -0.00000000
   0.270   103   100     7     7     2     1     0.00000000
   0.270   103   101     7     7     3    -1    -0.00000000
   0.270   103   102     7     5     2     1     0.00000000
   0.270   103   103     7     5     3    -1    -0.00000000
   0.270   103   104     7     3     2     1     0.00000000
   0.270   103   105     7     3     3    -1    -0.00000000
   0.270   103   106     7     7     3     1     0.00000000
   0.270   103   107     7     7     4    -1    -0.00000000
   0.270   103   108     7     5     3     1     0.00000000
   0.270   103   109     7     5     4    -1     0.00000000
   0.270   103   110     7     3     3     1     0.00000000
   0.270   103   111     7     7     4     1    -0.36919362
   0.270   103   112     7     7     5    -1     0.92852464
   0.270   103   113     7     5     4     1    -0.00149025
   0.270   103   114     7     5     5    -1     0.00690868
   0.270   103   115     7     7     5     1     0.00000000
   0.270   103   116     7     7     6    -1     0.00000000
   0.270   103   117     7     5     5     1     0.00000000
   0.270   103   118     7     7     6     1     0.00000000
   0.270   103   119     7     7     7    -1     0.00000000
   0.270   103   120     7     7     7     1     0.00000000
   0.270   104     1     0     0     0     1    -0.00000000
   0.270   104     2     1     1     0     1     0.00000000
   0.270   104     3     1     1     1    -1    -0.00000000
   0.270   104     4     1     1     1     1    -0.00009138
   0.270   104     5     2     2     0     1    -0.00000000
   0.270   104     6     2     2     1    -1    -0.00000000
   0.270   104     7     2     0     0     1     0.00000000
   0.270   104     8     2     2     1     1     0.00000000
   0.270   104     9     2     2     2    -1    -0.00000000
   0.270   104    10     2     2     2     1    -0.00000000
   0.270   104    11     3     3     0     1     0.00000000
   0.270   104    12     3     3     1    -1    -0.00000000
   0.270   104    13     3     1     0     1     0.00000000
   0.270   104    14     3     1     1    -1     0.00000000
   0.270   104    15     3     3     1     1     0.00501537
   0.270   104    16     3     3     2    -1     0.00007209
   0.270   104    17     3     1     1     1    -0.00205481
   0.270   104    18     3     3     2     1    -0.00000000
   0.270   104    19     3     3     3    -1     0.00000000
   0.270   104    20     3     3     3     1     0.00000000
   0.270   104    21     4     4     0     1     0.00000000
   0.270   104    22     4     4     1    -1     0.00000000
   0.270   104    23     4     2     0     1     0.00000000
   0.270   104    24     4     2     1    -1     0.00000000
   0.270   104    25     4     0     0     1     0.00000000
   0.270   104    26     4     4     1     1    -0.00000000
   0.270   104    27     4     4     2    -1    -0.00000000
   0.270   104    28     4     2     1     1     0.00000000
   0.270   104    29     4     2     2    -1     0.00000000
   0.270   104    30     4     4     2     1    -0.00000000
   0.270   104    31     4     4     3    -1    -0.00000000
   0.270   104    32     4     2     2     1    -0.00000000
   0.270   104    33     4     4     3     1     0.00000000
   0.270   104    34     4     4     4    -1     0.00000000
   0.270   104    35     4     4     4     1    -0.00000000
   0.270   104    36     5     5     0     1    -0.00000000
   0.270   104    37     5     5     1    -1     0.00000000
   0.270   104    38     5     3     0     1    -0.00000000
   0.270   104    39     5     3     1    -1     0.00000000
   0.270   104    40     5     1     0     1    -0.00000000
   0.270   104    41     5     1     1    -1     0.00000000
   0.270   104    42     5     5     1     1    -0.03142703
   0.270   104    43     5     5     2    -1    -0.01168073
   0.270   104    44     5     3     1     1    -0.04968268
   0.270   104    45     5     3     2    -1    -0.01001453
   0.270   104    46     5     1     1     1    -0.15143822
   0.270   104    47     5     5     2     1     0.00000000
   0.270   104    48     5     5     3    -1     0.00000000
   0.270   104    49     5     3     2     1    -0.00000000
   0.270   104    50     5     3     3    -1    -0.00000000
   0.270   104    51     5     5     3     1     0.00000000
   0.270   104    52     5     5     4    -1    -0.00000000
   0.270   104    53     5     3     3     1     0.00000000
   0.270   104    54     5     5     4     1    -0.00000000
   0.270   104    55     5     5     5    -1     0.00000000
   0.270   104    56     5     5     5     1     0.00000000
   0.270   104    57     6     6     0     1     0.00000000
   0.270   104    58     6     6     1    -1     0.00000000
   0.270   104    59     6     4     0     1     0.00000000
   0.270   104    60     6     4     1    -1     0.00000000
   0.270   104    61     6     2     0     1     0.00000000
   0.270   104    62     6     2     1    -1     0.00000000
   0.270   104    63     6     0     0     1    -0.00000000
   0.270   104    64     6     6     1     1    -0.00000000
   0.270   104    65     6     6     2    -1    -0.00000000
   0.270   104    66     6     4     1     1     0.00000000
   0.270   104    67     6     4     2    -1     0.00000000
   0.270   104    68     6     2     1     1    -0.00000000
   0.270   104    69     6     2     2    -1    -0.00000000
   0.270   104    70     6     6     2     1    -0.00000000
   0.270   104    71     6     6     3    -1    -0.00000000
   0.270   104    72     6     4     2     1     0.00000000
   0.270   104    73     6     4     3    -1    -0.00000000
   0.270   104    74     6     2     2     1    -0.00000000
   0.270   104    75     6     6     3     1    -0.00000000
   0.270   104    76     6     6     4    -1     0.00000000
   0.270   104    77     6     4     3     1    -0.00000000
   0.270   104    78     6     4     4    -1     0.00000000
   0.270   104    79     6     6     4     1    -0.00000000
   0.270   104    80     6     6     5    -1     0.00000000
   0.270   104    81     6     4     4     1    -0.00000000
   0.270   104    82     6     6     5     1    -0.00000000
   0.270   104    83     6     6     6    -1     0.00000000
   0.270   104    84     6     6     6     1     0.00000000
   0.270   104    85     7     7     0     1    -0.00000000
   0.270   104    86     7     7     1    -1     0.00000000
   0.270   104    87     7     5     0     1     0.00000000
   0.270   104    88     7     5     1    -1    -0.00000000
   0.270   104    89     7     3     0     1     0.00000000
   0.270   104    90     7     3     1    -1    -0.00000000
   0.270   104    91     7     1     0     1     0.00000000
   0.270   104    92     7     1     1    -1     0.00000000
   0.270   104    93     7     7     1     1     0.00446531
   0.270   104    94     7     7     2    -1    -0.00035120
   0.270   104    95     7     5     1     1    -0.06013698
   0.270   104    96     7     5     2    -1     0.14114369
   0.270   104    97     7     3     1     1     0.92310913
   0.270   104    98     7     3     2    -1     0.31209728
   0.270   104    99     7     1     1     1     0.01584535
   0.270   104   100     7     7     2     1    -0.00000000
   0.270   104   101     7     7     3    -1     0.00000000
   0.270   104   102     7     5     2     1    -0.00000000
   0.270   104   103     7     5     3    -1    -0.00000000
   0.270   104   104     7     3     2     1    -0.00000000
   0.270   104   105     7     3     3    -1    -0.00000000
   0.270   104   106     7     7     3     1    -0.00000000
   0.270   104   107     7     7     4    -1     0.00000000
   0.270   104   108     7     5     3     1     0.00000000
   0.270   104   109     7     5     4    -1     0.00000000
   0.270   104   110     7     3     3     1    -0.00000000
   0.270   104   111     7     7     4     1    -0.00000000
   0.270   104   112     7     7     5    -1    -0.00000000
   0.270   104   113     7     5     4     1    -0.00000000
   0.270   104   114     7     5     5    -1    -0.00000000
   0.270   104   115     7     7     5     1     0.00000000
   0.270   104   116     7     7     6    -1     0.00000000
   0.270   104   117     7     5     5     1     0.00000000
   0.270   104   118     7     7     6     1     0.00000000
   0.270   104   119     7     7     7    -1     0.00000000
   0.270   104   120     7     7     7     1     0.00000000
   0.270   105     1     0     0     0     1    -0.00000000
   0.270   105     2     1     1     0     1     0.00036723
   0.270   105     3     1     1     1    -1     0.00001417
   0.270   105     4     1     1     1     1     0.00000000
   0.270   105     5     2     2     0     1     0.00000000
   0.270   105     6     2     2     1    -1     0.00000000
   0.270   105     7     2     0     0     1     0.00000000
   0.270   105     8     2     2     1     1    -0.00000000
   0.270   105     9     2     2     2    -1     0.00000000
   0.270   105    10     2     2     2     1     0.00000000
   0.270   105    11     3     3     0     1    -0.00708072
   0.270   105    12     3     3     1    -1    -0.00035571
   0.270   105    13     3     1     0     1    -0.01258881
   0.270   105    14     3     1     1    -1     0.00131953
   0.270   105    15     3     3     1     1     0.00000000
   0.270   105    16     3     3     2    -1     0.00000000
   0.270   105    17     3     1     1     1    -0.00000000
   0.270   105    18     3     3     2     1     0.00000000
   0.270   105    19     3     3     3    -1    -0.00000000
   0.270   105    20     3     3     3     1     0.00000000
   0.270   105    21     4     4     0     1     0.00000000
   0.270   105    22     4     4     1    -1     0.00000000
   0.270   105    23     4     2     0     1     0.00000000
   0.270   105    24     4     2     1    -1    -0.00000000
   0.270   105    25     4     0     0     1     0.00000000
   0.270   105    26     4     4     1     1    -0.00000000
   0.270   105    27     4     4     2    -1    -0.00000000
   0.270   105    28     4     2     1     1     0.00000000
   0.270   105    29     4     2     2    -1     0.00000000
   0.270   105    30     4     4     2     1     0.00000000
   0.270   105    31     4     4     3    -1     0.00000000
   0.270   105    32     4     2     2     1     0.00000000
   0.270   105    33     4     4     3     1    -0.00000000
   0.270   105    34     4     4     4    -1     0.00000000
   0.270   105    35     4     4     4     1    -0.00000000
   0.270   105    36     5     5     0     1     0.01581740
   0.270   105    37     5     5     1    -1     0.00217178
   0.270   105    38     5     3     0     1     0.11041782
   0.270   105    39     5     3     1    -1    -0.00308134
   0.270   105    40     5     1     0     1     0.14681171
   0.270   105    41     5     1     1    -1     0.03161441
   0.270   105    42     5     5     1     1     0.00000000
   0.270   105    43     5     5     2    -1    -0.00000000
   0.270   105    44     5     3     1     1    -0.00000000
   0.270   105    45     5     3     2    -1    -0.00000000
   0.270   105    46     5     1     1     1     0.00000000
   0.270   105    47     5     5     2     1    -0.00000000
   0.270   105    48     5     5     3    -1     0.00000000
   0.270   105    49     5     3     2     1    -0.00000000
   0.270   105    50     5     3     3    -1    -0.00000000
   0.270   105    51     5     5     3     1    -0.00000000
   0.270   105    52     5     5     4    -1    -0.00000000
   0.270   105    53     5     3     3     1    -0.00000000
   0.270   105    54     5     5     4     1    -0.00000000
   0.270   105    55     5     5     5    -1    -0.00000000
   0.270   105    56     5     5     5     1     0.00000000
   0.270   105    57     6     6     0     1    -0.00000000
   0.270   105    58     6     6     1    -1    -0.00000000
   0.270   105    59     6     4     0     1    -0.00000000
   0.270   105    60     6     4     1    -1     0.00000000
   0.270   105    61     6     2     0     1    -0.00000000
   0.270   105    62     6     2     1    -1     0.00000000
   0.270   105    63     6     0     0     1    -0.00000000
   0.270   105    64     6     6     1     1     0.00000000
   0.270   105    65     6     6     2    -1    -0.00000000
   0.270   105    66     6     4     1     1    -0.00000000
   0.270   105    67     6     4     2    -1     0.00000000
   0.270   105    68     6     2     1     1    -0.00000000
   0.270   105    69     6     2     2    -1     0.00000000
   0.270   105    70     6     6     2     1    -0.00000000
   0.270   105    71     6     6     3    -1     0.00000000
   0.270   105    72     6     4     2     1    -0.00000000
   0.270   105    73     6     4     3    -1     0.00000000
   0.270   105    74     6     2     2     1     0.00000000
   0.270   105    75     6     6     3     1    -0.00000000
   0.270   105    76     6     6     4    -1     0.00000000
   0.270   105    77     6     4     3     1    -0.00000000
   0.270   105    78     6     4     4    -1     0.00000000
   0.270   105    79     6     6     4     1    -0.00000000
   0.270   105    80     6     6     5    -1     0.00000000
   0.270   105    81     6     4     4     1    -0.00000000
   0.270   105    82     6     6     5     1     0.00000000
   0.270   105    83     6     6     6    -1    -0.00000000
   0.270   105    84     6     6     6     1     0.00000000
   0.270   105    85     7     7     0     1    -0.00261332
   0.270   105    86     7     7     1    -1     0.00082851
   0.270   105    87     7     5     0     1    -0.16400226
   0.270   105    88     7     5     1    -1     0.14617510
   0.270   105    89     7     3     0     1    -0.19068346
   0.270   105    90     7     3     1    -1    -0.27212281
   0.270   105    91     7     1     0     1    -0.89471882
   0.270   105    92     7     1     1    -1    -0.07466958
   0.270   105    93     7     7     1     1     0.00000000
   0.270   105    94     7     7     2    -1     0.00000000
   0.270   105    95     7     5     1     1    -0.00000000
   0.270   105    96     7     5     2    -1     0.00000000
   0.270   105    97     7     3     1     1     0.00000000
   0.270   105    98     7     3     2    -1     0.00000000
   0.270   105    99     7     1     1     1     0.00000000
   0.270   105   100     7     7     2     1     0.00000000
   0.270   105   101     7     7     3    -1    -0.00000000
   0.270   105   102     7     5     2     1    -0.00000000
   0.270   105   103     7     5     3    -1     0.00000000
   0.270   105   104     7     3     2     1     0.00000000
   0.270   105   105     7     3     3    -1     0.00000000
   0.270   105   106     7     7     3     1    -0.00000000
   0.270   105   107     7     7     4    -1    -0.00000000
   0.270   105   108     7     5     3     1    -0.00000000
   0.270   105   109     7     5     4    -1     0.00000000
   0.270   105   110     7     3     3     1     0.00000000
   0.270   105   111     7     7     4     1    -0.00000000
   0.270   105   112     7     7     5    -1    -0.00000000
   0.270   105   113     7     5     4     1    -0.00000000
   0.270   105   114     7     5     5    -1    -0.00000000
   0.270   105   115     7     7     5     1     0.00000000
   0.270   105   116     7     7     6    -1     0.00000000
   0.270   105   117     7     5     5     1     0.00000000
   0.270   105   118     7     7     6     1     0.00000000
   0.270   105   119     7     7     7    -1     0.00000000
   0.270   105   120     7     7     7     1     0.00000000
   0.270   106     1     0     0     0     1     0.00000000
   0.270   106     2     1     1     0     1     0.00000000
   0.270   106     3     1     1     1    -1     0.00000000
   0.270   106     4     1     1     1     1    -0.00000000
   0.270   106     5     2     2     0     1     0.00000000
   0.270   106     6     2     2     1    -1     0.00000000
   0.270   106     7     2     0     0     1    -0.00000000
   0.270   106     8     2     2     1     1     0.00000000
   0.270   106     9     2     2     2    -1    -0.00000000
   0.270   106    10     2     2     2     1     0.00000000
   0.270   106    11     3     3     0     1    -0.00000000
   0.270   106    12     3     3     1    -1     0.00000000
   0.270   106    13     3     1     0     1    -0.00000000
   0.270   106    14     3     1     1    -1    -0.00000000
   0.270   106    15     3     3     1     1     0.00000000
   0.270   106    16     3     3     2    -1    -0.00000000
   0.270   106    17     3     1     1     1     0.00000000
   0.270   106    18     3     3     2     1    -0.00000000
   0.270   106    19     3     3     3    -1    -0.00000000
   0.270   106    20     3     3     3     1     0.00000000
   0.270   106    21     4     4     0     1     0.00000000
   0.270   106    22     4     4     1    -1    -0.00000000
   0.270   106    23     4     2     0     1     0.00000000
   0.270   106    24     4     2     1    -1    -0.00000000
   0.270   106    25     4     0     0     1     0.00000000
   0.270   106    26     4     4     1     1     0.00000000
   0.270   106    27     4     4     2    -1    -0.00000000
   0.270   106    28     4     2     1     1     0.00000000
   0.270   106    29     4     2     2    -1     0.00000000
   0.270   106    30     4     4     2     1     0.00000000
   0.270   106    31     4     4     3    -1     0.00000000
   0.270   106    32     4     2     2     1    -0.00000000
   0.270   106    33     4     4     3     1     0.00000000
   0.270   106    34     4     4     4    -1    -0.00000000
   0.270   106    35     4     4     4     1     0.00000000
   0.270   106    36     5     5     0     1    -0.00000000
   0.270   106    37     5     5     1    -1     0.00000000
   0.270   106    38     5     3     0     1    -0.00000000
   0.270   106    39     5     3     1    -1     0.00000000
   0.270   106    40     5     1     0     1    -0.00000000
   0.270   106    41     5     1     1    -1    -0.00000000
   0.270   106    42     5     5     1     1     0.00000000
   0.270   106    43     5     5     2    -1     0.00000000
   0.270   106    44     5     3     1     1    -0.00000000
   0.270   106    45     5     3     2    -1     0.00000000
   0.270   106    46     5     1     1     1    -0.00000000
   0.270   106    47     5     5     2     1    -0.00000000
   0.270   106    48     5     5     3    -1     0.00000000
   0.270   106    49     5     3     2     1     0.00000000
   0.270   106    50     5     3     3    -1    -0.00000000
   0.270   106    51     5     5     3     1    -0.00000000
   0.270   106    52     5     5     4    -1     0.00000000
   0.270   106    53     5     3     3     1     0.00000000
   0.270   106    54     5     5     4     1    -0.03106729
   0.270   106    55     5     5     5    -1    -0.01928653
   0.270   106    56     5     5     5     1     0.00000000
   0.270   106    57     6     6     0     1     0.00000000
   0.270   106    58     6     6     1    -1     0.00000000
   0.270   106    59     6     4     0     1    -0.00000000
   0.270   106    60     6     4     1    -1    -0.00000000
   0.270   106    61     6     2     0     1    -0.00000000
   0.270   106    62     6     2     1    -1     0.00000000
   0.270   106    63     6     0     0     1    -0.00000000
   0.270   106    64     6     6     1     1     0.00000000
   0.270   106    65     6     6     2    -1     0.00000000
   0.270   106    66     6     4     1     1     0.00000000
   0.270   106    67     6     4     2    -1     0.00000000
   0.270   106    68     6     2     1     1     0.00000000
   0.270   106    69     6     2     2    -1    -0.00000000
   0.270   106    70     6     6     2     1     0.00000000
   0.270   106    71     6     6     3    -1     0.00000000
   0.270   106    72     6     4     2     1    -0.00000000
   0.270   106    73     6     4     3    -1    -0.00000000
   0.270   106    74     6     2     2     1     0.00000000
   0.270   106    75     6     6     3     1    -0.00000000
   0.270   106    76     6     6     4    -1     0.00000000
   0.270   106    77     6     4     3     1    -0.00000000
   0.270   106    78     6     4     4    -1    -0.00000000
   0.270   106    79     6     6     4     1     0.00000000
   0.270   106    80     6     6     5    -1    -0.00000000
   0.270   106    81     6     4     4     1    -0.00000000
   0.270   106    82     6     6     5     1    -0.00000000
   0.270   106    83     6     6     6    -1     0.00000000
   0.270   106    84     6     6     6     1     0.00000000
   0.270   106    85     7     7     0     1     0.00000000
   0.270   106    86     7     7     1    -1     0.00000000
   0.270   106    87     7     5     0     1     0.00000000
   0.270   106    88     7     5     1    -1    -0.00000000
   0.270   106    89     7     3     0     1     0.00000000
   0.270   106    90     7     3     1    -1     0.00000000
   0.270   106    91     7     1     0     1     0.00000000
   0.270   106    92     7     1     1    -1    -0.00000000
   0.270   106    93     7     7     1     1     0.00000000
   0.270   106    94     7     7     2    -1    -0.00000000
   0.270   106    95     7     5     1     1     0.00000000
   0.270   106    96     7     5     2    -1    -0.00000000
   0.270   106    97     7     3     1     1     0.00000000
   0.270   106    98     7     3     2    -1    -0.00000000
   0.270   106    99     7     1     1     1     0.00000000
   0.270   106   100     7     7     2     1    -0.00000000
   0.270   106   101     7     7     3    -1    -0.00000000
   0.270   106   102     7     5     2     1    -0.00000000
   0.270   106   103     7     5     3    -1     0.00000000
   0.270   106   104     7     3     2     1     0.00000000
   0.270   106   105     7     3     3    -1    -0.00000000
   0.270   106   106     7     7     3     1     0.00000000
   0.270   106   107     7     7     4    -1    -0.00000000
   0.270   106   108     7     5     3     1    -0.00000000
   0.270   106   109     7     5     4    -1     0.00000000
   0.270   106   110     7     3     3     1     0.00000000
   0.270   106   111     7     7     4     1     0.00289552
   0.270   106   112     7     7     5    -1     0.00076744
   0.270   106   113     7     5     4     1    -0.98243076
   0.270   106   114     7     5     5    -1    -0.18298547
   0.270   106   115     7     7     5     1     0.00000000
   0.270   106   116     7     7     6    -1     0.00000000
   0.270   106   117     7     5     5     1     0.00000000
   0.270   106   118     7     7     6     1     0.00000000
   0.270   106   119     7     7     7    -1     0.00000000
   0.270   106   120     7     7     7     1     0.00000000
   0.270   107     1     0     0     0     1    -0.00000000
   0.270   107     2     1     1     0     1    -0.00000000
   0.270   107     3     1     1     1    -1    -0.00000000
   0.270   107     4     1     1     1     1    -0.00001268
   0.270   107     5     2     2     0     1    -0.00000000
   0.270   107     6     2     2     1    -1     0.00000000
   0.270   107     7     2     0     0     1     0.00000000
   0.270   107     8     2     2     1     1     0.00000000
   0.270   107     9     2     2     2    -1    -0.00000000
   0.270   107    10     2     2     2     1    -0.00000000
   0.270   107    11     3     3     0     1    -0.00000000
   0.270   107    12     3     3     1    -1     0.00000000
   0.270   107    13     3     1     0     1     0.00000000
   0.270   107    14     3     1     1    -1    -0.00000000
   0.270   107    15     3     3     1     1     0.00260627
   0.270   107    16     3     3     2    -1    -0.00081161
   0.270   107    17     3     1     1     1     0.00226569
   0.270   107    18     3     3     2     1    -0.00000000
   0.270   107    19     3     3     3    -1     0.00000000
   0.270   107    20     3     3     3     1    -0.00000000
   0.270   107    21     4     4     0     1    -0.00000000
   0.270   107    22     4     4     1    -1     0.00000000
   0.270   107    23     4     2     0     1    -0.00000000
   0.270   107    24     4     2     1    -1    -0.00000000
   0.270   107    25     4     0     0     1     0.00000000
   0.270   107    26     4     4     1     1     0.00000000
   0.270   107    27     4     4     2    -1    -0.00000000
   0.270   107    28     4     2     1     1     0.00000000
   0.270   107    29     4     2     2    -1     0.00000000
   0.270   107    30     4     4     2     1     0.00000000
   0.270   107    31     4     4     3    -1    -0.00000000
   0.270   107    32     4     2     2     1    -0.00000000
   0.270   107    33     4     4     3     1    -0.00000000
   0.270   107    34     4     4     4    -1     0.00000000
   0.270   107    35     4     4     4     1     0.00000000
   0.270   107    36     5     5     0     1     0.00000000
   0.270   107    37     5     5     1    -1     0.00000000
   0.270   107    38     5     3     0     1     0.00000000
   0.270   107    39     5     3     1    -1     0.00000000
   0.270   107    40     5     1     0     1     0.00000000
   0.270   107    41     5     1     1    -1    -0.00000000
   0.270   107    42     5     5     1     1    -0.03065142
   0.270   107    43     5     5     2    -1     0.02823634
   0.270   107    44     5     3     1     1    -0.06624340
   0.270   107    45     5     3     2    -1     0.09122182
   0.270   107    46     5     1     1     1    -0.02219220
   0.270   107    47     5     5     2     1    -0.00000000
   0.270   107    48     5     5     3    -1     0.00000000
   0.270   107    49     5     3     2     1    -0.00000000
   0.270   107    50     5     3     3    -1     0.00000000
   0.270   107    51     5     5     3     1    -0.00000000
   0.270   107    52     5     5     4    -1     0.00000000
   0.270   107    53     5     3     3     1    -0.00000000
   0.270   107    54     5     5     4     1     0.00000000
   0.270   107    55     5     5     5    -1    -0.00000000
   0.270   107    56     5     5     5     1     0.00000000
   0.270   107    57     6     6     0     1    -0.00000000
   0.270   107    58     6     6     1    -1     0.00000000
   0.270   107    59     6     4     0     1    -0.00000000
   0.270   107    60     6     4     1    -1     0.00000000
   0.270   107    61     6     2     0     1     0.00000000
   0.270   107    62     6     2     1    -1     0.00000000
   0.270   107    63     6     0     0     1     0.00000000
   0.270   107    64     6     6     1     1     0.00000000
   0.270   107    65     6     6     2    -1     0.00000000
   0.270   107    66     6     4     1     1     0.00000000
   0.270   107    67     6     4     2    -1     0.00000000
   0.270   107    68     6     2     1     1     0.00000000
   0.270   107    69     6     2     2    -1    -0.00000000
   0.270   107    70     6     6     2     1    -0.00000000
   0.270   107    71     6     6     3    -1     0.00000000
   0.270   107    72     6     4     2     1     0.00000000
   0.270   107    73     6     4     3    -1    -0.00000000
   0.270   107    74     6     2     2     1    -0.00000000
   0.270   107    75     6     6     3     1    -0.00000000
   0.270   107    76     6     6     4    -1     0.00000000
   0.270   107    77     6     4     3     1    -0.00000000
   0.270   107    78     6     4     4    -1     0.00000000
   0.270   107    79     6     6     4     1     0.00000000
   0.270   107    80     6     6     5    -1    -0.00000000
   0.270   107    81     6     4     4     1     0.00000000
   0.270   107    82     6     6     5     1    -0.00000000
   0.270   107    83     6     6     6    -1    -0.00000000
   0.270   107    84     6     6     6     1    -0.00000000
   0.270   107    85     7     7     0     1     0.00000000
   0.270   107    86     7     7     1    -1    -0.00000000
   0.270   107    87     7     5     0     1     0.00000000
   0.270   107    88     7     5     1    -1    -0.00000000
   0.270   107    89     7     3     0     1    -0.00000000
   0.270   107    90     7     3     1    -1     0.00000000
   0.270   107    91     7     1     0     1    -0.00000000
   0.270   107    92     7     1     1    -1     0.00000000
   0.270   107    93     7     7     1     1     0.00678210
   0.270   107    94     7     7     2    -1    -0.00753527
   0.270   107    95     7     5     1     1     0.52101084
   0.270   107    96     7     5     2    -1    -0.83181911
   0.270   107    97     7     3     1     1     0.13488781
   0.270   107    98     7     3     2    -1     0.05748863
   0.270   107    99     7     1     1     1    -0.00841095
   0.270   107   100     7     7     2     1     0.00000000
   0.270   107   101     7     7     3    -1    -0.00000000
   0.270   107   102     7     5     2     1     0.00000000
   0.270   107   103     7     5     3    -1    -0.00000000
   0.270   107   104     7     3     2     1     0.00000000
   0.270   107   105     7     3     3    -1     0.00000000
   0.270   107   106     7     7     3     1     0.00000000
   0.270   107   107     7     7     4    -1    -0.00000000
   0.270   107   108     7     5     3     1     0.00000000
   0.270   107   109     7     5     4    -1     0.00000000
   0.270   107   110     7     3     3     1     0.00000000
   0.270   107   111     7     7     4     1    -0.00000000
   0.270   107   112     7     7     5    -1    -0.00000000
   0.270   107   113     7     5     4     1    -0.00000000
   0.270   107   114     7     5     5    -1     0.00000000
   0.270   107   115     7     7     5     1     0.00000000
   0.270   107   116     7     7     6    -1     0.00000000
   0.270   107   117     7     5     5     1     0.00000000
   0.270   107   118     7     7     6     1     0.00000000
   0.270   107   119     7     7     7    -1     0.00000000
   0.270   107   120     7     7     7     1     0.00000000
   0.270   108     1     0     0     0     1     0.00000000
   0.270   108     2     1     1     0     1     0.00000000
   0.270   108     3     1     1     1    -1     0.00000000
   0.270   108     4     1     1     1     1     0.00000000
   0.270   108     5     2     2     0     1     0.00000000
   0.270   108     6     2     2     1    -1     0.00000000
   0.270   108     7     2     0     0     1     0.00000000
   0.270   108     8     2     2     1     1     0.00000000
   0.270   108     9     2     2     2    -1     0.00000000
   0.270   108    10     2     2     2     1     0.00000000
   0.270   108    11     3     3     0     1     0.00000000
   0.270   108    12     3     3     1    -1     0.00000000
   0.270   108    13     3     1     0     1     0.00000000
   0.270   108    14     3     1     1    -1     0.00000000
   0.270   108    15     3     3     1     1     0.00000000
   0.270   108    16     3     3     2    -1     0.00000000
   0.270   108    17     3     1     1     1     0.00000000
   0.270   108    18     3     3     2     1     0.00000000
   0.270   108    19     3     3     3    -1     0.00000000
   0.270   108    20     3     3     3     1     0.00000000
   0.270   108    21     4     4     0     1     0.00000000
   0.270   108    22     4     4     1    -1     0.00000000
   0.270   108    23     4     2     0     1     0.00000000
   0.270   108    24     4     2     1    -1     0.00000000
   0.270   108    25     4     0     0     1     0.00000000
   0.270   108    26     4     4     1     1     0.00000000
   0.270   108    27     4     4     2    -1     0.00000000
   0.270   108    28     4     2     1     1     0.00000000
   0.270   108    29     4     2     2    -1     0.00000000
   0.270   108    30     4     4     2     1     0.00000000
   0.270   108    31     4     4     3    -1     0.00000000
   0.270   108    32     4     2     2     1     0.00000000
   0.270   108    33     4     4     3     1     0.00000000
   0.270   108    34     4     4     4    -1     0.00000000
   0.270   108    35     4     4     4     1     0.00000000
   0.270   108    36     5     5     0     1     0.00000000
   0.270   108    37     5     5     1    -1     0.00000000
   0.270   108    38     5     3     0     1     0.00000000
   0.270   108    39     5     3     1    -1     0.00000000
   0.270   108    40     5     1     0     1     0.00000000
   0.270   108    41     5     1     1    -1     0.00000000
   0.270   108    42     5     5     1     1     0.00000000
   0.270   108    43     5     5     2    -1     0.00000000
   0.270   108    44     5     3     1     1     0.00000000
   0.270   108    45     5     3     2    -1     0.00000000
   0.270   108    46     5     1     1     1     0.00000000
   0.270   108    47     5     5     2     1     0.00000000
   0.270   108    48     5     5     3    -1     0.00000000
   0.270   108    49     5     3     2     1     0.00000000
   0.270   108    50     5     3     3    -1     0.00000000
   0.270   108    51     5     5     3     1     0.00000000
   0.270   108    52     5     5     4    -1     0.00000000
   0.270   108    53     5     3     3     1     0.00000000
   0.270   108    54     5     5     4     1     0.00000000
   0.270   108    55     5     5     5    -1     0.00000000
   0.270   108    56     5     5     5     1    -0.00610553
   0.270   108    57     6     6     0     1     0.00000000
   0.270   108    58     6     6     1    -1     0.00000000
   0.270   108    59     6     4     0     1     0.00000000
   0.270   108    60     6     4     1    -1     0.00000000
   0.270   108    61     6     2     0     1     0.00000000
   0.270   108    62     6     2     1    -1     0.00000000
   0.270   108    63     6     0     0     1     0.00000000
   0.270   108    64     6     6     1     1     0.00000000
   0.270   108    65     6     6     2    -1     0.00000000
   0.270   108    66     6     4     1     1     0.00000000
   0.270   108    67     6     4     2    -1     0.00000000
   0.270   108    68     6     2     1     1     0.00000000
   0.270   108    69     6     2     2    -1     0.00000000
   0.270   108    70     6     6     2     1     0.00000000
   0.270   108    71     6     6     3    -1     0.00000000
   0.270   108    72     6     4     2     1     0.00000000
   0.270   108    73     6     4     3    -1     0.00000000
   0.270   108    74     6     2     2     1     0.00000000
   0.270   108    75     6     6     3     1     0.00000000
   0.270   108    76     6     6     4    -1     0.00000000
   0.270   108    77     6     4     3     1     0.00000000
   0.270   108    78     6     4     4    -1     0.00000000
   0.270   108    79     6     6     4     1     0.00000000
   0.270   108    80     6     6     5    -1     0.00000000
   0.270   108    81     6     4     4     1     0.00000000
   0.270   108    82     6     6     5     1     0.00000000
   0.270   108    83     6     6     6    -1     0.00000000
   0.270   108    84     6     6     6     1     0.00000000
   0.270   108    85     7     7     0     1     0.00000000
   0.270   108    86     7     7     1    -1     0.00000000
   0.270   108    87     7     5     0     1     0.00000000
   0.270   108    88     7     5     1    -1     0.00000000
   0.270   108    89     7     3     0     1     0.00000000
   0.270   108    90     7     3     1    -1     0.00000000
   0.270   108    91     7     1     0     1     0.00000000
   0.270   108    92     7     1     1    -1     0.00000000
   0.270   108    93     7     7     1     1     0.00000000
   0.270   108    94     7     7     2    -1     0.00000000
   0.270   108    95     7     5     1     1     0.00000000
   0.270   108    96     7     5     2    -1     0.00000000
   0.270   108    97     7     3     1     1     0.00000000
   0.270   108    98     7     3     2    -1     0.00000000
   0.270   108    99     7     1     1     1     0.00000000
   0.270   108   100     7     7     2     1     0.00000000
   0.270   108   101     7     7     3    -1     0.00000000
   0.270   108   102     7     5     2     1     0.00000000
   0.270   108   103     7     5     3    -1     0.00000000
   0.270   108   104     7     3     2     1     0.00000000
   0.270   108   105     7     3     3    -1     0.00000000
   0.270   108   106     7     7     3     1     0.00000000
   0.270   108   107     7     7     4    -1     0.00000000
   0.270   108   108     7     5     3     1     0.00000000
   0.270   108   109     7     5     4    -1     0.00000000
   0.270   108   110     7     3     3     1     0.00000000
   0.270   108   111     7     7     4     1     0.00000000
   0.270   108   112     7     7     5    -1     0.00000000
   0.270   108   113     7     5     4     1     0.00000000
   0.270   108   114     7     5     5    -1     0.00000000
   0.270   108   115     7     7     5     1     0.28618993
   0.270   108   116     7     7     6    -1    -0.95811294
   0.270   108   117     7     5     5     1     0.00881104
   0.270   108   118     7     7     6     1     0.00000000
   0.270   108   119     7     7     7    -1     0.00000000
   0.270   108   120     7     7     7     1     0.00000000
   0.270   109     1     0     0     0     1     0.00000000
   0.270   109     2     1     1     0     1     0.00000000
   0.270   109     3     1     1     1    -1     0.00000000
   0.270   109     4     1     1     1     1     0.00000000
   0.270   109     5     2     2     0     1     0.00000000
   0.270   109     6     2     2     1    -1    -0.00000000
   0.270   109     7     2     0     0     1     0.00000000
   0.270   109     8     2     2     1     1     0.00000000
   0.270   109     9     2     2     2    -1    -0.00000000
   0.270   109    10     2     2     2     1     0.00000000
   0.270   109    11     3     3     0     1    -0.00000000
   0.270   109    12     3     3     1    -1    -0.00000000
   0.270   109    13     3     1     0     1     0.00000000
   0.270   109    14     3     1     1    -1     0.00000000
   0.270   109    15     3     3     1     1     0.00000000
   0.270   109    16     3     3     2    -1    -0.00000000
   0.270   109    17     3     1     1     1     0.00000000
   0.270   109    18     3     3     2     1    -0.00004640
   0.270   109    19     3     3     3    -1    -0.00237820
   0.270   109    20     3     3     3     1    -0.00000000
   0.270   109    21     4     4     0     1     0.00000000
   0.270   109    22     4     4     1    -1    -0.00000000
   0.270   109    23     4     2     0     1    -0.00000000
   0.270   109    24     4     2     1    -1    -0.00000000
   0.270   109    25     4     0     0     1     0.00000000
   0.270   109    26     4     4     1     1    -0.00000000
   0.270   109    27     4     4     2    -1     0.00000000
   0.270   109    28     4     2     1     1    -0.00000000
   0.270   109    29     4     2     2    -1    -0.00000000
   0.270   109    30     4     4     2     1     0.00000000
   0.270   109    31     4     4     3    -1     0.00000000
   0.270   109    32     4     2     2     1     0.00000000
   0.270   109    33     4     4     3     1     0.00000000
   0.270   109    34     4     4     4    -1    -0.00000000
   0.270   109    35     4     4     4     1     0.00000000
   0.270   109    36     5     5     0     1     0.00000000
   0.270   109    37     5     5     1    -1    -0.00000000
   0.270   109    38     5     3     0     1    -0.00000000
   0.270   109    39     5     3     1    -1    -0.00000000
   0.270   109    40     5     1     0     1    -0.00000000
   0.270   109    41     5     1     1    -1    -0.00000000
   0.270   109    42     5     5     1     1    -0.00000000
   0.270   109    43     5     5     2    -1    -0.00000000
   0.270   109    44     5     3     1     1    -0.00000000
   0.270   109    45     5     3     2    -1     0.00000000
   0.270   109    46     5     1     1     1    -0.00000000
   0.270   109    47     5     5     2     1     0.00530711
   0.270   109    48     5     5     3    -1    -0.00640718
   0.270   109    49     5     3     2     1     0.03718190
   0.270   109    50     5     3     3    -1    -0.06840007
   0.270   109    51     5     5     3     1     0.00000000
   0.270   109    52     5     5     4    -1     0.00000000
   0.270   109    53     5     3     3     1    -0.00000000
   0.270   109    54     5     5     4     1     0.00000000
   0.270   109    55     5     5     5    -1     0.00000000
   0.270   109    56     5     5     5     1     0.00000000
   0.270   109    57     6     6     0     1     0.00000000
   0.270   109    58     6     6     1    -1    -0.00000000
   0.270   109    59     6     4     0     1     0.00000000
   0.270   109    60     6     4     1    -1    -0.00000000
   0.270   109    61     6     2     0     1     0.00000000
   0.270   109    62     6     2     1    -1    -0.00000000
   0.270   109    63     6     0     0     1     0.00000000
   0.270   109    64     6     6     1     1    -0.00000000
   0.270   109    65     6     6     2    -1    -0.00000000
   0.270   109    66     6     4     1     1     0.00000000
   0.270   109    67     6     4     2    -1     0.00000000
   0.270   109    68     6     2     1     1     0.00000000
   0.270   109    69     6     2     2    -1     0.00000000
   0.270   109    70     6     6     2     1     0.00000000
   0.270   109    71     6     6     3    -1     0.00000000
   0.270   109    72     6     4     2     1     0.00000000
   0.270   109    73     6     4     3    -1    -0.00000000
   0.270   109    74     6     2     2     1     0.00000000
   0.270   109    75     6     6     3     1    -0.00000000
   0.270   109    76     6     6     4    -1     0.00000000
   0.270   109    77     6     4     3     1     0.00000000
   0.270   109    78     6     4     4    -1    -0.00000000
   0.270   109    79     6     6     4     1     0.00000000
   0.270   109    80     6     6     5    -1    -0.00000000
   0.270   109    81     6     4     4     1     0.00000000
   0.270   109    82     6     6     5     1    -0.00000000
   0.270   109    83     6     6     6    -1    -0.00000000
   0.270   109    84     6     6     6     1     0.00000000
   0.270   109    85     7     7     0     1    -0.00000000
   0.270   109    86     7     7     1    -1     0.00000000
   0.270   109    87     7     5     0     1     0.00000000
   0.270   109    88     7     5     1    -1     0.00000000
   0.270   109    89     7     3     0     1    -0.00000000
   0.270   109    90     7     3     1    -1     0.00000000
   0.270   109    91     7     1     0     1     0.00000000
   0.270   109    92     7     1     1    -1    -0.00000000
   0.270   109    93     7     7     1     1     0.00000000
   0.270   109    94     7     7     2    -1    -0.00000000
   0.270   109    95     7     5     1     1     0.00000000
   0.270   109    96     7     5     2    -1    -0.00000000
   0.270   109    97     7     3     1     1     0.00000000
   0.270   109    98     7     3     2    -1     0.00000000
   0.270   109    99     7     1     1     1    -0.00000000
   0.270   109   100     7     7     2     1    -0.00092436
   0.270   109   101     7     7     3    -1     0.00123283
   0.270   109   102     7     5     2     1    -0.39769522
   0.270   109   103     7     5     3    -1     0.88922598
   0.270   109   104     7     3     2     1     0.20639797
   0.270   109   105     7     3     3    -1     0.04875689
   0.270   109   106     7     7     3     1     0.00000000
   0.270   109   107     7     7     4    -1    -0.00000000
   0.270   109   108     7     5     3     1     0.00000000
   0.270   109   109     7     5     4    -1    -0.00000000
   0.270   109   110     7     3     3     1     0.00000000
   0.270   109   111     7     7     4     1     0.00000000
   0.270   109   112     7     7     5    -1     0.00000000
   0.270   109   113     7     5     4     1     0.00000000
   0.270   109   114     7     5     5    -1    -0.00000000
   0.270   109   115     7     7     5     1     0.00000000
   0.270   109   116     7     7     6    -1     0.00000000
   0.270   109   117     7     5     5     1     0.00000000
   0.270   109   118     7     7     6     1     0.00000000
   0.270   109   119     7     7     7    -1     0.00000000
   0.270   109   120     7     7     7     1     0.00000000
   0.270   110     1     0     0     0     1    -0.00000000
   0.270   110     2     1     1     0     1    -0.00000000
   0.270   110     3     1     1     1    -1    -0.00000000
   0.270   110     4     1     1     1     1     0.00000000
   0.270   110     5     2     2     0     1     0.00000000
   0.270   110     6     2     2     1    -1    -0.00000000
   0.270   110     7     2     0     0     1     0.00000000
   0.270   110     8     2     2     1     1     0.00000000
   0.270   110     9     2     2     2    -1    -0.00000000
   0.270   110    10     2     2     2     1     0.00000000
   0.270   110    11     3     3     0     1    -0.00000000
   0.270   110    12     3     3     1    -1    -0.00000000
   0.270   110    13     3     1     0     1     0.00000000
   0.270   110    14     3     1     1    -1     0.00000000
   0.270   110    15     3     3     1     1    -0.00000000
   0.270   110    16     3     3     2    -1     0.00000000
   0.270   110    17     3     1     1     1     0.00000000
   0.270   110    18     3     3     2     1    -0.00064711
   0.270   110    19     3     3     3    -1    -0.00127340
   0.270   110    20     3     3     3     1    -0.00000000
   0.270   110    21     4     4     0     1    -0.00000000
   0.270   110    22     4     4     1    -1    -0.00000000
   0.270   110    23     4     2     0     1    -0.00000000
   0.270   110    24     4     2     1    -1    -0.00000000
   0.270   110    25     4     0     0     1     0.00000000
   0.270   110    26     4     4     1     1     0.00000000
   0.270   110    27     4     4     2    -1    -0.00000000
   0.270   110    28     4     2     1     1    -0.00000000
   0.270   110    29     4     2     2    -1    -0.00000000
   0.270   110    30     4     4     2     1     0.00000000
   0.270   110    31     4     4     3    -1     0.00000000
   0.270   110    32     4     2     2     1    -0.00000000
   0.270   110    33     4     4     3     1    -0.00000000
   0.270   110    34     4     4     4    -1     0.00000000
   0.270   110    35     4     4     4     1    -0.00000000
   0.270   110    36     5     5     0     1    -0.00000000
   0.270   110    37     5     5     1    -1     0.00000000
   0.270   110    38     5     3     0     1     0.00000000
   0.270   110    39     5     3     1    -1     0.00000000
   0.270   110    40     5     1     0     1     0.00000000
   0.270   110    41     5     1     1    -1     0.00000000
   0.270   110    42     5     5     1     1     0.00000000
   0.270   110    43     5     5     2    -1     0.00000000
   0.270   110    44     5     3     1     1    -0.00000000
   0.270   110    45     5     3     2    -1     0.00000000
   0.270   110    46     5     1     1     1     0.00000000
   0.270   110    47     5     5     2     1     0.03072236
   0.270   110    48     5     5     3    -1    -0.00112981
   0.270   110    49     5     3     2     1     0.00932403
   0.270   110    50     5     3     3    -1    -0.03629069
   0.270   110    51     5     5     3     1     0.00000000
   0.270   110    52     5     5     4    -1    -0.00000000
   0.270   110    53     5     3     3     1    -0.00000000
   0.270   110    54     5     5     4     1    -0.00000000
   0.270   110    55     5     5     5    -1     0.00000000
   0.270   110    56     5     5     5     1     0.00000000
   0.270   110    57     6     6     0     1     0.00000000
   0.270   110    58     6     6     1    -1    -0.00000000
   0.270   110    59     6     4     0     1    -0.00000000
   0.270   110    60     6     4     1    -1    -0.00000000
   0.270   110    61     6     2     0     1     0.00000000
   0.270   110    62     6     2     1    -1    -0.00000000
   0.270   110    63     6     0     0     1     0.00000000
   0.270   110    64     6     6     1     1    -0.00000000
   0.270   110    65     6     6     2    -1     0.00000000
   0.270   110    66     6     4     1     1    -0.00000000
   0.270   110    67     6     4     2    -1    -0.00000000
   0.270   110    68     6     2     1     1     0.00000000
   0.270   110    69     6     2     2    -1     0.00000000
   0.270   110    70     6     6     2     1     0.00000000
   0.270   110    71     6     6     3    -1     0.00000000
   0.270   110    72     6     4     2     1    -0.00000000
   0.270   110    73     6     4     3    -1    -0.00000000
   0.270   110    74     6     2     2     1     0.00000000
   0.270   110    75     6     6     3     1     0.00000000
   0.270   110    76     6     6     4    -1    -0.00000000
   0.270   110    77     6     4     3     1    -0.00000000
   0.270   110    78     6     4     4    -1     0.00000000
   0.270   110    79     6     6     4     1    -0.00000000
   0.270   110    80     6     6     5    -1     0.00000000
   0.270   110    81     6     4     4     1    -0.00000000
   0.270   110    82     6     6     5     1     0.00000000
   0.270   110    83     6     6     6    -1     0.00000000
   0.270   110    84     6     6     6     1    -0.00000000
   0.270   110    85     7     7     0     1     0.00000000
   0.270   110    86     7     7     1    -1    -0.00000000
   0.270   110    87     7     5     0     1     0.00000000
   0.270   110    88     7     5     1    -1    -0.00000000
   0.270   110    89     7     3     0     1     0.00000000
   0.270   110    90     7     3     1    -1    -0.00000000
   0.270   110    91     7     1     0     1    -0.00000000
   0.270   110    92     7     1     1    -1     0.00000000
   0.270   110    93     7     7     1     1    -0.00000000
   0.270   110    94     7     7     2    -1     0.00000000
   0.270   110    95     7     5     1     1     0.00000000
   0.270   110    96     7     5     2    -1    -0.00000000
   0.270   110    97     7     3     1     1    -0.00000000
   0.270   110    98     7     3     2    -1     0.00000000
   0.270   110    99     7     1     1     1     0.00000000
   0.270   110   100     7     7     2     1    -0.00364417
   0.270   110   101     7     7     3    -1     0.00172342
   0.270   110   102     7     5     2     1    -0.08673306
   0.270   110   103     7     5     3    -1     0.18994350
   0.270   110   104     7     3     2     1    -0.96617504
   0.270   110   105     7     3     3    -1    -0.14330823
   0.270   110   106     7     7     3     1     0.00000000
   0.270   110   107     7     7     4    -1     0.00000000
   0.270   110   108     7     5     3     1     0.00000000
   0.270   110   109     7     5     4    -1    -0.00000000
   0.270   110   110     7     3     3     1     0.00000000
   0.270   110   111     7     7     4     1    -0.00000000
   0.270   110   112     7     7     5    -1     0.00000000
   0.270   110   113     7     5     4     1     0.00000000
   0.270   110   114     7     5     5    -1    -0.00000000
   0.270   110   115     7     7     5     1     0.00000000
   0.270   110   116     7     7     6    -1     0.00000000
   0.270   110   117     7     5     5     1     0.00000000
   0.270   110   118     7     7     6     1     0.00000000
   0.270   110   119     7     7     7    -1     0.00000000
   0.270   110   120     7     7     7     1     0.00000000
   0.270   111     1     0     0     0     1     0.00000000
   0.270   111     2     1     1     0     1     0.00018444
   0.270   111     3     1     1     1    -1    -0.00007254
   0.270   111     4     1     1     1     1    -0.00000000
   0.270   111     5     2     2     0     1     0.00000000
   0.270   111     6     2     2     1    -1     0.00000000
   0.270   111     7     2     0     0     1     0.00000000
   0.270   111     8     2     2     1     1    -0.00000000
   0.270   111     9     2     2     2    -1    -0.00000000
   0.270   111    10     2     2     2     1     0.00000000
   0.270   111    11     3     3     0     1    -0.00416063
   0.270   111    12     3     3     1    -1     0.00452705
   0.270   111    13     3     1     0     1    -0.00619605
   0.270   111    14     3     1     1    -1    -0.00088751
   0.270   111    15     3     3     1     1     0.00000000
   0.270   111    16     3     3     2    -1    -0.00000000
   0.270   111    17     3     1     1     1    -0.00000000
   0.270   111    18     3     3     2     1     0.00000000
   0.270   111    19     3     3     3    -1     0.00000000
   0.270   111    20     3     3     3     1     0.00000000
   0.270   111    21     4     4     0     1    -0.00000000
   0.270   111    22     4     4     1    -1     0.00000000
   0.270   111    23     4     2     0     1     0.00000000
   0.270   111    24     4     2     1    -1     0.00000000
   0.270   111    25     4     0     0     1     0.00000000
   0.270   111    26     4     4     1     1    -0.00000000
   0.270   111    27     4     4     2    -1     0.00000000
   0.270   111    28     4     2     1     1     0.00000000
   0.270   111    29     4     2     2    -1    -0.00000000
   0.270   111    30     4     4     2     1    -0.00000000
   0.270   111    31     4     4     3    -1    -0.00000000
   0.270   111    32     4     2     2     1     0.00000000
   0.270   111    33     4     4     3     1     0.00000000
   0.270   111    34     4     4     4    -1     0.00000000
   0.270   111    35     4     4     4     1     0.00000000
   0.270   111    36     5     5     0     1     0.02547516
   0.270   111    37     5     5     1    -1    -0.03353281
   0.270   111    38     5     3     0     1     0.05427083
   0.270   111    39     5     3     1    -1    -0.05360852
   0.270   111    40     5     1     0     1     0.08132052
   0.270   111    41     5     1     1    -1    -0.12220356
   0.270   111    42     5     5     1     1    -0.00000000
   0.270   111    43     5     5     2    -1    -0.00000000
   0.270   111    44     5     3     1     1    -0.00000000
   0.270   111    45     5     3     2    -1    -0.00000000
   0.270   111    46     5     1     1     1    -0.00000000
   0.270   111    47     5     5     2     1     0.00000000
   0.270   111    48     5     5     3    -1    -0.00000000
   0.270   111    49     5     3     2     1    -0.00000000
   0.270   111    50     5     3     3    -1     0.00000000
   0.270   111    51     5     5     3     1    -0.00000000
   0.270   111    52     5     5     4    -1    -0.00000000
   0.270   111    53     5     3     3     1     0.00000000
   0.270   111    54     5     5     4     1    -0.00000000
   0.270   111    55     5     5     5    -1     0.00000000
   0.270   111    56     5     5     5     1     0.00000000
   0.270   111    57     6     6     0     1    -0.00000000
   0.270   111    58     6     6     1    -1     0.00000000
   0.270   111    59     6     4     0     1    -0.00000000
   0.270   111    60     6     4     1    -1     0.00000000
   0.270   111    61     6     2     0     1    -0.00000000
   0.270   111    62     6     2     1    -1     0.00000000
   0.270   111    63     6     0     0     1    -0.00000000
   0.270   111    64     6     6     1     1     0.00000000
   0.270   111    65     6     6     2    -1    -0.00000000
   0.270   111    66     6     4     1     1    -0.00000000
   0.270   111    67     6     4     2    -1     0.00000000
   0.270   111    68     6     2     1     1     0.00000000
   0.270   111    69     6     2     2    -1    -0.00000000
   0.270   111    70     6     6     2     1    -0.00000000
   0.270   111    71     6     6     3    -1     0.00000000
   0.270   111    72     6     4     2     1    -0.00000000
   0.270   111    73     6     4     3    -1    -0.00000000
   0.270   111    74     6     2     2     1     0.00000000
   0.270   111    75     6     6     3     1     0.00000000
   0.270   111    76     6     6     4    -1    -0.00000000
   0.270   111    77     6     4     3     1     0.00000000
   0.270   111    78     6     4     4    -1     0.00000000
   0.270   111    79     6     6     4     1    -0.00000000
   0.270   111    80     6     6     5    -1     0.00000000
   0.270   111    81     6     4     4     1     0.00000000
   0.270   111    82     6     6     5     1    -0.00000000
   0.270   111    83     6     6     6    -1     0.00000000
   0.270   111    84     6     6     6     1    -0.00000000
   0.270   111    85     7     7     0     1    -0.00459665
   0.270   111    86     7     7     1    -1     0.00546245
   0.270   111    87     7     5     0     1    -0.04089876
   0.270   111    88     7     5     1    -1     0.04502147
   0.270   111    89     7     3     0     1    -0.55005877
   0.270   111    90     7     3     1    -1     0.80925119
   0.270   111    91     7     1     0     1    -0.09784838
   0.270   111    92     7     1     1    -1     0.00256018
   0.270   111    93     7     7     1     1     0.00000000
   0.270   111    94     7     7     2    -1    -0.00000000
   0.270   111    95     7     5     1     1    -0.00000000
   0.270   111    96     7     5     2    -1     0.00000000
   0.270   111    97     7     3     1     1     0.00000000
   0.270   111    98     7     3     2    -1     0.00000000
   0.270   111    99     7     1     1     1    -0.00000000
   0.270   111   100     7     7     2     1     0.00000000
   0.270   111   101     7     7     3    -1    -0.00000000
   0.270   111   102     7     5     2     1     0.00000000
   0.270   111   103     7     5     3    -1    -0.00000000
   0.270   111   104     7     3     2     1    -0.00000000
   0.270   111   105     7     3     3    -1    -0.00000000
   0.270   111   106     7     7     3     1    -0.00000000
   0.270   111   107     7     7     4    -1     0.00000000
   0.270   111   108     7     5     3     1    -0.00000000
   0.270   111   109     7     5     4    -1    -0.00000000
   0.270   111   110     7     3     3     1    -0.00000000
   0.270   111   111     7     7     4     1     0.00000000
   0.270   111   112     7     7     5    -1     0.00000000
   0.270   111   113     7     5     4     1     0.00000000
   0.270   111   114     7     5     5    -1    -0.00000000
   0.270   111   115     7     7     5     1     0.00000000
   0.270   111   116     7     7     6    -1     0.00000000
   0.270   111   117     7     5     5     1     0.00000000
   0.270   111   118     7     7     6     1     0.00000000
   0.270   111   119     7     7     7    -1     0.00000000
   0.270   111   120     7     7     7     1     0.00000000
   0.270   112     1     0     0     0     1    -0.00000000
   0.270   112     2     1     1     0     1    -0.00000000
   0.270   112     3     1     1     1    -1    -0.00000000
   0.270   112     4     1     1     1     1    -0.00000000
   0.270   112     5     2     2     0     1    -0.00000000
   0.270   112     6     2     2     1    -1    -0.00000000
   0.270   112     7     2     0     0     1    -0.00000000
   0.270   112     8     2     2     1     1    -0.00000000
   0.270   112     9     2     2     2    -1    -0.00000000
   0.270   112    10     2     2     2     1    -0.00000000
   0.270   112    11     3     3     0     1    -0.00000000
   0.270   112    12     3     3     1    -1    -0.00000000
   0.270   112    13     3     1     0     1    -0.00000000
   0.270   112    14     3     1     1    -1    -0.00000000
   0.270   112    15     3     3     1     1    -0.00000000
   0.270   112    16     3     3     2    -1    -0.00000000
   0.270   112    17     3     1     1     1    -0.00000000
   0.270   112    18     3     3     2     1    -0.00000000
   0.270   112    19     3     3     3    -1    -0.00000000
   0.270   112    20     3     3     3     1    -0.00000000
   0.270   112    21     4     4     0     1    -0.00000000
   0.270   112    22     4     4     1    -1    -0.00000000
   0.270   112    23     4     2     0     1    -0.00000000
   0.270   112    24     4     2     1    -1    -0.00000000
   0.270   112    25     4     0     0     1    -0.00000000
   0.270   112    26     4     4     1     1    -0.00000000
   0.270   112    27     4     4     2    -1    -0.00000000
   0.270   112    28     4     2     1     1    -0.00000000
   0.270   112    29     4     2     2    -1    -0.00000000
   0.270   112    30     4     4     2     1    -0.00000000
   0.270   112    31     4     4     3    -1    -0.00000000
   0.270   112    32     4     2     2     1    -0.00000000
   0.270   112    33     4     4     3     1    -0.00000000
   0.270   112    34     4     4     4    -1    -0.00000000
   0.270   112    35     4     4     4     1    -0.00000000
   0.270   112    36     5     5     0     1    -0.00000000
   0.270   112    37     5     5     1    -1    -0.00000000
   0.270   112    38     5     3     0     1    -0.00000000
   0.270   112    39     5     3     1    -1    -0.00000000
   0.270   112    40     5     1     0     1    -0.00000000
   0.270   112    41     5     1     1    -1    -0.00000000
   0.270   112    42     5     5     1     1    -0.00000000
   0.270   112    43     5     5     2    -1    -0.00000000
   0.270   112    44     5     3     1     1    -0.00000000
   0.270   112    45     5     3     2    -1    -0.00000000
   0.270   112    46     5     1     1     1    -0.00000000
   0.270   112    47     5     5     2     1    -0.00000000
   0.270   112    48     5     5     3    -1    -0.00000000
   0.270   112    49     5     3     2     1    -0.00000000
   0.270   112    50     5     3     3    -1    -0.00000000
   0.270   112    51     5     5     3     1    -0.00000000
   0.270   112    52     5     5     4    -1    -0.00000000
   0.270   112    53     5     3     3     1    -0.00000000
   0.270   112    54     5     5     4     1    -0.00000000
   0.270   112    55     5     5     5    -1    -0.00000000
   0.270   112    56     5     5     5     1    -0.07778237
   0.270   112    57     6     6     0     1    -0.00000000
   0.270   112    58     6     6     1    -1    -0.00000000
   0.270   112    59     6     4     0     1    -0.00000000
   0.270   112    60     6     4     1    -1    -0.00000000
   0.270   112    61     6     2     0     1    -0.00000000
   0.270   112    62     6     2     1    -1    -0.00000000
   0.270   112    63     6     0     0     1    -0.00000000
   0.270   112    64     6     6     1     1    -0.00000000
   0.270   112    65     6     6     2    -1    -0.00000000
   0.270   112    66     6     4     1     1    -0.00000000
   0.270   112    67     6     4     2    -1    -0.00000000
   0.270   112    68     6     2     1     1    -0.00000000
   0.270   112    69     6     2     2    -1    -0.00000000
   0.270   112    70     6     6     2     1    -0.00000000
   0.270   112    71     6     6     3    -1    -0.00000000
   0.270   112    72     6     4     2     1    -0.00000000
   0.270   112    73     6     4     3    -1    -0.00000000
   0.270   112    74     6     2     2     1    -0.00000000
   0.270   112    75     6     6     3     1    -0.00000000
   0.270   112    76     6     6     4    -1    -0.00000000
   0.270   112    77     6     4     3     1    -0.00000000
   0.270   112    78     6     4     4    -1    -0.00000000
   0.270   112    79     6     6     4     1    -0.00000000
   0.270   112    80     6     6     5    -1    -0.00000000
   0.270   112    81     6     4     4     1    -0.00000000
   0.270   112    82     6     6     5     1    -0.00000000
   0.270   112    83     6     6     6    -1    -0.00000000
   0.270   112    84     6     6     6     1    -0.00000000
   0.270   112    85     7     7     0     1    -0.00000000
   0.270   112    86     7     7     1    -1    -0.00000000
   0.270   112    87     7     5     0     1    -0.00000000
   0.270   112    88     7     5     1    -1    -0.00000000
   0.270   112    89     7     3     0     1    -0.00000000
   0.270   112    90     7     3     1    -1    -0.00000000
   0.270   112    91     7     1     0     1    -0.00000000
   0.270   112    92     7     1     1    -1    -0.00000000
   0.270   112    93     7     7     1     1    -0.00000000
   0.270   112    94     7     7     2    -1    -0.00000000
   0.270   112    95     7     5     1     1    -0.00000000
   0.270   112    96     7     5     2    -1    -0.00000000
   0.270   112    97     7     3     1     1    -0.00000000
   0.270   112    98     7     3     2    -1    -0.00000000
   0.270   112    99     7     1     1     1    -0.00000000
   0.270   112   100     7     7     2     1    -0.00000000
   0.270   112   101     7     7     3    -1    -0.00000000
   0.270   112   102     7     5     2     1    -0.00000000
   0.270   112   103     7     5     3    -1    -0.00000000
   0.270   112   104     7     3     2     1    -0.00000000
   0.270   112   105     7     3     3    -1    -0.00000000
   0.270   112   106     7     7     3     1    -0.00000000
   0.270   112   107     7     7     4    -1    -0.00000000
   0.270   112   108     7     5     3     1    -0.00000000
   0.270   112   109     7     5     4    -1    -0.00000000
   0.270   112   110     7     3     3     1    -0.00000000
   0.270   112   111     7     7     4     1    -0.00000000
   0.270   112   112     7     7     5    -1    -0.00000000
   0.270   112   113     7     5     4     1    -0.00000000
   0.270   112   114     7     5     5    -1    -0.00000000
   0.270   112   115     7     7     5     1     0.00578163
   0.270   112   116     7     7     6    -1    -0.00694536
   0.270   112   117     7     5     5     1    -0.99692940
   0.270   112   118     7     7     6     1    -0.00000000
   0.270   112   119     7     7     7    -1    -0.00000000
   0.270   112   120     7     7     7     1    -0.00000000
   0.270   113     1     0     0     0     1     0.00000000
   0.270   113     2     1     1     0     1     0.00000000
   0.270   113     3     1     1     1    -1     0.00000000
   0.270   113     4     1     1     1     1     0.00000000
   0.270   113     5     2     2     0     1     0.00000000
   0.270   113     6     2     2     1    -1     0.00000000
   0.270   113     7     2     0     0     1     0.00000000
   0.270   113     8     2     2     1     1     0.00000000
   0.270   113     9     2     2     2    -1     0.00000000
   0.270   113    10     2     2     2     1     0.00000000
   0.270   113    11     3     3     0     1     0.00000000
   0.270   113    12     3     3     1    -1     0.00000000
   0.270   113    13     3     1     0     1     0.00000000
   0.270   113    14     3     1     1    -1     0.00000000
   0.270   113    15     3     3     1     1     0.00000000
   0.270   113    16     3     3     2    -1     0.00000000
   0.270   113    17     3     1     1     1     0.00000000
   0.270   113    18     3     3     2     1     0.00000000
   0.270   113    19     3     3     3    -1     0.00000000
   0.270   113    20     3     3     3     1     0.00000000
   0.270   113    21     4     4     0     1     0.00000000
   0.270   113    22     4     4     1    -1     0.00000000
   0.270   113    23     4     2     0     1     0.00000000
   0.270   113    24     4     2     1    -1     0.00000000
   0.270   113    25     4     0     0     1     0.00000000
   0.270   113    26     4     4     1     1     0.00000000
   0.270   113    27     4     4     2    -1     0.00000000
   0.270   113    28     4     2     1     1     0.00000000
   0.270   113    29     4     2     2    -1     0.00000000
   0.270   113    30     4     4     2     1     0.00000000
   0.270   113    31     4     4     3    -1     0.00000000
   0.270   113    32     4     2     2     1     0.00000000
   0.270   113    33     4     4     3     1     0.00000000
   0.270   113    34     4     4     4    -1     0.00000000
   0.270   113    35     4     4     4     1     0.00000000
   0.270   113    36     5     5     0     1     0.00000000
   0.270   113    37     5     5     1    -1     0.00000000
   0.270   113    38     5     3     0     1     0.00000000
   0.270   113    39     5     3     1    -1     0.00000000
   0.270   113    40     5     1     0     1     0.00000000
   0.270   113    41     5     1     1    -1     0.00000000
   0.270   113    42     5     5     1     1     0.00000000
   0.270   113    43     5     5     2    -1     0.00000000
   0.270   113    44     5     3     1     1     0.00000000
   0.270   113    45     5     3     2    -1     0.00000000
   0.270   113    46     5     1     1     1     0.00000000
   0.270   113    47     5     5     2     1     0.00000000
   0.270   113    48     5     5     3    -1     0.00000000
   0.270   113    49     5     3     2     1     0.00000000
   0.270   113    50     5     3     3    -1     0.00000000
   0.270   113    51     5     5     3     1     0.00000000
   0.270   113    52     5     5     4    -1     0.00000000
   0.270   113    53     5     3     3     1     0.00000000
   0.270   113    54     5     5     4     1     0.00000000
   0.270   113    55     5     5     5    -1     0.00000000
   0.270   113    56     5     5     5     1     0.00000000
   0.270   113    57     6     6     0     1     0.00000000
   0.270   113    58     6     6     1    -1     0.00000000
   0.270   113    59     6     4     0     1     0.00000000
   0.270   113    60     6     4     1    -1     0.00000000
   0.270   113    61     6     2     0     1     0.00000000
   0.270   113    62     6     2     1    -1     0.00000000
   0.270   113    63     6     0     0     1     0.00000000
   0.270   113    64     6     6     1     1     0.00000000
   0.270   113    65     6     6     2    -1     0.00000000
   0.270   113    66     6     4     1     1     0.00000000
   0.270   113    67     6     4     2    -1     0.00000000
   0.270   113    68     6     2     1     1     0.00000000
   0.270   113    69     6     2     2    -1     0.00000000
   0.270   113    70     6     6     2     1     0.00000000
   0.270   113    71     6     6     3    -1     0.00000000
   0.270   113    72     6     4     2     1     0.00000000
   0.270   113    73     6     4     3    -1     0.00000000
   0.270   113    74     6     2     2     1     0.00000000
   0.270   113    75     6     6     3     1     0.00000000
   0.270   113    76     6     6     4    -1     0.00000000
   0.270   113    77     6     4     3     1     0.00000000
   0.270   113    78     6     4     4    -1     0.00000000
   0.270   113    79     6     6     4     1     0.00000000
   0.270   113    80     6     6     5    -1     0.00000000
   0.270   113    81     6     4     4     1     0.00000000
   0.270   113    82     6     6     5     1     0.00000000
   0.270   113    83     6     6     6    -1     0.00000000
   0.270   113    84     6     6     6     1     0.00000000
   0.270   113    85     7     7     0     1     0.00000000
   0.270   113    86     7     7     1    -1     0.00000000
   0.270   113    87     7     5     0     1     0.00000000
   0.270   113    88     7     5     1    -1     0.00000000
   0.270   113    89     7     3     0     1     0.00000000
   0.270   113    90     7     3     1    -1     0.00000000
   0.270   113    91     7     1     0     1     0.00000000
   0.270   113    92     7     1     1    -1     0.00000000
   0.270   113    93     7     7     1     1     0.00000000
   0.270   113    94     7     7     2    -1     0.00000000
   0.270   113    95     7     5     1     1     0.00000000
   0.270   113    96     7     5     2    -1     0.00000000
   0.270   113    97     7     3     1     1     0.00000000
   0.270   113    98     7     3     2    -1     0.00000000
   0.270   113    99     7     1     1     1     0.00000000
   0.270   113   100     7     7     2     1     0.00000000
   0.270   113   101     7     7     3    -1     0.00000000
   0.270   113   102     7     5     2     1     0.00000000
   0.270   113   103     7     5     3    -1     0.00000000
   0.270   113   104     7     3     2     1     0.00000000
   0.270   113   105     7     3     3    -1     0.00000000
   0.270   113   106     7     7     3     1     0.00000000
   0.270   113   107     7     7     4    -1     0.00000000
   0.270   113   108     7     5     3     1     0.00000000
   0.270   113   109     7     5     4    -1     0.00000000
   0.270   113   110     7     3     3     1     0.00000000
   0.270   113   111     7     7     4     1     0.00000000
   0.270   113   112     7     7     5    -1     0.00000000
   0.270   113   113     7     5     4     1     0.00000000
   0.270   113   114     7     5     5    -1     0.00000000
   0.270   113   115     7     7     5     1     0.00000000
   0.270   113   116     7     7     6    -1     0.00000000
   0.270   113   117     7     5     5     1     0.00000000
   0.270   113   118     7     7     6     1    -0.19193678
   0.270   113   119     7     7     7    -1     0.98140729
   0.270   113   120     7     7     7     1     0.00000000
   0.270   114     1     0     0     0     1     0.00000000
   0.270   114     2     1     1     0     1     0.00000000
   0.270   114     3     1     1     1    -1    -0.00000000
   0.270   114     4     1     1     1     1    -0.00000000
   0.270   114     5     2     2     0     1    -0.00000000
   0.270   114     6     2     2     1    -1    -0.00000000
   0.270   114     7     2     0     0     1    -0.00000000
   0.270   114     8     2     2     1     1     0.00000000
   0.270   114     9     2     2     2    -1     0.00000000
   0.270   114    10     2     2     2     1     0.00000000
   0.270   114    11     3     3     0     1     0.00000000
   0.270   114    12     3     3     1    -1    -0.00000000
   0.270   114    13     3     1     0     1     0.00000000
   0.270   114    14     3     1     1    -1    -0.00000000
   0.270   114    15     3     3     1     1     0.00000000
   0.270   114    16     3     3     2    -1     0.00000000
   0.270   114    17     3     1     1     1     0.00000000
   0.270   114    18     3     3     2     1     0.00000000
   0.270   114    19     3     3     3    -1     0.00000000
   0.270   114    20     3     3     3     1     0.00049634
   0.270   114    21     4     4     0     1    -0.00000000
   0.270   114    22     4     4     1    -1     0.00000000
   0.270   114    23     4     2     0     1     0.00000000
   0.270   114    24     4     2     1    -1     0.00000000
   0.270   114    25     4     0     0     1    -0.00000000
   0.270   114    26     4     4     1     1     0.00000000
   0.270   114    27     4     4     2    -1     0.00000000
   0.270   114    28     4     2     1     1     0.00000000
   0.270   114    29     4     2     2    -1    -0.00000000
   0.270   114    30     4     4     2     1     0.00000000
   0.270   114    31     4     4     3    -1     0.00000000
   0.270   114    32     4     2     2     1    -0.00000000
   0.270   114    33     4     4     3     1    -0.00000000
   0.270   114    34     4     4     4    -1     0.00000000
   0.270   114    35     4     4     4     1     0.00000000
   0.270   114    36     5     5     0     1     0.00000000
   0.270   114    37     5     5     1    -1     0.00000000
   0.270   114    38     5     3     0     1     0.00000000
   0.270   114    39     5     3     1    -1     0.00000000
   0.270   114    40     5     1     0     1     0.00000000
   0.270   114    41     5     1     1    -1     0.00000000
   0.270   114    42     5     5     1     1     0.00000000
   0.270   114    43     5     5     2    -1     0.00000000
   0.270   114    44     5     3     1     1     0.00000000
   0.270   114    45     5     3     2    -1    -0.00000000
   0.270   114    46     5     1     1     1    -0.00000000
   0.270   114    47     5     5     2     1     0.00000000
   0.270   114    48     5     5     3    -1    -0.00000000
   0.270   114    49     5     3     2     1     0.00000000
   0.270   114    50     5     3     3    -1    -0.00000000
   0.270   114    51     5     5     3     1    -0.00083547
   0.270   114    52     5     5     4    -1     0.03032385
   0.270   114    53     5     3     3     1     0.01548062
   0.270   114    54     5     5     4     1     0.00000000
   0.270   114    55     5     5     5    -1    -0.00000000
   0.270   114    56     5     5     5     1    -0.00000000
   0.270   114    57     6     6     0     1     0.00000000
   0.270   114    58     6     6     1    -1     0.00000000
   0.270   114    59     6     4     0     1     0.00000000
   0.270   114    60     6     4     1    -1     0.00000000
   0.270   114    61     6     2     0     1    -0.00000000
   0.270   114    62     6     2     1    -1     0.00000000
   0.270   114    63     6     0     0     1     0.00000000
   0.270   114    64     6     6     1     1     0.00000000
   0.270   114    65     6     6     2    -1     0.00000000
   0.270   114    66     6     4     1     1     0.00000000
   0.270   114    67     6     4     2    -1     0.00000000
   0.270   114    68     6     2     1     1     0.00000000
   0.270   114    69     6     2     2    -1     0.00000000
   0.270   114    70     6     6     2     1     0.00000000
   0.270   114    71     6     6     3    -1     0.00000000
   0.270   114    72     6     4     2     1    -0.00000000
   0.270   114    73     6     4     3    -1    -0.00000000
   0.270   114    74     6     2     2     1     0.00000000
   0.270   114    75     6     6     3     1    -0.00000000
   0.270   114    76     6     6     4    -1     0.00000000
   0.270   114    77     6     4     3     1    -0.00000000
   0.270   114    78     6     4     4    -1    -0.00000000
   0.270   114    79     6     6     4     1     0.00000000
   0.270   114    80     6     6     5    -1    -0.00000000
   0.270   114    81     6     4     4     1     0.00000000
   0.270   114    82     6     6     5     1    -0.00000000
   0.270   114    83     6     6     6    -1    -0.00000000
   0.270   114    84     6     6     6     1    -0.00000000
   0.270   114    85     7     7     0     1     0.00000000
   0.270   114    86     7     7     1    -1     0.00000000
   0.270   114    87     7     5     0     1     0.00000000
   0.270   114    88     7     5     1    -1     0.00000000
   0.270   114    89     7     3     0     1     0.00000000
   0.270   114    90     7     3     1    -1     0.00000000
   0.270   114    91     7     1     0     1     0.00000000
   0.270   114    92     7     1     1    -1    -0.00000000
   0.270   114    93     7     7     1     1     0.00000000
   0.270   114    94     7     7     2    -1     0.00000000
   0.270   114    95     7     5     1     1    -0.00000000
   0.270   114    96     7     5     2    -1     0.00000000
   0.270   114    97     7     3     1     1     0.00000000
   0.270   114    98     7     3     2    -1    -0.00000000
   0.270   114    99     7     1     1     1    -0.00000000
   0.270   114   100     7     7     2     1    -0.00000000
   0.270   114   101     7     7     3    -1    -0.00000000
   0.270   114   102     7     5     2     1    -0.00000000
   0.270   114   103     7     5     3    -1     0.00000000
   0.270   114   104     7     3     2     1    -0.00000000
   0.270   114   105     7     3     3    -1    -0.00000000
   0.270   114   106     7     7     3     1     0.00080624
   0.270   114   107     7     7     4    -1    -0.00308074
   0.270   114   108     7     5     3     1    -0.29502345
   0.270   114   109     7     5     4    -1     0.95476876
   0.270   114   110     7     3     3     1    -0.01440500
   0.270   114   111     7     7     4     1     0.00000000
   0.270   114   112     7     7     5    -1     0.00000000
   0.270   114   113     7     5     4     1     0.00000000
   0.270   114   114     7     5     5    -1     0.00000000
   0.270   114   115     7     7     5     1    -0.00000000
   0.270   114   116     7     7     6    -1    -0.00000000
   0.270   114   117     7     5     5     1    -0.00000000
   0.270   114   118     7     7     6     1    -0.00000000
   0.270   114   119     7     7     7    -1    -0.00000000
   0.270   114   120     7     7     7     1    -0.00000000
   0.270   115     1     0     0     0     1    -0.00000000
   0.270   115     2     1     1     0     1    -0.00000000
   0.270   115     3     1     1     1    -1     0.00000000
   0.270   115     4     1     1     1     1     0.00001903
   0.270   115     5     2     2     0     1     0.00000000
   0.270   115     6     2     2     1    -1     0.00000000
   0.270   115     7     2     0     0     1     0.00000000
   0.270   115     8     2     2     1     1     0.00000000
   0.270   115     9     2     2     2    -1     0.00000000
   0.270   115    10     2     2     2     1    -0.00000000
   0.270   115    11     3     3     0     1    -0.00000000
   0.270   115    12     3     3     1    -1    -0.00000000
   0.270   115    13     3     1     0     1     0.00000000
   0.270   115    14     3     1     1    -1     0.00000000
   0.270   115    15     3     3     1     1    -0.00129041
   0.270   115    16     3     3     2    -1     0.00067345
   0.270   115    17     3     1     1     1     0.00027160
   0.270   115    18     3     3     2     1     0.00000000
   0.270   115    19     3     3     3    -1    -0.00000000
   0.270   115    20     3     3     3     1    -0.00000000
   0.270   115    21     4     4     0     1     0.00000000
   0.270   115    22     4     4     1    -1     0.00000000
   0.270   115    23     4     2     0     1     0.00000000
   0.270   115    24     4     2     1    -1     0.00000000
   0.270   115    25     4     0     0     1     0.00000000
   0.270   115    26     4     4     1     1    -0.00000000
   0.270   115    27     4     4     2    -1     0.00000000
   0.270   115    28     4     2     1     1     0.00000000
   0.270   115    29     4     2     2    -1    -0.00000000
   0.270   115    30     4     4     2     1    -0.00000000
   0.270   115    31     4     4     3    -1    -0.00000000
   0.270   115    32     4     2     2     1     0.00000000
   0.270   115    33     4     4     3     1    -0.00000000
   0.270   115    34     4     4     4    -1     0.00000000
   0.270   115    35     4     4     4     1    -0.00000000
   0.270   115    36     5     5     0     1    -0.00000000
   0.270   115    37     5     5     1    -1    -0.00000000
   0.270   115    38     5     3     0     1    -0.00000000
   0.270   115    39     5     3     1    -1     0.00000000
   0.270   115    40     5     1     0     1    -0.00000000
   0.270   115    41     5     1     1    -1    -0.00000000
   0.270   115    42     5     5     1     1     0.01272187
   0.270   115    43     5     5     2    -1    -0.02843012
   0.270   115    44     5     3     1     1     0.01614908
   0.270   115    45     5     3     2    -1    -0.00170678
   0.270   115    46     5     1     1     1     0.03658317
   0.270   115    47     5     5     2     1     0.00000000
   0.270   115    48     5     5     3    -1    -0.00000000
   0.270   115    49     5     3     2     1     0.00000000
   0.270   115    50     5     3     3    -1     0.00000000
   0.270   115    51     5     5     3     1    -0.00000000
   0.270   115    52     5     5     4    -1     0.00000000
   0.270   115    53     5     3     3     1    -0.00000000
   0.270   115    54     5     5     4     1    -0.00000000
   0.270   115    55     5     5     5    -1     0.00000000
   0.270   115    56     5     5     5     1     0.00000000
   0.270   115    57     6     6     0     1     0.00000000
   0.270   115    58     6     6     1    -1     0.00000000
   0.270   115    59     6     4     0     1     0.00000000
   0.270   115    60     6     4     1    -1     0.00000000
   0.270   115    61     6     2     0     1     0.00000000
   0.270   115    62     6     2     1    -1     0.00000000
   0.270   115    63     6     0     0     1     0.00000000
   0.270   115    64     6     6     1     1    -0.00000000
   0.270   115    65     6     6     2    -1    -0.00000000
   0.270   115    66     6     4     1     1     0.00000000
   0.270   115    67     6     4     2    -1     0.00000000
   0.270   115    68     6     2     1     1     0.00000000
   0.270   115    69     6     2     2    -1     0.00000000
   0.270   115    70     6     6     2     1    -0.00000000
   0.270   115    71     6     6     3    -1    -0.00000000
   0.270   115    72     6     4     2     1     0.00000000
   0.270   115    73     6     4     3    -1     0.00000000
   0.270   115    74     6     2     2     1     0.00000000
   0.270   115    75     6     6     3     1     0.00000000
   0.270   115    76     6     6     4    -1    -0.00000000
   0.270   115    77     6     4     3     1    -0.00000000
   0.270   115    78     6     4     4    -1     0.00000000
   0.270   115    79     6     6     4     1    -0.00000000
   0.270   115    80     6     6     5    -1     0.00000000
   0.270   115    81     6     4     4     1    -0.00000000
   0.270   115    82     6     6     5     1     0.00000000
   0.270   115    83     6     6     6    -1    -0.00000000
   0.270   115    84     6     6     6     1    -0.00000000
   0.270   115    85     7     7     0     1    -0.00000000
   0.270   115    86     7     7     1    -1     0.00000000
   0.270   115    87     7     5     0     1    -0.00000000
   0.270   115    88     7     5     1    -1    -0.00000000
   0.270   115    89     7     3     0     1     0.00000000
   0.270   115    90     7     3     1    -1    -0.00000000
   0.270   115    91     7     1     0     1     0.00000000
   0.270   115    92     7     1     1    -1    -0.00000000
   0.270   115    93     7     7     1     1    -0.00196159
   0.270   115    94     7     7     2    -1     0.00330692
   0.270   115    95     7     5     1     1    -0.00685326
   0.270   115    96     7     5     2    -1     0.00632063
   0.270   115    97     7     3     1     1    -0.31474409
   0.270   115    98     7     3     2    -1     0.94772788
   0.270   115    99     7     1     1     1    -0.00848436
   0.270   115   100     7     7     2     1    -0.00000000
   0.270   115   101     7     7     3    -1     0.00000000
   0.270   115   102     7     5     2     1     0.00000000
   0.270   115   103     7     5     3    -1    -0.00000000
   0.270   115   104     7     3     2     1     0.00000000
   0.270   115   105     7     3     3    -1    -0.00000000
   0.270   115   106     7     7     3     1    -0.00000000
   0.270   115   107     7     7     4    -1     0.00000000
   0.270   115   108     7     5     3     1     0.00000000
   0.270   115   109     7     5     4    -1     0.00000000
   0.270   115   110     7     3     3     1     0.00000000
   0.270   115   111     7     7     4     1     0.00000000
   0.270   115   112     7     7     5    -1    -0.00000000
   0.270   115   113     7     5     4     1    -0.00000000
   0.270   115   114     7     5     5    -1    -0.00000000
   0.270   115   115     7     7     5     1     0.00000000
   0.270   115   116     7     7     6    -1     0.00000000
   0.270   115   117     7     5     5     1     0.00000000
   0.270   115   118     7     7     6     1     0.00000000
   0.270   115   119     7     7     7    -1     0.00000000
   0.270   115   120     7     7     7     1     0.00000000
   0.270   116     1     0     0     0     1     0.00000000
   0.270   116     2     1     1     0     1     0.00000000
   0.270   116     3     1     1     1    -1     0.00000000
   0.270   116     4     1     1     1     1     0.00000000
   0.270   116     5     2     2     0     1    -0.00000000
   0.270   116     6     2     2     1    -1     0.00000000
   0.270   116     7     2     0     0     1     0.00000000
   0.270   116     8     2     2     1     1    -0.00000000
   0.270   116     9     2     2     2    -1    -0.00000000
   0.270   116    10     2     2     2     1    -0.00000000
   0.270   116    11     3     3     0     1     0.00000000
   0.270   116    12     3     3     1    -1     0.00000000
   0.270   116    13     3     1     0     1     0.00000000
   0.270   116    14     3     1     1    -1    -0.00000000
   0.270   116    15     3     3     1     1     0.00000000
   0.270   116    16     3     3     2    -1    -0.00000000
   0.270   116    17     3     1     1     1     0.00000000
   0.270   116    18     3     3     2     1     0.00000000
   0.270   116    19     3     3     3    -1    -0.00000000
   0.270   116    20     3     3     3     1     0.00291320
   0.270   116    21     4     4     0     1     0.00000000
   0.270   116    22     4     4     1    -1     0.00000000
   0.270   116    23     4     2     0     1     0.00000000
   0.270   116    24     4     2     1    -1     0.00000000
   0.270   116    25     4     0     0     1     0.00000000
   0.270   116    26     4     4     1     1    -0.00000000
   0.270   116    27     4     4     2    -1    -0.00000000
   0.270   116    28     4     2     1     1    -0.00000000
   0.270   116    29     4     2     2    -1     0.00000000
   0.270   116    30     4     4     2     1    -0.00000000
   0.270   116    31     4     4     3    -1    -0.00000000
   0.270   116    32     4     2     2     1    -0.00000000
   0.270   116    33     4     4     3     1     0.00000000
   0.270   116    34     4     4     4    -1     0.00000000
   0.270   116    35     4     4     4     1     0.00000000
   0.270   116    36     5     5     0     1    -0.00000000
   0.270   116    37     5     5     1    -1     0.00000000
   0.270   116    38     5     3     0     1     0.00000000
   0.270   116    39     5     3     1    -1    -0.00000000
   0.270   116    40     5     1     0     1     0.00000000
   0.270   116    41     5     1     1    -1     0.00000000
   0.270   116    42     5     5     1     1     0.00000000
   0.270   116    43     5     5     2    -1     0.00000000
   0.270   116    44     5     3     1     1     0.00000000
   0.270   116    45     5     3     2    -1    -0.00000000
   0.270   116    46     5     1     1     1    -0.00000000
   0.270   116    47     5     5     2     1    -0.00000000
   0.270   116    48     5     5     3    -1     0.00000000
   0.270   116    49     5     3     2     1     0.00000000
   0.270   116    50     5     3     3    -1    -0.00000000
   0.270   116    51     5     5     3     1    -0.01696695
   0.270   116    52     5     5     4    -1     0.00174147
   0.270   116    53     5     3     3     1     0.09057128
   0.270   116    54     5     5     4     1    -0.00000000
   0.270   116    55     5     5     5    -1     0.00000000
   0.270   116    56     5     5     5     1     0.00000000
   0.270   116    57     6     6     0     1     0.00000000
   0.270   116    58     6     6     1    -1     0.00000000
   0.270   116    59     6     4     0     1     0.00000000
   0.270   116    60     6     4     1    -1     0.00000000
   0.270   116    61     6     2     0     1     0.00000000
   0.270   116    62     6     2     1    -1    -0.00000000
   0.270   116    63     6     0     0     1     0.00000000
   0.270   116    64     6     6     1     1    -0.00000000
   0.270   116    65     6     6     2    -1     0.00000000
   0.270   116    66     6     4     1     1    -0.00000000
   0.270   116    67     6     4     2    -1     0.00000000
   0.270   116    68     6     2     1     1    -0.00000000
   0.270   116    69     6     2     2    -1    -0.00000000
   0.270   116    70     6     6     2     1     0.00000000
   0.270   116    71     6     6     3    -1     0.00000000
   0.270   116    72     6     4     2     1     0.00000000
   0.270   116    73     6     4     3    -1     0.00000000
   0.270   116    74     6     2     2     1     0.00000000
   0.270   116    75     6     6     3     1    -0.00000000
   0.270   116    76     6     6     4    -1     0.00000000
   0.270   116    77     6     4     3     1    -0.00000000
   0.270   116    78     6     4     4    -1    -0.00000000
   0.270   116    79     6     6     4     1    -0.00000000
   0.270   116    80     6     6     5    -1     0.00000000
   0.270   116    81     6     4     4     1     0.00000000
   0.270   116    82     6     6     5     1    -0.00000000
   0.270   116    83     6     6     6    -1    -0.00000000
   0.270   116    84     6     6     6     1     0.00000000
   0.270   116    85     7     7     0     1     0.00000000
   0.270   116    86     7     7     1    -1     0.00000000
   0.270   116    87     7     5     0     1     0.00000000
   0.270   116    88     7     5     1    -1     0.00000000
   0.270   116    89     7     3     0     1     0.00000000
   0.270   116    90     7     3     1    -1     0.00000000
   0.270   116    91     7     1     0     1     0.00000000
   0.270   116    92     7     1     1    -1    -0.00000000
   0.270   116    93     7     7     1     1     0.00000000
   0.270   116    94     7     7     2    -1     0.00000000
   0.270   116    95     7     5     1     1    -0.00000000
   0.270   116    96     7     5     2    -1     0.00000000
   0.270   116    97     7     3     1     1     0.00000000
   0.270   116    98     7     3     2    -1    -0.00000000
   0.270   116    99     7     1     1     1    -0.00000000
   0.270   116   100     7     7     2     1     0.00000000
   0.270   116   101     7     7     3    -1    -0.00000000
   0.270   116   102     7     5     2     1     0.00000000
   0.270   116   103     7     5     3    -1    -0.00000000
   0.270   116   104     7     3     2     1     0.00000000
   0.270   116   105     7     3     3    -1    -0.00000000
   0.270   116   106     7     7     3     1     0.00118300
   0.270   116   107     7     7     4    -1    -0.00047780
   0.270   116   108     7     5     3     1    -0.01297299
   0.270   116   109     7     5     4    -1     0.00946979
   0.270   116   110     7     3     3     1     0.99560928
   0.270   116   111     7     7     4     1     0.00000000
   0.270   116   112     7     7     5    -1     0.00000000
   0.270   116   113     7     5     4     1     0.00000000
   0.270   116   114     7     5     5    -1     0.00000000
   0.270   116   115     7     7     5     1     0.00000000
   0.270   116   116     7     7     6    -1     0.00000000
   0.270   116   117     7     5     5     1     0.00000000
   0.270   116   118     7     7     6     1     0.00000000
   0.270   116   119     7     7     7    -1     0.00000000
   0.270   116   120     7     7     7     1     0.00000000
   0.270   117     1     0     0     0     1     0.00000000
   0.270   117     2     1     1     0     1     0.00000000
   0.270   117     3     1     1     1    -1    -0.00000000
   0.270   117     4     1     1     1     1    -0.00003224
   0.270   117     5     2     2     0     1     0.00000000
   0.270   117     6     2     2     1    -1     0.00000000
   0.270   117     7     2     0     0     1     0.00000000
   0.270   117     8     2     2     1     1     0.00000000
   0.270   117     9     2     2     2    -1     0.00000000
   0.270   117    10     2     2     2     1     0.00000000
   0.270   117    11     3     3     0     1    -0.00000000
   0.270   117    12     3     3     1    -1    -0.00000000
   0.270   117    13     3     1     0     1    -0.00000000
   0.270   117    14     3     1     1    -1    -0.00000000
   0.270   117    15     3     3     1     1     0.00027293
   0.270   117    16     3     3     2    -1    -0.00001048
   0.270   117    17     3     1     1     1    -0.00320715
   0.270   117    18     3     3     2     1    -0.00000000
   0.270   117    19     3     3     3    -1    -0.00000000
   0.270   117    20     3     3     3     1     0.00000000
   0.270   117    21     4     4     0     1    -0.00000000
   0.270   117    22     4     4     1    -1     0.00000000
   0.270   117    23     4     2     0     1     0.00000000
   0.270   117    24     4     2     1    -1     0.00000000
   0.270   117    25     4     0     0     1     0.00000000
   0.270   117    26     4     4     1     1     0.00000000
   0.270   117    27     4     4     2    -1     0.00000000
   0.270   117    28     4     2     1     1     0.00000000
   0.270   117    29     4     2     2    -1    -0.00000000
   0.270   117    30     4     4     2     1     0.00000000
   0.270   117    31     4     4     3    -1     0.00000000
   0.270   117    32     4     2     2     1    -0.00000000
   0.270   117    33     4     4     3     1     0.00000000
   0.270   117    34     4     4     4    -1    -0.00000000
   0.270   117    35     4     4     4     1     0.00000000
   0.270   117    36     5     5     0     1     0.00000000
   0.270   117    37     5     5     1    -1    -0.00000000
   0.270   117    38     5     3     0     1     0.00000000
   0.270   117    39     5     3     1    -1     0.00000000
   0.270   117    40     5     1     0     1     0.00000000
   0.270   117    41     5     1     1    -1    -0.00000000
   0.270   117    42     5     5     1     1     0.00000240
   0.270   117    43     5     5     2    -1     0.00003505
   0.270   117    44     5     3     1     1     0.05048217
   0.270   117    45     5     3     2    -1    -0.00348289
   0.270   117    46     5     1     1     1    -0.06299092
   0.270   117    47     5     5     2     1    -0.00000000
   0.270   117    48     5     5     3    -1     0.00000000
   0.270   117    49     5     3     2     1     0.00000000
   0.270   117    50     5     3     3    -1     0.00000000
   0.270   117    51     5     5     3     1    -0.00000000
   0.270   117    52     5     5     4    -1     0.00000000
   0.270   117    53     5     3     3     1     0.00000000
   0.270   117    54     5     5     4     1     0.00000000
   0.270   117    55     5     5     5    -1     0.00000000
   0.270   117    56     5     5     5     1     0.00000000
   0.270   117    57     6     6     0     1     0.00000000
   0.270   117    58     6     6     1    -1    -0.00000000
   0.270   117    59     6     4     0     1     0.00000000
   0.270   117    60     6     4     1    -1     0.00000000
   0.270   117    61     6     2     0     1     0.00000000
   0.270   117    62     6     2     1    -1     0.00000000
   0.270   117    63     6     0     0     1    -0.00000000
   0.270   117    64     6     6     1     1     0.00000000
   0.270   117    65     6     6     2    -1     0.00000000
   0.270   117    66     6     4     1     1     0.00000000
   0.270   117    67     6     4     2    -1     0.00000000
   0.270   117    68     6     2     1     1     0.00000000
   0.270   117    69     6     2     2    -1     0.00000000
   0.270   117    70     6     6     2     1     0.00000000
   0.270   117    71     6     6     3    -1     0.00000000
   0.270   117    72     6     4     2     1    -0.00000000
   0.270   117    73     6     4     3    -1    -0.00000000
   0.270   117    74     6     2     2     1     0.00000000
   0.270   117    75     6     6     3     1    -0.00000000
   0.270   117    76     6     6     4    -1     0.00000000
   0.270   117    77     6     4     3     1     0.00000000
   0.270   117    78     6     4     4    -1    -0.00000000
   0.270   117    79     6     6     4     1     0.00000000
   0.270   117    80     6     6     5    -1    -0.00000000
   0.270   117    81     6     4     4     1     0.00000000
   0.270   117    82     6     6     5     1    -0.00000000
   0.270   117    83     6     6     6    -1     0.00000000
   0.270   117    84     6     6     6     1    -0.00000000
   0.270   117    85     7     7     0     1    -0.00000000
   0.270   117    86     7     7     1    -1     0.00000000
   0.270   117    87     7     5     0     1    -0.00000000
   0.270   117    88     7     5     1    -1     0.00000000
   0.270   117    89     7     3     0     1     0.00000000
   0.270   117    90     7     3     1    -1    -0.00000000
   0.270   117    91     7     1     0     1    -0.00000000
   0.270   117    92     7     1     1    -1    -0.00000000
   0.270   117    93     7     7     1     1     0.00000040
   0.270   117    94     7     7     2    -1    -0.00000277
   0.270   117    95     7     5     1     1    -0.00893662
   0.270   117    96     7     5     2    -1     0.00305320
   0.270   117    97     7     3     1     1     0.00980942
   0.270   117    98     7     3     2    -1    -0.00418197
   0.270   117    99     7     1     1     1    -0.99662345
   0.270   117   100     7     7     2     1    -0.00000000
   0.270   117   101     7     7     3    -1     0.00000000
   0.270   117   102     7     5     2     1     0.00000000
   0.270   117   103     7     5     3    -1    -0.00000000
   0.270   117   104     7     3     2     1    -0.00000000
   0.270   117   105     7     3     3    -1     0.00000000
   0.270   117   106     7     7     3     1     0.00000000
   0.270   117   107     7     7     4    -1     0.00000000
   0.270   117   108     7     5     3     1     0.00000000
   0.270   117   109     7     5     4    -1    -0.00000000
   0.270   117   110     7     3     3     1    -0.00000000
   0.270   117   111     7     7     4     1     0.00000000
   0.270   117   112     7     7     5    -1    -0.00000000
   0.270   117   113     7     5     4     1     0.00000000
   0.270   117   114     7     5     5    -1    -0.00000000
   0.270   117   115     7     7     5     1     0.00000000
   0.270   117   116     7     7     6    -1     0.00000000
   0.270   117   117     7     5     5     1     0.00000000
   0.270   117   118     7     7     6     1     0.00000000
   0.270   117   119     7     7     7    -1     0.00000000
   0.270   117   120     7     7     7     1     0.00000000
   0.270   118     1     0     0     0     1    -0.00000000
   0.270   118     2     1     1     0     1     0.00000000
   0.270   118     3     1     1     1    -1     0.00000000
   0.270   118     4     1     1     1     1    -0.00000000
   0.270   118     5     2     2     0     1    -0.00000000
   0.270   118     6     2     2     1    -1    -0.00000000
   0.270   118     7     2     0     0     1    -0.00000000
   0.270   118     8     2     2     1     1     0.00000000
   0.270   118     9     2     2     2    -1     0.00000000
   0.270   118    10     2     2     2     1     0.00000000
   0.270   118    11     3     3     0     1     0.00000000
   0.270   118    12     3     3     1    -1     0.00000000
   0.270   118    13     3     1     0     1     0.00000000
   0.270   118    14     3     1     1    -1    -0.00000000
   0.270   118    15     3     3     1     1    -0.00000000
   0.270   118    16     3     3     2    -1    -0.00000000
   0.270   118    17     3     1     1     1     0.00000000
   0.270   118    18     3     3     2     1    -0.00000000
   0.270   118    19     3     3     3    -1    -0.00000000
   0.270   118    20     3     3     3     1     0.00000000
   0.270   118    21     4     4     0     1    -0.00000000
   0.270   118    22     4     4     1    -1    -0.00000000
   0.270   118    23     4     2     0     1    -0.00000000
   0.270   118    24     4     2     1    -1    -0.00000000
   0.270   118    25     4     0     0     1    -0.00000000
   0.270   118    26     4     4     1     1     0.00000000
   0.270   118    27     4     4     2    -1     0.00000000
   0.270   118    28     4     2     1     1    -0.00000000
   0.270   118    29     4     2     2    -1    -0.00000000
   0.270   118    30     4     4     2     1     0.00000000
   0.270   118    31     4     4     3    -1     0.00000000
   0.270   118    32     4     2     2     1    -0.00000000
   0.270   118    33     4     4     3     1    -0.00000000
   0.270   118    34     4     4     4    -1    -0.00000000
   0.270   118    35     4     4     4     1    -0.00000000
   0.270   118    36     5     5     0     1     0.00000000
   0.270   118    37     5     5     1    -1     0.00000000
   0.270   118    38     5     3     0     1     0.00000000
   0.270   118    39     5     3     1    -1     0.00000000
   0.270   118    40     5     1     0     1     0.00000000
   0.270   118    41     5     1     1    -1     0.00000000
   0.270   118    42     5     5     1     1    -0.00000000
   0.270   118    43     5     5     2    -1    -0.00000000
   0.270   118    44     5     3     1     1     0.00000000
   0.270   118    45     5     3     2    -1     0.00000000
   0.270   118    46     5     1     1     1    -0.00000000
   0.270   118    47     5     5     2     1    -0.00000000
   0.270   118    48     5     5     3    -1    -0.00000000
   0.270   118    49     5     3     2     1    -0.00000000
   0.270   118    50     5     3     3    -1     0.00000000
   0.270   118    51     5     5     3     1     0.00000000
   0.270   118    52     5     5     4    -1     0.00000000
   0.270   118    53     5     3     3     1     0.00000000
   0.270   118    54     5     5     4     1     0.00831848
   0.270   118    55     5     5     5    -1    -0.07601387
   0.270   118    56     5     5     5     1     0.00000000
   0.270   118    57     6     6     0     1    -0.00000000
   0.270   118    58     6     6     1    -1    -0.00000000
   0.270   118    59     6     4     0     1    -0.00000000
   0.270   118    60     6     4     1    -1    -0.00000000
   0.270   118    61     6     2     0     1    -0.00000000
   0.270   118    62     6     2     1    -1    -0.00000000
   0.270   118    63     6     0     0     1    -0.00000000
   0.270   118    64     6     6     1     1     0.00000000
   0.270   118    65     6     6     2    -1     0.00000000
   0.270   118    66     6     4     1     1    -0.00000000
   0.270   118    67     6     4     2    -1    -0.00000000
   0.270   118    68     6     2     1     1     0.00000000
   0.270   118    69     6     2     2    -1     0.00000000
   0.270   118    70     6     6     2     1    -0.00000000
   0.270   118    71     6     6     3    -1    -0.00000000
   0.270   118    72     6     4     2     1     0.00000000
   0.270   118    73     6     4     3    -1    -0.00000000
   0.270   118    74     6     2     2     1     0.00000000
   0.270   118    75     6     6     3     1    -0.00000000
   0.270   118    76     6     6     4    -1    -0.00000000
   0.270   118    77     6     4     3     1     0.00000000
   0.270   118    78     6     4     4    -1     0.00000000
   0.270   118    79     6     6     4     1     0.00000000
   0.270   118    80     6     6     5    -1     0.00000000
   0.270   118    81     6     4     4     1     0.00000000
   0.270   118    82     6     6     5     1     0.00000000
   0.270   118    83     6     6     6    -1     0.00000000
   0.270   118    84     6     6     6     1     0.00000000
   0.270   118    85     7     7     0     1     0.00000000
   0.270   118    86     7     7     1    -1    -0.00000000
   0.270   118    87     7     5     0     1     0.00000000
   0.270   118    88     7     5     1    -1    -0.00000000
   0.270   118    89     7     3     0     1     0.00000000
   0.270   118    90     7     3     1    -1     0.00000000
   0.270   118    91     7     1     0     1     0.00000000
   0.270   118    92     7     1     1    -1     0.00000000
   0.270   118    93     7     7     1     1    -0.00000000
   0.270   118    94     7     7     2    -1    -0.00000000
   0.270   118    95     7     5     1     1    -0.00000000
   0.270   118    96     7     5     2    -1    -0.00000000
   0.270   118    97     7     3     1     1    -0.00000000
   0.270   118    98     7     3     2    -1    -0.00000000
   0.270   118    99     7     1     1     1     0.00000000
   0.270   118   100     7     7     2     1    -0.00000000
   0.270   118   101     7     7     3    -1    -0.00000000
   0.270   118   102     7     5     2     1     0.00000000
   0.270   118   103     7     5     3    -1    -0.00000000
   0.270   118   104     7     3     2     1    -0.00000000
   0.270   118   105     7     3     3    -1     0.00000000
   0.270   118   106     7     7     3     1     0.00000000
   0.270   118   107     7     7     4    -1    -0.00000000
   0.270   118   108     7     5     3     1    -0.00000000
   0.270   118   109     7     5     4    -1     0.00000000
   0.270   118   110     7     3     3     1     0.00000000
   0.270   118   111     7     7     4     1    -0.00115122
   0.270   118   112     7     7     5    -1     0.00412884
   0.270   118   113     7     5     4     1     0.18375863
   0.270   118   114     7     5     5    -1    -0.97998321
   0.270   118   115     7     7     5     1     0.00000000
   0.270   118   116     7     7     6    -1     0.00000000
   0.270   118   117     7     5     5     1     0.00000000
   0.270   118   118     7     7     6     1     0.00000000
   0.270   118   119     7     7     7    -1     0.00000000
   0.270   118   120     7     7     7     1     0.00000000
   0.270   119     1     0     0     0     1     0.00000000
   0.270   119     2     1     1     0     1    -0.00001296
   0.270   119     3     1     1     1    -1    -0.00003173
   0.270   119     4     1     1     1     1     0.00000000
   0.270   119     5     2     2     0     1     0.00000000
   0.270   119     6     2     2     1    -1    -0.00000000
   0.270   119     7     2     0     0     1    -0.00000000
   0.270   119     8     2     2     1     1     0.00000000
   0.270   119     9     2     2     2    -1     0.00000000
   0.270   119    10     2     2     2     1    -0.00000000
   0.270   119    11     3     3     0     1     0.00026659
   0.270   119    12     3     3     1    -1     0.00024886
   0.270   119    13     3     1     0     1     0.00055598
   0.270   119    14     3     1     1    -1    -0.00320174
   0.270   119    15     3     3     1     1    -0.00000000
   0.270   119    16     3     3     2    -1    -0.00000000
   0.270   119    17     3     1     1     1     0.00000000
   0.270   119    18     3     3     2     1    -0.00000000
   0.270   119    19     3     3     3    -1    -0.00000000
   0.270   119    20     3     3     3     1     0.00000000
   0.270   119    21     4     4     0     1    -0.00000000
   0.270   119    22     4     4     1    -1    -0.00000000
   0.270   119    23     4     2     0     1    -0.00000000
   0.270   119    24     4     2     1    -1    -0.00000000
   0.270   119    25     4     0     0     1    -0.00000000
   0.270   119    26     4     4     1     1    -0.00000000
   0.270   119    27     4     4     2    -1     0.00000000
   0.270   119    28     4     2     1     1    -0.00000000
   0.270   119    29     4     2     2    -1    -0.00000000
   0.270   119    30     4     4     2     1    -0.00000000
   0.270   119    31     4     4     3    -1    -0.00000000
   0.270   119    32     4     2     2     1     0.00000000
   0.270   119    33     4     4     3     1     0.00000000
   0.270   119    34     4     4     4    -1    -0.00000000
   0.270   119    35     4     4     4     1    -0.00000000
   0.270   119    36     5     5     0     1    -0.00015641
   0.270   119    37     5     5     1    -1     0.00005579
   0.270   119    38     5     3     0     1    -0.00761671
   0.270   119    39     5     3     1    -1     0.05057980
   0.270   119    40     5     1     0     1    -0.00539064
   0.270   119    41     5     1     1    -1    -0.06236003
   0.270   119    42     5     5     1     1    -0.00000000
   0.270   119    43     5     5     2    -1     0.00000000
   0.270   119    44     5     3     1     1    -0.00000000
   0.270   119    45     5     3     2    -1     0.00000000
   0.270   119    46     5     1     1     1     0.00000000
   0.270   119    47     5     5     2     1     0.00000000
   0.270   119    48     5     5     3    -1     0.00000000
   0.270   119    49     5     3     2     1     0.00000000
   0.270   119    50     5     3     3    -1     0.00000000
   0.270   119    51     5     5     3     1    -0.00000000
   0.270   119    52     5     5     4    -1     0.00000000
   0.270   119    53     5     3     3     1    -0.00000000
   0.270   119    54     5     5     4     1    -0.00000000
   0.270   119    55     5     5     5    -1     0.00000000
   0.270   119    56     5     5     5     1     0.00000000
   0.270   119    57     6     6     0     1    -0.00000000
   0.270   119    58     6     6     1    -1     0.00000000
   0.270   119    59     6     4     0     1     0.00000000
   0.270   119    60     6     4     1    -1    -0.00000000
   0.270   119    61     6     2     0     1    -0.00000000
   0.270   119    62     6     2     1    -1     0.00000000
   0.270   119    63     6     0     0     1    -0.00000000
   0.270   119    64     6     6     1     1    -0.00000000
   0.270   119    65     6     6     2    -1    -0.00000000
   0.270   119    66     6     4     1     1    -0.00000000
   0.270   119    67     6     4     2    -1     0.00000000
   0.270   119    68     6     2     1     1     0.00000000
   0.270   119    69     6     2     2    -1    -0.00000000
   0.270   119    70     6     6     2     1     0.00000000
   0.270   119    71     6     6     3    -1    -0.00000000
   0.270   119    72     6     4     2     1    -0.00000000
   0.270   119    73     6     4     3    -1     0.00000000
   0.270   119    74     6     2     2     1    -0.00000000
   0.270   119    75     6     6     3     1    -0.00000000
   0.270   119    76     6     6     4    -1     0.00000000
   0.270   119    77     6     4     3     1    -0.00000000
   0.270   119    78     6     4     4    -1    -0.00000000
   0.270   119    79     6     6     4     1     0.00000000
   0.270   119    80     6     6     5    -1     0.00000000
   0.270   119    81     6     4     4     1    -0.00000000
   0.270   119    82     6     6     5     1     0.00000000
   0.270   119    83     6     6     6    -1    -0.00000000
   0.270   119    84     6     6     6     1    -0.00000000
   0.270   119    85     7     7     0     1     0.00001251
   0.270   119    86     7     7     1    -1    -0.00000667
   0.270   119    87     7     5     0     1     0.00308133
   0.270   119    88     7     5     1    -1    -0.00894854
   0.270   119    89     7     3     0     1     0.00118227
   0.270   119    90     7     3     1    -1     0.00852587
   0.270   119    91     7     1     0     1     0.07385539
   0.270   119    92     7     1     1    -1    -0.99389981
   0.270   119    93     7     7     1     1    -0.00000000
   0.270   119    94     7     7     2    -1     0.00000000
   0.270   119    95     7     5     1     1     0.00000000
   0.270   119    96     7     5     2    -1    -0.00000000
   0.270   119    97     7     3     1     1     0.00000000
   0.270   119    98     7     3     2    -1    -0.00000000
   0.270   119    99     7     1     1     1     0.00000000
   0.270   119   100     7     7     2     1    -0.00000000
   0.270   119   101     7     7     3    -1    -0.00000000
   0.270   119   102     7     5     2     1     0.00000000
   0.270   119   103     7     5     3    -1    -0.00000000
   0.270   119   104     7     3     2     1    -0.00000000
   0.270   119   105     7     3     3    -1    -0.00000000
   0.270   119   106     7     7     3     1     0.00000000
   0.270   119   107     7     7     4    -1    -0.00000000
   0.270   119   108     7     5     3     1    -0.00000000
   0.270   119   109     7     5     4    -1    -0.00000000
   0.270   119   110     7     3     3     1     0.00000000
   0.270   119   111     7     7     4     1     0.00000000
   0.270   119   112     7     7     5    -1     0.00000000
   0.270   119   113     7     5     4     1     0.00000000
   0.270   119   114     7     5     5    -1     0.00000000
   0.270   119   115     7     7     5     1     0.00000000
   0.270   119   116     7     7     6    -1     0.00000000
   0.270   119   117     7     5     5     1     0.00000000
   0.270   119   118     7     7     6     1     0.00000000
   0.270   119   119     7     7     7    -1     0.00000000
   0.270   119   120     7     7     7     1     0.00000000
   0.270   120     1     0     0     0     1     0.00000000
   0.270   120     2     1     1     0     1    -0.00000000
   0.270   120     3     1     1     1    -1    -0.00000000
   0.270   120     4     1     1     1     1     0.00000000
   0.270   120     5     2     2     0     1     0.00000000
   0.270   120     6     2     2     1    -1     0.00000000
   0.270   120     7     2     0     0     1     0.00000000
   0.270   120     8     2     2     1     1    -0.00000000
   0.270   120     9     2     2     2    -1    -0.00000000
   0.270   120    10     2     2     2     1    -0.00000000
   0.270   120    11     3     3     0     1     0.00000000
   0.270   120    12     3     3     1    -1     0.00000000
   0.270   120    13     3     1     0     1    -0.00000000
   0.270   120    14     3     1     1    -1    -0.00000000
   0.270   120    15     3     3     1     1    -0.00000000
   0.270   120    16     3     3     2    -1    -0.00000000
   0.270   120    17     3     1     1     1    -0.00000000
   0.270   120    18     3     3     2     1     0.00015663
   0.270   120    19     3     3     3    -1    -0.00285524
   0.270   120    20     3     3     3     1    -0.00000000
   0.270   120    21     4     4     0     1     0.00000000
   0.270   120    22     4     4     1    -1     0.00000000
   0.270   120    23     4     2     0     1    -0.00000000
   0.270   120    24     4     2     1    -1     0.00000000
   0.270   120    25     4     0     0     1     0.00000000
   0.270   120    26     4     4     1     1    -0.00000000
   0.270   120    27     4     4     2    -1    -0.00000000
   0.270   120    28     4     2     1     1    -0.00000000
   0.270   120    29     4     2     2    -1     0.00000000
   0.270   120    30     4     4     2     1     0.00000000
   0.270   120    31     4     4     3    -1    -0.00000000
   0.270   120    32     4     2     2     1    -0.00000000
   0.270   120    33     4     4     3     1     0.00000000
   0.270   120    34     4     4     4    -1    -0.00000000
   0.270   120    35     4     4     4     1     0.00000000
   0.270   120    36     5     5     0     1    -0.00000000
   0.270   120    37     5     5     1    -1    -0.00000000
   0.270   120    38     5     3     0     1    -0.00000000
   0.270   120    39     5     3     1    -1    -0.00000000
   0.270   120    40     5     1     0     1    -0.00000000
   0.270   120    41     5     1     1    -1    -0.00000000
   0.270   120    42     5     5     1     1    -0.00000000
   0.270   120    43     5     5     2    -1    -0.00000000
   0.270   120    44     5     3     1     1     0.00000000
   0.270   120    45     5     3     2    -1    -0.00000000
   0.270   120    46     5     1     1     1    -0.00000000
   0.270   120    47     5     5     2     1    -0.00454710
   0.270   120    48     5     5     3    -1     0.01692192
   0.270   120    49     5     3     2     1     0.00392692
   0.270   120    50     5     3     3    -1    -0.08890089
   0.270   120    51     5     5     3     1     0.00000000
   0.270   120    52     5     5     4    -1     0.00000000
   0.270   120    53     5     3     3     1    -0.00000000
   0.270   120    54     5     5     4     1     0.00000000
   0.270   120    55     5     5     5    -1     0.00000000
   0.270   120    56     5     5     5     1     0.00000000
   0.270   120    57     6     6     0     1     0.00000000
   0.270   120    58     6     6     1    -1     0.00000000
   0.270   120    59     6     4     0     1     0.00000000
   0.270   120    60     6     4     1    -1     0.00000000
   0.270   120    61     6     2     0     1     0.00000000
   0.270   120    62     6     2     1    -1     0.00000000
   0.270   120    63     6     0     0     1     0.00000000
   0.270   120    64     6     6     1     1    -0.00000000
   0.270   120    65     6     6     2    -1     0.00000000
   0.270   120    66     6     4     1     1    -0.00000000
   0.270   120    67     6     4     2    -1     0.00000000
   0.270   120    68     6     2     1     1    -0.00000000
   0.270   120    69     6     2     2    -1    -0.00000000
   0.270   120    70     6     6     2     1     0.00000000
   0.270   120    71     6     6     3    -1     0.00000000
   0.270   120    72     6     4     2     1     0.00000000
   0.270   120    73     6     4     3    -1    -0.00000000
   0.270   120    74     6     2     2     1    -0.00000000
   0.270   120    75     6     6     3     1    -0.00000000
   0.270   120    76     6     6     4    -1     0.00000000
   0.270   120    77     6     4     3     1     0.00000000
   0.270   120    78     6     4     4    -1    -0.00000000
   0.270   120    79     6     6     4     1     0.00000000
   0.270   120    80     6     6     5    -1    -0.00000000
   0.270   120    81     6     4     4     1     0.00000000
   0.270   120    82     6     6     5     1    -0.00000000
   0.270   120    83     6     6     6    -1     0.00000000
   0.270   120    84     6     6     6     1    -0.00000000
   0.270   120    85     7     7     0     1     0.00000000
   0.270   120    86     7     7     1    -1     0.00000000
   0.270   120    87     7     5     0     1     0.00000000
   0.270   120    88     7     5     1    -1     0.00000000
   0.270   120    89     7     3     0     1     0.00000000
   0.270   120    90     7     3     1    -1    -0.00000000
   0.270   120    91     7     1     0     1     0.00000000
   0.270   120    92     7     1     1    -1     0.00000000
   0.270   120    93     7     7     1     1     0.00000000
   0.270   120    94     7     7     2    -1    -0.00000000
   0.270   120    95     7     5     1     1    -0.00000000
   0.270   120    96     7     5     2    -1     0.00000000
   0.270   120    97     7     3     1     1     0.00000000
   0.270   120    98     7     3     2    -1    -0.00000000
   0.270   120    99     7     1     1     1    -0.00000000
   0.270   120   100     7     7     2     1     0.00048190
   0.270   120   101     7     7     3    -1    -0.00117386
   0.270   120   102     7     5     2     1    -0.00217409
   0.270   120   103     7     5     3    -1     0.01095853
   0.270   120   104     7     3     2     1     0.15154562
   0.270   120   105     7     3     3    -1    -0.98421212
   0.270   120   106     7     7     3     1     0.00000000
   0.270   120   107     7     7     4    -1     0.00000000
   0.270   120   108     7     5     3     1     0.00000000
   0.270   120   109     7     5     4    -1    -0.00000000
   0.270   120   110     7     3     3     1    -0.00000000
   0.270   120   111     7     7     4     1     0.00000000
   0.270   120   112     7     7     5    -1     0.00000000
   0.270   120   113     7     5     4     1     0.00000000
   0.270   120   114     7     5     5    -1     0.00000000
   0.270   120   115     7     7     5     1     0.00000000
   0.270   120   116     7     7     6    -1     0.00000000
   0.270   120   117     7     5     5     1     0.00000000
   0.270   120   118     7     7     6     1     0.00000000
   0.270   120   119     7     7     7    -1     0.00000000
   0.270   120   120     7     7     7     1     0.00000000
