# delta state basis N l Lambda Sigma2 coeff
   0.060     1     1     0     0     0     1    -0.99994743
   0.060     1     2     1     1     0     1    -0.00000000
   0.060     1     3     1     1     1    -1    -0.00000000
   0.060     1     4     1     1     1     1    -0.00000000
   0.060     1     5     2     2     0     1    -0.01023469
   0.060     1     6     2     2     1    -1    -0.00061702
   0.060     1     7     2     0     0     1    -0.00000118
   0.060     1     8     2     2     1     1    -0.00000000
   0.060     1     9     2     2     2    -1    -0.00000000
   0.060     1    10     2     2     2     1     0.00000000
   0.060     1    11     3     3     0     1    -0.00000000
   0.060     1    12     3     3     1    -1     0.00000000
   0.060     1    13     3     1     0     1     0.00000000
   0.060     1    14     3     1     1    -1     0.00000000
   0.060     1    15     3     3     1     1     0.00000000
   0.060     1    16     3     3     2    -1     0.00000000
   0.060     1    17     3     1     1     1    -0.00000000
   0.060     1    18     3     3     2     1    -0.00000000
   0.060     1    19     3     3     3    -1     0.00000000
   0.060     1    20     3     3     3     1    -0.00000000
   0.060     1    21     4     4     0     1    -0.00006785
   0.060     1    22     4     4     1    -1    -0.00000791
   0.060     1    23     4     2     0     1    -0.00005765
   0.060     1    24     4     2     1    -1    -0.00000351
   0.060     1    25     4     0     0     1    -0.00006469
   0.060     1    26     4     4     1     1    -0.00000000
   0.060     1    27     4     4     2    -1     0.00000000
   0.060     1    28     4     2     1     1    -0.00000000
   0.060     1    29     4     2     2    -1    -0.00000000
   0.060     1    30     4     4     2     1     0.00000000
   0.060     1    31     4     4     3    -1    -0.00000000
   0.060     1    32     4     2     2     1     0.00000000
   0.060     1    33     4     4     3     1     0.00000000
   0.060     1    34     4     4     4    -1     0.00000000
   0.060     1    35     4     4     4     1     0.00000000
   0.060     1    36     5     5     0     1    -0.00000000
   0.060     1    37     5     5     1    -1    -0.00000000
   0.060     1    38     5     3     0     1    -0.00000000
   0.060     1    39     5     3     1    -1     0.00000000
   0.060     1    40     5     1     0     1    -0.00000000
   0.060     1    41     5     1     1    -1     0.00000000
   0.060     1    42     5     5     1     1    -0.00000000
   0.060     1    43     5     5     2    -1    -0.00000000
   0.060     1    44     5     3     1     1     0.00000000
   0.060     1    45     5     3     2    -1    -0.00000000
   0.060     1    46     5     1     1     1    -0.00000000
   0.060     1    47     5     5     2     1    -0.00000000
   0.060     1    48     5     5     3    -1    -0.00000000
   0.060     1    49     5     3     2     1    -0.00000000
   0.060     1    50     5     3     3    -1     0.00000000
   0.060     1    51     5     5     3     1    -0.00000000
   0.060     1    52     5     5     4    -1    -0.00000000
   0.060     1    53     5     3     3     1    -0.00000000
   0.060     1    54     5     5     4     1    -0.00000000
   0.060     1    55     5     5     5    -1    -0.00000000
   0.060     1    56     5     5     5     1     0.00000000
   0.060     1    57     6     6     0     1    -0.00000038
   0.060     1    58     6     6     1    -1    -0.00000007
   0.060     1    59     6     4     0     1    -0.00000077
   0.060     1    60     6     4     1    -1    -0.00000009
   0.060     1    61     6     2     0     1    -0.00000127
   0.060     1    62     6     2     1    -1    -0.00000006
   0.060     1    63     6     0     0     1    -0.00000042
   0.060     1    64     6     6     1     1    -0.00000000
   0.060     1    65     6     6     2    -1     0.00000000
   0.060     1    66     6     4     1     1     0.00000000
   0.060     1    67     6     4     2    -1     0.00000000
   0.060     1    68     6     2     1     1    -0.00000000
   0.060     1    69     6     2     2    -1     0.00000000
   0.060     1    70     6     6     2     1    -0.00000000
   0.060     1    71     6     6     3    -1    -0.00000000
   0.060     1    72     6     4     2     1     0.00000000
   0.060     1    73     6     4     3    -1    -0.00000000
   0.060     1    74     6     2     2     1    -0.00000000
   0.060     1    75     6     6     3     1    -0.00000000
   0.060     1    76     6     6     4    -1     0.00000000
   0.060     1    77     6     4     3     1     0.00000000
   0.060     1    78     6     4     4    -1    -0.00000000
   0.060     1    79     6     6     4     1    -0.00000000
   0.060     1    80     6     6     5    -1     0.00000000
   0.060     1    81     6     4     4     1    -0.00000000
   0.060     1    82     6     6     5     1    -0.00000000
   0.060     1    83     6     6     6    -1    -0.00000000
   0.060     1    84     6     6     6     1    -0.00000000
   0.060     1    85     7     7     0     1    -0.00000000
   0.060     1    86     7     7     1    -1     0.00000000
   0.060     1    87     7     5     0     1     0.00000000
   0.060     1    88     7     5     1    -1    -0.00000000
   0.060     1    89     7     3     0     1    -0.00000000
   0.060     1    90     7     3     1    -1     0.00000000
   0.060     1    91     7     1     0     1    -0.00000000
   0.060     1    92     7     1     1    -1     0.00000000
   0.060     1    93     7     7     1     1     0.00000000
   0.060     1    94     7     7     2    -1    -0.00000000
   0.060     1    95     7     5     1     1    -0.00000000
   0.060     1    96     7     5     2    -1    -0.00000000
   0.060     1    97     7     3     1     1    -0.00000000
   0.060     1    98     7     3     2    -1     0.00000000
   0.060     1    99     7     1     1     1    -0.00000000
   0.060     1   100     7     7     2     1    -0.00000000
   0.060     1   101     7     7     3    -1     0.00000000
   0.060     1   102     7     5     2     1     0.00000000
   0.060     1   103     7     5     3    -1    -0.00000000
   0.060     1   104     7     3     2     1    -0.00000000
   0.060     1   105     7     3     3    -1    -0.00000000
   0.060     1   106     7     7     3     1    -0.00000000
   0.060     1   107     7     7     4    -1     0.00000000
   0.060     1   108     7     5     3     1     0.00000000
   0.060     1   109     7     5     4    -1     0.00000000
   0.060     1   110     7     3     3     1    -0.00000000
   0.060     1   111     7     7     4     1     0.00000000
   0.060     1   112     7     7     5    -1    -0.00000000
   0.060     1   113     7     5     4     1    -0.00000000
   0.060     1   114     7     5     5    -1    -0.00000000
   0.060     1   115     7     7     5     1     0.00000000
   0.060     1   116     7     7     6    -1     0.00000000
   0.060     1   117     7     5     5     1     0.00000000
   0.060     1   118     7     7     6     1     0.00000000
   0.060     1   119     7     7     7    -1     0.00000000
   0.060     1   120     7     7     7     1     0.00000000
   0.060     2     1     0     0     0     1     0.00000000
   0.060     2     2     1     1     0     1    -0.89850151
   0.060     2     3     1     1     1    -1    -0.43865537
   0.060     2     4     1     1     1     1    -0.00000000
   0.060     2     5     2     2     0     1    -0.00000000
   0.060     2     6     2     2     1    -1    -0.00000000
   0.060     2     7     2     0     0     1    -0.00000000
   0.060     2     8     2     2     1     1    -0.00000000
   0.060     2     9     2     2     2    -1     0.00000000
   0.060     2    10     2     2     2     1    -0.00000000
   0.060     2    11     3     3     0     1    -0.01074519
   0.060     2    12     3     3     1    -1    -0.00494869
   0.060     2    13     3     1     0     1    -0.01146783
   0.060     2    14     3     1     1    -1     0.00222682
   0.060     2    15     3     3     1     1     0.00000000
   0.060     2    16     3     3     2    -1    -0.00000000
   0.060     2    17     3     1     1     1    -0.00000000
   0.060     2    18     3     3     2     1    -0.00000000
   0.060     2    19     3     3     3    -1    -0.00000000
   0.060     2    20     3     3     3     1    -0.00000000
   0.060     2    21     4     4     0     1    -0.00000000
   0.060     2    22     4     4     1    -1    -0.00000000
   0.060     2    23     4     2     0     1    -0.00000000
   0.060     2    24     4     2     1    -1    -0.00000000
   0.060     2    25     4     0     0     1    -0.00000000
   0.060     2    26     4     4     1     1    -0.00000000
   0.060     2    27     4     4     2    -1     0.00000000
   0.060     2    28     4     2     1     1    -0.00000000
   0.060     2    29     4     2     2    -1    -0.00000000
   0.060     2    30     4     4     2     1    -0.00000000
   0.060     2    31     4     4     3    -1    -0.00000000
   0.060     2    32     4     2     2     1     0.00000000
   0.060     2    33     4     4     3     1     0.00000000
   0.060     2    34     4     4     4    -1    -0.00000000
   0.060     2    35     4     4     4     1     0.00000000
   0.060     2    36     5     5     0     1    -0.00008461
   0.060     2    37     5     5     1    -1    -0.00004170
   0.060     2    38     5     3     0     1    -0.00019084
   0.060     2    39     5     3     1    -1    -0.00001126
   0.060     2    40     5     1     0     1    -0.00018506
   0.060     2    41     5     1     1    -1    -0.00003628
   0.060     2    42     5     5     1     1    -0.00000000
   0.060     2    43     5     5     2    -1    -0.00000000
   0.060     2    44     5     3     1     1    -0.00000000
   0.060     2    45     5     3     2    -1     0.00000000
   0.060     2    46     5     1     1     1    -0.00000000
   0.060     2    47     5     5     2     1    -0.00000000
   0.060     2    48     5     5     3    -1    -0.00000000
   0.060     2    49     5     3     2     1    -0.00000000
   0.060     2    50     5     3     3    -1     0.00000000
   0.060     2    51     5     5     3     1     0.00000000
   0.060     2    52     5     5     4    -1     0.00000000
   0.060     2    53     5     3     3     1    -0.00000000
   0.060     2    54     5     5     4     1     0.00000000
   0.060     2    55     5     5     5    -1     0.00000000
   0.060     2    56     5     5     5     1     0.00000000
   0.060     2    57     6     6     0     1    -0.00000000
   0.060     2    58     6     6     1    -1    -0.00000000
   0.060     2    59     6     4     0     1    -0.00000000
   0.060     2    60     6     4     1    -1     0.00000000
   0.060     2    61     6     2     0     1    -0.00000000
   0.060     2    62     6     2     1    -1    -0.00000000
   0.060     2    63     6     0     0     1    -0.00000000
   0.060     2    64     6     6     1     1    -0.00000000
   0.060     2    65     6     6     2    -1    -0.00000000
   0.060     2    66     6     4     1     1    -0.00000000
   0.060     2    67     6     4     2    -1    -0.00000000
   0.060     2    68     6     2     1     1    -0.00000000
   0.060     2    69     6     2     2    -1     0.00000000
   0.060     2    70     6     6     2     1    -0.00000000
   0.060     2    71     6     6     3    -1    -0.00000000
   0.060     2    72     6     4     2     1     0.00000000
   0.060     2    73     6     4     3    -1    -0.00000000
   0.060     2    74     6     2     2     1    -0.00000000
   0.060     2    75     6     6     3     1     0.00000000
   0.060     2    76     6     6     4    -1    -0.00000000
   0.060     2    77     6     4     3     1     0.00000000
   0.060     2    78     6     4     4    -1     0.00000000
   0.060     2    79     6     6     4     1    -0.00000000
   0.060     2    80     6     6     5    -1     0.00000000
   0.060     2    81     6     4     4     1    -0.00000000
   0.060     2    82     6     6     5     1     0.00000000
   0.060     2    83     6     6     6    -1    -0.00000000
   0.060     2    84     6     6     6     1     0.00000000
   0.060     2    85     7     7     0     1    -0.00000053
   0.060     2    86     7     7     1    -1    -0.00000028
   0.060     2    87     7     5     0     1    -0.00000211
   0.060     2    88     7     5     1    -1    -0.00000038
   0.060     2    89     7     3     0     1    -0.00000338
   0.060     2    90     7     3     1    -1    -0.00000059
   0.060     2    91     7     1     0     1    -0.00000309
   0.060     2    92     7     1     1    -1     0.00000008
   0.060     2    93     7     7     1     1     0.00000000
   0.060     2    94     7     7     2    -1    -0.00000000
   0.060     2    95     7     5     1     1    -0.00000000
   0.060     2    96     7     5     2    -1     0.00000000
   0.060     2    97     7     3     1     1     0.00000000
   0.060     2    98     7     3     2    -1     0.00000000
   0.060     2    99     7     1     1     1     0.00000000
   0.060     2   100     7     7     2     1     0.00000000
   0.060     2   101     7     7     3    -1     0.00000000
   0.060     2   102     7     5     2     1    -0.00000000
   0.060     2   103     7     5     3    -1    -0.00000000
   0.060     2   104     7     3     2     1     0.00000000
   0.060     2   105     7     3     3    -1    -0.00000000
   0.060     2   106     7     7     3     1     0.00000000
   0.060     2   107     7     7     4    -1     0.00000000
   0.060     2   108     7     5     3     1    -0.00000000
   0.060     2   109     7     5     4    -1    -0.00000000
   0.060     2   110     7     3     3     1    -0.00000000
   0.060     2   111     7     7     4     1     0.00000000
   0.060     2   112     7     7     5    -1    -0.00000000
   0.060     2   113     7     5     4     1     0.00000000
   0.060     2   114     7     5     5    -1     0.00000000
   0.060     2   115     7     7     5     1     0.00000000
   0.060     2   116     7     7     6    -1     0.00000000
   0.060     2   117     7     5     5     1     0.00000000
   0.060     2   118     7     7     6     1     0.00000000
   0.060     2   119     7     7     7    -1     0.00000000
   0.060     2   120     7     7     7     1     0.00000000
   0.060     3     1     0     0     0     1    -0.00000000
   0.060     3     2     1     1     0     1    -0.00000000
   0.060     3     3     1     1     1    -1    -0.00000000
   0.060     3     4     1     1     1     1     0.99993079
   0.060     3     5     2     2     0     1    -0.00000000
   0.060     3     6     2     2     1    -1    -0.00000000
   0.060     3     7     2     0     0     1    -0.00000000
   0.060     3     8     2     2     1     1    -0.00000000
   0.060     3     9     2     2     2    -1     0.00000000
   0.060     3    10     2     2     2     1     0.00000000
   0.060     3    11     3     3     0     1    -0.00000000
   0.060     3    12     3     3     1    -1    -0.00000000
   0.060     3    13     3     1     0     1    -0.00000000
   0.060     3    14     3     1     1    -1     0.00000000
   0.060     3    15     3     3     1     1     0.00985112
   0.060     3    16     3     3     2    -1     0.00081056
   0.060     3    17     3     1     1     1    -0.00637972
   0.060     3    18     3     3     2     1    -0.00000000
   0.060     3    19     3     3     3    -1    -0.00000000
   0.060     3    20     3     3     3     1    -0.00000000
   0.060     3    21     4     4     0     1    -0.00000000
   0.060     3    22     4     4     1    -1    -0.00000000
   0.060     3    23     4     2     0     1    -0.00000000
   0.060     3    24     4     2     1    -1    -0.00000000
   0.060     3    25     4     0     0     1    -0.00000000
   0.060     3    26     4     4     1     1    -0.00000000
   0.060     3    27     4     4     2    -1     0.00000000
   0.060     3    28     4     2     1     1    -0.00000000
   0.060     3    29     4     2     2    -1    -0.00000000
   0.060     3    30     4     4     2     1     0.00000000
   0.060     3    31     4     4     3    -1     0.00000000
   0.060     3    32     4     2     2     1    -0.00000000
   0.060     3    33     4     4     3     1     0.00000000
   0.060     3    34     4     4     4    -1     0.00000000
   0.060     3    35     4     4     4     1     0.00000000
   0.060     3    36     5     5     0     1     0.00000000
   0.060     3    37     5     5     1    -1    -0.00000000
   0.060     3    38     5     3     0     1     0.00000000
   0.060     3    39     5     3     1    -1    -0.00000000
   0.060     3    40     5     1     0     1     0.00000000
   0.060     3    41     5     1     1    -1     0.00000000
   0.060     3    42     5     5     1     1     0.00007335
   0.060     3    43     5     5     2    -1     0.00001042
   0.060     3    44     5     3     1     1    -0.00001243
   0.060     3    45     5     3     2    -1    -0.00000051
   0.060     3    46     5     1     1     1     0.00007864
   0.060     3    47     5     5     2     1    -0.00000000
   0.060     3    48     5     5     3    -1    -0.00000000
   0.060     3    49     5     3     2     1    -0.00000000
   0.060     3    50     5     3     3    -1    -0.00000000
   0.060     3    51     5     5     3     1    -0.00000000
   0.060     3    52     5     5     4    -1     0.00000000
   0.060     3    53     5     3     3     1     0.00000000
   0.060     3    54     5     5     4     1    -0.00000000
   0.060     3    55     5     5     5    -1     0.00000000
   0.060     3    56     5     5     5     1     0.00000000
   0.060     3    57     6     6     0     1    -0.00000000
   0.060     3    58     6     6     1    -1    -0.00000000
   0.060     3    59     6     4     0     1    -0.00000000
   0.060     3    60     6     4     1    -1     0.00000000
   0.060     3    61     6     2     0     1    -0.00000000
   0.060     3    62     6     2     1    -1    -0.00000000
   0.060     3    63     6     0     0     1    -0.00000000
   0.060     3    64     6     6     1     1    -0.00000000
   0.060     3    65     6     6     2    -1    -0.00000000
   0.060     3    66     6     4     1     1    -0.00000000
   0.060     3    67     6     4     2    -1    -0.00000000
   0.060     3    68     6     2     1     1    -0.00000000
   0.060     3    69     6     2     2    -1     0.00000000
   0.060     3    70     6     6     2     1     0.00000000
   0.060     3    71     6     6     3    -1     0.00000000
   0.060     3    72     6     4     2     1    -0.00000000
   0.060     3    73     6     4     3    -1    -0.00000000
   0.060     3    74     6     2     2     1     0.00000000
   0.060     3    75     6     6     3     1    -0.00000000
   0.060     3    76     6     6     4    -1    -0.00000000
   0.060     3    77     6     4     3     1    -0.00000000
   0.060     3    78     6     4     4    -1    -0.00000000
   0.060     3    79     6     6     4     1     0.00000000
   0.060     3    80     6     6     5    -1     0.00000000
   0.060     3    81     6     4     4     1    -0.00000000
   0.060     3    82     6     6     5     1     0.00000000
   0.060     3    83     6     6     6    -1    -0.00000000
   0.060     3    84     6     6     6     1    -0.00000000
   0.060     3    85     7     7     0     1     0.00000000
   0.060     3    86     7     7     1    -1    -0.00000000
   0.060     3    87     7     5     0     1    -0.00000000
   0.060     3    88     7     5     1    -1    -0.00000000
   0.060     3    89     7     3     0     1     0.00000000
   0.060     3    90     7     3     1    -1     0.00000000
   0.060     3    91     7     1     0     1     0.00000000
   0.060     3    92     7     1     1    -1    -0.00000000
   0.060     3    93     7     7     1     1     0.00000044
   0.060     3    94     7     7     2    -1     0.00000009
   0.060     3    95     7     5     1     1     0.00000022
   0.060     3    96     7     5     2    -1     0.00000004
   0.060     3    97     7     3     1     1     0.00000087
   0.060     3    98     7     3     2    -1     0.00000005
   0.060     3    99     7     1     1     1    -0.00000045
   0.060     3   100     7     7     2     1     0.00000000
   0.060     3   101     7     7     3    -1     0.00000000
   0.060     3   102     7     5     2     1    -0.00000000
   0.060     3   103     7     5     3    -1    -0.00000000
   0.060     3   104     7     3     2     1     0.00000000
   0.060     3   105     7     3     3    -1     0.00000000
   0.060     3   106     7     7     3     1    -0.00000000
   0.060     3   107     7     7     4    -1    -0.00000000
   0.060     3   108     7     5     3     1    -0.00000000
   0.060     3   109     7     5     4    -1    -0.00000000
   0.060     3   110     7     3     3     1     0.00000000
   0.060     3   111     7     7     4     1    -0.00000000
   0.060     3   112     7     7     5    -1     0.00000000
   0.060     3   113     7     5     4     1    -0.00000000
   0.060     3   114     7     5     5    -1    -0.00000000
   0.060     3   115     7     7     5     1     0.00000000
   0.060     3   116     7     7     6    -1     0.00000000
   0.060     3   117     7     5     5     1     0.00000000
   0.060     3   118     7     7     6     1     0.00000000
   0.060     3   119     7     7     7    -1     0.00000000
   0.060     3   120     7     7     7     1     0.00000000
   0.060     4     1     0     0     0     1     0.00000000
   0.060     4     2     1     1     0     1     0.43861664
   0.060     4     3     1     1     1    -1    -0.89857845
   0.060     4     4     1     1     1     1    -0.00000000
   0.060     4     5     2     2     0     1     0.00000000
   0.060     4     6     2     2     1    -1     0.00000000
   0.060     4     7     2     0     0     1     0.00000000
   0.060     4     8     2     2     1     1     0.00000000
   0.060     4     9     2     2     2    -1    -0.00000000
   0.060     4    10     2     2     2     1    -0.00000000
   0.060     4    11     3     3     0     1     0.00466731
   0.060     4    12     3     3     1    -1    -0.00848920
   0.060     4    13     3     1     0     1     0.00644211
   0.060     4    14     3     1     1    -1     0.00606860
   0.060     4    15     3     3     1     1     0.00000000
   0.060     4    16     3     3     2    -1     0.00000000
   0.060     4    17     3     1     1     1     0.00000000
   0.060     4    18     3     3     2     1     0.00000000
   0.060     4    19     3     3     3    -1     0.00000000
   0.060     4    20     3     3     3     1    -0.00000000
   0.060     4    21     4     4     0     1     0.00000000
   0.060     4    22     4     4     1    -1     0.00000000
   0.060     4    23     4     2     0     1     0.00000000
   0.060     4    24     4     2     1    -1     0.00000000
   0.060     4    25     4     0     0     1     0.00000000
   0.060     4    26     4     4     1     1     0.00000000
   0.060     4    27     4     4     2    -1    -0.00000000
   0.060     4    28     4     2     1     1     0.00000000
   0.060     4    29     4     2     2    -1     0.00000000
   0.060     4    30     4     4     2     1    -0.00000000
   0.060     4    31     4     4     3    -1    -0.00000000
   0.060     4    32     4     2     2     1    -0.00000000
   0.060     4    33     4     4     3     1    -0.00000000
   0.060     4    34     4     4     4    -1    -0.00000000
   0.060     4    35     4     4     4     1    -0.00000000
   0.060     4    36     5     5     0     1     0.00003203
   0.060     4    37     5     5     1    -1    -0.00006042
   0.060     4    38     5     3     0     1     0.00010462
   0.060     4    39     5     3     1    -1     0.00002104
   0.060     4    40     5     1     0     1     0.00009912
   0.060     4    41     5     1     1    -1    -0.00006964
   0.060     4    42     5     5     1     1    -0.00000000
   0.060     4    43     5     5     2    -1    -0.00000000
   0.060     4    44     5     3     1     1    -0.00000000
   0.060     4    45     5     3     2    -1    -0.00000000
   0.060     4    46     5     1     1     1     0.00000000
   0.060     4    47     5     5     2     1    -0.00000000
   0.060     4    48     5     5     3    -1    -0.00000000
   0.060     4    49     5     3     2     1     0.00000000
   0.060     4    50     5     3     3    -1     0.00000000
   0.060     4    51     5     5     3     1    -0.00000000
   0.060     4    52     5     5     4    -1    -0.00000000
   0.060     4    53     5     3     3     1    -0.00000000
   0.060     4    54     5     5     4     1     0.00000000
   0.060     4    55     5     5     5    -1    -0.00000000
   0.060     4    56     5     5     5     1    -0.00000000
   0.060     4    57     6     6     0     1     0.00000000
   0.060     4    58     6     6     1    -1     0.00000000
   0.060     4    59     6     4     0     1     0.00000000
   0.060     4    60     6     4     1    -1    -0.00000000
   0.060     4    61     6     2     0     1     0.00000000
   0.060     4    62     6     2     1    -1     0.00000000
   0.060     4    63     6     0     0     1     0.00000000
   0.060     4    64     6     6     1     1     0.00000000
   0.060     4    65     6     6     2    -1     0.00000000
   0.060     4    66     6     4     1     1     0.00000000
   0.060     4    67     6     4     2    -1     0.00000000
   0.060     4    68     6     2     1     1     0.00000000
   0.060     4    69     6     2     2    -1    -0.00000000
   0.060     4    70     6     6     2     1    -0.00000000
   0.060     4    71     6     6     3    -1    -0.00000000
   0.060     4    72     6     4     2     1    -0.00000000
   0.060     4    73     6     4     3    -1     0.00000000
   0.060     4    74     6     2     2     1    -0.00000000
   0.060     4    75     6     6     3     1     0.00000000
   0.060     4    76     6     6     4    -1    -0.00000000
   0.060     4    77     6     4     3     1     0.00000000
   0.060     4    78     6     4     4    -1     0.00000000
   0.060     4    79     6     6     4     1    -0.00000000
   0.060     4    80     6     6     5    -1     0.00000000
   0.060     4    81     6     4     4     1    -0.00000000
   0.060     4    82     6     6     5     1     0.00000000
   0.060     4    83     6     6     6    -1    -0.00000000
   0.060     4    84     6     6     6     1     0.00000000
   0.060     4    85     7     7     0     1     0.00000017
   0.060     4    86     7     7     1    -1    -0.00000035
   0.060     4    87     7     5     0     1     0.00000111
   0.060     4    88     7     5     1    -1    -0.00000003
   0.060     4    89     7     3     0     1     0.00000180
   0.060     4    90     7     3     1    -1    -0.00000065
   0.060     4    91     7     1     0     1     0.00000173
   0.060     4    92     7     1     1    -1     0.00000047
   0.060     4    93     7     7     1     1    -0.00000000
   0.060     4    94     7     7     2    -1     0.00000000
   0.060     4    95     7     5     1     1     0.00000000
   0.060     4    96     7     5     2    -1     0.00000000
   0.060     4    97     7     3     1     1     0.00000000
   0.060     4    98     7     3     2    -1     0.00000000
   0.060     4    99     7     1     1     1     0.00000000
   0.060     4   100     7     7     2     1    -0.00000000
   0.060     4   101     7     7     3    -1     0.00000000
   0.060     4   102     7     5     2     1     0.00000000
   0.060     4   103     7     5     3    -1     0.00000000
   0.060     4   104     7     3     2     1    -0.00000000
   0.060     4   105     7     3     3    -1    -0.00000000
   0.060     4   106     7     7     3     1     0.00000000
   0.060     4   107     7     7     4    -1    -0.00000000
   0.060     4   108     7     5     3     1     0.00000000
   0.060     4   109     7     5     4    -1    -0.00000000
   0.060     4   110     7     3     3     1     0.00000000
   0.060     4   111     7     7     4     1    -0.00000000
   0.060     4   112     7     7     5    -1     0.00000000
   0.060     4   113     7     5     4     1    -0.00000000
   0.060     4   114     7     5     5    -1     0.00000000
   0.060     4   115     7     7     5     1    -0.00000000
   0.060     4   116     7     7     6    -1    -0.00000000
   0.060     4   117     7     5     5     1    -0.00000000
   0.060     4   118     7     7     6     1    -0.00000000
   0.060     4   119     7     7     7    -1    -0.00000000
   0.060     4   120     7     7     7     1    -0.00000000
   0.060     5     1     0     0     0     1     0.00854619
   0.060     5     2     1     1     0     1     0.00000000
   0.060     5     3     1     1     1    -1    -0.00000000
   0.060     5     4     1     1     1     1    -0.00000000
   0.060     5     5     2     2     0     1    -0.79850881
   0.060     5     6     2     2     1    -1    -0.60155976
   0.060     5     7     2     0     0     1    -0.00281254
   0.060     5     8     2     2     1     1    -0.00000000
   0.060     5     9     2     2     2    -1    -0.00000000
   0.060     5    10     2     2     2     1     0.00000000
   0.060     5    11     3     3     0     1     0.00000000
   0.060     5    12     3     3     1    -1    -0.00000000
   0.060     5    13     3     1     0     1    -0.00000000
   0.060     5    14     3     1     1    -1    -0.00000000
   0.060     5    15     3     3     1     1     0.00000000
   0.060     5    16     3     3     2    -1    -0.00000000
   0.060     5    17     3     1     1     1     0.00000000
   0.060     5    18     3     3     2     1    -0.00000000
   0.060     5    19     3     3     3    -1     0.00000000
   0.060     5    20     3     3     3     1     0.00000000
   0.060     5    21     4     4     0     1    -0.01255207
   0.060     5    22     4     4     1    -1    -0.00915921
   0.060     5    23     4     2     0     1    -0.00912346
   0.060     5    24     4     2     1    -1    -0.00374286
   0.060     5    25     4     0     0     1    -0.00947185
   0.060     5    26     4     4     1     1    -0.00000000
   0.060     5    27     4     4     2    -1    -0.00000000
   0.060     5    28     4     2     1     1    -0.00000000
   0.060     5    29     4     2     2    -1     0.00000000
   0.060     5    30     4     4     2     1    -0.00000000
   0.060     5    31     4     4     3    -1    -0.00000000
   0.060     5    32     4     2     2     1    -0.00000000
   0.060     5    33     4     4     3     1     0.00000000
   0.060     5    34     4     4     4    -1     0.00000000
   0.060     5    35     4     4     4     1     0.00000000
   0.060     5    36     5     5     0     1     0.00000000
   0.060     5    37     5     5     1    -1     0.00000000
   0.060     5    38     5     3     0     1    -0.00000000
   0.060     5    39     5     3     1    -1    -0.00000000
   0.060     5    40     5     1     0     1    -0.00000000
   0.060     5    41     5     1     1    -1     0.00000000
   0.060     5    42     5     5     1     1    -0.00000000
   0.060     5    43     5     5     2    -1     0.00000000
   0.060     5    44     5     3     1     1    -0.00000000
   0.060     5    45     5     3     2    -1     0.00000000
   0.060     5    46     5     1     1     1     0.00000000
   0.060     5    47     5     5     2     1    -0.00000000
   0.060     5    48     5     5     3    -1    -0.00000000
   0.060     5    49     5     3     2     1    -0.00000000
   0.060     5    50     5     3     3    -1    -0.00000000
   0.060     5    51     5     5     3     1    -0.00000000
   0.060     5    52     5     5     4    -1    -0.00000000
   0.060     5    53     5     3     3     1    -0.00000000
   0.060     5    54     5     5     4     1    -0.00000000
   0.060     5    55     5     5     5    -1     0.00000000
   0.060     5    56     5     5     5     1     0.00000000
   0.060     5    57     6     6     0     1    -0.00011909
   0.060     5    58     6     6     1    -1    -0.00008829
   0.060     5    59     6     4     0     1    -0.00020262
   0.060     5    60     6     4     1    -1    -0.00010503
   0.060     5    61     6     2     0     1    -0.00029674
   0.060     5    62     6     2     1    -1    -0.00007031
   0.060     5    63     6     0     0     1    -0.00009665
   0.060     5    64     6     6     1     1     0.00000000
   0.060     5    65     6     6     2    -1     0.00000000
   0.060     5    66     6     4     1     1    -0.00000000
   0.060     5    67     6     4     2    -1     0.00000000
   0.060     5    68     6     2     1     1    -0.00000000
   0.060     5    69     6     2     2    -1     0.00000000
   0.060     5    70     6     6     2     1    -0.00000000
   0.060     5    71     6     6     3    -1    -0.00000000
   0.060     5    72     6     4     2     1     0.00000000
   0.060     5    73     6     4     3    -1     0.00000000
   0.060     5    74     6     2     2     1    -0.00000000
   0.060     5    75     6     6     3     1    -0.00000000
   0.060     5    76     6     6     4    -1    -0.00000000
   0.060     5    77     6     4     3     1     0.00000000
   0.060     5    78     6     4     4    -1     0.00000000
   0.060     5    79     6     6     4     1     0.00000000
   0.060     5    80     6     6     5    -1     0.00000000
   0.060     5    81     6     4     4     1     0.00000000
   0.060     5    82     6     6     5     1     0.00000000
   0.060     5    83     6     6     6    -1     0.00000000
   0.060     5    84     6     6     6     1    -0.00000000
   0.060     5    85     7     7     0     1    -0.00000000
   0.060     5    86     7     7     1    -1    -0.00000000
   0.060     5    87     7     5     0     1     0.00000000
   0.060     5    88     7     5     1    -1    -0.00000000
   0.060     5    89     7     3     0     1     0.00000000
   0.060     5    90     7     3     1    -1     0.00000000
   0.060     5    91     7     1     0     1     0.00000000
   0.060     5    92     7     1     1    -1    -0.00000000
   0.060     5    93     7     7     1     1     0.00000000
   0.060     5    94     7     7     2    -1     0.00000000
   0.060     5    95     7     5     1     1    -0.00000000
   0.060     5    96     7     5     2    -1     0.00000000
   0.060     5    97     7     3     1     1     0.00000000
   0.060     5    98     7     3     2    -1    -0.00000000
   0.060     5    99     7     1     1     1    -0.00000000
   0.060     5   100     7     7     2     1    -0.00000000
   0.060     5   101     7     7     3    -1     0.00000000
   0.060     5   102     7     5     2     1     0.00000000
   0.060     5   103     7     5     3    -1     0.00000000
   0.060     5   104     7     3     2     1    -0.00000000
   0.060     5   105     7     3     3    -1     0.00000000
   0.060     5   106     7     7     3     1    -0.00000000
   0.060     5   107     7     7     4    -1     0.00000000
   0.060     5   108     7     5     3     1     0.00000000
   0.060     5   109     7     5     4    -1     0.00000000
   0.060     5   110     7     3     3     1     0.00000000
   0.060     5   111     7     7     4     1     0.00000000
   0.060     5   112     7     7     5    -1    -0.00000000
   0.060     5   113     7     5     4     1     0.00000000
   0.060     5   114     7     5     5    -1     0.00000000
   0.060     5   115     7     7     5     1     0.00000000
   0.060     5   116     7     7     6    -1     0.00000000
   0.060     5   117     7     5     5     1     0.00000000
   0.060     5   118     7     7     6     1     0.00000000
   0.060     5   119     7     7     7    -1     0.00000000
   0.060     5   120     7     7     7     1     0.00000000
   0.060     6     1     0     0     0     1     0.00000000
   0.060     6     2     1     1     0     1     0.00000000
   0.060     6     3     1     1     1    -1     0.00000000
   0.060     6     4     1     1     1     1     0.00000000
   0.060     6     5     2     2     0     1    -0.00000000
   0.060     6     6     2     2     1    -1    -0.00000000
   0.060     6     7     2     0     0     1     0.00000000
   0.060     6     8     2     2     1     1     0.92835287
   0.060     6     9     2     2     2    -1     0.37138711
   0.060     6    10     2     2     2     1     0.00000000
   0.060     6    11     3     3     0     1    -0.00000000
   0.060     6    12     3     3     1    -1    -0.00000000
   0.060     6    13     3     1     0     1     0.00000000
   0.060     6    14     3     1     1    -1    -0.00000000
   0.060     6    15     3     3     1     1    -0.00000000
   0.060     6    16     3     3     2    -1     0.00000000
   0.060     6    17     3     1     1     1     0.00000000
   0.060     6    18     3     3     2     1    -0.00000000
   0.060     6    19     3     3     3    -1     0.00000000
   0.060     6    20     3     3     3     1    -0.00000000
   0.060     6    21     4     4     0     1    -0.00000000
   0.060     6    22     4     4     1    -1    -0.00000000
   0.060     6    23     4     2     0     1    -0.00000000
   0.060     6    24     4     2     1    -1    -0.00000000
   0.060     6    25     4     0     0     1    -0.00000000
   0.060     6    26     4     4     1     1     0.01311932
   0.060     6    27     4     4     2    -1     0.00477152
   0.060     6    28     4     2     1     1     0.00505592
   0.060     6    29     4     2     2    -1    -0.00347535
   0.060     6    30     4     4     2     1    -0.00000000
   0.060     6    31     4     4     3    -1    -0.00000000
   0.060     6    32     4     2     2     1    -0.00000000
   0.060     6    33     4     4     3     1    -0.00000000
   0.060     6    34     4     4     4    -1     0.00000000
   0.060     6    35     4     4     4     1    -0.00000000
   0.060     6    36     5     5     0     1     0.00000000
   0.060     6    37     5     5     1    -1    -0.00000000
   0.060     6    38     5     3     0     1    -0.00000000
   0.060     6    39     5     3     1    -1    -0.00000000
   0.060     6    40     5     1     0     1    -0.00000000
   0.060     6    41     5     1     1    -1     0.00000000
   0.060     6    42     5     5     1     1    -0.00000000
   0.060     6    43     5     5     2    -1    -0.00000000
   0.060     6    44     5     3     1     1    -0.00000000
   0.060     6    45     5     3     2    -1     0.00000000
   0.060     6    46     5     1     1     1    -0.00000000
   0.060     6    47     5     5     2     1     0.00000000
   0.060     6    48     5     5     3    -1    -0.00000000
   0.060     6    49     5     3     2     1    -0.00000000
   0.060     6    50     5     3     3    -1     0.00000000
   0.060     6    51     5     5     3     1     0.00000000
   0.060     6    52     5     5     4    -1     0.00000000
   0.060     6    53     5     3     3     1    -0.00000000
   0.060     6    54     5     5     4     1    -0.00000000
   0.060     6    55     5     5     5    -1     0.00000000
   0.060     6    56     5     5     5     1     0.00000000
   0.060     6    57     6     6     0     1    -0.00000000
   0.060     6    58     6     6     1    -1     0.00000000
   0.060     6    59     6     4     0     1     0.00000000
   0.060     6    60     6     4     1    -1    -0.00000000
   0.060     6    61     6     2     0     1     0.00000000
   0.060     6    62     6     2     1    -1     0.00000000
   0.060     6    63     6     0     0     1    -0.00000000
   0.060     6    64     6     6     1     1     0.00011825
   0.060     6    65     6     6     2    -1     0.00004662
   0.060     6    66     6     4     1     1     0.00013351
   0.060     6    67     6     4     2    -1    -0.00000642
   0.060     6    68     6     2     1     1     0.00009034
   0.060     6    69     6     2     2    -1     0.00004682
   0.060     6    70     6     6     2     1    -0.00000000
   0.060     6    71     6     6     3    -1     0.00000000
   0.060     6    72     6     4     2     1     0.00000000
   0.060     6    73     6     4     3    -1    -0.00000000
   0.060     6    74     6     2     2     1    -0.00000000
   0.060     6    75     6     6     3     1     0.00000000
   0.060     6    76     6     6     4    -1    -0.00000000
   0.060     6    77     6     4     3     1     0.00000000
   0.060     6    78     6     4     4    -1    -0.00000000
   0.060     6    79     6     6     4     1    -0.00000000
   0.060     6    80     6     6     5    -1     0.00000000
   0.060     6    81     6     4     4     1     0.00000000
   0.060     6    82     6     6     5     1    -0.00000000
   0.060     6    83     6     6     6    -1    -0.00000000
   0.060     6    84     6     6     6     1     0.00000000
   0.060     6    85     7     7     0     1     0.00000000
   0.060     6    86     7     7     1    -1    -0.00000000
   0.060     6    87     7     5     0     1    -0.00000000
   0.060     6    88     7     5     1    -1    -0.00000000
   0.060     6    89     7     3     0     1     0.00000000
   0.060     6    90     7     3     1    -1    -0.00000000
   0.060     6    91     7     1     0     1    -0.00000000
   0.060     6    92     7     1     1    -1     0.00000000
   0.060     6    93     7     7     1     1     0.00000000
   0.060     6    94     7     7     2    -1    -0.00000000
   0.060     6    95     7     5     1     1    -0.00000000
   0.060     6    96     7     5     2    -1    -0.00000000
   0.060     6    97     7     3     1     1     0.00000000
   0.060     6    98     7     3     2    -1    -0.00000000
   0.060     6    99     7     1     1     1     0.00000000
   0.060     6   100     7     7     2     1    -0.00000000
   0.060     6   101     7     7     3    -1     0.00000000
   0.060     6   102     7     5     2     1    -0.00000000
   0.060     6   103     7     5     3    -1    -0.00000000
   0.060     6   104     7     3     2     1     0.00000000
   0.060     6   105     7     3     3    -1    -0.00000000
   0.060     6   106     7     7     3     1     0.00000000
   0.060     6   107     7     7     4    -1     0.00000000
   0.060     6   108     7     5     3     1     0.00000000
   0.060     6   109     7     5     4    -1     0.00000000
   0.060     6   110     7     3     3     1     0.00000000
   0.060     6   111     7     7     4     1    -0.00000000
   0.060     6   112     7     7     5    -1     0.00000000
   0.060     6   113     7     5     4     1    -0.00000000
   0.060     6   114     7     5     5    -1     0.00000000
   0.060     6   115     7     7     5     1     0.00000000
   0.060     6   116     7     7     6    -1     0.00000000
   0.060     6   117     7     5     5     1     0.00000000
   0.060     6   118     7     7     6     1     0.00000000
   0.060     6   119     7     7     7    -1     0.00000000
   0.060     6   120     7     7     7     1     0.00000000
   0.060     7     1     0     0     0     1     0.00000000
   0.060     7     2     1     1     0     1     0.00000000
   0.060     7     3     1     1     1    -1    -0.00000000
   0.060     7     4     1     1     1     1    -0.00000000
   0.060     7     5     2     2     0     1     0.00000000
   0.060     7     6     2     2     1    -1    -0.00000000
   0.060     7     7     2     0     0     1    -0.00000000
   0.060     7     8     2     2     1     1    -0.00000000
   0.060     7     9     2     2     2    -1    -0.00000000
   0.060     7    10     2     2     2     1     0.99988436
   0.060     7    11     3     3     0     1    -0.00000000
   0.060     7    12     3     3     1    -1     0.00000000
   0.060     7    13     3     1     0     1     0.00000000
   0.060     7    14     3     1     1    -1    -0.00000000
   0.060     7    15     3     3     1     1     0.00000000
   0.060     7    16     3     3     2    -1     0.00000000
   0.060     7    17     3     1     1     1     0.00000000
   0.060     7    18     3     3     2     1    -0.00000000
   0.060     7    19     3     3     3    -1     0.00000000
   0.060     7    20     3     3     3     1    -0.00000000
   0.060     7    21     4     4     0     1     0.00000000
   0.060     7    22     4     4     1    -1    -0.00000000
   0.060     7    23     4     2     0     1    -0.00000000
   0.060     7    24     4     2     1    -1    -0.00000000
   0.060     7    25     4     0     0     1     0.00000000
   0.060     7    26     4     4     1     1     0.00000000
   0.060     7    27     4     4     2    -1     0.00000000
   0.060     7    28     4     2     1     1     0.00000000
   0.060     7    29     4     2     2    -1     0.00000000
   0.060     7    30     4     4     2     1     0.01010360
   0.060     7    31     4     4     3    -1     0.00106087
   0.060     7    32     4     2     2     1    -0.01131538
   0.060     7    33     4     4     3     1     0.00000000
   0.060     7    34     4     4     4    -1    -0.00000000
   0.060     7    35     4     4     4     1    -0.00000000
   0.060     7    36     5     5     0     1     0.00000000
   0.060     7    37     5     5     1    -1     0.00000000
   0.060     7    38     5     3     0     1    -0.00000000
   0.060     7    39     5     3     1    -1    -0.00000000
   0.060     7    40     5     1     0     1     0.00000000
   0.060     7    41     5     1     1    -1     0.00000000
   0.060     7    42     5     5     1     1     0.00000000
   0.060     7    43     5     5     2    -1     0.00000000
   0.060     7    44     5     3     1     1     0.00000000
   0.060     7    45     5     3     2    -1    -0.00000000
   0.060     7    46     5     1     1     1    -0.00000000
   0.060     7    47     5     5     2     1     0.00000000
   0.060     7    48     5     5     3    -1     0.00000000
   0.060     7    49     5     3     2     1     0.00000000
   0.060     7    50     5     3     3    -1     0.00000000
   0.060     7    51     5     5     3     1     0.00000000
   0.060     7    52     5     5     4    -1     0.00000000
   0.060     7    53     5     3     3     1    -0.00000000
   0.060     7    54     5     5     4     1     0.00000000
   0.060     7    55     5     5     5    -1    -0.00000000
   0.060     7    56     5     5     5     1     0.00000000
   0.060     7    57     6     6     0     1     0.00000000
   0.060     7    58     6     6     1    -1     0.00000000
   0.060     7    59     6     4     0     1    -0.00000000
   0.060     7    60     6     4     1    -1    -0.00000000
   0.060     7    61     6     2     0     1     0.00000000
   0.060     7    62     6     2     1    -1    -0.00000000
   0.060     7    63     6     0     0     1     0.00000000
   0.060     7    64     6     6     1     1     0.00000000
   0.060     7    65     6     6     2    -1    -0.00000000
   0.060     7    66     6     4     1     1    -0.00000000
   0.060     7    67     6     4     2    -1     0.00000000
   0.060     7    68     6     2     1     1     0.00000000
   0.060     7    69     6     2     2    -1    -0.00000000
   0.060     7    70     6     6     2     1     0.00008172
   0.060     7    71     6     6     3    -1     0.00001375
   0.060     7    72     6     4     2     1    -0.00006439
   0.060     7    73     6     4     3    -1    -0.00000556
   0.060     7    74     6     2     2     1     0.00013524
   0.060     7    75     6     6     3     1    -0.00000000
   0.060     7    76     6     6     4    -1    -0.00000000
   0.060     7    77     6     4     3     1     0.00000000
   0.060     7    78     6     4     4    -1     0.00000000
   0.060     7    79     6     6     4     1    -0.00000000
   0.060     7    80     6     6     5    -1    -0.00000000
   0.060     7    81     6     4     4     1     0.00000000
   0.060     7    82     6     6     5     1    -0.00000000
   0.060     7    83     6     6     6    -1     0.00000000
   0.060     7    84     6     6     6     1    -0.00000000
   0.060     7    85     7     7     0     1     0.00000000
   0.060     7    86     7     7     1    -1    -0.00000000
   0.060     7    87     7     5     0     1     0.00000000
   0.060     7    88     7     5     1    -1    -0.00000000
   0.060     7    89     7     3     0     1    -0.00000000
   0.060     7    90     7     3     1    -1    -0.00000000
   0.060     7    91     7     1     0     1    -0.00000000
   0.060     7    92     7     1     1    -1    -0.00000000
   0.060     7    93     7     7     1     1    -0.00000000
   0.060     7    94     7     7     2    -1    -0.00000000
   0.060     7    95     7     5     1     1     0.00000000
   0.060     7    96     7     5     2    -1     0.00000000
   0.060     7    97     7     3     1     1    -0.00000000
   0.060     7    98     7     3     2    -1     0.00000000
   0.060     7    99     7     1     1     1     0.00000000
   0.060     7   100     7     7     2     1     0.00000000
   0.060     7   101     7     7     3    -1     0.00000000
   0.060     7   102     7     5     2     1    -0.00000000
   0.060     7   103     7     5     3    -1     0.00000000
   0.060     7   104     7     3     2     1    -0.00000000
   0.060     7   105     7     3     3    -1     0.00000000
   0.060     7   106     7     7     3     1     0.00000000
   0.060     7   107     7     7     4    -1    -0.00000000
   0.060     7   108     7     5     3     1     0.00000000
   0.060     7   109     7     5     4    -1    -0.00000000
   0.060     7   110     7     3     3     1     0.00000000
   0.060     7   111     7     7     4     1     0.00000000
   0.060     7   112     7     7     5    -1    -0.00000000
   0.060     7   113     7     5     4     1    -0.00000000
   0.060     7   114     7     5     5    -1     0.00000000
   0.060     7   115     7     7     5     1     0.00000000
   0.060     7   116     7     7     6    -1     0.00000000
   0.060     7   117     7     5     5     1     0.00000000
   0.060     7   118     7     7     6     1     0.00000000
   0.060     7   119     7     7     7    -1     0.00000000
   0.060     7   120     7     7     7     1     0.00000000
   0.060     8     1     0     0     0     1     0.00001040
   0.060     8     2     1     1     0     1     0.00000000
   0.060     8     3     1     1     1    -1     0.00000000
   0.060     8     4     1     1     1     1    -0.00000000
   0.060     8     5     2     2     0     1    -0.00104010
   0.060     8     6     2     2     1    -1    -0.00364743
   0.060     8     7     2     0     0     1     0.99973148
   0.060     8     8     2     2     1     1     0.00000000
   0.060     8     9     2     2     2    -1    -0.00000000
   0.060     8    10     2     2     2     1     0.00000000
   0.060     8    11     3     3     0     1    -0.00000000
   0.060     8    12     3     3     1    -1    -0.00000000
   0.060     8    13     3     1     0     1     0.00000000
   0.060     8    14     3     1     1    -1     0.00000000
   0.060     8    15     3     3     1     1     0.00000000
   0.060     8    16     3     3     2    -1    -0.00000000
   0.060     8    17     3     1     1     1     0.00000000
   0.060     8    18     3     3     2     1     0.00000000
   0.060     8    19     3     3     3    -1    -0.00000000
   0.060     8    20     3     3     3     1    -0.00000000
   0.060     8    21     4     4     0     1    -0.00001587
   0.060     8    22     4     4     1    -1    -0.00005095
   0.060     8    23     4     2     0     1     0.02280922
   0.060     8    24     4     2     1    -1     0.00146126
   0.060     8    25     4     0     0     1    -0.00000694
   0.060     8    26     4     4     1     1     0.00000000
   0.060     8    27     4     4     2    -1    -0.00000000
   0.060     8    28     4     2     1     1    -0.00000000
   0.060     8    29     4     2     2    -1     0.00000000
   0.060     8    30     4     4     2     1     0.00000000
   0.060     8    31     4     4     3    -1     0.00000000
   0.060     8    32     4     2     2     1     0.00000000
   0.060     8    33     4     4     3     1    -0.00000000
   0.060     8    34     4     4     4    -1     0.00000000
   0.060     8    35     4     4     4     1    -0.00000000
   0.060     8    36     5     5     0     1    -0.00000000
   0.060     8    37     5     5     1    -1     0.00000000
   0.060     8    38     5     3     0     1    -0.00000000
   0.060     8    39     5     3     1    -1    -0.00000000
   0.060     8    40     5     1     0     1     0.00000000
   0.060     8    41     5     1     1    -1    -0.00000000
   0.060     8    42     5     5     1     1    -0.00000000
   0.060     8    43     5     5     2    -1    -0.00000000
   0.060     8    44     5     3     1     1     0.00000000
   0.060     8    45     5     3     2    -1     0.00000000
   0.060     8    46     5     1     1     1     0.00000000
   0.060     8    47     5     5     2     1     0.00000000
   0.060     8    48     5     5     3    -1    -0.00000000
   0.060     8    49     5     3     2     1     0.00000000
   0.060     8    50     5     3     3    -1     0.00000000
   0.060     8    51     5     5     3     1     0.00000000
   0.060     8    52     5     5     4    -1     0.00000000
   0.060     8    53     5     3     3     1     0.00000000
   0.060     8    54     5     5     4     1    -0.00000000
   0.060     8    55     5     5     5    -1     0.00000000
   0.060     8    56     5     5     5     1     0.00000000
   0.060     8    57     6     6     0     1    -0.00000020
   0.060     8    58     6     6     1    -1    -0.00000046
   0.060     8    59     6     4     0     1     0.00029109
   0.060     8    60     6     4     1    -1     0.00003470
   0.060     8    61     6     2     0     1     0.00020691
   0.060     8    62     6     2     1    -1     0.00001274
   0.060     8    63     6     0     0     1     0.00024960
   0.060     8    64     6     6     1     1     0.00000000
   0.060     8    65     6     6     2    -1    -0.00000000
   0.060     8    66     6     4     1     1    -0.00000000
   0.060     8    67     6     4     2    -1     0.00000000
   0.060     8    68     6     2     1     1    -0.00000000
   0.060     8    69     6     2     2    -1     0.00000000
   0.060     8    70     6     6     2     1     0.00000000
   0.060     8    71     6     6     3    -1     0.00000000
   0.060     8    72     6     4     2     1     0.00000000
   0.060     8    73     6     4     3    -1     0.00000000
   0.060     8    74     6     2     2     1    -0.00000000
   0.060     8    75     6     6     3     1    -0.00000000
   0.060     8    76     6     6     4    -1     0.00000000
   0.060     8    77     6     4     3     1    -0.00000000
   0.060     8    78     6     4     4    -1    -0.00000000
   0.060     8    79     6     6     4     1    -0.00000000
   0.060     8    80     6     6     5    -1     0.00000000
   0.060     8    81     6     4     4     1     0.00000000
   0.060     8    82     6     6     5     1    -0.00000000
   0.060     8    83     6     6     6    -1    -0.00000000
   0.060     8    84     6     6     6     1     0.00000000
   0.060     8    85     7     7     0     1     0.00000000
   0.060     8    86     7     7     1    -1    -0.00000000
   0.060     8    87     7     5     0     1    -0.00000000
   0.060     8    88     7     5     1    -1    -0.00000000
   0.060     8    89     7     3     0     1    -0.00000000
   0.060     8    90     7     3     1    -1    -0.00000000
   0.060     8    91     7     1     0     1     0.00000000
   0.060     8    92     7     1     1    -1     0.00000000
   0.060     8    93     7     7     1     1    -0.00000000
   0.060     8    94     7     7     2    -1    -0.00000000
   0.060     8    95     7     5     1     1     0.00000000
   0.060     8    96     7     5     2    -1    -0.00000000
   0.060     8    97     7     3     1     1     0.00000000
   0.060     8    98     7     3     2    -1     0.00000000
   0.060     8    99     7     1     1     1     0.00000000
   0.060     8   100     7     7     2     1    -0.00000000
   0.060     8   101     7     7     3    -1    -0.00000000
   0.060     8   102     7     5     2     1     0.00000000
   0.060     8   103     7     5     3    -1    -0.00000000
   0.060     8   104     7     3     2     1     0.00000000
   0.060     8   105     7     3     3    -1     0.00000000
   0.060     8   106     7     7     3     1     0.00000000
   0.060     8   107     7     7     4    -1    -0.00000000
   0.060     8   108     7     5     3     1     0.00000000
   0.060     8   109     7     5     4    -1     0.00000000
   0.060     8   110     7     3     3     1    -0.00000000
   0.060     8   111     7     7     4     1    -0.00000000
   0.060     8   112     7     7     5    -1    -0.00000000
   0.060     8   113     7     5     4     1     0.00000000
   0.060     8   114     7     5     5    -1     0.00000000
   0.060     8   115     7     7     5     1     0.00000000
   0.060     8   116     7     7     6    -1     0.00000000
   0.060     8   117     7     5     5     1     0.00000000
   0.060     8   118     7     7     6     1     0.00000000
   0.060     8   119     7     7     7    -1     0.00000000
   0.060     8   120     7     7     7     1     0.00000000
   0.060     9     1     0     0     0     1     0.00566471
   0.060     9     2     1     1     0     1    -0.00000000
   0.060     9     3     1     1     1    -1     0.00000000
   0.060     9     4     1     1     1     1     0.00000000
   0.060     9     5     2     2     0     1    -0.60146378
   0.060     9     6     2     2     1    -1     0.79867819
   0.060     9     7     2     0     0     1     0.00244834
   0.060     9     8     2     2     1     1     0.00000000
   0.060     9     9     2     2     2    -1    -0.00000000
   0.060     9    10     2     2     2     1    -0.00000000
   0.060     9    11     3     3     0     1     0.00000000
   0.060     9    12     3     3     1    -1    -0.00000000
   0.060     9    13     3     1     0     1     0.00000000
   0.060     9    14     3     1     1    -1    -0.00000000
   0.060     9    15     3     3     1     1    -0.00000000
   0.060     9    16     3     3     2    -1     0.00000000
   0.060     9    17     3     1     1     1     0.00000000
   0.060     9    18     3     3     2     1     0.00000000
   0.060     9    19     3     3     3    -1    -0.00000000
   0.060     9    20     3     3     3     1    -0.00000000
   0.060     9    21     4     4     0     1    -0.00839035
   0.060     9    22     4     4     1    -1     0.01040988
   0.060     9    23     4     2     0     1    -0.00728153
   0.060     9    24     4     2     1    -1     0.00433941
   0.060     9    25     4     0     0     1    -0.00810262
   0.060     9    26     4     4     1     1     0.00000000
   0.060     9    27     4     4     2    -1     0.00000000
   0.060     9    28     4     2     1     1     0.00000000
   0.060     9    29     4     2     2    -1    -0.00000000
   0.060     9    30     4     4     2     1    -0.00000000
   0.060     9    31     4     4     3    -1    -0.00000000
   0.060     9    32     4     2     2     1     0.00000000
   0.060     9    33     4     4     3     1     0.00000000
   0.060     9    34     4     4     4    -1    -0.00000000
   0.060     9    35     4     4     4     1     0.00000000
   0.060     9    36     5     5     0     1    -0.00000000
   0.060     9    37     5     5     1    -1     0.00000000
   0.060     9    38     5     3     0     1     0.00000000
   0.060     9    39     5     3     1    -1    -0.00000000
   0.060     9    40     5     1     0     1    -0.00000000
   0.060     9    41     5     1     1    -1     0.00000000
   0.060     9    42     5     5     1     1     0.00000000
   0.060     9    43     5     5     2    -1     0.00000000
   0.060     9    44     5     3     1     1     0.00000000
   0.060     9    45     5     3     2    -1     0.00000000
   0.060     9    46     5     1     1     1     0.00000000
   0.060     9    47     5     5     2     1    -0.00000000
   0.060     9    48     5     5     3    -1     0.00000000
   0.060     9    49     5     3     2     1    -0.00000000
   0.060     9    50     5     3     3    -1     0.00000000
   0.060     9    51     5     5     3     1     0.00000000
   0.060     9    52     5     5     4    -1    -0.00000000
   0.060     9    53     5     3     3     1    -0.00000000
   0.060     9    54     5     5     4     1     0.00000000
   0.060     9    55     5     5     5    -1    -0.00000000
   0.060     9    56     5     5     5     1     0.00000000
   0.060     9    57     6     6     0     1    -0.00007023
   0.060     9    58     6     6     1    -1     0.00008627
   0.060     9    59     6     4     0     1    -0.00014963
   0.060     9    60     6     4     1    -1     0.00010442
   0.060     9    61     6     2     0     1    -0.00024848
   0.060     9    62     6     2     1    -1     0.00006661
   0.060     9    63     6     0     0     1    -0.00008220
   0.060     9    64     6     6     1     1    -0.00000000
   0.060     9    65     6     6     2    -1     0.00000000
   0.060     9    66     6     4     1     1     0.00000000
   0.060     9    67     6     4     2    -1    -0.00000000
   0.060     9    68     6     2     1     1     0.00000000
   0.060     9    69     6     2     2    -1    -0.00000000
   0.060     9    70     6     6     2     1    -0.00000000
   0.060     9    71     6     6     3    -1     0.00000000
   0.060     9    72     6     4     2     1     0.00000000
   0.060     9    73     6     4     3    -1     0.00000000
   0.060     9    74     6     2     2     1     0.00000000
   0.060     9    75     6     6     3     1     0.00000000
   0.060     9    76     6     6     4    -1     0.00000000
   0.060     9    77     6     4     3     1     0.00000000
   0.060     9    78     6     4     4    -1    -0.00000000
   0.060     9    79     6     6     4     1    -0.00000000
   0.060     9    80     6     6     5    -1    -0.00000000
   0.060     9    81     6     4     4     1     0.00000000
   0.060     9    82     6     6     5     1    -0.00000000
   0.060     9    83     6     6     6    -1    -0.00000000
   0.060     9    84     6     6     6     1    -0.00000000
   0.060     9    85     7     7     0     1     0.00000000
   0.060     9    86     7     7     1    -1     0.00000000
   0.060     9    87     7     5     0     1     0.00000000
   0.060     9    88     7     5     1    -1    -0.00000000
   0.060     9    89     7     3     0     1     0.00000000
   0.060     9    90     7     3     1    -1    -0.00000000
   0.060     9    91     7     1     0     1     0.00000000
   0.060     9    92     7     1     1    -1     0.00000000
   0.060     9    93     7     7     1     1     0.00000000
   0.060     9    94     7     7     2    -1     0.00000000
   0.060     9    95     7     5     1     1     0.00000000
   0.060     9    96     7     5     2    -1    -0.00000000
   0.060     9    97     7     3     1     1    -0.00000000
   0.060     9    98     7     3     2    -1    -0.00000000
   0.060     9    99     7     1     1     1    -0.00000000
   0.060     9   100     7     7     2     1     0.00000000
   0.060     9   101     7     7     3    -1    -0.00000000
   0.060     9   102     7     5     2     1     0.00000000
   0.060     9   103     7     5     3    -1     0.00000000
   0.060     9   104     7     3     2     1    -0.00000000
   0.060     9   105     7     3     3    -1    -0.00000000
   0.060     9   106     7     7     3     1    -0.00000000
   0.060     9   107     7     7     4    -1     0.00000000
   0.060     9   108     7     5     3     1     0.00000000
   0.060     9   109     7     5     4    -1     0.00000000
   0.060     9   110     7     3     3     1     0.00000000
   0.060     9   111     7     7     4     1     0.00000000
   0.060     9   112     7     7     5    -1    -0.00000000
   0.060     9   113     7     5     4     1    -0.00000000
   0.060     9   114     7     5     5    -1    -0.00000000
   0.060     9   115     7     7     5     1     0.00000000
   0.060     9   116     7     7     6    -1     0.00000000
   0.060     9   117     7     5     5     1     0.00000000
   0.060     9   118     7     7     6     1     0.00000000
   0.060     9   119     7     7     7    -1     0.00000000
   0.060     9   120     7     7     7     1     0.00000000
   0.060    10     1     0     0     0     1     0.00000000
   0.060    10     2     1     1     0     1     0.00000000
   0.060    10     3     1     1     1    -1    -0.00000000
   0.060    10     4     1     1     1     1    -0.00000000
   0.060    10     5     2     2     0     1    -0.00000000
   0.060    10     6     2     2     1    -1    -0.00000000
   0.060    10     7     2     0     0     1    -0.00000000
   0.060    10     8     2     2     1     1     0.37139066
   0.060    10     9     2     2     2    -1    -0.92835362
   0.060    10    10     2     2     2     1     0.00000000
   0.060    10    11     3     3     0     1    -0.00000000
   0.060    10    12     3     3     1    -1     0.00000000
   0.060    10    13     3     1     0     1    -0.00000000
   0.060    10    14     3     1     1    -1    -0.00000000
   0.060    10    15     3     3     1     1     0.00000000
   0.060    10    16     3     3     2    -1    -0.00000000
   0.060    10    17     3     1     1     1    -0.00000000
   0.060    10    18     3     3     2     1     0.00000000
   0.060    10    19     3     3     3    -1    -0.00000000
   0.060    10    20     3     3     3     1    -0.00000000
   0.060    10    21     4     4     0     1     0.00000000
   0.060    10    22     4     4     1    -1    -0.00000000
   0.060    10    23     4     2     0     1    -0.00000000
   0.060    10    24     4     2     1    -1    -0.00000000
   0.060    10    25     4     0     0     1    -0.00000000
   0.060    10    26     4     4     1     1     0.00465459
   0.060    10    27     4     4     2    -1    -0.00883107
   0.060    10    28     4     2     1     1     0.00315413
   0.060    10    29     4     2     2    -1     0.01090377
   0.060    10    30     4     4     2     1     0.00000000
   0.060    10    31     4     4     3    -1     0.00000000
   0.060    10    32     4     2     2     1    -0.00000000
   0.060    10    33     4     4     3     1     0.00000000
   0.060    10    34     4     4     4    -1     0.00000000
   0.060    10    35     4     4     4     1     0.00000000
   0.060    10    36     5     5     0     1    -0.00000000
   0.060    10    37     5     5     1    -1    -0.00000000
   0.060    10    38     5     3     0     1    -0.00000000
   0.060    10    39     5     3     1    -1    -0.00000000
   0.060    10    40     5     1     0     1    -0.00000000
   0.060    10    41     5     1     1    -1    -0.00000000
   0.060    10    42     5     5     1     1     0.00000000
   0.060    10    43     5     5     2    -1    -0.00000000
   0.060    10    44     5     3     1     1     0.00000000
   0.060    10    45     5     3     2    -1    -0.00000000
   0.060    10    46     5     1     1     1    -0.00000000
   0.060    10    47     5     5     2     1    -0.00000000
   0.060    10    48     5     5     3    -1    -0.00000000
   0.060    10    49     5     3     2     1     0.00000000
   0.060    10    50     5     3     3    -1     0.00000000
   0.060    10    51     5     5     3     1     0.00000000
   0.060    10    52     5     5     4    -1     0.00000000
   0.060    10    53     5     3     3     1    -0.00000000
   0.060    10    54     5     5     4     1     0.00000000
   0.060    10    55     5     5     5    -1    -0.00000000
   0.060    10    56     5     5     5     1     0.00000000
   0.060    10    57     6     6     0     1     0.00000000
   0.060    10    58     6     6     1    -1     0.00000000
   0.060    10    59     6     4     0     1    -0.00000000
   0.060    10    60     6     4     1    -1    -0.00000000
   0.060    10    61     6     2     0     1    -0.00000000
   0.060    10    62     6     2     1    -1    -0.00000000
   0.060    10    63     6     0     0     1     0.00000000
   0.060    10    64     6     6     1     1     0.00003677
   0.060    10    65     6     6     2    -1    -0.00006720
   0.060    10    66     6     4     1     1     0.00007305
   0.060    10    67     6     4     2    -1     0.00006954
   0.060    10    68     6     2     1     1     0.00003712
   0.060    10    69     6     2     2    -1    -0.00012744
   0.060    10    70     6     6     2     1     0.00000000
   0.060    10    71     6     6     3    -1    -0.00000000
   0.060    10    72     6     4     2     1    -0.00000000
   0.060    10    73     6     4     3    -1     0.00000000
   0.060    10    74     6     2     2     1    -0.00000000
   0.060    10    75     6     6     3     1     0.00000000
   0.060    10    76     6     6     4    -1    -0.00000000
   0.060    10    77     6     4     3     1    -0.00000000
   0.060    10    78     6     4     4    -1    -0.00000000
   0.060    10    79     6     6     4     1    -0.00000000
   0.060    10    80     6     6     5    -1    -0.00000000
   0.060    10    81     6     4     4     1    -0.00000000
   0.060    10    82     6     6     5     1    -0.00000000
   0.060    10    83     6     6     6    -1    -0.00000000
   0.060    10    84     6     6     6     1     0.00000000
   0.060    10    85     7     7     0     1    -0.00000000
   0.060    10    86     7     7     1    -1    -0.00000000
   0.060    10    87     7     5     0     1     0.00000000
   0.060    10    88     7     5     1    -1     0.00000000
   0.060    10    89     7     3     0     1     0.00000000
   0.060    10    90     7     3     1    -1    -0.00000000
   0.060    10    91     7     1     0     1    -0.00000000
   0.060    10    92     7     1     1    -1    -0.00000000
   0.060    10    93     7     7     1     1     0.00000000
   0.060    10    94     7     7     2    -1     0.00000000
   0.060    10    95     7     5     1     1    -0.00000000
   0.060    10    96     7     5     2    -1     0.00000000
   0.060    10    97     7     3     1     1     0.00000000
   0.060    10    98     7     3     2    -1     0.00000000
   0.060    10    99     7     1     1     1     0.00000000
   0.060    10   100     7     7     2     1     0.00000000
   0.060    10   101     7     7     3    -1    -0.00000000
   0.060    10   102     7     5     2     1     0.00000000
   0.060    10   103     7     5     3    -1     0.00000000
   0.060    10   104     7     3     2     1    -0.00000000
   0.060    10   105     7     3     3    -1     0.00000000
   0.060    10   106     7     7     3     1     0.00000000
   0.060    10   107     7     7     4    -1    -0.00000000
   0.060    10   108     7     5     3     1    -0.00000000
   0.060    10   109     7     5     4    -1     0.00000000
   0.060    10   110     7     3     3     1    -0.00000000
   0.060    10   111     7     7     4     1    -0.00000000
   0.060    10   112     7     7     5    -1     0.00000000
   0.060    10   113     7     5     4     1     0.00000000
   0.060    10   114     7     5     5    -1     0.00000000
   0.060    10   115     7     7     5     1     0.00000000
   0.060    10   116     7     7     6    -1     0.00000000
   0.060    10   117     7     5     5     1     0.00000000
   0.060    10   118     7     7     6     1     0.00000000
   0.060    10   119     7     7     7    -1     0.00000000
   0.060    10   120     7     7     7     1     0.00000000
   0.060    11     1     0     0     0     1    -0.00000000
   0.060    11     2     1     1     0     1     0.00946651
   0.060    11     3     1     1     1    -1     0.00668037
   0.060    11     4     1     1     1     1    -0.00000000
   0.060    11     5     2     2     0     1    -0.00000000
   0.060    11     6     2     2     1    -1    -0.00000000
   0.060    11     7     2     0     0     1    -0.00000000
   0.060    11     8     2     2     1     1    -0.00000000
   0.060    11     9     2     2     2    -1    -0.00000000
   0.060    11    10     2     2     2     1     0.00000000
   0.060    11    11     3     3     0     1    -0.76675352
   0.060    11    12     3     3     1    -1    -0.64144349
   0.060    11    13     3     1     0     1    -0.00168234
   0.060    11    14     3     1     1    -1    -0.00064575
   0.060    11    15     3     3     1     1    -0.00000000
   0.060    11    16     3     3     2    -1     0.00000000
   0.060    11    17     3     1     1     1    -0.00000000
   0.060    11    18     3     3     2     1     0.00000000
   0.060    11    19     3     3     3    -1    -0.00000000
   0.060    11    20     3     3     3     1     0.00000000
   0.060    11    21     4     4     0     1    -0.00000000
   0.060    11    22     4     4     1    -1    -0.00000000
   0.060    11    23     4     2     0     1    -0.00000000
   0.060    11    24     4     2     1    -1    -0.00000000
   0.060    11    25     4     0     0     1    -0.00000000
   0.060    11    26     4     4     1     1    -0.00000000
   0.060    11    27     4     4     2    -1    -0.00000000
   0.060    11    28     4     2     1     1     0.00000000
   0.060    11    29     4     2     2    -1     0.00000000
   0.060    11    30     4     4     2     1     0.00000000
   0.060    11    31     4     4     3    -1     0.00000000
   0.060    11    32     4     2     2     1    -0.00000000
   0.060    11    33     4     4     3     1    -0.00000000
   0.060    11    34     4     4     4    -1     0.00000000
   0.060    11    35     4     4     4     1     0.00000000
   0.060    11    36     5     5     0     1    -0.01344392
   0.060    11    37     5     5     1    -1    -0.01105981
   0.060    11    38     5     3     0     1    -0.00893449
   0.060    11    39     5     3     1    -1    -0.00584386
   0.060    11    40     5     1     0     1    -0.00774952
   0.060    11    41     5     1     1    -1    -0.00494628
   0.060    11    42     5     5     1     1    -0.00000000
   0.060    11    43     5     5     2    -1    -0.00000000
   0.060    11    44     5     3     1     1     0.00000000
   0.060    11    45     5     3     2    -1    -0.00000000
   0.060    11    46     5     1     1     1    -0.00000000
   0.060    11    47     5     5     2     1    -0.00000000
   0.060    11    48     5     5     3    -1     0.00000000
   0.060    11    49     5     3     2     1    -0.00000000
   0.060    11    50     5     3     3    -1    -0.00000000
   0.060    11    51     5     5     3     1    -0.00000000
   0.060    11    52     5     5     4    -1    -0.00000000
   0.060    11    53     5     3     3     1     0.00000000
   0.060    11    54     5     5     4     1    -0.00000000
   0.060    11    55     5     5     5    -1     0.00000000
   0.060    11    56     5     5     5     1     0.00000000
   0.060    11    57     6     6     0     1    -0.00000000
   0.060    11    58     6     6     1    -1    -0.00000000
   0.060    11    59     6     4     0     1    -0.00000000
   0.060    11    60     6     4     1    -1    -0.00000000
   0.060    11    61     6     2     0     1     0.00000000
   0.060    11    62     6     2     1    -1     0.00000000
   0.060    11    63     6     0     0     1     0.00000000
   0.060    11    64     6     6     1     1     0.00000000
   0.060    11    65     6     6     2    -1     0.00000000
   0.060    11    66     6     4     1     1     0.00000000
   0.060    11    67     6     4     2    -1     0.00000000
   0.060    11    68     6     2     1     1     0.00000000
   0.060    11    69     6     2     2    -1    -0.00000000
   0.060    11    70     6     6     2     1     0.00000000
   0.060    11    71     6     6     3    -1     0.00000000
   0.060    11    72     6     4     2     1     0.00000000
   0.060    11    73     6     4     3    -1    -0.00000000
   0.060    11    74     6     2     2     1     0.00000000
   0.060    11    75     6     6     3     1    -0.00000000
   0.060    11    76     6     6     4    -1     0.00000000
   0.060    11    77     6     4     3     1    -0.00000000
   0.060    11    78     6     4     4    -1     0.00000000
   0.060    11    79     6     6     4     1     0.00000000
   0.060    11    80     6     6     5    -1     0.00000000
   0.060    11    81     6     4     4     1    -0.00000000
   0.060    11    82     6     6     5     1     0.00000000
   0.060    11    83     6     6     6    -1    -0.00000000
   0.060    11    84     6     6     6     1     0.00000000
   0.060    11    85     7     7     0     1    -0.00013590
   0.060    11    86     7     7     1    -1    -0.00011251
   0.060    11    87     7     5     0     1    -0.00021984
   0.060    11    88     7     5     1    -1    -0.00015444
   0.060    11    89     7     3     0     1    -0.00026596
   0.060    11    90     7     3     1    -1    -0.00015953
   0.060    11    91     7     1     0     1    -0.00018914
   0.060    11    92     7     1     1    -1    -0.00001151
   0.060    11    93     7     7     1     1    -0.00000000
   0.060    11    94     7     7     2    -1    -0.00000000
   0.060    11    95     7     5     1     1    -0.00000000
   0.060    11    96     7     5     2    -1     0.00000000
   0.060    11    97     7     3     1     1     0.00000000
   0.060    11    98     7     3     2    -1     0.00000000
   0.060    11    99     7     1     1     1    -0.00000000
   0.060    11   100     7     7     2     1    -0.00000000
   0.060    11   101     7     7     3    -1    -0.00000000
   0.060    11   102     7     5     2     1     0.00000000
   0.060    11   103     7     5     3    -1    -0.00000000
   0.060    11   104     7     3     2     1     0.00000000
   0.060    11   105     7     3     3    -1     0.00000000
   0.060    11   106     7     7     3     1    -0.00000000
   0.060    11   107     7     7     4    -1    -0.00000000
   0.060    11   108     7     5     3     1    -0.00000000
   0.060    11   109     7     5     4    -1    -0.00000000
   0.060    11   110     7     3     3     1    -0.00000000
   0.060    11   111     7     7     4     1    -0.00000000
   0.060    11   112     7     7     5    -1    -0.00000000
   0.060    11   113     7     5     4     1     0.00000000
   0.060    11   114     7     5     5    -1     0.00000000
   0.060    11   115     7     7     5     1     0.00000000
   0.060    11   116     7     7     6    -1     0.00000000
   0.060    11   117     7     5     5     1     0.00000000
   0.060    11   118     7     7     6     1     0.00000000
   0.060    11   119     7     7     7    -1     0.00000000
   0.060    11   120     7     7     7     1     0.00000000
   0.060    12     1     0     0     0     1    -0.00000000
   0.060    12     2     1     1     0     1     0.00000000
   0.060    12     3     1     1     1    -1     0.00000000
   0.060    12     4     1     1     1     1    -0.00895065
   0.060    12     5     2     2     0     1     0.00000000
   0.060    12     6     2     2     1    -1     0.00000000
   0.060    12     7     2     0     0     1     0.00000000
   0.060    12     8     2     2     1     1    -0.00000000
   0.060    12     9     2     2     2    -1    -0.00000000
   0.060    12    10     2     2     2     1    -0.00000000
   0.060    12    11     3     3     0     1    -0.00000000
   0.060    12    12     3     3     1    -1    -0.00000000
   0.060    12    13     3     1     0     1     0.00000000
   0.060    12    14     3     1     1    -1    -0.00000000
   0.060    12    15     3     3     1     1     0.86795881
   0.060    12    16     3     3     2    -1     0.49619102
   0.060    12    17     3     1     1     1     0.00064095
   0.060    12    18     3     3     2     1     0.00000000
   0.060    12    19     3     3     3    -1    -0.00000000
   0.060    12    20     3     3     3     1     0.00000000
   0.060    12    21     4     4     0     1    -0.00000000
   0.060    12    22     4     4     1    -1    -0.00000000
   0.060    12    23     4     2     0     1    -0.00000000
   0.060    12    24     4     2     1    -1     0.00000000
   0.060    12    25     4     0     0     1     0.00000000
   0.060    12    26     4     4     1     1    -0.00000000
   0.060    12    27     4     4     2    -1    -0.00000000
   0.060    12    28     4     2     1     1    -0.00000000
   0.060    12    29     4     2     2    -1     0.00000000
   0.060    12    30     4     4     2     1    -0.00000000
   0.060    12    31     4     4     3    -1    -0.00000000
   0.060    12    32     4     2     2     1     0.00000000
   0.060    12    33     4     4     3     1     0.00000000
   0.060    12    34     4     4     4    -1     0.00000000
   0.060    12    35     4     4     4     1     0.00000000
   0.060    12    36     5     5     0     1     0.00000000
   0.060    12    37     5     5     1    -1     0.00000000
   0.060    12    38     5     3     0     1     0.00000000
   0.060    12    39     5     3     1    -1     0.00000000
   0.060    12    40     5     1     0     1     0.00000000
   0.060    12    41     5     1     1    -1     0.00000000
   0.060    12    42     5     5     1     1     0.01422030
   0.060    12    43     5     5     2    -1     0.00771882
   0.060    12    44     5     3     1     1     0.00736319
   0.060    12    45     5     3     2    -1     0.00052561
   0.060    12    46     5     1     1     1     0.00671169
   0.060    12    47     5     5     2     1    -0.00000000
   0.060    12    48     5     5     3    -1    -0.00000000
   0.060    12    49     5     3     2     1     0.00000000
   0.060    12    50     5     3     3    -1     0.00000000
   0.060    12    51     5     5     3     1    -0.00000000
   0.060    12    52     5     5     4    -1    -0.00000000
   0.060    12    53     5     3     3     1     0.00000000
   0.060    12    54     5     5     4     1     0.00000000
   0.060    12    55     5     5     5    -1    -0.00000000
   0.060    12    56     5     5     5     1     0.00000000
   0.060    12    57     6     6     0     1     0.00000000
   0.060    12    58     6     6     1    -1     0.00000000
   0.060    12    59     6     4     0     1     0.00000000
   0.060    12    60     6     4     1    -1     0.00000000
   0.060    12    61     6     2     0     1    -0.00000000
   0.060    12    62     6     2     1    -1     0.00000000
   0.060    12    63     6     0     0     1    -0.00000000
   0.060    12    64     6     6     1     1    -0.00000000
   0.060    12    65     6     6     2    -1    -0.00000000
   0.060    12    66     6     4     1     1    -0.00000000
   0.060    12    67     6     4     2    -1     0.00000000
   0.060    12    68     6     2     1     1    -0.00000000
   0.060    12    69     6     2     2    -1    -0.00000000
   0.060    12    70     6     6     2     1    -0.00000000
   0.060    12    71     6     6     3    -1    -0.00000000
   0.060    12    72     6     4     2     1     0.00000000
   0.060    12    73     6     4     3    -1     0.00000000
   0.060    12    74     6     2     2     1    -0.00000000
   0.060    12    75     6     6     3     1    -0.00000000
   0.060    12    76     6     6     4    -1    -0.00000000
   0.060    12    77     6     4     3     1    -0.00000000
   0.060    12    78     6     4     4    -1    -0.00000000
   0.060    12    79     6     6     4     1     0.00000000
   0.060    12    80     6     6     5    -1     0.00000000
   0.060    12    81     6     4     4     1    -0.00000000
   0.060    12    82     6     6     5     1     0.00000000
   0.060    12    83     6     6     6    -1    -0.00000000
   0.060    12    84     6     6     6     1    -0.00000000
   0.060    12    85     7     7     0     1     0.00000000
   0.060    12    86     7     7     1    -1     0.00000000
   0.060    12    87     7     5     0     1    -0.00000000
   0.060    12    88     7     5     1    -1    -0.00000000
   0.060    12    89     7     3     0     1     0.00000000
   0.060    12    90     7     3     1    -1    -0.00000000
   0.060    12    91     7     1     0     1     0.00000000
   0.060    12    92     7     1     1    -1    -0.00000000
   0.060    12    93     7     7     1     1     0.00013824
   0.060    12    94     7     7     2    -1     0.00007709
   0.060    12    95     7     5     1     1     0.00018548
   0.060    12    96     7     5     2    -1     0.00004950
   0.060    12    97     7     3     1     1     0.00020104
   0.060    12    98     7     3     2    -1     0.00003845
   0.060    12    99     7     1     1     1     0.00000780
   0.060    12   100     7     7     2     1     0.00000000
   0.060    12   101     7     7     3    -1    -0.00000000
   0.060    12   102     7     5     2     1    -0.00000000
   0.060    12   103     7     5     3    -1     0.00000000
   0.060    12   104     7     3     2     1    -0.00000000
   0.060    12   105     7     3     3    -1     0.00000000
   0.060    12   106     7     7     3     1     0.00000000
   0.060    12   107     7     7     4    -1    -0.00000000
   0.060    12   108     7     5     3     1    -0.00000000
   0.060    12   109     7     5     4    -1    -0.00000000
   0.060    12   110     7     3     3     1    -0.00000000
   0.060    12   111     7     7     4     1     0.00000000
   0.060    12   112     7     7     5    -1     0.00000000
   0.060    12   113     7     5     4     1     0.00000000
   0.060    12   114     7     5     5    -1     0.00000000
   0.060    12   115     7     7     5     1     0.00000000
   0.060    12   116     7     7     6    -1     0.00000000
   0.060    12   117     7     5     5     1     0.00000000
   0.060    12   118     7     7     6     1     0.00000000
   0.060    12   119     7     7     7    -1     0.00000000
   0.060    12   120     7     7     7     1     0.00000000
   0.060    13     1     0     0     0     1    -0.00000000
   0.060    13     2     1     1     0     1    -0.00000000
   0.060    13     3     1     1     1    -1    -0.00000000
   0.060    13     4     1     1     1     1    -0.00000000
   0.060    13     5     2     2     0     1    -0.00000000
   0.060    13     6     2     2     1    -1     0.00000000
   0.060    13     7     2     0     0     1     0.00000000
   0.060    13     8     2     2     1     1    -0.00000000
   0.060    13     9     2     2     2    -1    -0.00000000
   0.060    13    10     2     2     2     1    -0.00000000
   0.060    13    11     3     3     0     1    -0.00000000
   0.060    13    12     3     3     1    -1    -0.00000000
   0.060    13    13     3     1     0     1     0.00000000
   0.060    13    14     3     1     1    -1     0.00000000
   0.060    13    15     3     3     1     1    -0.00000000
   0.060    13    16     3     3     2    -1     0.00000000
   0.060    13    17     3     1     1     1     0.00000000
   0.060    13    18     3     3     2     1    -0.94446542
   0.060    13    19     3     3     3    -1    -0.32830551
   0.060    13    20     3     3     3     1     0.00000000
   0.060    13    21     4     4     0     1    -0.00000000
   0.060    13    22     4     4     1    -1    -0.00000000
   0.060    13    23     4     2     0     1    -0.00000000
   0.060    13    24     4     2     1    -1    -0.00000000
   0.060    13    25     4     0     0     1    -0.00000000
   0.060    13    26     4     4     1     1    -0.00000000
   0.060    13    27     4     4     2    -1    -0.00000000
   0.060    13    28     4     2     1     1    -0.00000000
   0.060    13    29     4     2     2    -1     0.00000000
   0.060    13    30     4     4     2     1    -0.00000000
   0.060    13    31     4     4     3    -1    -0.00000000
   0.060    13    32     4     2     2     1     0.00000000
   0.060    13    33     4     4     3     1     0.00000000
   0.060    13    34     4     4     4    -1     0.00000000
   0.060    13    35     4     4     4     1     0.00000000
   0.060    13    36     5     5     0     1     0.00000000
   0.060    13    37     5     5     1    -1    -0.00000000
   0.060    13    38     5     3     0     1     0.00000000
   0.060    13    39     5     3     1    -1    -0.00000000
   0.060    13    40     5     1     0     1    -0.00000000
   0.060    13    41     5     1     1    -1    -0.00000000
   0.060    13    42     5     5     1     1    -0.00000000
   0.060    13    43     5     5     2    -1    -0.00000000
   0.060    13    44     5     3     1     1    -0.00000000
   0.060    13    45     5     3     2    -1     0.00000000
   0.060    13    46     5     1     1     1     0.00000000
   0.060    13    47     5     5     2     1    -0.01293167
   0.060    13    48     5     5     3    -1    -0.00413999
   0.060    13    49     5     3     2     1     0.00024678
   0.060    13    50     5     3     3    -1     0.00401478
   0.060    13    51     5     5     3     1     0.00000000
   0.060    13    52     5     5     4    -1    -0.00000000
   0.060    13    53     5     3     3     1     0.00000000
   0.060    13    54     5     5     4     1     0.00000000
   0.060    13    55     5     5     5    -1    -0.00000000
   0.060    13    56     5     5     5     1    -0.00000000
   0.060    13    57     6     6     0     1     0.00000000
   0.060    13    58     6     6     1    -1    -0.00000000
   0.060    13    59     6     4     0     1    -0.00000000
   0.060    13    60     6     4     1    -1    -0.00000000
   0.060    13    61     6     2     0     1    -0.00000000
   0.060    13    62     6     2     1    -1    -0.00000000
   0.060    13    63     6     0     0     1    -0.00000000
   0.060    13    64     6     6     1     1    -0.00000000
   0.060    13    65     6     6     2    -1    -0.00000000
   0.060    13    66     6     4     1     1    -0.00000000
   0.060    13    67     6     4     2    -1     0.00000000
   0.060    13    68     6     2     1     1    -0.00000000
   0.060    13    69     6     2     2    -1    -0.00000000
   0.060    13    70     6     6     2     1    -0.00000000
   0.060    13    71     6     6     3    -1    -0.00000000
   0.060    13    72     6     4     2     1     0.00000000
   0.060    13    73     6     4     3    -1     0.00000000
   0.060    13    74     6     2     2     1    -0.00000000
   0.060    13    75     6     6     3     1    -0.00000000
   0.060    13    76     6     6     4    -1    -0.00000000
   0.060    13    77     6     4     3     1    -0.00000000
   0.060    13    78     6     4     4    -1    -0.00000000
   0.060    13    79     6     6     4     1     0.00000000
   0.060    13    80     6     6     5    -1     0.00000000
   0.060    13    81     6     4     4     1    -0.00000000
   0.060    13    82     6     6     5     1     0.00000000
   0.060    13    83     6     6     6    -1    -0.00000000
   0.060    13    84     6     6     6     1     0.00000000
   0.060    13    85     7     7     0     1    -0.00000000
   0.060    13    86     7     7     1    -1     0.00000000
   0.060    13    87     7     5     0     1    -0.00000000
   0.060    13    88     7     5     1    -1     0.00000000
   0.060    13    89     7     3     0     1    -0.00000000
   0.060    13    90     7     3     1    -1    -0.00000000
   0.060    13    91     7     1     0     1    -0.00000000
   0.060    13    92     7     1     1    -1     0.00000000
   0.060    13    93     7     7     1     1    -0.00000000
   0.060    13    94     7     7     2    -1    -0.00000000
   0.060    13    95     7     5     1     1    -0.00000000
   0.060    13    96     7     5     2    -1     0.00000000
   0.060    13    97     7     3     1     1     0.00000000
   0.060    13    98     7     3     2    -1    -0.00000000
   0.060    13    99     7     1     1     1    -0.00000000
   0.060    13   100     7     7     2     1    -0.00011595
   0.060    13   101     7     7     3    -1    -0.00004060
   0.060    13   102     7     5     2     1    -0.00005237
   0.060    13   103     7     5     3    -1     0.00001979
   0.060    13   104     7     3     2     1    -0.00005653
   0.060    13   105     7     3     3    -1    -0.00005287
   0.060    13   106     7     7     3     1     0.00000000
   0.060    13   107     7     7     4    -1    -0.00000000
   0.060    13   108     7     5     3     1     0.00000000
   0.060    13   109     7     5     4    -1    -0.00000000
   0.060    13   110     7     3     3     1     0.00000000
   0.060    13   111     7     7     4     1     0.00000000
   0.060    13   112     7     7     5    -1     0.00000000
   0.060    13   113     7     5     4     1     0.00000000
   0.060    13   114     7     5     5    -1    -0.00000000
   0.060    13   115     7     7     5     1    -0.00000000
   0.060    13   116     7     7     6    -1    -0.00000000
   0.060    13   117     7     5     5     1    -0.00000000
   0.060    13   118     7     7     6     1    -0.00000000
   0.060    13   119     7     7     7    -1    -0.00000000
   0.060    13   120     7     7     7     1    -0.00000000
   0.060    14     1     0     0     0     1    -0.00000000
   0.060    14     2     1     1     0     1    -0.00000000
   0.060    14     3     1     1     1    -1     0.00000000
   0.060    14     4     1     1     1     1     0.00000000
   0.060    14     5     2     2     0     1    -0.00000000
   0.060    14     6     2     2     1    -1    -0.00000000
   0.060    14     7     2     0     0     1    -0.00000000
   0.060    14     8     2     2     1     1    -0.00000000
   0.060    14     9     2     2     2    -1    -0.00000000
   0.060    14    10     2     2     2     1     0.00000000
   0.060    14    11     3     3     0     1    -0.00000000
   0.060    14    12     3     3     1    -1    -0.00000000
   0.060    14    13     3     1     0     1    -0.00000000
   0.060    14    14     3     1     1    -1    -0.00000000
   0.060    14    15     3     3     1     1     0.00000000
   0.060    14    16     3     3     2    -1     0.00000000
   0.060    14    17     3     1     1     1    -0.00000000
   0.060    14    18     3     3     2     1    -0.00000000
   0.060    14    19     3     3     3    -1    -0.00000000
   0.060    14    20     3     3     3     1     0.99985368
   0.060    14    21     4     4     0     1    -0.00000000
   0.060    14    22     4     4     1    -1    -0.00000000
   0.060    14    23     4     2     0     1    -0.00000000
   0.060    14    24     4     2     1    -1    -0.00000000
   0.060    14    25     4     0     0     1    -0.00000000
   0.060    14    26     4     4     1     1    -0.00000000
   0.060    14    27     4     4     2    -1    -0.00000000
   0.060    14    28     4     2     1     1    -0.00000000
   0.060    14    29     4     2     2    -1     0.00000000
   0.060    14    30     4     4     2     1     0.00000000
   0.060    14    31     4     4     3    -1     0.00000000
   0.060    14    32     4     2     2     1    -0.00000000
   0.060    14    33     4     4     3     1     0.00000000
   0.060    14    34     4     4     4    -1     0.00000000
   0.060    14    35     4     4     4     1     0.00000000
   0.060    14    36     5     5     0     1     0.00000000
   0.060    14    37     5     5     1    -1    -0.00000000
   0.060    14    38     5     3     0     1     0.00000000
   0.060    14    39     5     3     1    -1    -0.00000000
   0.060    14    40     5     1     0     1     0.00000000
   0.060    14    41     5     1     1    -1     0.00000000
   0.060    14    42     5     5     1     1     0.00000000
   0.060    14    43     5     5     2    -1     0.00000000
   0.060    14    44     5     3     1     1    -0.00000000
   0.060    14    45     5     3     2    -1    -0.00000000
   0.060    14    46     5     1     1     1     0.00000000
   0.060    14    47     5     5     2     1    -0.00000000
   0.060    14    48     5     5     3    -1    -0.00000000
   0.060    14    49     5     3     2     1    -0.00000000
   0.060    14    50     5     3     3    -1     0.00000000
   0.060    14    51     5     5     3     1     0.00921932
   0.060    14    52     5     5     4    -1     0.00104762
   0.060    14    53     5     3     3     1    -0.01436918
   0.060    14    54     5     5     4     1     0.00000000
   0.060    14    55     5     5     5    -1    -0.00000000
   0.060    14    56     5     5     5     1     0.00000000
   0.060    14    57     6     6     0     1    -0.00000000
   0.060    14    58     6     6     1    -1    -0.00000000
   0.060    14    59     6     4     0     1    -0.00000000
   0.060    14    60     6     4     1    -1     0.00000000
   0.060    14    61     6     2     0     1    -0.00000000
   0.060    14    62     6     2     1    -1    -0.00000000
   0.060    14    63     6     0     0     1    -0.00000000
   0.060    14    64     6     6     1     1    -0.00000000
   0.060    14    65     6     6     2    -1    -0.00000000
   0.060    14    66     6     4     1     1    -0.00000000
   0.060    14    67     6     4     2    -1    -0.00000000
   0.060    14    68     6     2     1     1    -0.00000000
   0.060    14    69     6     2     2    -1    -0.00000000
   0.060    14    70     6     6     2     1     0.00000000
   0.060    14    71     6     6     3    -1     0.00000000
   0.060    14    72     6     4     2     1    -0.00000000
   0.060    14    73     6     4     3    -1    -0.00000000
   0.060    14    74     6     2     2     1     0.00000000
   0.060    14    75     6     6     3     1    -0.00000000
   0.060    14    76     6     6     4    -1    -0.00000000
   0.060    14    77     6     4     3     1    -0.00000000
   0.060    14    78     6     4     4    -1    -0.00000000
   0.060    14    79     6     6     4     1     0.00000000
   0.060    14    80     6     6     5    -1     0.00000000
   0.060    14    81     6     4     4     1    -0.00000000
   0.060    14    82     6     6     5     1     0.00000000
   0.060    14    83     6     6     6    -1    -0.00000000
   0.060    14    84     6     6     6     1    -0.00000000
   0.060    14    85     7     7     0     1     0.00000000
   0.060    14    86     7     7     1    -1    -0.00000000
   0.060    14    87     7     5     0     1    -0.00000000
   0.060    14    88     7     5     1    -1    -0.00000000
   0.060    14    89     7     3     0     1     0.00000000
   0.060    14    90     7     3     1    -1     0.00000000
   0.060    14    91     7     1     0     1     0.00000000
   0.060    14    92     7     1     1    -1    -0.00000000
   0.060    14    93     7     7     1     1     0.00000000
   0.060    14    94     7     7     2    -1     0.00000000
   0.060    14    95     7     5     1     1     0.00000000
   0.060    14    96     7     5     2    -1     0.00000000
   0.060    14    97     7     3     1     1     0.00000000
   0.060    14    98     7     3     2    -1     0.00000000
   0.060    14    99     7     1     1     1    -0.00000000
   0.060    14   100     7     7     2     1    -0.00000000
   0.060    14   101     7     7     3    -1     0.00000000
   0.060    14   102     7     5     2     1    -0.00000000
   0.060    14   103     7     5     3    -1    -0.00000000
   0.060    14   104     7     3     2     1    -0.00000000
   0.060    14   105     7     3     3    -1    -0.00000000
   0.060    14   106     7     7     3     1     0.00007193
   0.060    14   107     7     7     4    -1     0.00001263
   0.060    14   108     7     5     3     1    -0.00009551
   0.060    14   109     7     5     4    -1    -0.00000928
   0.060    14   110     7     3     3     1     0.00018382
   0.060    14   111     7     7     4     1    -0.00000000
   0.060    14   112     7     7     5    -1     0.00000000
   0.060    14   113     7     5     4     1     0.00000000
   0.060    14   114     7     5     5    -1     0.00000000
   0.060    14   115     7     7     5     1     0.00000000
   0.060    14   116     7     7     6    -1     0.00000000
   0.060    14   117     7     5     5     1     0.00000000
   0.060    14   118     7     7     6     1     0.00000000
   0.060    14   119     7     7     7    -1     0.00000000
   0.060    14   120     7     7     7     1     0.00000000
   0.060    15     1     0     0     0     1    -0.00000000
   0.060    15     2     1     1     0     1     0.01251597
   0.060    15     3     1     1     1    -1    -0.00304031
   0.060    15     4     1     1     1     1     0.00000000
   0.060    15     5     2     2     0     1     0.00000000
   0.060    15     6     2     2     1    -1     0.00000000
   0.060    15     7     2     0     0     1     0.00000000
   0.060    15     8     2     2     1     1    -0.00000000
   0.060    15     9     2     2     2    -1     0.00000000
   0.060    15    10     2     2     2     1    -0.00000000
   0.060    15    11     3     3     0     1    -0.00074308
   0.060    15    12     3     3     1    -1     0.00444971
   0.060    15    13     3     1     0     1    -0.93395336
   0.060    15    14     3     1     1    -1    -0.35579051
   0.060    15    15     3     3     1     1     0.00000000
   0.060    15    16     3     3     2    -1    -0.00000000
   0.060    15    17     3     1     1     1    -0.00000000
   0.060    15    18     3     3     2     1    -0.00000000
   0.060    15    19     3     3     3    -1     0.00000000
   0.060    15    20     3     3     3     1    -0.00000000
   0.060    15    21     4     4     0     1     0.00000000
   0.060    15    22     4     4     1    -1     0.00000000
   0.060    15    23     4     2     0     1     0.00000000
   0.060    15    24     4     2     1    -1     0.00000000
   0.060    15    25     4     0     0     1     0.00000000
   0.060    15    26     4     4     1     1     0.00000000
   0.060    15    27     4     4     2    -1     0.00000000
   0.060    15    28     4     2     1     1     0.00000000
   0.060    15    29     4     2     2    -1    -0.00000000
   0.060    15    30     4     4     2     1    -0.00000000
   0.060    15    31     4     4     3    -1    -0.00000000
   0.060    15    32     4     2     2     1     0.00000000
   0.060    15    33     4     4     3     1     0.00000000
   0.060    15    34     4     4     4    -1    -0.00000000
   0.060    15    35     4     4     4     1    -0.00000000
   0.060    15    36     5     5     0     1    -0.00001383
   0.060    15    37     5     5     1    -1     0.00006790
   0.060    15    38     5     3     0     1    -0.02205134
   0.060    15    39     5     3     1    -1    -0.00837065
   0.060    15    40     5     1     0     1    -0.01982398
   0.060    15    41     5     1     1    -1     0.00283038
   0.060    15    42     5     5     1     1     0.00000000
   0.060    15    43     5     5     2    -1     0.00000000
   0.060    15    44     5     3     1     1     0.00000000
   0.060    15    45     5     3     2    -1     0.00000000
   0.060    15    46     5     1     1     1    -0.00000000
   0.060    15    47     5     5     2     1    -0.00000000
   0.060    15    48     5     5     3    -1    -0.00000000
   0.060    15    49     5     3     2     1    -0.00000000
   0.060    15    50     5     3     3    -1    -0.00000000
   0.060    15    51     5     5     3     1     0.00000000
   0.060    15    52     5     5     4    -1     0.00000000
   0.060    15    53     5     3     3     1     0.00000000
   0.060    15    54     5     5     4     1     0.00000000
   0.060    15    55     5     5     5    -1    -0.00000000
   0.060    15    56     5     5     5     1     0.00000000
   0.060    15    57     6     6     0     1     0.00000000
   0.060    15    58     6     6     1    -1     0.00000000
   0.060    15    59     6     4     0     1     0.00000000
   0.060    15    60     6     4     1    -1    -0.00000000
   0.060    15    61     6     2     0     1     0.00000000
   0.060    15    62     6     2     1    -1     0.00000000
   0.060    15    63     6     0     0     1     0.00000000
   0.060    15    64     6     6     1     1     0.00000000
   0.060    15    65     6     6     2    -1    -0.00000000
   0.060    15    66     6     4     1     1     0.00000000
   0.060    15    67     6     4     2    -1    -0.00000000
   0.060    15    68     6     2     1     1    -0.00000000
   0.060    15    69     6     2     2    -1     0.00000000
   0.060    15    70     6     6     2     1    -0.00000000
   0.060    15    71     6     6     3    -1     0.00000000
   0.060    15    72     6     4     2     1    -0.00000000
   0.060    15    73     6     4     3    -1     0.00000000
   0.060    15    74     6     2     2     1    -0.00000000
   0.060    15    75     6     6     3     1     0.00000000
   0.060    15    76     6     6     4    -1     0.00000000
   0.060    15    77     6     4     3     1    -0.00000000
   0.060    15    78     6     4     4    -1     0.00000000
   0.060    15    79     6     6     4     1     0.00000000
   0.060    15    80     6     6     5    -1    -0.00000000
   0.060    15    81     6     4     4     1     0.00000000
   0.060    15    82     6     6     5     1    -0.00000000
   0.060    15    83     6     6     6    -1     0.00000000
   0.060    15    84     6     6     6     1    -0.00000000
   0.060    15    85     7     7     0     1    -0.00000006
   0.060    15    86     7     7     1    -1     0.00000064
   0.060    15    87     7     5     0     1    -0.00031365
   0.060    15    88     7     5     1    -1    -0.00013135
   0.060    15    89     7     3     0     1    -0.00051027
   0.060    15    90     7     3     1    -1    -0.00004495
   0.060    15    91     7     1     0     1    -0.00050987
   0.060    15    92     7     1     1    -1    -0.00009066
   0.060    15    93     7     7     1     1    -0.00000000
   0.060    15    94     7     7     2    -1     0.00000000
   0.060    15    95     7     5     1     1     0.00000000
   0.060    15    96     7     5     2    -1    -0.00000000
   0.060    15    97     7     3     1     1    -0.00000000
   0.060    15    98     7     3     2    -1     0.00000000
   0.060    15    99     7     1     1     1     0.00000000
   0.060    15   100     7     7     2     1    -0.00000000
   0.060    15   101     7     7     3    -1     0.00000000
   0.060    15   102     7     5     2     1     0.00000000
   0.060    15   103     7     5     3    -1    -0.00000000
   0.060    15   104     7     3     2     1    -0.00000000
   0.060    15   105     7     3     3    -1    -0.00000000
   0.060    15   106     7     7     3     1     0.00000000
   0.060    15   107     7     7     4    -1    -0.00000000
   0.060    15   108     7     5     3     1     0.00000000
   0.060    15   109     7     5     4    -1    -0.00000000
   0.060    15   110     7     3     3     1     0.00000000
   0.060    15   111     7     7     4     1    -0.00000000
   0.060    15   112     7     7     5    -1    -0.00000000
   0.060    15   113     7     5     4     1    -0.00000000
   0.060    15   114     7     5     5    -1    -0.00000000
   0.060    15   115     7     7     5     1     0.00000000
   0.060    15   116     7     7     6    -1     0.00000000
   0.060    15   117     7     5     5     1     0.00000000
   0.060    15   118     7     7     6     1     0.00000000
   0.060    15   119     7     7     7    -1     0.00000000
   0.060    15   120     7     7     7     1     0.00000000
   0.060    16     1     0     0     0     1    -0.00000000
   0.060    16     2     1     1     0     1     0.00691404
   0.060    16     3     1     1     1    -1    -0.00715603
   0.060    16     4     1     1     1     1     0.00000000
   0.060    16     5     2     2     0     1    -0.00000000
   0.060    16     6     2     2     1    -1    -0.00000000
   0.060    16     7     2     0     0     1    -0.00000000
   0.060    16     8     2     2     1     1    -0.00000000
   0.060    16     9     2     2     2    -1     0.00000000
   0.060    16    10     2     2     2     1     0.00000000
   0.060    16    11     3     3     0     1    -0.64141705
   0.060    16    12     3     3     1    -1     0.76683480
   0.060    16    13     3     1     0     1     0.00310159
   0.060    16    14     3     1     1    -1     0.00387059
   0.060    16    15     3     3     1     1     0.00000000
   0.060    16    16     3     3     2    -1     0.00000000
   0.060    16    17     3     1     1     1     0.00000000
   0.060    16    18     3     3     2     1     0.00000000
   0.060    16    19     3     3     3    -1    -0.00000000
   0.060    16    20     3     3     3     1    -0.00000000
   0.060    16    21     4     4     0     1     0.00000000
   0.060    16    22     4     4     1    -1    -0.00000000
   0.060    16    23     4     2     0     1    -0.00000000
   0.060    16    24     4     2     1    -1    -0.00000000
   0.060    16    25     4     0     0     1     0.00000000
   0.060    16    26     4     4     1     1    -0.00000000
   0.060    16    27     4     4     2    -1    -0.00000000
   0.060    16    28     4     2     1     1    -0.00000000
   0.060    16    29     4     2     2    -1    -0.00000000
   0.060    16    30     4     4     2     1     0.00000000
   0.060    16    31     4     4     3    -1     0.00000000
   0.060    16    32     4     2     2     1    -0.00000000
   0.060    16    33     4     4     3     1    -0.00000000
   0.060    16    34     4     4     4    -1     0.00000000
   0.060    16    35     4     4     4     1     0.00000000
   0.060    16    36     5     5     0     1    -0.00994875
   0.060    16    37     5     5     1    -1     0.01141323
   0.060    16    38     5     3     0     1    -0.00773775
   0.060    16    39     5     3     1    -1     0.00663235
   0.060    16    40     5     1     0     1    -0.00719373
   0.060    16    41     5     1     1    -1     0.00631667
   0.060    16    42     5     5     1     1    -0.00000000
   0.060    16    43     5     5     2    -1    -0.00000000
   0.060    16    44     5     3     1     1     0.00000000
   0.060    16    45     5     3     2    -1     0.00000000
   0.060    16    46     5     1     1     1     0.00000000
   0.060    16    47     5     5     2     1    -0.00000000
   0.060    16    48     5     5     3    -1     0.00000000
   0.060    16    49     5     3     2     1    -0.00000000
   0.060    16    50     5     3     3    -1     0.00000000
   0.060    16    51     5     5     3     1     0.00000000
   0.060    16    52     5     5     4    -1     0.00000000
   0.060    16    53     5     3     3     1     0.00000000
   0.060    16    54     5     5     4     1    -0.00000000
   0.060    16    55     5     5     5    -1     0.00000000
   0.060    16    56     5     5     5     1     0.00000000
   0.060    16    57     6     6     0     1     0.00000000
   0.060    16    58     6     6     1    -1    -0.00000000
   0.060    16    59     6     4     0     1     0.00000000
   0.060    16    60     6     4     1    -1    -0.00000000
   0.060    16    61     6     2     0     1     0.00000000
   0.060    16    62     6     2     1    -1    -0.00000000
   0.060    16    63     6     0     0     1    -0.00000000
   0.060    16    64     6     6     1     1     0.00000000
   0.060    16    65     6     6     2    -1    -0.00000000
   0.060    16    66     6     4     1     1    -0.00000000
   0.060    16    67     6     4     2    -1    -0.00000000
   0.060    16    68     6     2     1     1     0.00000000
   0.060    16    69     6     2     2    -1    -0.00000000
   0.060    16    70     6     6     2     1     0.00000000
   0.060    16    71     6     6     3    -1     0.00000000
   0.060    16    72     6     4     2     1    -0.00000000
   0.060    16    73     6     4     3    -1    -0.00000000
   0.060    16    74     6     2     2     1    -0.00000000
   0.060    16    75     6     6     3     1     0.00000000
   0.060    16    76     6     6     4    -1    -0.00000000
   0.060    16    77     6     4     3     1     0.00000000
   0.060    16    78     6     4     4    -1    -0.00000000
   0.060    16    79     6     6     4     1     0.00000000
   0.060    16    80     6     6     5    -1     0.00000000
   0.060    16    81     6     4     4     1    -0.00000000
   0.060    16    82     6     6     5     1     0.00000000
   0.060    16    83     6     6     6    -1    -0.00000000
   0.060    16    84     6     6     6     1    -0.00000000
   0.060    16    85     7     7     0     1    -0.00008884
   0.060    16    86     7     7     1    -1     0.00010066
   0.060    16    87     7     5     0     1    -0.00017393
   0.060    16    88     7     5     1    -1     0.00015161
   0.060    16    89     7     3     0     1    -0.00023525
   0.060    16    90     7     3     1    -1     0.00017603
   0.060    16    91     7     1     0     1    -0.00018576
   0.060    16    92     7     1     1    -1     0.00000232
   0.060    16    93     7     7     1     1     0.00000000
   0.060    16    94     7     7     2    -1     0.00000000
   0.060    16    95     7     5     1     1    -0.00000000
   0.060    16    96     7     5     2    -1     0.00000000
   0.060    16    97     7     3     1     1    -0.00000000
   0.060    16    98     7     3     2    -1    -0.00000000
   0.060    16    99     7     1     1     1    -0.00000000
   0.060    16   100     7     7     2     1    -0.00000000
   0.060    16   101     7     7     3    -1     0.00000000
   0.060    16   102     7     5     2     1     0.00000000
   0.060    16   103     7     5     3    -1     0.00000000
   0.060    16   104     7     3     2     1    -0.00000000
   0.060    16   105     7     3     3    -1    -0.00000000
   0.060    16   106     7     7     3     1     0.00000000
   0.060    16   107     7     7     4    -1     0.00000000
   0.060    16   108     7     5     3     1    -0.00000000
   0.060    16   109     7     5     4    -1    -0.00000000
   0.060    16   110     7     3     3     1     0.00000000
   0.060    16   111     7     7     4     1    -0.00000000
   0.060    16   112     7     7     5    -1    -0.00000000
   0.060    16   113     7     5     4     1    -0.00000000
   0.060    16   114     7     5     5    -1    -0.00000000
   0.060    16   115     7     7     5     1     0.00000000
   0.060    16   116     7     7     6    -1     0.00000000
   0.060    16   117     7     5     5     1     0.00000000
   0.060    16   118     7     7     6     1     0.00000000
   0.060    16   119     7     7     7    -1     0.00000000
   0.060    16   120     7     7     7     1     0.00000000
   0.060    17     1     0     0     0     1     0.00000000
   0.060    17     2     1     1     0     1    -0.00000000
   0.060    17     3     1     1     1    -1     0.00000000
   0.060    17     4     1     1     1     1     0.00636751
   0.060    17     5     2     2     0     1     0.00000000
   0.060    17     6     2     2     1    -1    -0.00000000
   0.060    17     7     2     0     0     1     0.00000000
   0.060    17     8     2     2     1     1    -0.00000000
   0.060    17     9     2     2     2    -1    -0.00000000
   0.060    17    10     2     2     2     1    -0.00000000
   0.060    17    11     3     3     0     1    -0.00000000
   0.060    17    12     3     3     1    -1    -0.00000000
   0.060    17    13     3     1     0     1    -0.00000000
   0.060    17    14     3     1     1    -1    -0.00000000
   0.060    17    15     3     3     1     1     0.00153830
   0.060    17    16     3     3     2    -1    -0.00402395
   0.060    17    17     3     1     1     1     0.99971302
   0.060    17    18     3     3     2     1    -0.00000000
   0.060    17    19     3     3     3    -1     0.00000000
   0.060    17    20     3     3     3     1     0.00000000
   0.060    17    21     4     4     0     1     0.00000000
   0.060    17    22     4     4     1    -1    -0.00000000
   0.060    17    23     4     2     0     1     0.00000000
   0.060    17    24     4     2     1    -1    -0.00000000
   0.060    17    25     4     0     0     1     0.00000000
   0.060    17    26     4     4     1     1    -0.00000000
   0.060    17    27     4     4     2    -1    -0.00000000
   0.060    17    28     4     2     1     1    -0.00000000
   0.060    17    29     4     2     2    -1     0.00000000
   0.060    17    30     4     4     2     1    -0.00000000
   0.060    17    31     4     4     3    -1    -0.00000000
   0.060    17    32     4     2     2     1     0.00000000
   0.060    17    33     4     4     3     1     0.00000000
   0.060    17    34     4     4     4    -1     0.00000000
   0.060    17    35     4     4     4     1     0.00000000
   0.060    17    36     5     5     0     1    -0.00000000
   0.060    17    37     5     5     1    -1    -0.00000000
   0.060    17    38     5     3     0     1    -0.00000000
   0.060    17    39     5     3     1    -1    -0.00000000
   0.060    17    40     5     1     0     1    -0.00000000
   0.060    17    41     5     1     1    -1    -0.00000000
   0.060    17    42     5     5     1     1     0.00002356
   0.060    17    43     5     5     2    -1    -0.00005127
   0.060    17    44     5     3     1     1     0.02002562
   0.060    17    45     5     3     2    -1     0.00168369
   0.060    17    46     5     1     1     1    -0.01052473
   0.060    17    47     5     5     2     1     0.00000000
   0.060    17    48     5     5     3    -1     0.00000000
   0.060    17    49     5     3     2     1    -0.00000000
   0.060    17    50     5     3     3    -1    -0.00000000
   0.060    17    51     5     5     3     1    -0.00000000
   0.060    17    52     5     5     4    -1    -0.00000000
   0.060    17    53     5     3     3     1     0.00000000
   0.060    17    54     5     5     4     1     0.00000000
   0.060    17    55     5     5     5    -1    -0.00000000
   0.060    17    56     5     5     5     1     0.00000000
   0.060    17    57     6     6     0     1     0.00000000
   0.060    17    58     6     6     1    -1    -0.00000000
   0.060    17    59     6     4     0     1     0.00000000
   0.060    17    60     6     4     1    -1    -0.00000000
   0.060    17    61     6     2     0     1     0.00000000
   0.060    17    62     6     2     1    -1    -0.00000000
   0.060    17    63     6     0     0     1     0.00000000
   0.060    17    64     6     6     1     1    -0.00000000
   0.060    17    65     6     6     2    -1    -0.00000000
   0.060    17    66     6     4     1     1    -0.00000000
   0.060    17    67     6     4     2    -1    -0.00000000
   0.060    17    68     6     2     1     1    -0.00000000
   0.060    17    69     6     2     2    -1    -0.00000000
   0.060    17    70     6     6     2     1    -0.00000000
   0.060    17    71     6     6     3    -1    -0.00000000
   0.060    17    72     6     4     2     1     0.00000000
   0.060    17    73     6     4     3    -1     0.00000000
   0.060    17    74     6     2     2     1     0.00000000
   0.060    17    75     6     6     3     1    -0.00000000
   0.060    17    76     6     6     4    -1    -0.00000000
   0.060    17    77     6     4     3     1    -0.00000000
   0.060    17    78     6     4     4    -1    -0.00000000
   0.060    17    79     6     6     4     1     0.00000000
   0.060    17    80     6     6     5    -1     0.00000000
   0.060    17    81     6     4     4     1    -0.00000000
   0.060    17    82     6     6     5     1     0.00000000
   0.060    17    83     6     6     6    -1     0.00000000
   0.060    17    84     6     6     6     1     0.00000000
   0.060    17    85     7     7     0     1    -0.00000000
   0.060    17    86     7     7     1    -1    -0.00000000
   0.060    17    87     7     5     0     1    -0.00000000
   0.060    17    88     7     5     1    -1    -0.00000000
   0.060    17    89     7     3     0     1    -0.00000000
   0.060    17    90     7     3     1    -1    -0.00000000
   0.060    17    91     7     1     0     1     0.00000000
   0.060    17    92     7     1     1    -1     0.00000000
   0.060    17    93     7     7     1     1     0.00000018
   0.060    17    94     7     7     2    -1    -0.00000043
   0.060    17    95     7     5     1     1     0.00027436
   0.060    17    96     7     5     2    -1     0.00003862
   0.060    17    97     7     3     1     1     0.00000844
   0.060    17    98     7     3     2    -1     0.00000012
   0.060    17    99     7     1     1     1     0.00023285
   0.060    17   100     7     7     2     1    -0.00000000
   0.060    17   101     7     7     3    -1    -0.00000000
   0.060    17   102     7     5     2     1     0.00000000
   0.060    17   103     7     5     3    -1     0.00000000
   0.060    17   104     7     3     2     1    -0.00000000
   0.060    17   105     7     3     3    -1     0.00000000
   0.060    17   106     7     7     3     1    -0.00000000
   0.060    17   107     7     7     4    -1     0.00000000
   0.060    17   108     7     5     3     1    -0.00000000
   0.060    17   109     7     5     4    -1    -0.00000000
   0.060    17   110     7     3     3     1    -0.00000000
   0.060    17   111     7     7     4     1     0.00000000
   0.060    17   112     7     7     5    -1    -0.00000000
   0.060    17   113     7     5     4     1    -0.00000000
   0.060    17   114     7     5     5    -1    -0.00000000
   0.060    17   115     7     7     5     1     0.00000000
   0.060    17   116     7     7     6    -1     0.00000000
   0.060    17   117     7     5     5     1     0.00000000
   0.060    17   118     7     7     6     1     0.00000000
   0.060    17   119     7     7     7    -1     0.00000000
   0.060    17   120     7     7     7     1     0.00000000
   0.060    18     1     0     0     0     1    -0.00000000
   0.060    18     2     1     1     0     1    -0.00000000
   0.060    18     3     1     1     1    -1    -0.00000000
   0.060    18     4     1     1     1     1     0.00421215
   0.060    18     5     2     2     0     1     0.00000000
   0.060    18     6     2     2     1    -1    -0.00000000
   0.060    18     7     2     0     0     1     0.00000000
   0.060    18     8     2     2     1     1    -0.00000000
   0.060    18     9     2     2     2    -1    -0.00000000
   0.060    18    10     2     2     2     1    -0.00000000
   0.060    18    11     3     3     0     1     0.00000000
   0.060    18    12     3     3     1    -1     0.00000000
   0.060    18    13     3     1     0     1    -0.00000000
   0.060    18    14     3     1     1    -1     0.00000000
   0.060    18    15     3     3     1     1    -0.49613146
   0.060    18    16     3     3     2    -1     0.86809981
   0.060    18    17     3     1     1     1     0.00428532
   0.060    18    18     3     3     2     1    -0.00000000
   0.060    18    19     3     3     3    -1    -0.00000000
   0.060    18    20     3     3     3     1     0.00000000
   0.060    18    21     4     4     0     1    -0.00000000
   0.060    18    22     4     4     1    -1    -0.00000000
   0.060    18    23     4     2     0     1    -0.00000000
   0.060    18    24     4     2     1    -1    -0.00000000
   0.060    18    25     4     0     0     1    -0.00000000
   0.060    18    26     4     4     1     1    -0.00000000
   0.060    18    27     4     4     2    -1    -0.00000000
   0.060    18    28     4     2     1     1    -0.00000000
   0.060    18    29     4     2     2    -1     0.00000000
   0.060    18    30     4     4     2     1     0.00000000
   0.060    18    31     4     4     3    -1    -0.00000000
   0.060    18    32     4     2     2     1     0.00000000
   0.060    18    33     4     4     3     1     0.00000000
   0.060    18    34     4     4     4    -1     0.00000000
   0.060    18    35     4     4     4     1     0.00000000
   0.060    18    36     5     5     0     1     0.00000000
   0.060    18    37     5     5     1    -1     0.00000000
   0.060    18    38     5     3     0     1     0.00000000
   0.060    18    39     5     3     1    -1     0.00000000
   0.060    18    40     5     1     0     1     0.00000000
   0.060    18    41     5     1     1    -1     0.00000000
   0.060    18    42     5     5     1     1    -0.00724704
   0.060    18    43     5     5     2    -1     0.01098323
   0.060    18    44     5     3     1     1    -0.00506454
   0.060    18    45     5     3     2    -1    -0.00043176
   0.060    18    46     5     1     1     1    -0.00459830
   0.060    18    47     5     5     2     1     0.00000000
   0.060    18    48     5     5     3    -1    -0.00000000
   0.060    18    49     5     3     2     1    -0.00000000
   0.060    18    50     5     3     3    -1    -0.00000000
   0.060    18    51     5     5     3     1    -0.00000000
   0.060    18    52     5     5     4    -1     0.00000000
   0.060    18    53     5     3     3     1     0.00000000
   0.060    18    54     5     5     4     1     0.00000000
   0.060    18    55     5     5     5    -1     0.00000000
   0.060    18    56     5     5     5     1     0.00000000
   0.060    18    57     6     6     0     1    -0.00000000
   0.060    18    58     6     6     1    -1    -0.00000000
   0.060    18    59     6     4     0     1     0.00000000
   0.060    18    60     6     4     1    -1    -0.00000000
   0.060    18    61     6     2     0     1     0.00000000
   0.060    18    62     6     2     1    -1    -0.00000000
   0.060    18    63     6     0     0     1     0.00000000
   0.060    18    64     6     6     1     1    -0.00000000
   0.060    18    65     6     6     2    -1    -0.00000000
   0.060    18    66     6     4     1     1    -0.00000000
   0.060    18    67     6     4     2    -1     0.00000000
   0.060    18    68     6     2     1     1    -0.00000000
   0.060    18    69     6     2     2    -1    -0.00000000
   0.060    18    70     6     6     2     1    -0.00000000
   0.060    18    71     6     6     3    -1    -0.00000000
   0.060    18    72     6     4     2     1     0.00000000
   0.060    18    73     6     4     3    -1    -0.00000000
   0.060    18    74     6     2     2     1     0.00000000
   0.060    18    75     6     6     3     1    -0.00000000
   0.060    18    76     6     6     4    -1    -0.00000000
   0.060    18    77     6     4     3     1    -0.00000000
   0.060    18    78     6     4     4    -1    -0.00000000
   0.060    18    79     6     6     4     1     0.00000000
   0.060    18    80     6     6     5    -1     0.00000000
   0.060    18    81     6     4     4     1    -0.00000000
   0.060    18    82     6     6     5     1    -0.00000000
   0.060    18    83     6     6     6    -1    -0.00000000
   0.060    18    84     6     6     6     1    -0.00000000
   0.060    18    85     7     7     0     1    -0.00000000
   0.060    18    86     7     7     1    -1    -0.00000000
   0.060    18    87     7     5     0     1    -0.00000000
   0.060    18    88     7     5     1    -1     0.00000000
   0.060    18    89     7     3     0     1    -0.00000000
   0.060    18    90     7     3     1    -1     0.00000000
   0.060    18    91     7     1     0     1     0.00000000
   0.060    18    92     7     1     1    -1     0.00000000
   0.060    18    93     7     7     1     1    -0.00006251
   0.060    18    94     7     7     2    -1     0.00009097
   0.060    18    95     7     5     1     1    -0.00011807
   0.060    18    96     7     5     2    -1     0.00003596
   0.060    18    97     7     3     1     1    -0.00013481
   0.060    18    98     7     3     2    -1     0.00004275
   0.060    18    99     7     1     1     1    -0.00000599
   0.060    18   100     7     7     2     1    -0.00000000
   0.060    18   101     7     7     3    -1     0.00000000
   0.060    18   102     7     5     2     1     0.00000000
   0.060    18   103     7     5     3    -1    -0.00000000
   0.060    18   104     7     3     2     1     0.00000000
   0.060    18   105     7     3     3    -1    -0.00000000
   0.060    18   106     7     7     3     1     0.00000000
   0.060    18   107     7     7     4    -1     0.00000000
   0.060    18   108     7     5     3     1     0.00000000
   0.060    18   109     7     5     4    -1     0.00000000
   0.060    18   110     7     3     3     1     0.00000000
   0.060    18   111     7     7     4     1     0.00000000
   0.060    18   112     7     7     5    -1    -0.00000000
   0.060    18   113     7     5     4     1     0.00000000
   0.060    18   114     7     5     5    -1     0.00000000
   0.060    18   115     7     7     5     1     0.00000000
   0.060    18   116     7     7     6    -1     0.00000000
   0.060    18   117     7     5     5     1     0.00000000
   0.060    18   118     7     7     6     1     0.00000000
   0.060    18   119     7     7     7    -1     0.00000000
   0.060    18   120     7     7     7     1     0.00000000
   0.060    19     1     0     0     0     1     0.00000000
   0.060    19     2     1     1     0     1     0.00000000
   0.060    19     3     1     1     1    -1     0.00000000
   0.060    19     4     1     1     1     1    -0.00000000
   0.060    19     5     2     2     0     1    -0.00000000
   0.060    19     6     2     2     1    -1    -0.00000000
   0.060    19     7     2     0     0     1    -0.00000000
   0.060    19     8     2     2     1     1     0.00000000
   0.060    19     9     2     2     2    -1     0.00000000
   0.060    19    10     2     2     2     1     0.00000000
   0.060    19    11     3     3     0     1     0.00000000
   0.060    19    12     3     3     1    -1     0.00000000
   0.060    19    13     3     1     0     1     0.00000000
   0.060    19    14     3     1     1    -1    -0.00000000
   0.060    19    15     3     3     1     1     0.00000000
   0.060    19    16     3     3     2    -1     0.00000000
   0.060    19    17     3     1     1     1     0.00000000
   0.060    19    18     3     3     2     1     0.32832895
   0.060    19    19     3     3     3    -1    -0.94441643
   0.060    19    20     3     3     3     1    -0.00000000
   0.060    19    21     4     4     0     1    -0.00000000
   0.060    19    22     4     4     1    -1    -0.00000000
   0.060    19    23     4     2     0     1    -0.00000000
   0.060    19    24     4     2     1    -1    -0.00000000
   0.060    19    25     4     0     0     1    -0.00000000
   0.060    19    26     4     4     1     1     0.00000000
   0.060    19    27     4     4     2    -1     0.00000000
   0.060    19    28     4     2     1     1     0.00000000
   0.060    19    29     4     2     2    -1    -0.00000000
   0.060    19    30     4     4     2     1     0.00000000
   0.060    19    31     4     4     3    -1     0.00000000
   0.060    19    32     4     2     2     1    -0.00000000
   0.060    19    33     4     4     3     1     0.00000000
   0.060    19    34     4     4     4    -1     0.00000000
   0.060    19    35     4     4     4     1    -0.00000000
   0.060    19    36     5     5     0     1     0.00000000
   0.060    19    37     5     5     1    -1     0.00000000
   0.060    19    38     5     3     0     1     0.00000000
   0.060    19    39     5     3     1    -1    -0.00000000
   0.060    19    40     5     1     0     1     0.00000000
   0.060    19    41     5     1     1    -1     0.00000000
   0.060    19    42     5     5     1     1    -0.00000000
   0.060    19    43     5     5     2    -1    -0.00000000
   0.060    19    44     5     3     1     1     0.00000000
   0.060    19    45     5     3     2    -1     0.00000000
   0.060    19    46     5     1     1     1    -0.00000000
   0.060    19    47     5     5     2     1     0.00399756
   0.060    19    48     5     5     3    -1    -0.00813493
   0.060    19    49     5     3     2     1     0.00107505
   0.060    19    50     5     3     3    -1     0.01394099
   0.060    19    51     5     5     3     1     0.00000000
   0.060    19    52     5     5     4    -1     0.00000000
   0.060    19    53     5     3     3     1    -0.00000000
   0.060    19    54     5     5     4     1    -0.00000000
   0.060    19    55     5     5     5    -1     0.00000000
   0.060    19    56     5     5     5     1     0.00000000
   0.060    19    57     6     6     0     1    -0.00000000
   0.060    19    58     6     6     1    -1    -0.00000000
   0.060    19    59     6     4     0     1    -0.00000000
   0.060    19    60     6     4     1    -1    -0.00000000
   0.060    19    61     6     2     0     1    -0.00000000
   0.060    19    62     6     2     1    -1    -0.00000000
   0.060    19    63     6     0     0     1    -0.00000000
   0.060    19    64     6     6     1     1     0.00000000
   0.060    19    65     6     6     2    -1     0.00000000
   0.060    19    66     6     4     1     1     0.00000000
   0.060    19    67     6     4     2    -1    -0.00000000
   0.060    19    68     6     2     1     1     0.00000000
   0.060    19    69     6     2     2    -1     0.00000000
   0.060    19    70     6     6     2     1     0.00000000
   0.060    19    71     6     6     3    -1     0.00000000
   0.060    19    72     6     4     2     1    -0.00000000
   0.060    19    73     6     4     3    -1    -0.00000000
   0.060    19    74     6     2     2     1     0.00000000
   0.060    19    75     6     6     3     1    -0.00000000
   0.060    19    76     6     6     4    -1    -0.00000000
   0.060    19    77     6     4     3     1    -0.00000000
   0.060    19    78     6     4     4    -1    -0.00000000
   0.060    19    79     6     6     4     1    -0.00000000
   0.060    19    80     6     6     5    -1    -0.00000000
   0.060    19    81     6     4     4     1     0.00000000
   0.060    19    82     6     6     5     1    -0.00000000
   0.060    19    83     6     6     6    -1    -0.00000000
   0.060    19    84     6     6     6     1    -0.00000000
   0.060    19    85     7     7     0     1     0.00000000
   0.060    19    86     7     7     1    -1     0.00000000
   0.060    19    87     7     5     0     1    -0.00000000
   0.060    19    88     7     5     1    -1     0.00000000
   0.060    19    89     7     3     0     1    -0.00000000
   0.060    19    90     7     3     1    -1    -0.00000000
   0.060    19    91     7     1     0     1    -0.00000000
   0.060    19    92     7     1     1    -1     0.00000000
   0.060    19    93     7     7     1     1    -0.00000000
   0.060    19    94     7     7     2    -1    -0.00000000
   0.060    19    95     7     5     1     1    -0.00000000
   0.060    19    96     7     5     2    -1     0.00000000
   0.060    19    97     7     3     1     1    -0.00000000
   0.060    19    98     7     3     2    -1    -0.00000000
   0.060    19    99     7     1     1     1     0.00000000
   0.060    19   100     7     7     2     1     0.00003163
   0.060    19   101     7     7     3    -1    -0.00005933
   0.060    19   102     7     5     2     1     0.00003954
   0.060    19   103     7     5     3    -1     0.00009662
   0.060    19   104     7     3     2     1     0.00001282
   0.060    19   105     7     3     3    -1    -0.00017754
   0.060    19   106     7     7     3     1     0.00000000
   0.060    19   107     7     7     4    -1    -0.00000000
   0.060    19   108     7     5     3     1     0.00000000
   0.060    19   109     7     5     4    -1    -0.00000000
   0.060    19   110     7     3     3     1     0.00000000
   0.060    19   111     7     7     4     1     0.00000000
   0.060    19   112     7     7     5    -1    -0.00000000
   0.060    19   113     7     5     4     1     0.00000000
   0.060    19   114     7     5     5    -1     0.00000000
   0.060    19   115     7     7     5     1     0.00000000
   0.060    19   116     7     7     6    -1     0.00000000
   0.060    19   117     7     5     5     1     0.00000000
   0.060    19   118     7     7     6     1     0.00000000
   0.060    19   119     7     7     7    -1     0.00000000
   0.060    19   120     7     7     7     1     0.00000000
   0.060    20     1     0     0     0     1    -0.00000000
   0.060    20     2     1     1     0     1     0.00403719
   0.060    20     3     1     1     1    -1     0.00575739
   0.060    20     4     1     1     1     1     0.00000000
   0.060    20     5     2     2     0     1    -0.00000000
   0.060    20     6     2     2     1    -1     0.00000000
   0.060    20     7     2     0     0     1    -0.00000000
   0.060    20     8     2     2     1     1     0.00000000
   0.060    20     9     2     2     2    -1    -0.00000000
   0.060    20    10     2     2     2     1     0.00000000
   0.060    20    11     3     3     0     1     0.00183094
   0.060    20    12     3     3     1    -1    -0.00195461
   0.060    20    13     3     1     0     1    -0.35571843
   0.060    20    14     3     1     1    -1     0.93426112
   0.060    20    15     3     3     1     1    -0.00000000
   0.060    20    16     3     3     2    -1     0.00000000
   0.060    20    17     3     1     1     1    -0.00000000
   0.060    20    18     3     3     2     1     0.00000000
   0.060    20    19     3     3     3    -1    -0.00000000
   0.060    20    20     3     3     3     1     0.00000000
   0.060    20    21     4     4     0     1     0.00000000
   0.060    20    22     4     4     1    -1     0.00000000
   0.060    20    23     4     2     0     1     0.00000000
   0.060    20    24     4     2     1    -1     0.00000000
   0.060    20    25     4     0     0     1     0.00000000
   0.060    20    26     4     4     1     1     0.00000000
   0.060    20    27     4     4     2    -1    -0.00000000
   0.060    20    28     4     2     1     1     0.00000000
   0.060    20    29     4     2     2    -1     0.00000000
   0.060    20    30     4     4     2     1     0.00000000
   0.060    20    31     4     4     3    -1     0.00000000
   0.060    20    32     4     2     2     1    -0.00000000
   0.060    20    33     4     4     3     1    -0.00000000
   0.060    20    34     4     4     4    -1    -0.00000000
   0.060    20    35     4     4     4     1    -0.00000000
   0.060    20    36     5     5     0     1     0.00002688
   0.060    20    37     5     5     1    -1    -0.00002743
   0.060    20    38     5     3     0     1    -0.00717066
   0.060    20    39     5     3     1    -1     0.01808170
   0.060    20    40     5     1     0     1    -0.00888299
   0.060    20    41     5     1     1    -1    -0.01031785
   0.060    20    42     5     5     1     1    -0.00000000
   0.060    20    43     5     5     2    -1    -0.00000000
   0.060    20    44     5     3     1     1    -0.00000000
   0.060    20    45     5     3     2    -1     0.00000000
   0.060    20    46     5     1     1     1    -0.00000000
   0.060    20    47     5     5     2     1    -0.00000000
   0.060    20    48     5     5     3    -1    -0.00000000
   0.060    20    49     5     3     2     1     0.00000000
   0.060    20    50     5     3     3    -1     0.00000000
   0.060    20    51     5     5     3     1     0.00000000
   0.060    20    52     5     5     4    -1    -0.00000000
   0.060    20    53     5     3     3     1     0.00000000
   0.060    20    54     5     5     4     1     0.00000000
   0.060    20    55     5     5     5    -1    -0.00000000
   0.060    20    56     5     5     5     1     0.00000000
   0.060    20    57     6     6     0     1     0.00000000
   0.060    20    58     6     6     1    -1     0.00000000
   0.060    20    59     6     4     0     1     0.00000000
   0.060    20    60     6     4     1    -1    -0.00000000
   0.060    20    61     6     2     0     1     0.00000000
   0.060    20    62     6     2     1    -1     0.00000000
   0.060    20    63     6     0     0     1     0.00000000
   0.060    20    64     6     6     1     1    -0.00000000
   0.060    20    65     6     6     2    -1    -0.00000000
   0.060    20    66     6     4     1     1     0.00000000
   0.060    20    67     6     4     2    -1     0.00000000
   0.060    20    68     6     2     1     1     0.00000000
   0.060    20    69     6     2     2    -1    -0.00000000
   0.060    20    70     6     6     2     1     0.00000000
   0.060    20    71     6     6     3    -1    -0.00000000
   0.060    20    72     6     4     2     1     0.00000000
   0.060    20    73     6     4     3    -1     0.00000000
   0.060    20    74     6     2     2     1     0.00000000
   0.060    20    75     6     6     3     1    -0.00000000
   0.060    20    76     6     6     4    -1    -0.00000000
   0.060    20    77     6     4     3     1     0.00000000
   0.060    20    78     6     4     4    -1    -0.00000000
   0.060    20    79     6     6     4     1    -0.00000000
   0.060    20    80     6     6     5    -1     0.00000000
   0.060    20    81     6     4     4     1    -0.00000000
   0.060    20    82     6     6     5     1    -0.00000000
   0.060    20    83     6     6     6    -1    -0.00000000
   0.060    20    84     6     6     6     1     0.00000000
   0.060    20    85     7     7     0     1     0.00000025
   0.060    20    86     7     7     1    -1    -0.00000025
   0.060    20    87     7     5     0     1    -0.00008456
   0.060    20    88     7     5     1    -1     0.00023958
   0.060    20    89     7     3     0     1    -0.00021497
   0.060    20    90     7     3     1    -1    -0.00001332
   0.060    20    91     7     1     0     1    -0.00020880
   0.060    20    92     7     1     1    -1     0.00021395
   0.060    20    93     7     7     1     1    -0.00000000
   0.060    20    94     7     7     2    -1    -0.00000000
   0.060    20    95     7     5     1     1    -0.00000000
   0.060    20    96     7     5     2    -1     0.00000000
   0.060    20    97     7     3     1     1    -0.00000000
   0.060    20    98     7     3     2    -1     0.00000000
   0.060    20    99     7     1     1     1    -0.00000000
   0.060    20   100     7     7     2     1     0.00000000
   0.060    20   101     7     7     3    -1    -0.00000000
   0.060    20   102     7     5     2     1     0.00000000
   0.060    20   103     7     5     3    -1     0.00000000
   0.060    20   104     7     3     2     1    -0.00000000
   0.060    20   105     7     3     3    -1    -0.00000000
   0.060    20   106     7     7     3     1    -0.00000000
   0.060    20   107     7     7     4    -1    -0.00000000
   0.060    20   108     7     5     3     1     0.00000000
   0.060    20   109     7     5     4    -1     0.00000000
   0.060    20   110     7     3     3     1    -0.00000000
   0.060    20   111     7     7     4     1     0.00000000
   0.060    20   112     7     7     5    -1    -0.00000000
   0.060    20   113     7     5     4     1    -0.00000000
   0.060    20   114     7     5     5    -1     0.00000000
   0.060    20   115     7     7     5     1     0.00000000
   0.060    20   116     7     7     6    -1     0.00000000
   0.060    20   117     7     5     5     1     0.00000000
   0.060    20   118     7     7     6     1     0.00000000
   0.060    20   119     7     7     7    -1     0.00000000
   0.060    20   120     7     7     7     1     0.00000000
   0.060    21     1     0     0     0     1     0.00007301
   0.060    21     2     1     1     0     1    -0.00000000
   0.060    21     3     1     1     1    -1     0.00000000
   0.060    21     4     1     1     1     1    -0.00000000
   0.060    21     5     2     2     0     1    -0.01204364
   0.060    21     6     2     2     1    -1    -0.00976100
   0.060    21     7     2     0     0     1    -0.00002863
   0.060    21     8     2     2     1     1     0.00000000
   0.060    21     9     2     2     2    -1     0.00000000
   0.060    21    10     2     2     2     1    -0.00000000
   0.060    21    11     3     3     0     1    -0.00000000
   0.060    21    12     3     3     1    -1     0.00000000
   0.060    21    13     3     1     0     1     0.00000000
   0.060    21    14     3     1     1    -1    -0.00000000
   0.060    21    15     3     3     1     1    -0.00000000
   0.060    21    16     3     3     2    -1    -0.00000000
   0.060    21    17     3     1     1     1    -0.00000000
   0.060    21    18     3     3     2     1    -0.00000000
   0.060    21    19     3     3     3    -1    -0.00000000
   0.060    21    20     3     3     3     1     0.00000000
   0.060    21    21     4     4     0     1     0.75136348
   0.060    21    22     4     4     1    -1     0.65926293
   0.060    21    23     4     2     0     1     0.00090633
   0.060    21    24     4     2     1    -1     0.00064910
   0.060    21    25     4     0     0     1     0.00015004
   0.060    21    26     4     4     1     1    -0.00000000
   0.060    21    27     4     4     2    -1    -0.00000000
   0.060    21    28     4     2     1     1    -0.00000000
   0.060    21    29     4     2     2    -1    -0.00000000
   0.060    21    30     4     4     2     1     0.00000000
   0.060    21    31     4     4     3    -1    -0.00000000
   0.060    21    32     4     2     2     1    -0.00000000
   0.060    21    33     4     4     3     1     0.00000000
   0.060    21    34     4     4     4    -1     0.00000000
   0.060    21    35     4     4     4     1     0.00000000
   0.060    21    36     5     5     0     1    -0.00000000
   0.060    21    37     5     5     1    -1     0.00000000
   0.060    21    38     5     3     0     1    -0.00000000
   0.060    21    39     5     3     1    -1    -0.00000000
   0.060    21    40     5     1     0     1     0.00000000
   0.060    21    41     5     1     1    -1     0.00000000
   0.060    21    42     5     5     1     1     0.00000000
   0.060    21    43     5     5     2    -1     0.00000000
   0.060    21    44     5     3     1     1    -0.00000000
   0.060    21    45     5     3     2    -1    -0.00000000
   0.060    21    46     5     1     1     1     0.00000000
   0.060    21    47     5     5     2     1     0.00000000
   0.060    21    48     5     5     3    -1     0.00000000
   0.060    21    49     5     3     2     1    -0.00000000
   0.060    21    50     5     3     3    -1    -0.00000000
   0.060    21    51     5     5     3     1     0.00000000
   0.060    21    52     5     5     4    -1    -0.00000000
   0.060    21    53     5     3     3     1     0.00000000
   0.060    21    54     5     5     4     1    -0.00000000
   0.060    21    55     5     5     5    -1     0.00000000
   0.060    21    56     5     5     5     1     0.00000000
   0.060    21    57     6     6     0     1     0.01461092
   0.060    21    58     6     6     1    -1     0.01270580
   0.060    21    59     6     4     0     1     0.00914610
   0.060    21    60     6     4     1    -1     0.00702202
   0.060    21    61     6     2     0     1     0.00683848
   0.060    21    62     6     2     1    -1     0.00539171
   0.060    21    63     6     0     0     1     0.00001468
   0.060    21    64     6     6     1     1    -0.00000000
   0.060    21    65     6     6     2    -1    -0.00000000
   0.060    21    66     6     4     1     1    -0.00000000
   0.060    21    67     6     4     2    -1     0.00000000
   0.060    21    68     6     2     1     1    -0.00000000
   0.060    21    69     6     2     2    -1     0.00000000
   0.060    21    70     6     6     2     1     0.00000000
   0.060    21    71     6     6     3    -1    -0.00000000
   0.060    21    72     6     4     2     1    -0.00000000
   0.060    21    73     6     4     3    -1    -0.00000000
   0.060    21    74     6     2     2     1     0.00000000
   0.060    21    75     6     6     3     1    -0.00000000
   0.060    21    76     6     6     4    -1     0.00000000
   0.060    21    77     6     4     3     1    -0.00000000
   0.060    21    78     6     4     4    -1    -0.00000000
   0.060    21    79     6     6     4     1     0.00000000
   0.060    21    80     6     6     5    -1    -0.00000000
   0.060    21    81     6     4     4     1     0.00000000
   0.060    21    82     6     6     5     1     0.00000000
   0.060    21    83     6     6     6    -1    -0.00000000
   0.060    21    84     6     6     6     1     0.00000000
   0.060    21    85     7     7     0     1    -0.00000000
   0.060    21    86     7     7     1    -1    -0.00000000
   0.060    21    87     7     5     0     1     0.00000000
   0.060    21    88     7     5     1    -1     0.00000000
   0.060    21    89     7     3     0     1    -0.00000000
   0.060    21    90     7     3     1    -1     0.00000000
   0.060    21    91     7     1     0     1    -0.00000000
   0.060    21    92     7     1     1    -1    -0.00000000
   0.060    21    93     7     7     1     1    -0.00000000
   0.060    21    94     7     7     2    -1     0.00000000
   0.060    21    95     7     5     1     1    -0.00000000
   0.060    21    96     7     5     2    -1    -0.00000000
   0.060    21    97     7     3     1     1     0.00000000
   0.060    21    98     7     3     2    -1     0.00000000
   0.060    21    99     7     1     1     1    -0.00000000
   0.060    21   100     7     7     2     1     0.00000000
   0.060    21   101     7     7     3    -1     0.00000000
   0.060    21   102     7     5     2     1     0.00000000
   0.060    21   103     7     5     3    -1     0.00000000
   0.060    21   104     7     3     2     1     0.00000000
   0.060    21   105     7     3     3    -1     0.00000000
   0.060    21   106     7     7     3     1     0.00000000
   0.060    21   107     7     7     4    -1     0.00000000
   0.060    21   108     7     5     3     1     0.00000000
   0.060    21   109     7     5     4    -1     0.00000000
   0.060    21   110     7     3     3     1    -0.00000000
   0.060    21   111     7     7     4     1    -0.00000000
   0.060    21   112     7     7     5    -1    -0.00000000
   0.060    21   113     7     5     4     1     0.00000000
   0.060    21   114     7     5     5    -1    -0.00000000
   0.060    21   115     7     7     5     1     0.00000000
   0.060    21   116     7     7     6    -1     0.00000000
   0.060    21   117     7     5     5     1     0.00000000
   0.060    21   118     7     7     6     1     0.00000000
   0.060    21   119     7     7     7    -1     0.00000000
   0.060    21   120     7     7     7     1     0.00000000
   0.060    22     1     0     0     0     1     0.00000000
   0.060    22     2     1     1     0     1    -0.00000000
   0.060    22     3     1     1     1    -1    -0.00000000
   0.060    22     4     1     1     1     1    -0.00000000
   0.060    22     5     2     2     0     1    -0.00000000
   0.060    22     6     2     2     1    -1    -0.00000000
   0.060    22     7     2     0     0     1     0.00000000
   0.060    22     8     2     2     1     1    -0.01221127
   0.060    22     9     2     2     2    -1    -0.00599328
   0.060    22    10     2     2     2     1     0.00000000
   0.060    22    11     3     3     0     1    -0.00000000
   0.060    22    12     3     3     1    -1     0.00000000
   0.060    22    13     3     1     0     1     0.00000000
   0.060    22    14     3     1     1    -1     0.00000000
   0.060    22    15     3     3     1     1    -0.00000000
   0.060    22    16     3     3     2    -1     0.00000000
   0.060    22    17     3     1     1     1    -0.00000000
   0.060    22    18     3     3     2     1     0.00000000
   0.060    22    19     3     3     3    -1    -0.00000000
   0.060    22    20     3     3     3     1    -0.00000000
   0.060    22    21     4     4     0     1     0.00000000
   0.060    22    22     4     4     1    -1     0.00000000
   0.060    22    23     4     2     0     1    -0.00000000
   0.060    22    24     4     2     1    -1    -0.00000000
   0.060    22    25     4     0     0     1     0.00000000
   0.060    22    26     4     4     1     1     0.83126956
   0.060    22    27     4     4     2    -1     0.55527553
   0.060    22    28     4     2     1     1     0.00073882
   0.060    22    29     4     2     2    -1     0.00025758
   0.060    22    30     4     4     2     1     0.00000000
   0.060    22    31     4     4     3    -1    -0.00000000
   0.060    22    32     4     2     2     1     0.00000000
   0.060    22    33     4     4     3     1    -0.00000000
   0.060    22    34     4     4     4    -1     0.00000000
   0.060    22    35     4     4     4     1     0.00000000
   0.060    22    36     5     5     0     1     0.00000000
   0.060    22    37     5     5     1    -1     0.00000000
   0.060    22    38     5     3     0     1     0.00000000
   0.060    22    39     5     3     1    -1     0.00000000
   0.060    22    40     5     1     0     1     0.00000000
   0.060    22    41     5     1     1    -1     0.00000000
   0.060    22    42     5     5     1     1    -0.00000000
   0.060    22    43     5     5     2    -1    -0.00000000
   0.060    22    44     5     3     1     1     0.00000000
   0.060    22    45     5     3     2    -1    -0.00000000
   0.060    22    46     5     1     1     1     0.00000000
   0.060    22    47     5     5     2     1    -0.00000000
   0.060    22    48     5     5     3    -1     0.00000000
   0.060    22    49     5     3     2     1     0.00000000
   0.060    22    50     5     3     3    -1    -0.00000000
   0.060    22    51     5     5     3     1    -0.00000000
   0.060    22    52     5     5     4    -1     0.00000000
   0.060    22    53     5     3     3     1    -0.00000000
   0.060    22    54     5     5     4     1    -0.00000000
   0.060    22    55     5     5     5    -1     0.00000000
   0.060    22    56     5     5     5     1     0.00000000
   0.060    22    57     6     6     0     1     0.00000000
   0.060    22    58     6     6     1    -1    -0.00000000
   0.060    22    59     6     4     0     1     0.00000000
   0.060    22    60     6     4     1    -1     0.00000000
   0.060    22    61     6     2     0     1     0.00000000
   0.060    22    62     6     2     1    -1    -0.00000000
   0.060    22    63     6     0     0     1    -0.00000000
   0.060    22    64     6     6     1     1     0.01541282
   0.060    22    65     6     6     2    -1     0.01001701
   0.060    22    66     6     4     1     1     0.00842211
   0.060    22    67     6     4     2    -1     0.00311764
   0.060    22    68     6     2     1     1     0.00680648
   0.060    22    69     6     2     2    -1     0.00307819
   0.060    22    70     6     6     2     1    -0.00000000
   0.060    22    71     6     6     3    -1    -0.00000000
   0.060    22    72     6     4     2     1     0.00000000
   0.060    22    73     6     4     3    -1     0.00000000
   0.060    22    74     6     2     2     1     0.00000000
   0.060    22    75     6     6     3     1     0.00000000
   0.060    22    76     6     6     4    -1    -0.00000000
   0.060    22    77     6     4     3     1    -0.00000000
   0.060    22    78     6     4     4    -1    -0.00000000
   0.060    22    79     6     6     4     1    -0.00000000
   0.060    22    80     6     6     5    -1     0.00000000
   0.060    22    81     6     4     4     1     0.00000000
   0.060    22    82     6     6     5     1     0.00000000
   0.060    22    83     6     6     6    -1     0.00000000
   0.060    22    84     6     6     6     1    -0.00000000
   0.060    22    85     7     7     0     1    -0.00000000
   0.060    22    86     7     7     1    -1    -0.00000000
   0.060    22    87     7     5     0     1     0.00000000
   0.060    22    88     7     5     1    -1     0.00000000
   0.060    22    89     7     3     0     1     0.00000000
   0.060    22    90     7     3     1    -1     0.00000000
   0.060    22    91     7     1     0     1    -0.00000000
   0.060    22    92     7     1     1    -1     0.00000000
   0.060    22    93     7     7     1     1     0.00000000
   0.060    22    94     7     7     2    -1     0.00000000
   0.060    22    95     7     5     1     1    -0.00000000
   0.060    22    96     7     5     2    -1     0.00000000
   0.060    22    97     7     3     1     1     0.00000000
   0.060    22    98     7     3     2    -1    -0.00000000
   0.060    22    99     7     1     1     1     0.00000000
   0.060    22   100     7     7     2     1     0.00000000
   0.060    22   101     7     7     3    -1    -0.00000000
   0.060    22   102     7     5     2     1    -0.00000000
   0.060    22   103     7     5     3    -1     0.00000000
   0.060    22   104     7     3     2     1    -0.00000000
   0.060    22   105     7     3     3    -1    -0.00000000
   0.060    22   106     7     7     3     1     0.00000000
   0.060    22   107     7     7     4    -1     0.00000000
   0.060    22   108     7     5     3     1    -0.00000000
   0.060    22   109     7     5     4    -1    -0.00000000
   0.060    22   110     7     3     3     1     0.00000000
   0.060    22   111     7     7     4     1    -0.00000000
   0.060    22   112     7     7     5    -1    -0.00000000
   0.060    22   113     7     5     4     1     0.00000000
   0.060    22   114     7     5     5    -1    -0.00000000
   0.060    22   115     7     7     5     1     0.00000000
   0.060    22   116     7     7     6    -1     0.00000000
   0.060    22   117     7     5     5     1     0.00000000
   0.060    22   118     7     7     6     1     0.00000000
   0.060    22   119     7     7     7    -1     0.00000000
   0.060    22   120     7     7     7     1     0.00000000
   0.060    23     1     0     0     0     1     0.00000000
   0.060    23     2     1     1     0     1    -0.00000000
   0.060    23     3     1     1     1    -1    -0.00000000
   0.060    23     4     1     1     1     1     0.00000000
   0.060    23     5     2     2     0     1    -0.00000000
   0.060    23     6     2     2     1    -1     0.00000000
   0.060    23     7     2     0     0     1    -0.00000000
   0.060    23     8     2     2     1     1     0.00000000
   0.060    23     9     2     2     2    -1     0.00000000
   0.060    23    10     2     2     2     1    -0.00954519
   0.060    23    11     3     3     0     1    -0.00000000
   0.060    23    12     3     3     1    -1     0.00000000
   0.060    23    13     3     1     0     1    -0.00000000
   0.060    23    14     3     1     1    -1     0.00000000
   0.060    23    15     3     3     1     1    -0.00000000
   0.060    23    16     3     3     2    -1     0.00000000
   0.060    23    17     3     1     1     1     0.00000000
   0.060    23    18     3     3     2     1     0.00000000
   0.060    23    19     3     3     3    -1    -0.00000000
   0.060    23    20     3     3     3     1    -0.00000000
   0.060    23    21     4     4     0     1     0.00000000
   0.060    23    22     4     4     1    -1     0.00000000
   0.060    23    23     4     2     0     1    -0.00000000
   0.060    23    24     4     2     1    -1    -0.00000000
   0.060    23    25     4     0     0     1    -0.00000000
   0.060    23    26     4     4     1     1     0.00000000
   0.060    23    27     4     4     2    -1     0.00000000
   0.060    23    28     4     2     1     1    -0.00000000
   0.060    23    29     4     2     2    -1    -0.00000000
   0.060    23    30     4     4     2     1     0.89881605
   0.060    23    31     4     4     3    -1     0.43786671
   0.060    23    32     4     2     2     1     0.00030321
   0.060    23    33     4     4     3     1    -0.00000000
   0.060    23    34     4     4     4    -1    -0.00000000
   0.060    23    35     4     4     4     1    -0.00000000
   0.060    23    36     5     5     0     1     0.00000000
   0.060    23    37     5     5     1    -1     0.00000000
   0.060    23    38     5     3     0     1     0.00000000
   0.060    23    39     5     3     1    -1    -0.00000000
   0.060    23    40     5     1     0     1     0.00000000
   0.060    23    41     5     1     1    -1     0.00000000
   0.060    23    42     5     5     1     1     0.00000000
   0.060    23    43     5     5     2    -1     0.00000000
   0.060    23    44     5     3     1     1    -0.00000000
   0.060    23    45     5     3     2    -1    -0.00000000
   0.060    23    46     5     1     1     1     0.00000000
   0.060    23    47     5     5     2     1    -0.00000000
   0.060    23    48     5     5     3    -1     0.00000000
   0.060    23    49     5     3     2     1     0.00000000
   0.060    23    50     5     3     3    -1    -0.00000000
   0.060    23    51     5     5     3     1     0.00000000
   0.060    23    52     5     5     4    -1    -0.00000000
   0.060    23    53     5     3     3     1    -0.00000000
   0.060    23    54     5     5     4     1     0.00000000
   0.060    23    55     5     5     5    -1    -0.00000000
   0.060    23    56     5     5     5     1     0.00000000
   0.060    23    57     6     6     0     1     0.00000000
   0.060    23    58     6     6     1    -1     0.00000000
   0.060    23    59     6     4     0     1    -0.00000000
   0.060    23    60     6     4     1    -1    -0.00000000
   0.060    23    61     6     2     0     1    -0.00000000
   0.060    23    62     6     2     1    -1    -0.00000000
   0.060    23    63     6     0     0     1    -0.00000000
   0.060    23    64     6     6     1     1     0.00000000
   0.060    23    65     6     6     2    -1    -0.00000000
   0.060    23    66     6     4     1     1    -0.00000000
   0.060    23    67     6     4     2    -1    -0.00000000
   0.060    23    68     6     2     1     1     0.00000000
   0.060    23    69     6     2     2    -1    -0.00000000
   0.060    23    70     6     6     2     1     0.01484413
   0.060    23    71     6     6     3    -1     0.00690275
   0.060    23    72     6     4     2     1     0.00409470
   0.060    23    73     6     4     3    -1    -0.00124018
   0.060    23    74     6     2     2     1     0.00499477
   0.060    23    75     6     6     3     1    -0.00000000
   0.060    23    76     6     6     4    -1    -0.00000000
   0.060    23    77     6     4     3     1    -0.00000000
   0.060    23    78     6     4     4    -1     0.00000000
   0.060    23    79     6     6     4     1     0.00000000
   0.060    23    80     6     6     5    -1    -0.00000000
   0.060    23    81     6     4     4     1    -0.00000000
   0.060    23    82     6     6     5     1     0.00000000
   0.060    23    83     6     6     6    -1     0.00000000
   0.060    23    84     6     6     6     1     0.00000000
   0.060    23    85     7     7     0     1    -0.00000000
   0.060    23    86     7     7     1    -1     0.00000000
   0.060    23    87     7     5     0     1    -0.00000000
   0.060    23    88     7     5     1    -1    -0.00000000
   0.060    23    89     7     3     0     1    -0.00000000
   0.060    23    90     7     3     1    -1    -0.00000000
   0.060    23    91     7     1     0     1     0.00000000
   0.060    23    92     7     1     1    -1    -0.00000000
   0.060    23    93     7     7     1     1     0.00000000
   0.060    23    94     7     7     2    -1     0.00000000
   0.060    23    95     7     5     1     1    -0.00000000
   0.060    23    96     7     5     2    -1    -0.00000000
   0.060    23    97     7     3     1     1     0.00000000
   0.060    23    98     7     3     2    -1     0.00000000
   0.060    23    99     7     1     1     1    -0.00000000
   0.060    23   100     7     7     2     1    -0.00000000
   0.060    23   101     7     7     3    -1     0.00000000
   0.060    23   102     7     5     2     1     0.00000000
   0.060    23   103     7     5     3    -1     0.00000000
   0.060    23   104     7     3     2     1    -0.00000000
   0.060    23   105     7     3     3    -1     0.00000000
   0.060    23   106     7     7     3     1    -0.00000000
   0.060    23   107     7     7     4    -1    -0.00000000
   0.060    23   108     7     5     3     1    -0.00000000
   0.060    23   109     7     5     4    -1    -0.00000000
   0.060    23   110     7     3     3     1     0.00000000
   0.060    23   111     7     7     4     1    -0.00000000
   0.060    23   112     7     7     5    -1    -0.00000000
   0.060    23   113     7     5     4     1    -0.00000000
   0.060    23   114     7     5     5    -1    -0.00000000
   0.060    23   115     7     7     5     1     0.00000000
   0.060    23   116     7     7     6    -1     0.00000000
   0.060    23   117     7     5     5     1     0.00000000
   0.060    23   118     7     7     6     1     0.00000000
   0.060    23   119     7     7     7    -1     0.00000000
   0.060    23   120     7     7     7     1     0.00000000
   0.060    24     1     0     0     0     1    -0.00000000
   0.060    24     2     1     1     0     1     0.00000000
   0.060    24     3     1     1     1    -1     0.00000000
   0.060    24     4     1     1     1     1    -0.00000000
   0.060    24     5     2     2     0     1    -0.00000000
   0.060    24     6     2     2     1    -1    -0.00000000
   0.060    24     7     2     0     0     1    -0.00000000
   0.060    24     8     2     2     1     1     0.00000000
   0.060    24     9     2     2     2    -1    -0.00000000
   0.060    24    10     2     2     2     1     0.00000000
   0.060    24    11     3     3     0     1    -0.00000000
   0.060    24    12     3     3     1    -1     0.00000000
   0.060    24    13     3     1     0     1     0.00000000
   0.060    24    14     3     1     1    -1     0.00000000
   0.060    24    15     3     3     1     1     0.00000000
   0.060    24    16     3     3     2    -1    -0.00000000
   0.060    24    17     3     1     1     1     0.00000000
   0.060    24    18     3     3     2     1    -0.00000000
   0.060    24    19     3     3     3    -1    -0.00000000
   0.060    24    20     3     3     3     1    -0.00000000
   0.060    24    21     4     4     0     1     0.00000000
   0.060    24    22     4     4     1    -1     0.00000000
   0.060    24    23     4     2     0     1     0.00000000
   0.060    24    24     4     2     1    -1     0.00000000
   0.060    24    25     4     0     0     1    -0.00000000
   0.060    24    26     4     4     1     1     0.00000000
   0.060    24    27     4     4     2    -1     0.00000000
   0.060    24    28     4     2     1     1     0.00000000
   0.060    24    29     4     2     2    -1     0.00000000
   0.060    24    30     4     4     2     1    -0.00000000
   0.060    24    31     4     4     3    -1    -0.00000000
   0.060    24    32     4     2     2     1    -0.00000000
   0.060    24    33     4     4     3     1    -0.95459785
   0.060    24    34     4     4     4    -1    -0.29754198
   0.060    24    35     4     4     4     1     0.00000000
   0.060    24    36     5     5     0     1    -0.00000000
   0.060    24    37     5     5     1    -1     0.00000000
   0.060    24    38     5     3     0     1    -0.00000000
   0.060    24    39     5     3     1    -1    -0.00000000
   0.060    24    40     5     1     0     1    -0.00000000
   0.060    24    41     5     1     1    -1    -0.00000000
   0.060    24    42     5     5     1     1    -0.00000000
   0.060    24    43     5     5     2    -1     0.00000000
   0.060    24    44     5     3     1     1    -0.00000000
   0.060    24    45     5     3     2    -1     0.00000000
   0.060    24    46     5     1     1     1    -0.00000000
   0.060    24    47     5     5     2     1    -0.00000000
   0.060    24    48     5     5     3    -1     0.00000000
   0.060    24    49     5     3     2     1    -0.00000000
   0.060    24    50     5     3     3    -1    -0.00000000
   0.060    24    51     5     5     3     1    -0.00000000
   0.060    24    52     5     5     4    -1     0.00000000
   0.060    24    53     5     3     3     1    -0.00000000
   0.060    24    54     5     5     4     1     0.00000000
   0.060    24    55     5     5     5    -1    -0.00000000
   0.060    24    56     5     5     5     1     0.00000000
   0.060    24    57     6     6     0     1    -0.00000000
   0.060    24    58     6     6     1    -1    -0.00000000
   0.060    24    59     6     4     0     1     0.00000000
   0.060    24    60     6     4     1    -1    -0.00000000
   0.060    24    61     6     2     0     1    -0.00000000
   0.060    24    62     6     2     1    -1     0.00000000
   0.060    24    63     6     0     0     1     0.00000000
   0.060    24    64     6     6     1     1    -0.00000000
   0.060    24    65     6     6     2    -1    -0.00000000
   0.060    24    66     6     4     1     1     0.00000000
   0.060    24    67     6     4     2    -1    -0.00000000
   0.060    24    68     6     2     1     1    -0.00000000
   0.060    24    69     6     2     2    -1     0.00000000
   0.060    24    70     6     6     2     1    -0.00000000
   0.060    24    71     6     6     3    -1    -0.00000000
   0.060    24    72     6     4     2     1    -0.00000000
   0.060    24    73     6     4     3    -1     0.00000000
   0.060    24    74     6     2     2     1     0.00000000
   0.060    24    75     6     6     3     1    -0.01267845
   0.060    24    76     6     6     4    -1    -0.00375341
   0.060    24    77     6     4     3     1     0.00426279
   0.060    24    78     6     4     4    -1     0.00432683
   0.060    24    79     6     6     4     1     0.00000000
   0.060    24    80     6     6     5    -1    -0.00000000
   0.060    24    81     6     4     4     1    -0.00000000
   0.060    24    82     6     6     5     1    -0.00000000
   0.060    24    83     6     6     6    -1    -0.00000000
   0.060    24    84     6     6     6     1     0.00000000
   0.060    24    85     7     7     0     1     0.00000000
   0.060    24    86     7     7     1    -1    -0.00000000
   0.060    24    87     7     5     0     1     0.00000000
   0.060    24    88     7     5     1    -1    -0.00000000
   0.060    24    89     7     3     0     1     0.00000000
   0.060    24    90     7     3     1    -1    -0.00000000
   0.060    24    91     7     1     0     1    -0.00000000
   0.060    24    92     7     1     1    -1    -0.00000000
   0.060    24    93     7     7     1     1     0.00000000
   0.060    24    94     7     7     2    -1    -0.00000000
   0.060    24    95     7     5     1     1     0.00000000
   0.060    24    96     7     5     2    -1     0.00000000
   0.060    24    97     7     3     1     1    -0.00000000
   0.060    24    98     7     3     2    -1    -0.00000000
   0.060    24    99     7     1     1     1    -0.00000000
   0.060    24   100     7     7     2     1    -0.00000000
   0.060    24   101     7     7     3    -1     0.00000000
   0.060    24   102     7     5     2     1     0.00000000
   0.060    24   103     7     5     3    -1     0.00000000
   0.060    24   104     7     3     2     1    -0.00000000
   0.060    24   105     7     3     3    -1     0.00000000
   0.060    24   106     7     7     3     1    -0.00000000
   0.060    24   107     7     7     4    -1     0.00000000
   0.060    24   108     7     5     3     1    -0.00000000
   0.060    24   109     7     5     4    -1    -0.00000000
   0.060    24   110     7     3     3     1     0.00000000
   0.060    24   111     7     7     4     1     0.00000000
   0.060    24   112     7     7     5    -1    -0.00000000
   0.060    24   113     7     5     4     1     0.00000000
   0.060    24   114     7     5     5    -1     0.00000000
   0.060    24   115     7     7     5     1     0.00000000
   0.060    24   116     7     7     6    -1     0.00000000
   0.060    24   117     7     5     5     1     0.00000000
   0.060    24   118     7     7     6     1     0.00000000
   0.060    24   119     7     7     7    -1     0.00000000
   0.060    24   120     7     7     7     1     0.00000000
   0.060    25     1     0     0     0     1     0.00000000
   0.060    25     2     1     1     0     1    -0.00000000
   0.060    25     3     1     1     1    -1     0.00000000
   0.060    25     4     1     1     1     1    -0.00000000
   0.060    25     5     2     2     0     1     0.00000000
   0.060    25     6     2     2     1    -1     0.00000000
   0.060    25     7     2     0     0     1     0.00000000
   0.060    25     8     2     2     1     1     0.00000000
   0.060    25     9     2     2     2    -1    -0.00000000
   0.060    25    10     2     2     2     1     0.00000000
   0.060    25    11     3     3     0     1     0.00000000
   0.060    25    12     3     3     1    -1     0.00000000
   0.060    25    13     3     1     0     1    -0.00000000
   0.060    25    14     3     1     1    -1    -0.00000000
   0.060    25    15     3     3     1     1    -0.00000000
   0.060    25    16     3     3     2    -1    -0.00000000
   0.060    25    17     3     1     1     1    -0.00000000
   0.060    25    18     3     3     2     1    -0.00000000
   0.060    25    19     3     3     3    -1    -0.00000000
   0.060    25    20     3     3     3     1    -0.00000000
   0.060    25    21     4     4     0     1    -0.00000000
   0.060    25    22     4     4     1    -1    -0.00000000
   0.060    25    23     4     2     0     1     0.00000000
   0.060    25    24     4     2     1    -1    -0.00000000
   0.060    25    25     4     0     0     1     0.00000000
   0.060    25    26     4     4     1     1    -0.00000000
   0.060    25    27     4     4     2    -1    -0.00000000
   0.060    25    28     4     2     1     1     0.00000000
   0.060    25    29     4     2     2    -1    -0.00000000
   0.060    25    30     4     4     2     1     0.00000000
   0.060    25    31     4     4     3    -1     0.00000000
   0.060    25    32     4     2     2     1    -0.00000000
   0.060    25    33     4     4     3     1     0.00000000
   0.060    25    34     4     4     4    -1     0.00000000
   0.060    25    35     4     4     4     1     0.99982109
   0.060    25    36     5     5     0     1    -0.00000000
   0.060    25    37     5     5     1    -1    -0.00000000
   0.060    25    38     5     3     0     1     0.00000000
   0.060    25    39     5     3     1    -1     0.00000000
   0.060    25    40     5     1     0     1    -0.00000000
   0.060    25    41     5     1     1    -1    -0.00000000
   0.060    25    42     5     5     1     1    -0.00000000
   0.060    25    43     5     5     2    -1     0.00000000
   0.060    25    44     5     3     1     1     0.00000000
   0.060    25    45     5     3     2    -1    -0.00000000
   0.060    25    46     5     1     1     1     0.00000000
   0.060    25    47     5     5     2     1     0.00000000
   0.060    25    48     5     5     3    -1     0.00000000
   0.060    25    49     5     3     2     1     0.00000000
   0.060    25    50     5     3     3    -1     0.00000000
   0.060    25    51     5     5     3     1     0.00000000
   0.060    25    52     5     5     4    -1    -0.00000000
   0.060    25    53     5     3     3     1    -0.00000000
   0.060    25    54     5     5     4     1     0.00000000
   0.060    25    55     5     5     5    -1    -0.00000000
   0.060    25    56     5     5     5     1     0.00000000
   0.060    25    57     6     6     0     1     0.00000000
   0.060    25    58     6     6     1    -1     0.00000000
   0.060    25    59     6     4     0     1    -0.00000000
   0.060    25    60     6     4     1    -1    -0.00000000
   0.060    25    61     6     2     0     1     0.00000000
   0.060    25    62     6     2     1    -1    -0.00000000
   0.060    25    63     6     0     0     1    -0.00000000
   0.060    25    64     6     6     1     1     0.00000000
   0.060    25    65     6     6     2    -1     0.00000000
   0.060    25    66     6     4     1     1     0.00000000
   0.060    25    67     6     4     2    -1    -0.00000000
   0.060    25    68     6     2     1     1    -0.00000000
   0.060    25    69     6     2     2    -1     0.00000000
   0.060    25    70     6     6     2     1     0.00000000
   0.060    25    71     6     6     3    -1    -0.00000000
   0.060    25    72     6     4     2     1     0.00000000
   0.060    25    73     6     4     3    -1    -0.00000000
   0.060    25    74     6     2     2     1     0.00000000
   0.060    25    75     6     6     3     1     0.00000000
   0.060    25    76     6     6     4    -1     0.00000000
   0.060    25    77     6     4     3     1    -0.00000000
   0.060    25    78     6     4     4    -1     0.00000000
   0.060    25    79     6     6     4     1     0.00864957
   0.060    25    80     6     6     5    -1     0.00104706
   0.060    25    81     6     4     4     1    -0.01678927
   0.060    25    82     6     6     5     1     0.00000000
   0.060    25    83     6     6     6    -1    -0.00000000
   0.060    25    84     6     6     6     1     0.00000000
   0.060    25    85     7     7     0     1    -0.00000000
   0.060    25    86     7     7     1    -1    -0.00000000
   0.060    25    87     7     5     0     1    -0.00000000
   0.060    25    88     7     5     1    -1     0.00000000
   0.060    25    89     7     3     0     1    -0.00000000
   0.060    25    90     7     3     1    -1     0.00000000
   0.060    25    91     7     1     0     1     0.00000000
   0.060    25    92     7     1     1    -1     0.00000000
   0.060    25    93     7     7     1     1     0.00000000
   0.060    25    94     7     7     2    -1    -0.00000000
   0.060    25    95     7     5     1     1    -0.00000000
   0.060    25    96     7     5     2    -1    -0.00000000
   0.060    25    97     7     3     1     1     0.00000000
   0.060    25    98     7     3     2    -1     0.00000000
   0.060    25    99     7     1     1     1    -0.00000000
   0.060    25   100     7     7     2     1     0.00000000
   0.060    25   101     7     7     3    -1    -0.00000000
   0.060    25   102     7     5     2     1    -0.00000000
   0.060    25   103     7     5     3    -1    -0.00000000
   0.060    25   104     7     3     2     1     0.00000000
   0.060    25   105     7     3     3    -1     0.00000000
   0.060    25   106     7     7     3     1    -0.00000000
   0.060    25   107     7     7     4    -1    -0.00000000
   0.060    25   108     7     5     3     1    -0.00000000
   0.060    25   109     7     5     4    -1     0.00000000
   0.060    25   110     7     3     3     1     0.00000000
   0.060    25   111     7     7     4     1     0.00000000
   0.060    25   112     7     7     5    -1     0.00000000
   0.060    25   113     7     5     4     1    -0.00000000
   0.060    25   114     7     5     5    -1     0.00000000
   0.060    25   115     7     7     5     1     0.00000000
   0.060    25   116     7     7     6    -1     0.00000000
   0.060    25   117     7     5     5     1     0.00000000
   0.060    25   118     7     7     6     1     0.00000000
   0.060    25   119     7     7     7    -1     0.00000000
   0.060    25   120     7     7     7     1     0.00000000
   0.060    26     1     0     0     0     1    -0.00005232
   0.060    26     2     1     1     0     1    -0.00000000
   0.060    26     3     1     1     1    -1     0.00000000
   0.060    26     4     1     1     1     1    -0.00000000
   0.060    26     5     2     2     0     1     0.00971974
   0.060    26     6     2     2     1    -1     0.00295200
   0.060    26     7     2     0     0     1     0.01938184
   0.060    26     8     2     2     1     1     0.00000000
   0.060    26     9     2     2     2    -1     0.00000000
   0.060    26    10     2     2     2     1    -0.00000000
   0.060    26    11     3     3     0     1     0.00000000
   0.060    26    12     3     3     1    -1    -0.00000000
   0.060    26    13     3     1     0     1    -0.00000000
   0.060    26    14     3     1     1    -1     0.00000000
   0.060    26    15     3     3     1     1     0.00000000
   0.060    26    16     3     3     2    -1     0.00000000
   0.060    26    17     3     1     1     1    -0.00000000
   0.060    26    18     3     3     2     1     0.00000000
   0.060    26    19     3     3     3    -1     0.00000000
   0.060    26    20     3     3     3     1     0.00000000
   0.060    26    21     4     4     0     1    -0.00123405
   0.060    26    22     4     4     1    -1     0.00397966
   0.060    26    23     4     2     0     1    -0.81055291
   0.060    26    24     4     2     1    -1    -0.58421298
   0.060    26    25     4     0     0     1    -0.00202989
   0.060    26    26     4     4     1     1    -0.00000000
   0.060    26    27     4     4     2    -1     0.00000000
   0.060    26    28     4     2     1     1     0.00000000
   0.060    26    29     4     2     2    -1     0.00000000
   0.060    26    30     4     4     2     1    -0.00000000
   0.060    26    31     4     4     3    -1    -0.00000000
   0.060    26    32     4     2     2     1     0.00000000
   0.060    26    33     4     4     3     1    -0.00000000
   0.060    26    34     4     4     4    -1     0.00000000
   0.060    26    35     4     4     4     1    -0.00000000
   0.060    26    36     5     5     0     1     0.00000000
   0.060    26    37     5     5     1    -1    -0.00000000
   0.060    26    38     5     3     0     1    -0.00000000
   0.060    26    39     5     3     1    -1    -0.00000000
   0.060    26    40     5     1     0     1    -0.00000000
   0.060    26    41     5     1     1    -1    -0.00000000
   0.060    26    42     5     5     1     1    -0.00000000
   0.060    26    43     5     5     2    -1     0.00000000
   0.060    26    44     5     3     1     1     0.00000000
   0.060    26    45     5     3     2    -1     0.00000000
   0.060    26    46     5     1     1     1    -0.00000000
   0.060    26    47     5     5     2     1    -0.00000000
   0.060    26    48     5     5     3    -1     0.00000000
   0.060    26    49     5     3     2     1    -0.00000000
   0.060    26    50     5     3     3    -1     0.00000000
   0.060    26    51     5     5     3     1    -0.00000000
   0.060    26    52     5     5     4    -1    -0.00000000
   0.060    26    53     5     3     3     1    -0.00000000
   0.060    26    54     5     5     4     1    -0.00000000
   0.060    26    55     5     5     5    -1     0.00000000
   0.060    26    56     5     5     5     1     0.00000000
   0.060    26    57     6     6     0     1    -0.00000671
   0.060    26    58     6     6     1    -1     0.00007760
   0.060    26    59     6     4     0     1    -0.02226198
   0.060    26    60     6     4     1    -1    -0.01556986
   0.060    26    61     6     2     0     1    -0.01382571
   0.060    26    62     6     2     1    -1    -0.00538079
   0.060    26    63     6     0     0     1    -0.01551504
   0.060    26    64     6     6     1     1    -0.00000000
   0.060    26    65     6     6     2    -1    -0.00000000
   0.060    26    66     6     4     1     1     0.00000000
   0.060    26    67     6     4     2    -1     0.00000000
   0.060    26    68     6     2     1     1    -0.00000000
   0.060    26    69     6     2     2    -1    -0.00000000
   0.060    26    70     6     6     2     1    -0.00000000
   0.060    26    71     6     6     3    -1     0.00000000
   0.060    26    72     6     4     2     1     0.00000000
   0.060    26    73     6     4     3    -1     0.00000000
   0.060    26    74     6     2     2     1     0.00000000
   0.060    26    75     6     6     3     1     0.00000000
   0.060    26    76     6     6     4    -1     0.00000000
   0.060    26    77     6     4     3     1    -0.00000000
   0.060    26    78     6     4     4    -1    -0.00000000
   0.060    26    79     6     6     4     1     0.00000000
   0.060    26    80     6     6     5    -1    -0.00000000
   0.060    26    81     6     4     4     1    -0.00000000
   0.060    26    82     6     6     5     1    -0.00000000
   0.060    26    83     6     6     6    -1    -0.00000000
   0.060    26    84     6     6     6     1     0.00000000
   0.060    26    85     7     7     0     1     0.00000000
   0.060    26    86     7     7     1    -1    -0.00000000
   0.060    26    87     7     5     0     1    -0.00000000
   0.060    26    88     7     5     1    -1    -0.00000000
   0.060    26    89     7     3     0     1    -0.00000000
   0.060    26    90     7     3     1    -1    -0.00000000
   0.060    26    91     7     1     0     1    -0.00000000
   0.060    26    92     7     1     1    -1    -0.00000000
   0.060    26    93     7     7     1     1     0.00000000
   0.060    26    94     7     7     2    -1    -0.00000000
   0.060    26    95     7     5     1     1     0.00000000
   0.060    26    96     7     5     2    -1     0.00000000
   0.060    26    97     7     3     1     1    -0.00000000
   0.060    26    98     7     3     2    -1     0.00000000
   0.060    26    99     7     1     1     1     0.00000000
   0.060    26   100     7     7     2     1     0.00000000
   0.060    26   101     7     7     3    -1     0.00000000
   0.060    26   102     7     5     2     1    -0.00000000
   0.060    26   103     7     5     3    -1     0.00000000
   0.060    26   104     7     3     2     1    -0.00000000
   0.060    26   105     7     3     3    -1    -0.00000000
   0.060    26   106     7     7     3     1     0.00000000
   0.060    26   107     7     7     4    -1     0.00000000
   0.060    26   108     7     5     3     1    -0.00000000
   0.060    26   109     7     5     4    -1     0.00000000
   0.060    26   110     7     3     3     1    -0.00000000
   0.060    26   111     7     7     4     1     0.00000000
   0.060    26   112     7     7     5    -1     0.00000000
   0.060    26   113     7     5     4     1     0.00000000
   0.060    26   114     7     5     5    -1     0.00000000
   0.060    26   115     7     7     5     1     0.00000000
   0.060    26   116     7     7     6    -1     0.00000000
   0.060    26   117     7     5     5     1     0.00000000
   0.060    26   118     7     7     6     1     0.00000000
   0.060    26   119     7     7     7    -1     0.00000000
   0.060    26   120     7     7     7     1     0.00000000
   0.060    27     1     0     0     0     1    -0.00000000
   0.060    27     2     1     1     0     1     0.00000000
   0.060    27     3     1     1     1    -1    -0.00000000
   0.060    27     4     1     1     1     1     0.00000000
   0.060    27     5     2     2     0     1     0.00000000
   0.060    27     6     2     2     1    -1    -0.00000000
   0.060    27     7     2     0     0     1     0.00000000
   0.060    27     8     2     2     1     1     0.00585886
   0.060    27     9     2     2     2    -1    -0.00491285
   0.060    27    10     2     2     2     1    -0.00000000
   0.060    27    11     3     3     0     1     0.00000000
   0.060    27    12     3     3     1    -1     0.00000000
   0.060    27    13     3     1     0     1    -0.00000000
   0.060    27    14     3     1     1    -1     0.00000000
   0.060    27    15     3     3     1     1     0.00000000
   0.060    27    16     3     3     2    -1    -0.00000000
   0.060    27    17     3     1     1     1     0.00000000
   0.060    27    18     3     3     2     1    -0.00000000
   0.060    27    19     3     3     3    -1     0.00000000
   0.060    27    20     3     3     3     1    -0.00000000
   0.060    27    21     4     4     0     1    -0.00000000
   0.060    27    22     4     4     1    -1     0.00000000
   0.060    27    23     4     2     0     1     0.00000000
   0.060    27    24     4     2     1    -1     0.00000000
   0.060    27    25     4     0     0     1    -0.00000000
   0.060    27    26     4     4     1     1    -0.00469276
   0.060    27    27     4     4     2    -1     0.00897680
   0.060    27    28     4     2     1     1    -0.94142657
   0.060    27    29     4     2     2    -1    -0.33595159
   0.060    27    30     4     4     2     1     0.00000000
   0.060    27    31     4     4     3    -1    -0.00000000
   0.060    27    32     4     2     2     1    -0.00000000
   0.060    27    33     4     4     3     1    -0.00000000
   0.060    27    34     4     4     4    -1    -0.00000000
   0.060    27    35     4     4     4     1    -0.00000000
   0.060    27    36     5     5     0     1     0.00000000
   0.060    27    37     5     5     1    -1     0.00000000
   0.060    27    38     5     3     0     1    -0.00000000
   0.060    27    39     5     3     1    -1    -0.00000000
   0.060    27    40     5     1     0     1    -0.00000000
   0.060    27    41     5     1     1    -1    -0.00000000
   0.060    27    42     5     5     1     1    -0.00000000
   0.060    27    43     5     5     2    -1     0.00000000
   0.060    27    44     5     3     1     1    -0.00000000
   0.060    27    45     5     3     2    -1     0.00000000
   0.060    27    46     5     1     1     1    -0.00000000
   0.060    27    47     5     5     2     1     0.00000000
   0.060    27    48     5     5     3    -1    -0.00000000
   0.060    27    49     5     3     2     1    -0.00000000
   0.060    27    50     5     3     3    -1     0.00000000
   0.060    27    51     5     5     3     1     0.00000000
   0.060    27    52     5     5     4    -1     0.00000000
   0.060    27    53     5     3     3     1     0.00000000
   0.060    27    54     5     5     4     1     0.00000000
   0.060    27    55     5     5     5    -1    -0.00000000
   0.060    27    56     5     5     5     1     0.00000000
   0.060    27    57     6     6     0     1    -0.00000000
   0.060    27    58     6     6     1    -1     0.00000000
   0.060    27    59     6     4     0     1    -0.00000000
   0.060    27    60     6     4     1    -1     0.00000000
   0.060    27    61     6     2     0     1    -0.00000000
   0.060    27    62     6     2     1    -1     0.00000000
   0.060    27    63     6     0     0     1     0.00000000
   0.060    27    64     6     6     1     1    -0.00006661
   0.060    27    65     6     6     2    -1     0.00014055
   0.060    27    66     6     4     1     1    -0.02343962
   0.060    27    67     6     4     2    -1    -0.00770430
   0.060    27    68     6     2     1     1    -0.00777527
   0.060    27    69     6     2     2    -1     0.00471317
   0.060    27    70     6     6     2     1    -0.00000000
   0.060    27    71     6     6     3    -1    -0.00000000
   0.060    27    72     6     4     2     1     0.00000000
   0.060    27    73     6     4     3    -1    -0.00000000
   0.060    27    74     6     2     2     1    -0.00000000
   0.060    27    75     6     6     3     1    -0.00000000
   0.060    27    76     6     6     4    -1    -0.00000000
   0.060    27    77     6     4     3     1     0.00000000
   0.060    27    78     6     4     4    -1    -0.00000000
   0.060    27    79     6     6     4     1     0.00000000
   0.060    27    80     6     6     5    -1     0.00000000
   0.060    27    81     6     4     4     1    -0.00000000
   0.060    27    82     6     6     5     1    -0.00000000
   0.060    27    83     6     6     6    -1     0.00000000
   0.060    27    84     6     6     6     1    -0.00000000
   0.060    27    85     7     7     0     1     0.00000000
   0.060    27    86     7     7     1    -1    -0.00000000
   0.060    27    87     7     5     0     1    -0.00000000
   0.060    27    88     7     5     1    -1     0.00000000
   0.060    27    89     7     3     0     1    -0.00000000
   0.060    27    90     7     3     1    -1    -0.00000000
   0.060    27    91     7     1     0     1    -0.00000000
   0.060    27    92     7     1     1    -1    -0.00000000
   0.060    27    93     7     7     1     1     0.00000000
   0.060    27    94     7     7     2    -1     0.00000000
   0.060    27    95     7     5     1     1     0.00000000
   0.060    27    96     7     5     2    -1     0.00000000
   0.060    27    97     7     3     1     1    -0.00000000
   0.060    27    98     7     3     2    -1     0.00000000
   0.060    27    99     7     1     1     1    -0.00000000
   0.060    27   100     7     7     2     1     0.00000000
   0.060    27   101     7     7     3    -1     0.00000000
   0.060    27   102     7     5     2     1     0.00000000
   0.060    27   103     7     5     3    -1    -0.00000000
   0.060    27   104     7     3     2     1     0.00000000
   0.060    27   105     7     3     3    -1    -0.00000000
   0.060    27   106     7     7     3     1    -0.00000000
   0.060    27   107     7     7     4    -1    -0.00000000
   0.060    27   108     7     5     3     1     0.00000000
   0.060    27   109     7     5     4    -1    -0.00000000
   0.060    27   110     7     3     3     1     0.00000000
   0.060    27   111     7     7     4     1    -0.00000000
   0.060    27   112     7     7     5    -1    -0.00000000
   0.060    27   113     7     5     4     1    -0.00000000
   0.060    27   114     7     5     5    -1    -0.00000000
   0.060    27   115     7     7     5     1     0.00000000
   0.060    27   116     7     7     6    -1     0.00000000
   0.060    27   117     7     5     5     1     0.00000000
   0.060    27   118     7     7     6     1     0.00000000
   0.060    27   119     7     7     7    -1     0.00000000
   0.060    27   120     7     7     7     1     0.00000000
   0.060    28     1     0     0     0     1     0.00004873
   0.060    28     2     1     1     0     1    -0.00000000
   0.060    28     3     1     1     1    -1     0.00000000
   0.060    28     4     1     1     1     1    -0.00000000
   0.060    28     5     2     2     0     1    -0.00913834
   0.060    28     6     2     2     1    -1     0.00985629
   0.060    28     7     2     0     0     1     0.00004585
   0.060    28     8     2     2     1     1     0.00000000
   0.060    28     9     2     2     2    -1    -0.00000000
   0.060    28    10     2     2     2     1    -0.00000000
   0.060    28    11     3     3     0     1     0.00000000
   0.060    28    12     3     3     1    -1    -0.00000000
   0.060    28    13     3     1     0     1     0.00000000
   0.060    28    14     3     1     1    -1     0.00000000
   0.060    28    15     3     3     1     1    -0.00000000
   0.060    28    16     3     3     2    -1     0.00000000
   0.060    28    17     3     1     1     1    -0.00000000
   0.060    28    18     3     3     2     1    -0.00000000
   0.060    28    19     3     3     3    -1     0.00000000
   0.060    28    20     3     3     3     1     0.00000000
   0.060    28    21     4     4     0     1     0.65926919
   0.060    28    22     4     4     1    -1    -0.75143984
   0.060    28    23     4     2     0     1    -0.00195610
   0.060    28    24     4     2     1    -1    -0.00410395
   0.060    28    25     4     0     0     1     0.00065513
   0.060    28    26     4     4     1     1    -0.00000000
   0.060    28    27     4     4     2    -1     0.00000000
   0.060    28    28     4     2     1     1    -0.00000000
   0.060    28    29     4     2     2    -1    -0.00000000
   0.060    28    30     4     4     2     1     0.00000000
   0.060    28    31     4     4     3    -1    -0.00000000
   0.060    28    32     4     2     2     1    -0.00000000
   0.060    28    33     4     4     3     1     0.00000000
   0.060    28    34     4     4     4    -1     0.00000000
   0.060    28    35     4     4     4     1    -0.00000000
   0.060    28    36     5     5     0     1     0.00000000
   0.060    28    37     5     5     1    -1    -0.00000000
   0.060    28    38     5     3     0     1     0.00000000
   0.060    28    39     5     3     1    -1     0.00000000
   0.060    28    40     5     1     0     1    -0.00000000
   0.060    28    41     5     1     1    -1     0.00000000
   0.060    28    42     5     5     1     1     0.00000000
   0.060    28    43     5     5     2    -1    -0.00000000
   0.060    28    44     5     3     1     1     0.00000000
   0.060    28    45     5     3     2    -1    -0.00000000
   0.060    28    46     5     1     1     1    -0.00000000
   0.060    28    47     5     5     2     1    -0.00000000
   0.060    28    48     5     5     3    -1    -0.00000000
   0.060    28    49     5     3     2     1    -0.00000000
   0.060    28    50     5     3     3    -1     0.00000000
   0.060    28    51     5     5     3     1    -0.00000000
   0.060    28    52     5     5     4    -1    -0.00000000
   0.060    28    53     5     3     3     1    -0.00000000
   0.060    28    54     5     5     4     1     0.00000000
   0.060    28    55     5     5     5    -1    -0.00000000
   0.060    28    56     5     5     5     1     0.00000000
   0.060    28    57     6     6     0     1     0.01128862
   0.060    28    58     6     6     1    -1    -0.01252517
   0.060    28    59     6     4     0     1     0.00824797
   0.060    28    60     6     4     1    -1    -0.00776338
   0.060    28    61     6     2     0     1     0.00661493
   0.060    28    62     6     2     1    -1    -0.00664626
   0.060    28    63     6     0     0     1    -0.00003802
   0.060    28    64     6     6     1     1     0.00000000
   0.060    28    65     6     6     2    -1     0.00000000
   0.060    28    66     6     4     1     1    -0.00000000
   0.060    28    67     6     4     2    -1    -0.00000000
   0.060    28    68     6     2     1     1    -0.00000000
   0.060    28    69     6     2     2    -1     0.00000000
   0.060    28    70     6     6     2     1     0.00000000
   0.060    28    71     6     6     3    -1    -0.00000000
   0.060    28    72     6     4     2     1    -0.00000000
   0.060    28    73     6     4     3    -1    -0.00000000
   0.060    28    74     6     2     2     1    -0.00000000
   0.060    28    75     6     6     3     1     0.00000000
   0.060    28    76     6     6     4    -1     0.00000000
   0.060    28    77     6     4     3     1     0.00000000
   0.060    28    78     6     4     4    -1     0.00000000
   0.060    28    79     6     6     4     1    -0.00000000
   0.060    28    80     6     6     5    -1     0.00000000
   0.060    28    81     6     4     4     1     0.00000000
   0.060    28    82     6     6     5     1     0.00000000
   0.060    28    83     6     6     6    -1     0.00000000
   0.060    28    84     6     6     6     1    -0.00000000
   0.060    28    85     7     7     0     1    -0.00000000
   0.060    28    86     7     7     1    -1    -0.00000000
   0.060    28    87     7     5     0     1     0.00000000
   0.060    28    88     7     5     1    -1     0.00000000
   0.060    28    89     7     3     0     1    -0.00000000
   0.060    28    90     7     3     1    -1     0.00000000
   0.060    28    91     7     1     0     1    -0.00000000
   0.060    28    92     7     1     1    -1    -0.00000000
   0.060    28    93     7     7     1     1     0.00000000
   0.060    28    94     7     7     2    -1     0.00000000
   0.060    28    95     7     5     1     1    -0.00000000
   0.060    28    96     7     5     2    -1    -0.00000000
   0.060    28    97     7     3     1     1    -0.00000000
   0.060    28    98     7     3     2    -1    -0.00000000
   0.060    28    99     7     1     1     1     0.00000000
   0.060    28   100     7     7     2     1     0.00000000
   0.060    28   101     7     7     3    -1     0.00000000
   0.060    28   102     7     5     2     1     0.00000000
   0.060    28   103     7     5     3    -1     0.00000000
   0.060    28   104     7     3     2     1    -0.00000000
   0.060    28   105     7     3     3    -1    -0.00000000
   0.060    28   106     7     7     3     1     0.00000000
   0.060    28   107     7     7     4    -1     0.00000000
   0.060    28   108     7     5     3     1    -0.00000000
   0.060    28   109     7     5     4    -1     0.00000000
   0.060    28   110     7     3     3     1    -0.00000000
   0.060    28   111     7     7     4     1    -0.00000000
   0.060    28   112     7     7     5    -1    -0.00000000
   0.060    28   113     7     5     4     1    -0.00000000
   0.060    28   114     7     5     5    -1    -0.00000000
   0.060    28   115     7     7     5     1     0.00000000
   0.060    28   116     7     7     6    -1     0.00000000
   0.060    28   117     7     5     5     1     0.00000000
   0.060    28   118     7     7     6     1     0.00000000
   0.060    28   119     7     7     7    -1     0.00000000
   0.060    28   120     7     7     7     1     0.00000000
   0.060    29     1     0     0     0     1    -0.00000000
   0.060    29     2     1     1     0     1    -0.00000000
   0.060    29     3     1     1     1    -1    -0.00000000
   0.060    29     4     1     1     1     1    -0.00000000
   0.060    29     5     2     2     0     1    -0.00000000
   0.060    29     6     2     2     1    -1     0.00000000
   0.060    29     7     2     0     0     1     0.00000000
   0.060    29     8     2     2     1     1    -0.00671067
   0.060    29     9     2     2     2    -1     0.00792958
   0.060    29    10     2     2     2     1     0.00000000
   0.060    29    11     3     3     0     1     0.00000000
   0.060    29    12     3     3     1    -1    -0.00000000
   0.060    29    13     3     1     0     1     0.00000000
   0.060    29    14     3     1     1    -1    -0.00000000
   0.060    29    15     3     3     1     1     0.00000000
   0.060    29    16     3     3     2    -1    -0.00000000
   0.060    29    17     3     1     1     1     0.00000000
   0.060    29    18     3     3     2     1    -0.00000000
   0.060    29    19     3     3     3    -1     0.00000000
   0.060    29    20     3     3     3     1     0.00000000
   0.060    29    21     4     4     0     1     0.00000000
   0.060    29    22     4     4     1    -1    -0.00000000
   0.060    29    23     4     2     0     1    -0.00000000
   0.060    29    24     4     2     1    -1    -0.00000000
   0.060    29    25     4     0     0     1    -0.00000000
   0.060    29    26     4     4     1     1     0.55521863
   0.060    29    27     4     4     2    -1    -0.83136921
   0.060    29    28     4     2     1     1    -0.00951034
   0.060    29    29     4     2     2    -1    -0.00409329
   0.060    29    30     4     4     2     1    -0.00000000
   0.060    29    31     4     4     3    -1     0.00000000
   0.060    29    32     4     2     2     1     0.00000000
   0.060    29    33     4     4     3     1     0.00000000
   0.060    29    34     4     4     4    -1    -0.00000000
   0.060    29    35     4     4     4     1    -0.00000000
   0.060    29    36     5     5     0     1     0.00000000
   0.060    29    37     5     5     1    -1     0.00000000
   0.060    29    38     5     3     0     1     0.00000000
   0.060    29    39     5     3     1    -1     0.00000000
   0.060    29    40     5     1     0     1     0.00000000
   0.060    29    41     5     1     1    -1     0.00000000
   0.060    29    42     5     5     1     1    -0.00000000
   0.060    29    43     5     5     2    -1     0.00000000
   0.060    29    44     5     3     1     1    -0.00000000
   0.060    29    45     5     3     2    -1    -0.00000000
   0.060    29    46     5     1     1     1    -0.00000000
   0.060    29    47     5     5     2     1     0.00000000
   0.060    29    48     5     5     3    -1    -0.00000000
   0.060    29    49     5     3     2     1     0.00000000
   0.060    29    50     5     3     3    -1    -0.00000000
   0.060    29    51     5     5     3     1    -0.00000000
   0.060    29    52     5     5     4    -1    -0.00000000
   0.060    29    53     5     3     3     1    -0.00000000
   0.060    29    54     5     5     4     1    -0.00000000
   0.060    29    55     5     5     5    -1     0.00000000
   0.060    29    56     5     5     5     1     0.00000000
   0.060    29    57     6     6     0     1     0.00000000
   0.060    29    58     6     6     1    -1    -0.00000000
   0.060    29    59     6     4     0     1    -0.00000000
   0.060    29    60     6     4     1    -1    -0.00000000
   0.060    29    61     6     2     0     1     0.00000000
   0.060    29    62     6     2     1    -1    -0.00000000
   0.060    29    63     6     0     0     1     0.00000000
   0.060    29    64     6     6     1     1     0.00913975
   0.060    29    65     6     6     2    -1    -0.01252379
   0.060    29    66     6     4     1     1     0.00619448
   0.060    29    67     6     4     2    -1    -0.00372845
   0.060    29    68     6     2     1     1     0.00515962
   0.060    29    69     6     2     2    -1    -0.00480779
   0.060    29    70     6     6     2     1    -0.00000000
   0.060    29    71     6     6     3    -1    -0.00000000
   0.060    29    72     6     4     2     1    -0.00000000
   0.060    29    73     6     4     3    -1    -0.00000000
   0.060    29    74     6     2     2     1     0.00000000
   0.060    29    75     6     6     3     1    -0.00000000
   0.060    29    76     6     6     4    -1    -0.00000000
   0.060    29    77     6     4     3     1     0.00000000
   0.060    29    78     6     4     4    -1     0.00000000
   0.060    29    79     6     6     4     1     0.00000000
   0.060    29    80     6     6     5    -1     0.00000000
   0.060    29    81     6     4     4     1     0.00000000
   0.060    29    82     6     6     5     1    -0.00000000
   0.060    29    83     6     6     6    -1    -0.00000000
   0.060    29    84     6     6     6     1     0.00000000
   0.060    29    85     7     7     0     1    -0.00000000
   0.060    29    86     7     7     1    -1     0.00000000
   0.060    29    87     7     5     0     1    -0.00000000
   0.060    29    88     7     5     1    -1    -0.00000000
   0.060    29    89     7     3     0     1     0.00000000
   0.060    29    90     7     3     1    -1     0.00000000
   0.060    29    91     7     1     0     1     0.00000000
   0.060    29    92     7     1     1    -1     0.00000000
   0.060    29    93     7     7     1     1    -0.00000000
   0.060    29    94     7     7     2    -1    -0.00000000
   0.060    29    95     7     5     1     1     0.00000000
   0.060    29    96     7     5     2    -1    -0.00000000
   0.060    29    97     7     3     1     1    -0.00000000
   0.060    29    98     7     3     2    -1     0.00000000
   0.060    29    99     7     1     1     1    -0.00000000
   0.060    29   100     7     7     2     1     0.00000000
   0.060    29   101     7     7     3    -1    -0.00000000
   0.060    29   102     7     5     2     1     0.00000000
   0.060    29   103     7     5     3    -1    -0.00000000
   0.060    29   104     7     3     2     1     0.00000000
   0.060    29   105     7     3     3    -1    -0.00000000
   0.060    29   106     7     7     3     1     0.00000000
   0.060    29   107     7     7     4    -1     0.00000000
   0.060    29   108     7     5     3     1    -0.00000000
   0.060    29   109     7     5     4    -1     0.00000000
   0.060    29   110     7     3     3     1    -0.00000000
   0.060    29   111     7     7     4     1     0.00000000
   0.060    29   112     7     7     5    -1     0.00000000
   0.060    29   113     7     5     4     1     0.00000000
   0.060    29   114     7     5     5    -1     0.00000000
   0.060    29   115     7     7     5     1     0.00000000
   0.060    29   116     7     7     6    -1     0.00000000
   0.060    29   117     7     5     5     1     0.00000000
   0.060    29   118     7     7     6     1     0.00000000
   0.060    29   119     7     7     7    -1     0.00000000
   0.060    29   120     7     7     7     1     0.00000000
   0.060    30     1     0     0     0     1    -0.00000000
   0.060    30     2     1     1     0     1     0.00000000
   0.060    30     3     1     1     1    -1    -0.00000000
   0.060    30     4     1     1     1     1    -0.00000000
   0.060    30     5     2     2     0     1    -0.00000000
   0.060    30     6     2     2     1    -1     0.00000000
   0.060    30     7     2     0     0     1     0.00000000
   0.060    30     8     2     2     1     1     0.00000000
   0.060    30     9     2     2     2    -1    -0.00000000
   0.060    30    10     2     2     2     1     0.00342841
   0.060    30    11     3     3     0     1    -0.00000000
   0.060    30    12     3     3     1    -1    -0.00000000
   0.060    30    13     3     1     0     1    -0.00000000
   0.060    30    14     3     1     1    -1     0.00000000
   0.060    30    15     3     3     1     1     0.00000000
   0.060    30    16     3     3     2    -1    -0.00000000
   0.060    30    17     3     1     1     1    -0.00000000
   0.060    30    18     3     3     2     1     0.00000000
   0.060    30    19     3     3     3    -1    -0.00000000
   0.060    30    20     3     3     3     1    -0.00000000
   0.060    30    21     4     4     0     1     0.00000000
   0.060    30    22     4     4     1    -1     0.00000000
   0.060    30    23     4     2     0     1    -0.00000000
   0.060    30    24     4     2     1    -1    -0.00000000
   0.060    30    25     4     0     0     1     0.00000000
   0.060    30    26     4     4     1     1     0.00000000
   0.060    30    27     4     4     2    -1     0.00000000
   0.060    30    28     4     2     1     1    -0.00000000
   0.060    30    29     4     2     2    -1    -0.00000000
   0.060    30    30     4     4     2     1    -0.43783713
   0.060    30    31     4     4     3    -1     0.89892866
   0.060    30    32     4     2     2     1    -0.00376584
   0.060    30    33     4     4     3     1    -0.00000000
   0.060    30    34     4     4     4    -1     0.00000000
   0.060    30    35     4     4     4     1     0.00000000
   0.060    30    36     5     5     0     1     0.00000000
   0.060    30    37     5     5     1    -1     0.00000000
   0.060    30    38     5     3     0     1     0.00000000
   0.060    30    39     5     3     1    -1    -0.00000000
   0.060    30    40     5     1     0     1     0.00000000
   0.060    30    41     5     1     1    -1     0.00000000
   0.060    30    42     5     5     1     1    -0.00000000
   0.060    30    43     5     5     2    -1     0.00000000
   0.060    30    44     5     3     1     1     0.00000000
   0.060    30    45     5     3     2    -1    -0.00000000
   0.060    30    46     5     1     1     1     0.00000000
   0.060    30    47     5     5     2     1    -0.00000000
   0.060    30    48     5     5     3    -1     0.00000000
   0.060    30    49     5     3     2     1     0.00000000
   0.060    30    50     5     3     3    -1     0.00000000
   0.060    30    51     5     5     3     1    -0.00000000
   0.060    30    52     5     5     4    -1     0.00000000
   0.060    30    53     5     3     3     1    -0.00000000
   0.060    30    54     5     5     4     1    -0.00000000
   0.060    30    55     5     5     5    -1     0.00000000
   0.060    30    56     5     5     5     1     0.00000000
   0.060    30    57     6     6     0     1     0.00000000
   0.060    30    58     6     6     1    -1     0.00000000
   0.060    30    59     6     4     0     1     0.00000000
   0.060    30    60     6     4     1    -1    -0.00000000
   0.060    30    61     6     2     0     1    -0.00000000
   0.060    30    62     6     2     1    -1     0.00000000
   0.060    30    63     6     0     0     1    -0.00000000
   0.060    30    64     6     6     1     1     0.00000000
   0.060    30    65     6     6     2    -1     0.00000000
   0.060    30    66     6     4     1     1     0.00000000
   0.060    30    67     6     4     2    -1    -0.00000000
   0.060    30    68     6     2     1     1     0.00000000
   0.060    30    69     6     2     2    -1    -0.00000000
   0.060    30    70     6     6     2     1    -0.00643088
   0.060    30    71     6     6     3    -1     0.01100169
   0.060    30    72     6     4     2     1    -0.00321864
   0.060    30    73     6     4     3    -1    -0.00431071
   0.060    30    74     6     2     2     1    -0.00293867
   0.060    30    75     6     6     3     1     0.00000000
   0.060    30    76     6     6     4    -1     0.00000000
   0.060    30    77     6     4     3     1    -0.00000000
   0.060    30    78     6     4     4    -1    -0.00000000
   0.060    30    79     6     6     4     1     0.00000000
   0.060    30    80     6     6     5    -1     0.00000000
   0.060    30    81     6     4     4     1     0.00000000
   0.060    30    82     6     6     5     1    -0.00000000
   0.060    30    83     6     6     6    -1     0.00000000
   0.060    30    84     6     6     6     1     0.00000000
   0.060    30    85     7     7     0     1     0.00000000
   0.060    30    86     7     7     1    -1     0.00000000
   0.060    30    87     7     5     0     1    -0.00000000
   0.060    30    88     7     5     1    -1    -0.00000000
   0.060    30    89     7     3     0     1     0.00000000
   0.060    30    90     7     3     1    -1    -0.00000000
   0.060    30    91     7     1     0     1     0.00000000
   0.060    30    92     7     1     1    -1     0.00000000
   0.060    30    93     7     7     1     1     0.00000000
   0.060    30    94     7     7     2    -1    -0.00000000
   0.060    30    95     7     5     1     1    -0.00000000
   0.060    30    96     7     5     2    -1    -0.00000000
   0.060    30    97     7     3     1     1     0.00000000
   0.060    30    98     7     3     2    -1    -0.00000000
   0.060    30    99     7     1     1     1    -0.00000000
   0.060    30   100     7     7     2     1    -0.00000000
   0.060    30   101     7     7     3    -1    -0.00000000
   0.060    30   102     7     5     2     1    -0.00000000
   0.060    30   103     7     5     3    -1    -0.00000000
   0.060    30   104     7     3     2     1    -0.00000000
   0.060    30   105     7     3     3    -1    -0.00000000
   0.060    30   106     7     7     3     1     0.00000000
   0.060    30   107     7     7     4    -1     0.00000000
   0.060    30   108     7     5     3     1    -0.00000000
   0.060    30   109     7     5     4    -1    -0.00000000
   0.060    30   110     7     3     3     1     0.00000000
   0.060    30   111     7     7     4     1     0.00000000
   0.060    30   112     7     7     5    -1     0.00000000
   0.060    30   113     7     5     4     1     0.00000000
   0.060    30   114     7     5     5    -1     0.00000000
   0.060    30   115     7     7     5     1     0.00000000
   0.060    30   116     7     7     6    -1     0.00000000
   0.060    30   117     7     5     5     1     0.00000000
   0.060    30   118     7     7     6     1     0.00000000
   0.060    30   119     7     7     7    -1     0.00000000
   0.060    30   120     7     7     7     1     0.00000000
   0.060    31     1     0     0     0     1    -0.00000000
   0.060    31     2     1     1     0     1     0.00000000
   0.060    31     3     1     1     1    -1     0.00000000
   0.060    31     4     1     1     1     1     0.00000000
   0.060    31     5     2     2     0     1    -0.00000000
   0.060    31     6     2     2     1    -1    -0.00000000
   0.060    31     7     2     0     0     1    -0.00000000
   0.060    31     8     2     2     1     1     0.00000000
   0.060    31     9     2     2     2    -1    -0.00000000
   0.060    31    10     2     2     2     1     0.01133059
   0.060    31    11     3     3     0     1    -0.00000000
   0.060    31    12     3     3     1    -1     0.00000000
   0.060    31    13     3     1     0     1     0.00000000
   0.060    31    14     3     1     1    -1     0.00000000
   0.060    31    15     3     3     1     1    -0.00000000
   0.060    31    16     3     3     2    -1    -0.00000000
   0.060    31    17     3     1     1     1     0.00000000
   0.060    31    18     3     3     2     1     0.00000000
   0.060    31    19     3     3     3    -1    -0.00000000
   0.060    31    20     3     3     3     1    -0.00000000
   0.060    31    21     4     4     0     1     0.00000000
   0.060    31    22     4     4     1    -1     0.00000000
   0.060    31    23     4     2     0     1     0.00000000
   0.060    31    24     4     2     1    -1     0.00000000
   0.060    31    25     4     0     0     1     0.00000000
   0.060    31    26     4     4     1     1    -0.00000000
   0.060    31    27     4     4     2    -1    -0.00000000
   0.060    31    28     4     2     1     1     0.00000000
   0.060    31    29     4     2     2    -1     0.00000000
   0.060    31    30     4     4     2     1    -0.00180201
   0.060    31    31     4     4     3    -1     0.00328370
   0.060    31    32     4     2     2     1     0.99962126
   0.060    31    33     4     4     3     1    -0.00000000
   0.060    31    34     4     4     4    -1     0.00000000
   0.060    31    35     4     4     4     1     0.00000000
   0.060    31    36     5     5     0     1     0.00000000
   0.060    31    37     5     5     1    -1     0.00000000
   0.060    31    38     5     3     0     1    -0.00000000
   0.060    31    39     5     3     1    -1    -0.00000000
   0.060    31    40     5     1     0     1    -0.00000000
   0.060    31    41     5     1     1    -1    -0.00000000
   0.060    31    42     5     5     1     1    -0.00000000
   0.060    31    43     5     5     2    -1     0.00000000
   0.060    31    44     5     3     1     1    -0.00000000
   0.060    31    45     5     3     2    -1    -0.00000000
   0.060    31    46     5     1     1     1     0.00000000
   0.060    31    47     5     5     2     1    -0.00000000
   0.060    31    48     5     5     3    -1     0.00000000
   0.060    31    49     5     3     2     1    -0.00000000
   0.060    31    50     5     3     3    -1    -0.00000000
   0.060    31    51     5     5     3     1    -0.00000000
   0.060    31    52     5     5     4    -1     0.00000000
   0.060    31    53     5     3     3     1    -0.00000000
   0.060    31    54     5     5     4     1    -0.00000000
   0.060    31    55     5     5     5    -1     0.00000000
   0.060    31    56     5     5     5     1     0.00000000
   0.060    31    57     6     6     0     1     0.00000000
   0.060    31    58     6     6     1    -1     0.00000000
   0.060    31    59     6     4     0     1    -0.00000000
   0.060    31    60     6     4     1    -1    -0.00000000
   0.060    31    61     6     2     0     1     0.00000000
   0.060    31    62     6     2     1    -1     0.00000000
   0.060    31    63     6     0     0     1    -0.00000000
   0.060    31    64     6     6     1     1     0.00000000
   0.060    31    65     6     6     2    -1    -0.00000000
   0.060    31    66     6     4     1     1    -0.00000000
   0.060    31    67     6     4     2    -1    -0.00000000
   0.060    31    68     6     2     1     1     0.00000000
   0.060    31    69     6     2     2    -1    -0.00000000
   0.060    31    70     6     6     2     1    -0.00002846
   0.060    31    71     6     6     3    -1     0.00003957
   0.060    31    72     6     4     2     1     0.01802912
   0.060    31    73     6     4     3    -1     0.00175872
   0.060    31    74     6     2     2     1    -0.01693429
   0.060    31    75     6     6     3     1     0.00000000
   0.060    31    76     6     6     4    -1     0.00000000
   0.060    31    77     6     4     3     1     0.00000000
   0.060    31    78     6     4     4    -1    -0.00000000
   0.060    31    79     6     6     4     1     0.00000000
   0.060    31    80     6     6     5    -1     0.00000000
   0.060    31    81     6     4     4     1     0.00000000
   0.060    31    82     6     6     5     1     0.00000000
   0.060    31    83     6     6     6    -1    -0.00000000
   0.060    31    84     6     6     6     1    -0.00000000
   0.060    31    85     7     7     0     1     0.00000000
   0.060    31    86     7     7     1    -1     0.00000000
   0.060    31    87     7     5     0     1     0.00000000
   0.060    31    88     7     5     1    -1    -0.00000000
   0.060    31    89     7     3     0     1    -0.00000000
   0.060    31    90     7     3     1    -1     0.00000000
   0.060    31    91     7     1     0     1    -0.00000000
   0.060    31    92     7     1     1    -1    -0.00000000
   0.060    31    93     7     7     1     1    -0.00000000
   0.060    31    94     7     7     2    -1    -0.00000000
   0.060    31    95     7     5     1     1    -0.00000000
   0.060    31    96     7     5     2    -1    -0.00000000
   0.060    31    97     7     3     1     1    -0.00000000
   0.060    31    98     7     3     2    -1    -0.00000000
   0.060    31    99     7     1     1     1    -0.00000000
   0.060    31   100     7     7     2     1     0.00000000
   0.060    31   101     7     7     3    -1     0.00000000
   0.060    31   102     7     5     2     1     0.00000000
   0.060    31   103     7     5     3    -1     0.00000000
   0.060    31   104     7     3     2     1    -0.00000000
   0.060    31   105     7     3     3    -1     0.00000000
   0.060    31   106     7     7     3     1    -0.00000000
   0.060    31   107     7     7     4    -1    -0.00000000
   0.060    31   108     7     5     3     1    -0.00000000
   0.060    31   109     7     5     4    -1    -0.00000000
   0.060    31   110     7     3     3     1     0.00000000
   0.060    31   111     7     7     4     1     0.00000000
   0.060    31   112     7     7     5    -1     0.00000000
   0.060    31   113     7     5     4     1     0.00000000
   0.060    31   114     7     5     5    -1     0.00000000
   0.060    31   115     7     7     5     1     0.00000000
   0.060    31   116     7     7     6    -1     0.00000000
   0.060    31   117     7     5     5     1     0.00000000
   0.060    31   118     7     7     6     1     0.00000000
   0.060    31   119     7     7     7    -1     0.00000000
   0.060    31   120     7     7     7     1     0.00000000
   0.060    32     1     0     0     0     1     0.00000000
   0.060    32     2     1     1     0     1    -0.00000000
   0.060    32     3     1     1     1    -1    -0.00000000
   0.060    32     4     1     1     1     1    -0.00000000
   0.060    32     5     2     2     0     1    -0.00000000
   0.060    32     6     2     2     1    -1    -0.00000000
   0.060    32     7     2     0     0     1     0.00000000
   0.060    32     8     2     2     1     1     0.00000000
   0.060    32     9     2     2     2    -1    -0.00000000
   0.060    32    10     2     2     2     1     0.00000000
   0.060    32    11     3     3     0     1    -0.00000000
   0.060    32    12     3     3     1    -1     0.00000000
   0.060    32    13     3     1     0     1    -0.00000000
   0.060    32    14     3     1     1    -1    -0.00000000
   0.060    32    15     3     3     1     1     0.00000000
   0.060    32    16     3     3     2    -1     0.00000000
   0.060    32    17     3     1     1     1    -0.00000000
   0.060    32    18     3     3     2     1     0.00000000
   0.060    32    19     3     3     3    -1    -0.00000000
   0.060    32    20     3     3     3     1    -0.00000000
   0.060    32    21     4     4     0     1     0.00000000
   0.060    32    22     4     4     1    -1     0.00000000
   0.060    32    23     4     2     0     1    -0.00000000
   0.060    32    24     4     2     1    -1     0.00000000
   0.060    32    25     4     0     0     1    -0.00000000
   0.060    32    26     4     4     1     1     0.00000000
   0.060    32    27     4     4     2    -1     0.00000000
   0.060    32    28     4     2     1     1    -0.00000000
   0.060    32    29     4     2     2    -1     0.00000000
   0.060    32    30     4     4     2     1    -0.00000000
   0.060    32    31     4     4     3    -1     0.00000000
   0.060    32    32     4     2     2     1     0.00000000
   0.060    32    33     4     4     3     1     0.29757514
   0.060    32    34     4     4     4    -1    -0.95452078
   0.060    32    35     4     4     4     1     0.00000000
   0.060    32    36     5     5     0     1     0.00000000
   0.060    32    37     5     5     1    -1     0.00000000
   0.060    32    38     5     3     0     1     0.00000000
   0.060    32    39     5     3     1    -1     0.00000000
   0.060    32    40     5     1     0     1     0.00000000
   0.060    32    41     5     1     1    -1     0.00000000
   0.060    32    42     5     5     1     1     0.00000000
   0.060    32    43     5     5     2    -1     0.00000000
   0.060    32    44     5     3     1     1    -0.00000000
   0.060    32    45     5     3     2    -1    -0.00000000
   0.060    32    46     5     1     1     1     0.00000000
   0.060    32    47     5     5     2     1    -0.00000000
   0.060    32    48     5     5     3    -1     0.00000000
   0.060    32    49     5     3     2     1    -0.00000000
   0.060    32    50     5     3     3    -1     0.00000000
   0.060    32    51     5     5     3     1    -0.00000000
   0.060    32    52     5     5     4    -1     0.00000000
   0.060    32    53     5     3     3     1    -0.00000000
   0.060    32    54     5     5     4     1    -0.00000000
   0.060    32    55     5     5     5    -1     0.00000000
   0.060    32    56     5     5     5     1     0.00000000
   0.060    32    57     6     6     0     1     0.00000000
   0.060    32    58     6     6     1    -1     0.00000000
   0.060    32    59     6     4     0     1     0.00000000
   0.060    32    60     6     4     1    -1     0.00000000
   0.060    32    61     6     2     0     1    -0.00000000
   0.060    32    62     6     2     1    -1     0.00000000
   0.060    32    63     6     0     0     1    -0.00000000
   0.060    32    64     6     6     1     1     0.00000000
   0.060    32    65     6     6     2    -1     0.00000000
   0.060    32    66     6     4     1     1    -0.00000000
   0.060    32    67     6     4     2    -1    -0.00000000
   0.060    32    68     6     2     1     1     0.00000000
   0.060    32    69     6     2     2    -1    -0.00000000
   0.060    32    70     6     6     2     1     0.00000000
   0.060    32    71     6     6     3    -1     0.00000000
   0.060    32    72     6     4     2     1     0.00000000
   0.060    32    73     6     4     3    -1     0.00000000
   0.060    32    74     6     2     2     1    -0.00000000
   0.060    32    75     6     6     3     1     0.00350335
   0.060    32    76     6     6     4    -1    -0.00766244
   0.060    32    77     6     4     3     1    -0.00014278
   0.060    32    78     6     4     4    -1     0.01637397
   0.060    32    79     6     6     4     1    -0.00000000
   0.060    32    80     6     6     5    -1    -0.00000000
   0.060    32    81     6     4     4     1     0.00000000
   0.060    32    82     6     6     5     1    -0.00000000
   0.060    32    83     6     6     6    -1     0.00000000
   0.060    32    84     6     6     6     1     0.00000000
   0.060    32    85     7     7     0     1     0.00000000
   0.060    32    86     7     7     1    -1     0.00000000
   0.060    32    87     7     5     0     1     0.00000000
   0.060    32    88     7     5     1    -1     0.00000000
   0.060    32    89     7     3     0     1    -0.00000000
   0.060    32    90     7     3     1    -1     0.00000000
   0.060    32    91     7     1     0     1    -0.00000000
   0.060    32    92     7     1     1    -1     0.00000000
   0.060    32    93     7     7     1     1     0.00000000
   0.060    32    94     7     7     2    -1     0.00000000
   0.060    32    95     7     5     1     1     0.00000000
   0.060    32    96     7     5     2    -1     0.00000000
   0.060    32    97     7     3     1     1     0.00000000
   0.060    32    98     7     3     2    -1     0.00000000
   0.060    32    99     7     1     1     1    -0.00000000
   0.060    32   100     7     7     2     1    -0.00000000
   0.060    32   101     7     7     3    -1     0.00000000
   0.060    32   102     7     5     2     1     0.00000000
   0.060    32   103     7     5     3    -1     0.00000000
   0.060    32   104     7     3     2     1    -0.00000000
   0.060    32   105     7     3     3    -1    -0.00000000
   0.060    32   106     7     7     3     1    -0.00000000
   0.060    32   107     7     7     4    -1     0.00000000
   0.060    32   108     7     5     3     1    -0.00000000
   0.060    32   109     7     5     4    -1    -0.00000000
   0.060    32   110     7     3     3     1     0.00000000
   0.060    32   111     7     7     4     1     0.00000000
   0.060    32   112     7     7     5    -1     0.00000000
   0.060    32   113     7     5     4     1     0.00000000
   0.060    32   114     7     5     5    -1     0.00000000
   0.060    32   115     7     7     5     1     0.00000000
   0.060    32   116     7     7     6    -1     0.00000000
   0.060    32   117     7     5     5     1     0.00000000
   0.060    32   118     7     7     6     1     0.00000000
   0.060    32   119     7     7     7    -1     0.00000000
   0.060    32   120     7     7     7     1     0.00000000
   0.060    33     1     0     0     0     1    -0.00003368
   0.060    33     2     1     1     0     1     0.00000000
   0.060    33     3     1     1     1    -1    -0.00000000
   0.060    33     4     1     1     1     1     0.00000000
   0.060    33     5     2     2     0     1     0.00669262
   0.060    33     6     2     2     1    -1    -0.00486464
   0.060    33     7     2     0     0     1     0.01213140
   0.060    33     8     2     2     1     1     0.00000000
   0.060    33     9     2     2     2    -1     0.00000000
   0.060    33    10     2     2     2     1     0.00000000
   0.060    33    11     3     3     0     1     0.00000000
   0.060    33    12     3     3     1    -1     0.00000000
   0.060    33    13     3     1     0     1    -0.00000000
   0.060    33    14     3     1     1    -1    -0.00000000
   0.060    33    15     3     3     1     1    -0.00000000
   0.060    33    16     3     3     2    -1     0.00000000
   0.060    33    17     3     1     1     1    -0.00000000
   0.060    33    18     3     3     2     1    -0.00000000
   0.060    33    19     3     3     3    -1     0.00000000
   0.060    33    20     3     3     3     1     0.00000000
   0.060    33    21     4     4     0     1     0.00183113
   0.060    33    22     4     4     1    -1    -0.00196791
   0.060    33    23     4     2     0     1    -0.58377312
   0.060    33    24     4     2     1    -1     0.81105595
   0.060    33    25     4     0     0     1    -0.01707906
   0.060    33    26     4     4     1     1    -0.00000000
   0.060    33    27     4     4     2    -1    -0.00000000
   0.060    33    28     4     2     1     1    -0.00000000
   0.060    33    29     4     2     2    -1     0.00000000
   0.060    33    30     4     4     2     1    -0.00000000
   0.060    33    31     4     4     3    -1    -0.00000000
   0.060    33    32     4     2     2     1    -0.00000000
   0.060    33    33     4     4     3     1    -0.00000000
   0.060    33    34     4     4     4    -1     0.00000000
   0.060    33    35     4     4     4     1    -0.00000000
   0.060    33    36     5     5     0     1    -0.00000000
   0.060    33    37     5     5     1    -1     0.00000000
   0.060    33    38     5     3     0     1    -0.00000000
   0.060    33    39     5     3     1    -1    -0.00000000
   0.060    33    40     5     1     0     1    -0.00000000
   0.060    33    41     5     1     1    -1    -0.00000000
   0.060    33    42     5     5     1     1     0.00000000
   0.060    33    43     5     5     2    -1    -0.00000000
   0.060    33    44     5     3     1     1     0.00000000
   0.060    33    45     5     3     2    -1    -0.00000000
   0.060    33    46     5     1     1     1     0.00000000
   0.060    33    47     5     5     2     1     0.00000000
   0.060    33    48     5     5     3    -1    -0.00000000
   0.060    33    49     5     3     2     1    -0.00000000
   0.060    33    50     5     3     3    -1     0.00000000
   0.060    33    51     5     5     3     1    -0.00000000
   0.060    33    52     5     5     4    -1    -0.00000000
   0.060    33    53     5     3     3     1    -0.00000000
   0.060    33    54     5     5     4     1    -0.00000000
   0.060    33    55     5     5     5    -1     0.00000000
   0.060    33    56     5     5     5     1     0.00000000
   0.060    33    57     6     6     0     1     0.00003750
   0.060    33    58     6     6     1    -1    -0.00003727
   0.060    33    59     6     4     0     1    -0.01428313
   0.060    33    60     6     4     1    -1     0.01877222
   0.060    33    61     6     2     0     1    -0.01115656
   0.060    33    62     6     2     1    -1     0.00656753
   0.060    33    63     6     0     0     1    -0.01259506
   0.060    33    64     6     6     1     1    -0.00000000
   0.060    33    65     6     6     2    -1    -0.00000000
   0.060    33    66     6     4     1     1     0.00000000
   0.060    33    67     6     4     2    -1    -0.00000000
   0.060    33    68     6     2     1     1    -0.00000000
   0.060    33    69     6     2     2    -1    -0.00000000
   0.060    33    70     6     6     2     1     0.00000000
   0.060    33    71     6     6     3    -1    -0.00000000
   0.060    33    72     6     4     2     1    -0.00000000
   0.060    33    73     6     4     3    -1    -0.00000000
   0.060    33    74     6     2     2     1     0.00000000
   0.060    33    75     6     6     3     1     0.00000000
   0.060    33    76     6     6     4    -1     0.00000000
   0.060    33    77     6     4     3     1    -0.00000000
   0.060    33    78     6     4     4    -1     0.00000000
   0.060    33    79     6     6     4     1     0.00000000
   0.060    33    80     6     6     5    -1     0.00000000
   0.060    33    81     6     4     4     1    -0.00000000
   0.060    33    82     6     6     5     1    -0.00000000
   0.060    33    83     6     6     6    -1    -0.00000000
   0.060    33    84     6     6     6     1    -0.00000000
   0.060    33    85     7     7     0     1     0.00000000
   0.060    33    86     7     7     1    -1     0.00000000
   0.060    33    87     7     5     0     1     0.00000000
   0.060    33    88     7     5     1    -1     0.00000000
   0.060    33    89     7     3     0     1     0.00000000
   0.060    33    90     7     3     1    -1    -0.00000000
   0.060    33    91     7     1     0     1     0.00000000
   0.060    33    92     7     1     1    -1     0.00000000
   0.060    33    93     7     7     1     1    -0.00000000
   0.060    33    94     7     7     2    -1    -0.00000000
   0.060    33    95     7     5     1     1     0.00000000
   0.060    33    96     7     5     2    -1     0.00000000
   0.060    33    97     7     3     1     1     0.00000000
   0.060    33    98     7     3     2    -1    -0.00000000
   0.060    33    99     7     1     1     1     0.00000000
   0.060    33   100     7     7     2     1     0.00000000
   0.060    33   101     7     7     3    -1    -0.00000000
   0.060    33   102     7     5     2     1    -0.00000000
   0.060    33   103     7     5     3    -1    -0.00000000
   0.060    33   104     7     3     2     1    -0.00000000
   0.060    33   105     7     3     3    -1     0.00000000
   0.060    33   106     7     7     3     1     0.00000000
   0.060    33   107     7     7     4    -1    -0.00000000
   0.060    33   108     7     5     3     1    -0.00000000
   0.060    33   109     7     5     4    -1     0.00000000
   0.060    33   110     7     3     3     1    -0.00000000
   0.060    33   111     7     7     4     1     0.00000000
   0.060    33   112     7     7     5    -1     0.00000000
   0.060    33   113     7     5     4     1     0.00000000
   0.060    33   114     7     5     5    -1     0.00000000
   0.060    33   115     7     7     5     1     0.00000000
   0.060    33   116     7     7     6    -1     0.00000000
   0.060    33   117     7     5     5     1     0.00000000
   0.060    33   118     7     7     6     1     0.00000000
   0.060    33   119     7     7     7    -1     0.00000000
   0.060    33   120     7     7     7     1     0.00000000
   0.060    34     1     0     0     0     1     0.00006144
   0.060    34     2     1     1     0     1    -0.00000000
   0.060    34     3     1     1     1    -1     0.00000000
   0.060    34     4     1     1     1     1    -0.00000000
   0.060    34     5     2     2     0     1    -0.01229263
   0.060    34     6     2     2     1    -1     0.00069157
   0.060    34     7     2     0     0     1     0.00025321
   0.060    34     8     2     2     1     1     0.00000000
   0.060    34     9     2     2     2    -1    -0.00000000
   0.060    34    10     2     2     2     1    -0.00000000
   0.060    34    11     3     3     0     1     0.00000000
   0.060    34    12     3     3     1    -1     0.00000000
   0.060    34    13     3     1     0     1     0.00000000
   0.060    34    14     3     1     1    -1    -0.00000000
   0.060    34    15     3     3     1     1     0.00000000
   0.060    34    16     3     3     2    -1    -0.00000000
   0.060    34    17     3     1     1     1    -0.00000000
   0.060    34    18     3     3     2     1     0.00000000
   0.060    34    19     3     3     3    -1    -0.00000000
   0.060    34    20     3     3     3     1    -0.00000000
   0.060    34    21     4     4     0     1    -0.00102230
   0.060    34    22     4     4     1    -1     0.00036341
   0.060    34    23     4     2     0     1    -0.01235481
   0.060    34    24     4     2     1    -1     0.01267917
   0.060    34    25     4     0     0     1     0.99920130
   0.060    34    26     4     4     1     1     0.00000000
   0.060    34    27     4     4     2    -1    -0.00000000
   0.060    34    28     4     2     1     1     0.00000000
   0.060    34    29     4     2     2    -1    -0.00000000
   0.060    34    30     4     4     2     1     0.00000000
   0.060    34    31     4     4     3    -1    -0.00000000
   0.060    34    32     4     2     2     1    -0.00000000
   0.060    34    33     4     4     3     1     0.00000000
   0.060    34    34     4     4     4    -1    -0.00000000
   0.060    34    35     4     4     4     1    -0.00000000
   0.060    34    36     5     5     0     1    -0.00000000
   0.060    34    37     5     5     1    -1    -0.00000000
   0.060    34    38     5     3     0     1     0.00000000
   0.060    34    39     5     3     1    -1    -0.00000000
   0.060    34    40     5     1     0     1    -0.00000000
   0.060    34    41     5     1     1    -1     0.00000000
   0.060    34    42     5     5     1     1    -0.00000000
   0.060    34    43     5     5     2    -1     0.00000000
   0.060    34    44     5     3     1     1     0.00000000
   0.060    34    45     5     3     2    -1    -0.00000000
   0.060    34    46     5     1     1     1    -0.00000000
   0.060    34    47     5     5     2     1    -0.00000000
   0.060    34    48     5     5     3    -1     0.00000000
   0.060    34    49     5     3     2     1     0.00000000
   0.060    34    50     5     3     3    -1    -0.00000000
   0.060    34    51     5     5     3     1     0.00000000
   0.060    34    52     5     5     4    -1     0.00000000
   0.060    34    53     5     3     3     1     0.00000000
   0.060    34    54     5     5     4     1     0.00000000
   0.060    34    55     5     5     5    -1    -0.00000000
   0.060    34    56     5     5     5     1     0.00000000
   0.060    34    57     6     6     0     1    -0.00002826
   0.060    34    58     6     6     1    -1     0.00000040
   0.060    34    59     6     4     0     1    -0.00034221
   0.060    34    60     6     4     1    -1     0.00028674
   0.060    34    61     6     2     0     1     0.03353979
   0.060    34    62     6     2     1    -1     0.00230996
   0.060    34    63     6     0     0     1    -0.00027023
   0.060    34    64     6     6     1     1    -0.00000000
   0.060    34    65     6     6     2    -1     0.00000000
   0.060    34    66     6     4     1     1     0.00000000
   0.060    34    67     6     4     2    -1     0.00000000
   0.060    34    68     6     2     1     1     0.00000000
   0.060    34    69     6     2     2    -1     0.00000000
   0.060    34    70     6     6     2     1    -0.00000000
   0.060    34    71     6     6     3    -1     0.00000000
   0.060    34    72     6     4     2     1     0.00000000
   0.060    34    73     6     4     3    -1     0.00000000
   0.060    34    74     6     2     2     1    -0.00000000
   0.060    34    75     6     6     3     1    -0.00000000
   0.060    34    76     6     6     4    -1     0.00000000
   0.060    34    77     6     4     3     1    -0.00000000
   0.060    34    78     6     4     4    -1     0.00000000
   0.060    34    79     6     6     4     1    -0.00000000
   0.060    34    80     6     6     5    -1     0.00000000
   0.060    34    81     6     4     4     1     0.00000000
   0.060    34    82     6     6     5     1    -0.00000000
   0.060    34    83     6     6     6    -1    -0.00000000
   0.060    34    84     6     6     6     1    -0.00000000
   0.060    34    85     7     7     0     1    -0.00000000
   0.060    34    86     7     7     1    -1    -0.00000000
   0.060    34    87     7     5     0     1    -0.00000000
   0.060    34    88     7     5     1    -1    -0.00000000
   0.060    34    89     7     3     0     1    -0.00000000
   0.060    34    90     7     3     1    -1    -0.00000000
   0.060    34    91     7     1     0     1    -0.00000000
   0.060    34    92     7     1     1    -1    -0.00000000
   0.060    34    93     7     7     1     1     0.00000000
   0.060    34    94     7     7     2    -1     0.00000000
   0.060    34    95     7     5     1     1    -0.00000000
   0.060    34    96     7     5     2    -1    -0.00000000
   0.060    34    97     7     3     1     1    -0.00000000
   0.060    34    98     7     3     2    -1     0.00000000
   0.060    34    99     7     1     1     1     0.00000000
   0.060    34   100     7     7     2     1    -0.00000000
   0.060    34   101     7     7     3    -1    -0.00000000
   0.060    34   102     7     5     2     1     0.00000000
   0.060    34   103     7     5     3    -1     0.00000000
   0.060    34   104     7     3     2     1     0.00000000
   0.060    34   105     7     3     3    -1     0.00000000
   0.060    34   106     7     7     3     1    -0.00000000
   0.060    34   107     7     7     4    -1    -0.00000000
   0.060    34   108     7     5     3     1     0.00000000
   0.060    34   109     7     5     4    -1    -0.00000000
   0.060    34   110     7     3     3     1     0.00000000
   0.060    34   111     7     7     4     1    -0.00000000
   0.060    34   112     7     7     5    -1    -0.00000000
   0.060    34   113     7     5     4     1    -0.00000000
   0.060    34   114     7     5     5    -1    -0.00000000
   0.060    34   115     7     7     5     1     0.00000000
   0.060    34   116     7     7     6    -1     0.00000000
   0.060    34   117     7     5     5     1     0.00000000
   0.060    34   118     7     7     6     1     0.00000000
   0.060    34   119     7     7     7    -1     0.00000000
   0.060    34   120     7     7     7     1     0.00000000
   0.060    35     1     0     0     0     1    -0.00000000
   0.060    35     2     1     1     0     1     0.00008856
   0.060    35     3     1     1     1    -1     0.00006330
   0.060    35     4     1     1     1     1    -0.00000000
   0.060    35     5     2     2     0     1     0.00000000
   0.060    35     6     2     2     1    -1     0.00000000
   0.060    35     7     2     0     0     1     0.00000000
   0.060    35     8     2     2     1     1    -0.00000000
   0.060    35     9     2     2     2    -1     0.00000000
   0.060    35    10     2     2     2     1    -0.00000000
   0.060    35    11     3     3     0     1    -0.01319030
   0.060    35    12     3     3     1    -1    -0.01136170
   0.060    35    13     3     1     0     1    -0.00003113
   0.060    35    14     3     1     1    -1    -0.00001623
   0.060    35    15     3     3     1     1     0.00000000
   0.060    35    16     3     3     2    -1    -0.00000000
   0.060    35    17     3     1     1     1     0.00000000
   0.060    35    18     3     3     2     1    -0.00000000
   0.060    35    19     3     3     3    -1     0.00000000
   0.060    35    20     3     3     3     1     0.00000000
   0.060    35    21     4     4     0     1    -0.00000000
   0.060    35    22     4     4     1    -1    -0.00000000
   0.060    35    23     4     2     0     1     0.00000000
   0.060    35    24     4     2     1    -1    -0.00000000
   0.060    35    25     4     0     0     1     0.00000000
   0.060    35    26     4     4     1     1    -0.00000000
   0.060    35    27     4     4     2    -1    -0.00000000
   0.060    35    28     4     2     1     1     0.00000000
   0.060    35    29     4     2     2    -1     0.00000000
   0.060    35    30     4     4     2     1     0.00000000
   0.060    35    31     4     4     3    -1    -0.00000000
   0.060    35    32     4     2     2     1    -0.00000000
   0.060    35    33     4     4     3     1    -0.00000000
   0.060    35    34     4     4     4    -1    -0.00000000
   0.060    35    35     4     4     4     1     0.00000000
   0.060    35    36     5     5     0     1     0.74228744
   0.060    35    37     5     5     1    -1     0.66939043
   0.060    35    38     5     3     0     1     0.00072736
   0.060    35    39     5     3     1    -1     0.00059345
   0.060    35    40     5     1     0     1     0.00009607
   0.060    35    41     5     1     1    -1     0.00005530
   0.060    35    42     5     5     1     1    -0.00000000
   0.060    35    43     5     5     2    -1     0.00000000
   0.060    35    44     5     3     1     1    -0.00000000
   0.060    35    45     5     3     2    -1     0.00000000
   0.060    35    46     5     1     1     1     0.00000000
   0.060    35    47     5     5     2     1    -0.00000000
   0.060    35    48     5     5     3    -1     0.00000000
   0.060    35    49     5     3     2     1     0.00000000
   0.060    35    50     5     3     3    -1     0.00000000
   0.060    35    51     5     5     3     1     0.00000000
   0.060    35    52     5     5     4    -1    -0.00000000
   0.060    35    53     5     3     3     1     0.00000000
   0.060    35    54     5     5     4     1     0.00000000
   0.060    35    55     5     5     5    -1     0.00000000
   0.060    35    56     5     5     5     1     0.00000000
   0.060    35    57     6     6     0     1    -0.00000000
   0.060    35    58     6     6     1    -1     0.00000000
   0.060    35    59     6     4     0     1     0.00000000
   0.060    35    60     6     4     1    -1     0.00000000
   0.060    35    61     6     2     0     1    -0.00000000
   0.060    35    62     6     2     1    -1    -0.00000000
   0.060    35    63     6     0     0     1     0.00000000
   0.060    35    64     6     6     1     1     0.00000000
   0.060    35    65     6     6     2    -1     0.00000000
   0.060    35    66     6     4     1     1    -0.00000000
   0.060    35    67     6     4     2    -1    -0.00000000
   0.060    35    68     6     2     1     1     0.00000000
   0.060    35    69     6     2     2    -1    -0.00000000
   0.060    35    70     6     6     2     1     0.00000000
   0.060    35    71     6     6     3    -1    -0.00000000
   0.060    35    72     6     4     2     1    -0.00000000
   0.060    35    73     6     4     3    -1    -0.00000000
   0.060    35    74     6     2     2     1    -0.00000000
   0.060    35    75     6     6     3     1     0.00000000
   0.060    35    76     6     6     4    -1     0.00000000
   0.060    35    77     6     4     3     1    -0.00000000
   0.060    35    78     6     4     4    -1     0.00000000
   0.060    35    79     6     6     4     1     0.00000000
   0.060    35    80     6     6     5    -1     0.00000000
   0.060    35    81     6     4     4     1    -0.00000000
   0.060    35    82     6     6     5     1     0.00000000
   0.060    35    83     6     6     6    -1    -0.00000000
   0.060    35    84     6     6     6     1    -0.00000000
   0.060    35    85     7     7     0     1     0.01496807
   0.060    35    86     7     7     1    -1     0.01342340
   0.060    35    87     7     5     0     1     0.00936338
   0.060    35    88     7     5     1    -1     0.00776490
   0.060    35    89     7     3     0     1     0.00635946
   0.060    35    90     7     3     1    -1     0.00540298
   0.060    35    91     7     1     0     1     0.00001210
   0.060    35    92     7     1     1    -1     0.00000583
   0.060    35    93     7     7     1     1     0.00000000
   0.060    35    94     7     7     2    -1     0.00000000
   0.060    35    95     7     5     1     1     0.00000000
   0.060    35    96     7     5     2    -1     0.00000000
   0.060    35    97     7     3     1     1    -0.00000000
   0.060    35    98     7     3     2    -1     0.00000000
   0.060    35    99     7     1     1     1     0.00000000
   0.060    35   100     7     7     2     1    -0.00000000
   0.060    35   101     7     7     3    -1     0.00000000
   0.060    35   102     7     5     2     1    -0.00000000
   0.060    35   103     7     5     3    -1    -0.00000000
   0.060    35   104     7     3     2     1    -0.00000000
   0.060    35   105     7     3     3    -1    -0.00000000
   0.060    35   106     7     7     3     1    -0.00000000
   0.060    35   107     7     7     4    -1    -0.00000000
   0.060    35   108     7     5     3     1     0.00000000
   0.060    35   109     7     5     4    -1     0.00000000
   0.060    35   110     7     3     3     1    -0.00000000
   0.060    35   111     7     7     4     1    -0.00000000
   0.060    35   112     7     7     5    -1    -0.00000000
   0.060    35   113     7     5     4     1    -0.00000000
   0.060    35   114     7     5     5    -1    -0.00000000
   0.060    35   115     7     7     5     1     0.00000000
   0.060    35   116     7     7     6    -1     0.00000000
   0.060    35   117     7     5     5     1     0.00000000
   0.060    35   118     7     7     6     1     0.00000000
   0.060    35   119     7     7     7    -1     0.00000000
   0.060    35   120     7     7     7     1     0.00000000
   0.060    36     1     0     0     0     1    -0.00000000
   0.060    36     2     1     1     0     1     0.00000000
   0.060    36     3     1     1     1    -1    -0.00000000
   0.060    36     4     1     1     1     1    -0.00007564
   0.060    36     5     2     2     0     1    -0.00000000
   0.060    36     6     2     2     1    -1    -0.00000000
   0.060    36     7     2     0     0     1    -0.00000000
   0.060    36     8     2     2     1     1    -0.00000000
   0.060    36     9     2     2     2    -1    -0.00000000
   0.060    36    10     2     2     2     1    -0.00000000
   0.060    36    11     3     3     0     1     0.00000000
   0.060    36    12     3     3     1    -1    -0.00000000
   0.060    36    13     3     1     0     1    -0.00000000
   0.060    36    14     3     1     1    -1    -0.00000000
   0.060    36    15     3     3     1     1     0.01363018
   0.060    36    16     3     3     2    -1     0.00848994
   0.060    36    17     3     1     1     1     0.00001844
   0.060    36    18     3     3     2     1    -0.00000000
   0.060    36    19     3     3     3    -1    -0.00000000
   0.060    36    20     3     3     3     1     0.00000000
   0.060    36    21     4     4     0     1     0.00000000
   0.060    36    22     4     4     1    -1     0.00000000
   0.060    36    23     4     2     0     1    -0.00000000
   0.060    36    24     4     2     1    -1    -0.00000000
   0.060    36    25     4     0     0     1    -0.00000000
   0.060    36    26     4     4     1     1    -0.00000000
   0.060    36    27     4     4     2    -1    -0.00000000
   0.060    36    28     4     2     1     1    -0.00000000
   0.060    36    29     4     2     2    -1     0.00000000
   0.060    36    30     4     4     2     1     0.00000000
   0.060    36    31     4     4     3    -1     0.00000000
   0.060    36    32     4     2     2     1     0.00000000
   0.060    36    33     4     4     3     1    -0.00000000
   0.060    36    34     4     4     4    -1    -0.00000000
   0.060    36    35     4     4     4     1    -0.00000000
   0.060    36    36     5     5     0     1    -0.00000000
   0.060    36    37     5     5     1    -1    -0.00000000
   0.060    36    38     5     3     0     1     0.00000000
   0.060    36    39     5     3     1    -1    -0.00000000
   0.060    36    40     5     1     0     1     0.00000000
   0.060    36    41     5     1     1    -1    -0.00000000
   0.060    36    42     5     5     1     1    -0.80778477
   0.060    36    43     5     5     2    -1    -0.58880308
   0.060    36    44     5     3     1     1    -0.00066488
   0.060    36    45     5     3     2    -1    -0.00035333
   0.060    36    46     5     1     1     1    -0.00006760
   0.060    36    47     5     5     2     1    -0.00000000
   0.060    36    48     5     5     3    -1     0.00000000
   0.060    36    49     5     3     2     1    -0.00000000
   0.060    36    50     5     3     3    -1    -0.00000000
   0.060    36    51     5     5     3     1     0.00000000
   0.060    36    52     5     5     4    -1    -0.00000000
   0.060    36    53     5     3     3     1     0.00000000
   0.060    36    54     5     5     4     1    -0.00000000
   0.060    36    55     5     5     5    -1     0.00000000
   0.060    36    56     5     5     5     1     0.00000000
   0.060    36    57     6     6     0     1     0.00000000
   0.060    36    58     6     6     1    -1     0.00000000
   0.060    36    59     6     4     0     1     0.00000000
   0.060    36    60     6     4     1    -1     0.00000000
   0.060    36    61     6     2     0     1     0.00000000
   0.060    36    62     6     2     1    -1     0.00000000
   0.060    36    63     6     0     0     1    -0.00000000
   0.060    36    64     6     6     1     1    -0.00000000
   0.060    36    65     6     6     2    -1    -0.00000000
   0.060    36    66     6     4     1     1    -0.00000000
   0.060    36    67     6     4     2    -1    -0.00000000
   0.060    36    68     6     2     1     1    -0.00000000
   0.060    36    69     6     2     2    -1    -0.00000000
   0.060    36    70     6     6     2     1     0.00000000
   0.060    36    71     6     6     3    -1     0.00000000
   0.060    36    72     6     4     2     1     0.00000000
   0.060    36    73     6     4     3    -1    -0.00000000
   0.060    36    74     6     2     2     1     0.00000000
   0.060    36    75     6     6     3     1    -0.00000000
   0.060    36    76     6     6     4    -1    -0.00000000
   0.060    36    77     6     4     3     1     0.00000000
   0.060    36    78     6     4     4    -1     0.00000000
   0.060    36    79     6     6     4     1     0.00000000
   0.060    36    80     6     6     5    -1    -0.00000000
   0.060    36    81     6     4     4     1     0.00000000
   0.060    36    82     6     6     5     1     0.00000000
   0.060    36    83     6     6     6    -1     0.00000000
   0.060    36    84     6     6     6     1     0.00000000
   0.060    36    85     7     7     0     1     0.00000000
   0.060    36    86     7     7     1    -1    -0.00000000
   0.060    36    87     7     5     0     1     0.00000000
   0.060    36    88     7     5     1    -1     0.00000000
   0.060    36    89     7     3     0     1     0.00000000
   0.060    36    90     7     3     1    -1    -0.00000000
   0.060    36    91     7     1     0     1     0.00000000
   0.060    36    92     7     1     1    -1    -0.00000000
   0.060    36    93     7     7     1     1    -0.01572278
   0.060    36    94     7     7     2    -1    -0.01126801
   0.060    36    95     7     5     1     1    -0.00901953
   0.060    36    96     7     5     2    -1    -0.00479351
   0.060    36    97     7     3     1     1    -0.00652337
   0.060    36    98     7     3     2    -1    -0.00389922
   0.060    36    99     7     1     1     1    -0.00000639
   0.060    36   100     7     7     2     1    -0.00000000
   0.060    36   101     7     7     3    -1    -0.00000000
   0.060    36   102     7     5     2     1     0.00000000
   0.060    36   103     7     5     3    -1    -0.00000000
   0.060    36   104     7     3     2     1     0.00000000
   0.060    36   105     7     3     3    -1     0.00000000
   0.060    36   106     7     7     3     1     0.00000000
   0.060    36   107     7     7     4    -1     0.00000000
   0.060    36   108     7     5     3     1     0.00000000
   0.060    36   109     7     5     4    -1     0.00000000
   0.060    36   110     7     3     3     1    -0.00000000
   0.060    36   111     7     7     4     1    -0.00000000
   0.060    36   112     7     7     5    -1     0.00000000
   0.060    36   113     7     5     4     1     0.00000000
   0.060    36   114     7     5     5    -1    -0.00000000
   0.060    36   115     7     7     5     1     0.00000000
   0.060    36   116     7     7     6    -1     0.00000000
   0.060    36   117     7     5     5     1     0.00000000
   0.060    36   118     7     7     6     1     0.00000000
   0.060    36   119     7     7     7    -1     0.00000000
   0.060    36   120     7     7     7     1     0.00000000
   0.060    37     1     0     0     0     1    -0.00000000
   0.060    37     2     1     1     0     1    -0.00000000
   0.060    37     3     1     1     1    -1    -0.00000000
   0.060    37     4     1     1     1     1     0.00000000
   0.060    37     5     2     2     0     1     0.00000000
   0.060    37     6     2     2     1    -1     0.00000000
   0.060    37     7     2     0     0     1    -0.00000000
   0.060    37     8     2     2     1     1     0.00000000
   0.060    37     9     2     2     2    -1     0.00000000
   0.060    37    10     2     2     2     1    -0.00000000
   0.060    37    11     3     3     0     1    -0.00000000
   0.060    37    12     3     3     1    -1     0.00000000
   0.060    37    13     3     1     0     1    -0.00000000
   0.060    37    14     3     1     1    -1     0.00000000
   0.060    37    15     3     3     1     1    -0.00000000
   0.060    37    16     3     3     2    -1     0.00000000
   0.060    37    17     3     1     1     1    -0.00000000
   0.060    37    18     3     3     2     1    -0.01233770
   0.060    37    19     3     3     3    -1    -0.00492334
   0.060    37    20     3     3     3     1    -0.00000000
   0.060    37    21     4     4     0     1    -0.00000000
   0.060    37    22     4     4     1    -1    -0.00000000
   0.060    37    23     4     2     0     1    -0.00000000
   0.060    37    24     4     2     1    -1    -0.00000000
   0.060    37    25     4     0     0     1    -0.00000000
   0.060    37    26     4     4     1     1     0.00000000
   0.060    37    27     4     4     2    -1     0.00000000
   0.060    37    28     4     2     1     1     0.00000000
   0.060    37    29     4     2     2    -1     0.00000000
   0.060    37    30     4     4     2     1    -0.00000000
   0.060    37    31     4     4     3    -1     0.00000000
   0.060    37    32     4     2     2     1     0.00000000
   0.060    37    33     4     4     3     1    -0.00000000
   0.060    37    34     4     4     4    -1     0.00000000
   0.060    37    35     4     4     4     1    -0.00000000
   0.060    37    36     5     5     0     1    -0.00000000
   0.060    37    37     5     5     1    -1    -0.00000000
   0.060    37    38     5     3     0     1    -0.00000000
   0.060    37    39     5     3     1    -1     0.00000000
   0.060    37    40     5     1     0     1    -0.00000000
   0.060    37    41     5     1     1    -1    -0.00000000
   0.060    37    42     5     5     1     1    -0.00000000
   0.060    37    43     5     5     2    -1    -0.00000000
   0.060    37    44     5     3     1     1    -0.00000000
   0.060    37    45     5     3     2    -1     0.00000000
   0.060    37    46     5     1     1     1     0.00000000
   0.060    37    47     5     5     2     1     0.86600123
   0.060    37    48     5     5     3    -1     0.49946968
   0.060    37    49     5     3     2     1     0.00043249
   0.060    37    50     5     3     3    -1     0.00013677
   0.060    37    51     5     5     3     1     0.00000000
   0.060    37    52     5     5     4    -1    -0.00000000
   0.060    37    53     5     3     3     1    -0.00000000
   0.060    37    54     5     5     4     1     0.00000000
   0.060    37    55     5     5     5    -1    -0.00000000
   0.060    37    56     5     5     5     1     0.00000000
   0.060    37    57     6     6     0     1    -0.00000000
   0.060    37    58     6     6     1    -1    -0.00000000
   0.060    37    59     6     4     0     1    -0.00000000
   0.060    37    60     6     4     1    -1    -0.00000000
   0.060    37    61     6     2     0     1    -0.00000000
   0.060    37    62     6     2     1    -1    -0.00000000
   0.060    37    63     6     0     0     1    -0.00000000
   0.060    37    64     6     6     1     1     0.00000000
   0.060    37    65     6     6     2    -1     0.00000000
   0.060    37    66     6     4     1     1     0.00000000
   0.060    37    67     6     4     2    -1     0.00000000
   0.060    37    68     6     2     1     1     0.00000000
   0.060    37    69     6     2     2    -1     0.00000000
   0.060    37    70     6     6     2     1     0.00000000
   0.060    37    71     6     6     3    -1    -0.00000000
   0.060    37    72     6     4     2     1     0.00000000
   0.060    37    73     6     4     3    -1    -0.00000000
   0.060    37    74     6     2     2     1    -0.00000000
   0.060    37    75     6     6     3     1    -0.00000000
   0.060    37    76     6     6     4    -1    -0.00000000
   0.060    37    77     6     4     3     1     0.00000000
   0.060    37    78     6     4     4    -1     0.00000000
   0.060    37    79     6     6     4     1    -0.00000000
   0.060    37    80     6     6     5    -1    -0.00000000
   0.060    37    81     6     4     4     1     0.00000000
   0.060    37    82     6     6     5     1    -0.00000000
   0.060    37    83     6     6     6    -1     0.00000000
   0.060    37    84     6     6     6     1     0.00000000
   0.060    37    85     7     7     0     1    -0.00000000
   0.060    37    86     7     7     1    -1     0.00000000
   0.060    37    87     7     5     0     1     0.00000000
   0.060    37    88     7     5     1    -1    -0.00000000
   0.060    37    89     7     3     0     1    -0.00000000
   0.060    37    90     7     3     1    -1    -0.00000000
   0.060    37    91     7     1     0     1     0.00000000
   0.060    37    92     7     1     1    -1    -0.00000000
   0.060    37    93     7     7     1     1    -0.00000000
   0.060    37    94     7     7     2    -1    -0.00000000
   0.060    37    95     7     5     1     1    -0.00000000
   0.060    37    96     7     5     2    -1     0.00000000
   0.060    37    97     7     3     1     1     0.00000000
   0.060    37    98     7     3     2    -1    -0.00000000
   0.060    37    99     7     1     1     1    -0.00000000
   0.060    37   100     7     7     2     1     0.01552785
   0.060    37   101     7     7     3    -1     0.00870025
   0.060    37   102     7     5     2     1     0.00629303
   0.060    37   103     7     5     3    -1     0.00114056
   0.060    37   104     7     3     2     1     0.00574123
   0.060    37   105     7     3     3    -1     0.00213854
   0.060    37   106     7     7     3     1     0.00000000
   0.060    37   107     7     7     4    -1     0.00000000
   0.060    37   108     7     5     3     1    -0.00000000
   0.060    37   109     7     5     4    -1     0.00000000
   0.060    37   110     7     3     3     1     0.00000000
   0.060    37   111     7     7     4     1     0.00000000
   0.060    37   112     7     7     5    -1     0.00000000
   0.060    37   113     7     5     4     1    -0.00000000
   0.060    37   114     7     5     5    -1     0.00000000
   0.060    37   115     7     7     5     1     0.00000000
   0.060    37   116     7     7     6    -1     0.00000000
   0.060    37   117     7     5     5     1     0.00000000
   0.060    37   118     7     7     6     1     0.00000000
   0.060    37   119     7     7     7    -1     0.00000000
   0.060    37   120     7     7     7     1     0.00000000
   0.060    38     1     0     0     0     1     0.00000000
   0.060    38     2     1     1     0     1     0.00000000
   0.060    38     3     1     1     1    -1     0.00000000
   0.060    38     4     1     1     1     1     0.00000000
   0.060    38     5     2     2     0     1    -0.00000000
   0.060    38     6     2     2     1    -1    -0.00000000
   0.060    38     7     2     0     0     1     0.00000000
   0.060    38     8     2     2     1     1    -0.00119081
   0.060    38     9     2     2     2    -1    -0.01040193
   0.060    38    10     2     2     2     1     0.00000000
   0.060    38    11     3     3     0     1     0.00000000
   0.060    38    12     3     3     1    -1    -0.00000000
   0.060    38    13     3     1     0     1     0.00000000
   0.060    38    14     3     1     1    -1     0.00000000
   0.060    38    15     3     3     1     1    -0.00000000
   0.060    38    16     3     3     2    -1     0.00000000
   0.060    38    17     3     1     1     1     0.00000000
   0.060    38    18     3     3     2     1    -0.00000000
   0.060    38    19     3     3     3    -1    -0.00000000
   0.060    38    20     3     3     3     1    -0.00000000
   0.060    38    21     4     4     0     1    -0.00000000
   0.060    38    22     4     4     1    -1     0.00000000
   0.060    38    23     4     2     0     1    -0.00000000
   0.060    38    24     4     2     1    -1     0.00000000
   0.060    38    25     4     0     0     1    -0.00000000
   0.060    38    26     4     4     1     1    -0.00049599
   0.060    38    27     4     4     2    -1     0.00042942
   0.060    38    28     4     2     1     1     0.33601903
   0.060    38    29     4     2     2    -1    -0.94147572
   0.060    38    30     4     4     2     1    -0.00000000
   0.060    38    31     4     4     3    -1    -0.00000000
   0.060    38    32     4     2     2     1     0.00000000
   0.060    38    33     4     4     3     1     0.00000000
   0.060    38    34     4     4     4    -1    -0.00000000
   0.060    38    35     4     4     4     1    -0.00000000
   0.060    38    36     5     5     0     1    -0.00000000
   0.060    38    37     5     5     1    -1     0.00000000
   0.060    38    38     5     3     0     1    -0.00000000
   0.060    38    39     5     3     1    -1    -0.00000000
   0.060    38    40     5     1     0     1     0.00000000
   0.060    38    41     5     1     1    -1    -0.00000000
   0.060    38    42     5     5     1     1     0.00000000
   0.060    38    43     5     5     2    -1    -0.00000000
   0.060    38    44     5     3     1     1     0.00000000
   0.060    38    45     5     3     2    -1    -0.00000000
   0.060    38    46     5     1     1     1     0.00000000
   0.060    38    47     5     5     2     1    -0.00000000
   0.060    38    48     5     5     3    -1     0.00000000
   0.060    38    49     5     3     2     1    -0.00000000
   0.060    38    50     5     3     3    -1    -0.00000000
   0.060    38    51     5     5     3     1     0.00000000
   0.060    38    52     5     5     4    -1     0.00000000
   0.060    38    53     5     3     3     1     0.00000000
   0.060    38    54     5     5     4     1    -0.00000000
   0.060    38    55     5     5     5    -1     0.00000000
   0.060    38    56     5     5     5     1     0.00000000
   0.060    38    57     6     6     0     1    -0.00000000
   0.060    38    58     6     6     1    -1    -0.00000000
   0.060    38    59     6     4     0     1    -0.00000000
   0.060    38    60     6     4     1    -1     0.00000000
   0.060    38    61     6     2     0     1    -0.00000000
   0.060    38    62     6     2     1    -1     0.00000000
   0.060    38    63     6     0     0     1    -0.00000000
   0.060    38    64     6     6     1     1    -0.00001286
   0.060    38    65     6     6     2    -1     0.00000582
   0.060    38    66     6     4     1     1     0.00733336
   0.060    38    67     6     4     2    -1    -0.01617983
   0.060    38    68     6     2     1     1     0.00432172
   0.060    38    69     6     2     2    -1     0.01644365
   0.060    38    70     6     6     2     1     0.00000000
   0.060    38    71     6     6     3    -1     0.00000000
   0.060    38    72     6     4     2     1    -0.00000000
   0.060    38    73     6     4     3    -1    -0.00000000
   0.060    38    74     6     2     2     1     0.00000000
   0.060    38    75     6     6     3     1     0.00000000
   0.060    38    76     6     6     4    -1     0.00000000
   0.060    38    77     6     4     3     1    -0.00000000
   0.060    38    78     6     4     4    -1    -0.00000000
   0.060    38    79     6     6     4     1    -0.00000000
   0.060    38    80     6     6     5    -1     0.00000000
   0.060    38    81     6     4     4     1    -0.00000000
   0.060    38    82     6     6     5     1    -0.00000000
   0.060    38    83     6     6     6    -1    -0.00000000
   0.060    38    84     6     6     6     1     0.00000000
   0.060    38    85     7     7     0     1    -0.00000000
   0.060    38    86     7     7     1    -1     0.00000000
   0.060    38    87     7     5     0     1     0.00000000
   0.060    38    88     7     5     1    -1     0.00000000
   0.060    38    89     7     3     0     1    -0.00000000
   0.060    38    90     7     3     1    -1    -0.00000000
   0.060    38    91     7     1     0     1     0.00000000
   0.060    38    92     7     1     1    -1    -0.00000000
   0.060    38    93     7     7     1     1     0.00000000
   0.060    38    94     7     7     2    -1     0.00000000
   0.060    38    95     7     5     1     1    -0.00000000
   0.060    38    96     7     5     2    -1    -0.00000000
   0.060    38    97     7     3     1     1     0.00000000
   0.060    38    98     7     3     2    -1    -0.00000000
   0.060    38    99     7     1     1     1    -0.00000000
   0.060    38   100     7     7     2     1     0.00000000
   0.060    38   101     7     7     3    -1     0.00000000
   0.060    38   102     7     5     2     1    -0.00000000
   0.060    38   103     7     5     3    -1     0.00000000
   0.060    38   104     7     3     2     1    -0.00000000
   0.060    38   105     7     3     3    -1     0.00000000
   0.060    38   106     7     7     3     1    -0.00000000
   0.060    38   107     7     7     4    -1    -0.00000000
   0.060    38   108     7     5     3     1     0.00000000
   0.060    38   109     7     5     4    -1    -0.00000000
   0.060    38   110     7     3     3     1     0.00000000
   0.060    38   111     7     7     4     1     0.00000000
   0.060    38   112     7     7     5    -1     0.00000000
   0.060    38   113     7     5     4     1     0.00000000
   0.060    38   114     7     5     5    -1     0.00000000
   0.060    38   115     7     7     5     1     0.00000000
   0.060    38   116     7     7     6    -1     0.00000000
   0.060    38   117     7     5     5     1     0.00000000
   0.060    38   118     7     7     6     1     0.00000000
   0.060    38   119     7     7     7    -1     0.00000000
   0.060    38   120     7     7     7     1     0.00000000
   0.060    39     1     0     0     0     1    -0.00000000
   0.060    39     2     1     1     0     1     0.00000000
   0.060    39     3     1     1     1    -1     0.00000000
   0.060    39     4     1     1     1     1     0.00000000
   0.060    39     5     2     2     0     1    -0.00000000
   0.060    39     6     2     2     1    -1    -0.00000000
   0.060    39     7     2     0     0     1     0.00000000
   0.060    39     8     2     2     1     1    -0.00000000
   0.060    39     9     2     2     2    -1     0.00000000
   0.060    39    10     2     2     2     1    -0.00000000
   0.060    39    11     3     3     0     1     0.00000000
   0.060    39    12     3     3     1    -1    -0.00000000
   0.060    39    13     3     1     0     1     0.00000000
   0.060    39    14     3     1     1    -1    -0.00000000
   0.060    39    15     3     3     1     1     0.00000000
   0.060    39    16     3     3     2    -1    -0.00000000
   0.060    39    17     3     1     1     1     0.00000000
   0.060    39    18     3     3     2     1    -0.00000000
   0.060    39    19     3     3     3    -1     0.00000000
   0.060    39    20     3     3     3     1    -0.00887318
   0.060    39    21     4     4     0     1     0.00000000
   0.060    39    22     4     4     1    -1    -0.00000000
   0.060    39    23     4     2     0     1     0.00000000
   0.060    39    24     4     2     1    -1    -0.00000000
   0.060    39    25     4     0     0     1     0.00000000
   0.060    39    26     4     4     1     1    -0.00000000
   0.060    39    27     4     4     2    -1     0.00000000
   0.060    39    28     4     2     1     1    -0.00000000
   0.060    39    29     4     2     2    -1    -0.00000000
   0.060    39    30     4     4     2     1    -0.00000000
   0.060    39    31     4     4     3    -1    -0.00000000
   0.060    39    32     4     2     2     1     0.00000000
   0.060    39    33     4     4     3     1     0.00000000
   0.060    39    34     4     4     4    -1    -0.00000000
   0.060    39    35     4     4     4     1     0.00000000
   0.060    39    36     5     5     0     1     0.00000000
   0.060    39    37     5     5     1    -1    -0.00000000
   0.060    39    38     5     3     0     1     0.00000000
   0.060    39    39     5     3     1    -1    -0.00000000
   0.060    39    40     5     1     0     1     0.00000000
   0.060    39    41     5     1     1    -1    -0.00000000
   0.060    39    42     5     5     1     1    -0.00000000
   0.060    39    43     5     5     2    -1     0.00000000
   0.060    39    44     5     3     1     1     0.00000000
   0.060    39    45     5     3     2    -1     0.00000000
   0.060    39    46     5     1     1     1    -0.00000000
   0.060    39    47     5     5     2     1    -0.00000000
   0.060    39    48     5     5     3    -1    -0.00000000
   0.060    39    49     5     3     2     1     0.00000000
   0.060    39    50     5     3     3    -1     0.00000000
   0.060    39    51     5     5     3     1     0.91714363
   0.060    39    52     5     5     4    -1     0.39813185
   0.060    39    53     5     3     3     1     0.00016770
   0.060    39    54     5     5     4     1    -0.00000000
   0.060    39    55     5     5     5    -1     0.00000000
   0.060    39    56     5     5     5     1     0.00000000
   0.060    39    57     6     6     0     1    -0.00000000
   0.060    39    58     6     6     1    -1    -0.00000000
   0.060    39    59     6     4     0     1    -0.00000000
   0.060    39    60     6     4     1    -1     0.00000000
   0.060    39    61     6     2     0     1    -0.00000000
   0.060    39    62     6     2     1    -1    -0.00000000
   0.060    39    63     6     0     0     1     0.00000000
   0.060    39    64     6     6     1     1    -0.00000000
   0.060    39    65     6     6     2    -1     0.00000000
   0.060    39    66     6     4     1     1    -0.00000000
   0.060    39    67     6     4     2    -1    -0.00000000
   0.060    39    68     6     2     1     1    -0.00000000
   0.060    39    69     6     2     2    -1     0.00000000
   0.060    39    70     6     6     2     1    -0.00000000
   0.060    39    71     6     6     3    -1    -0.00000000
   0.060    39    72     6     4     2     1     0.00000000
   0.060    39    73     6     4     3    -1     0.00000000
   0.060    39    74     6     2     2     1    -0.00000000
   0.060    39    75     6     6     3     1    -0.00000000
   0.060    39    76     6     6     4    -1    -0.00000000
   0.060    39    77     6     4     3     1     0.00000000
   0.060    39    78     6     4     4    -1     0.00000000
   0.060    39    79     6     6     4     1     0.00000000
   0.060    39    80     6     6     5    -1     0.00000000
   0.060    39    81     6     4     4     1    -0.00000000
   0.060    39    82     6     6     5     1     0.00000000
   0.060    39    83     6     6     6    -1    -0.00000000
   0.060    39    84     6     6     6     1     0.00000000
   0.060    39    85     7     7     0     1    -0.00000000
   0.060    39    86     7     7     1    -1     0.00000000
   0.060    39    87     7     5     0     1    -0.00000000
   0.060    39    88     7     5     1    -1     0.00000000
   0.060    39    89     7     3     0     1     0.00000000
   0.060    39    90     7     3     1    -1     0.00000000
   0.060    39    91     7     1     0     1    -0.00000000
   0.060    39    92     7     1     1    -1    -0.00000000
   0.060    39    93     7     7     1     1     0.00000000
   0.060    39    94     7     7     2    -1    -0.00000000
   0.060    39    95     7     5     1     1     0.00000000
   0.060    39    96     7     5     2    -1     0.00000000
   0.060    39    97     7     3     1     1     0.00000000
   0.060    39    98     7     3     2    -1     0.00000000
   0.060    39    99     7     1     1     1    -0.00000000
   0.060    39   100     7     7     2     1     0.00000000
   0.060    39   101     7     7     3    -1    -0.00000000
   0.060    39   102     7     5     2     1     0.00000000
   0.060    39   103     7     5     3    -1     0.00000000
   0.060    39   104     7     3     2     1     0.00000000
   0.060    39   105     7     3     3    -1    -0.00000000
   0.060    39   106     7     7     3     1     0.01423996
   0.060    39   107     7     7     4    -1     0.00593948
   0.060    39   108     7     5     3     1     0.00087855
   0.060    39   109     7     5     4    -1    -0.00235069
   0.060    39   110     7     3     3     1     0.00393398
   0.060    39   111     7     7     4     1     0.00000000
   0.060    39   112     7     7     5    -1     0.00000000
   0.060    39   113     7     5     4     1    -0.00000000
   0.060    39   114     7     5     5    -1    -0.00000000
   0.060    39   115     7     7     5     1     0.00000000
   0.060    39   116     7     7     6    -1     0.00000000
   0.060    39   117     7     5     5     1     0.00000000
   0.060    39   118     7     7     6     1     0.00000000
   0.060    39   119     7     7     7    -1     0.00000000
   0.060    39   120     7     7     7     1     0.00000000
   0.060    40     1     0     0     0     1     0.00000000
   0.060    40     2     1     1     0     1     0.00000000
   0.060    40     3     1     1     1    -1    -0.00000000
   0.060    40     4     1     1     1     1    -0.00000000
   0.060    40     5     2     2     0     1     0.00000000
   0.060    40     6     2     2     1    -1     0.00000000
   0.060    40     7     2     0     0     1     0.00000000
   0.060    40     8     2     2     1     1     0.00000000
   0.060    40     9     2     2     2    -1     0.00000000
   0.060    40    10     2     2     2     1    -0.00000000
   0.060    40    11     3     3     0     1     0.00000000
   0.060    40    12     3     3     1    -1     0.00000000
   0.060    40    13     3     1     0     1     0.00000000
   0.060    40    14     3     1     1    -1     0.00000000
   0.060    40    15     3     3     1     1    -0.00000000
   0.060    40    16     3     3     2    -1    -0.00000000
   0.060    40    17     3     1     1     1     0.00000000
   0.060    40    18     3     3     2     1     0.00000000
   0.060    40    19     3     3     3    -1     0.00000000
   0.060    40    20     3     3     3     1    -0.00000000
   0.060    40    21     4     4     0     1     0.00000000
   0.060    40    22     4     4     1    -1     0.00000000
   0.060    40    23     4     2     0     1     0.00000000
   0.060    40    24     4     2     1    -1     0.00000000
   0.060    40    25     4     0     0     1     0.00000000
   0.060    40    26     4     4     1     1     0.00000000
   0.060    40    27     4     4     2    -1     0.00000000
   0.060    40    28     4     2     1     1     0.00000000
   0.060    40    29     4     2     2    -1    -0.00000000
   0.060    40    30     4     4     2     1    -0.00000000
   0.060    40    31     4     4     3    -1    -0.00000000
   0.060    40    32     4     2     2     1     0.00000000
   0.060    40    33     4     4     3     1    -0.00000000
   0.060    40    34     4     4     4    -1    -0.00000000
   0.060    40    35     4     4     4     1    -0.00000000
   0.060    40    36     5     5     0     1    -0.00000000
   0.060    40    37     5     5     1    -1     0.00000000
   0.060    40    38     5     3     0     1    -0.00000000
   0.060    40    39     5     3     1    -1     0.00000000
   0.060    40    40     5     1     0     1    -0.00000000
   0.060    40    41     5     1     1    -1    -0.00000000
   0.060    40    42     5     5     1     1    -0.00000000
   0.060    40    43     5     5     2    -1    -0.00000000
   0.060    40    44     5     3     1     1     0.00000000
   0.060    40    45     5     3     2    -1     0.00000000
   0.060    40    46     5     1     1     1    -0.00000000
   0.060    40    47     5     5     2     1     0.00000000
   0.060    40    48     5     5     3    -1     0.00000000
   0.060    40    49     5     3     2     1    -0.00000000
   0.060    40    50     5     3     3    -1    -0.00000000
   0.060    40    51     5     5     3     1     0.00000000
   0.060    40    52     5     5     4    -1     0.00000000
   0.060    40    53     5     3     3     1    -0.00000000
   0.060    40    54     5     5     4     1     0.96157901
   0.060    40    55     5     5     5    -1     0.27412258
   0.060    40    56     5     5     5     1     0.00000000
   0.060    40    57     6     6     0     1     0.00000000
   0.060    40    58     6     6     1    -1     0.00000000
   0.060    40    59     6     4     0     1     0.00000000
   0.060    40    60     6     4     1    -1    -0.00000000
   0.060    40    61     6     2     0     1     0.00000000
   0.060    40    62     6     2     1    -1     0.00000000
   0.060    40    63     6     0     0     1     0.00000000
   0.060    40    64     6     6     1     1     0.00000000
   0.060    40    65     6     6     2    -1     0.00000000
   0.060    40    66     6     4     1     1     0.00000000
   0.060    40    67     6     4     2    -1     0.00000000
   0.060    40    68     6     2     1     1     0.00000000
   0.060    40    69     6     2     2    -1     0.00000000
   0.060    40    70     6     6     2     1    -0.00000000
   0.060    40    71     6     6     3    -1    -0.00000000
   0.060    40    72     6     4     2     1     0.00000000
   0.060    40    73     6     4     3    -1     0.00000000
   0.060    40    74     6     2     2     1    -0.00000000
   0.060    40    75     6     6     3     1     0.00000000
   0.060    40    76     6     6     4    -1     0.00000000
   0.060    40    77     6     4     3     1     0.00000000
   0.060    40    78     6     4     4    -1     0.00000000
   0.060    40    79     6     6     4     1    -0.00000000
   0.060    40    80     6     6     5    -1    -0.00000000
   0.060    40    81     6     4     4     1     0.00000000
   0.060    40    82     6     6     5     1    -0.00000000
   0.060    40    83     6     6     6    -1     0.00000000
   0.060    40    84     6     6     6     1     0.00000000
   0.060    40    85     7     7     0     1    -0.00000000
   0.060    40    86     7     7     1    -1     0.00000000
   0.060    40    87     7     5     0     1     0.00000000
   0.060    40    88     7     5     1    -1     0.00000000
   0.060    40    89     7     3     0     1    -0.00000000
   0.060    40    90     7     3     1    -1    -0.00000000
   0.060    40    91     7     1     0     1    -0.00000000
   0.060    40    92     7     1     1    -1     0.00000000
   0.060    40    93     7     7     1     1    -0.00000000
   0.060    40    94     7     7     2    -1    -0.00000000
   0.060    40    95     7     5     1     1    -0.00000000
   0.060    40    96     7     5     2    -1    -0.00000000
   0.060    40    97     7     3     1     1    -0.00000000
   0.060    40    98     7     3     2    -1    -0.00000000
   0.060    40    99     7     1     1     1     0.00000000
   0.060    40   100     7     7     2     1     0.00000000
   0.060    40   101     7     7     3    -1     0.00000000
   0.060    40   102     7     5     2     1     0.00000000
   0.060    40   103     7     5     3    -1    -0.00000000
   0.060    40   104     7     3     2     1     0.00000000
   0.060    40   105     7     3     3    -1     0.00000000
   0.060    40   106     7     7     3     1     0.00000000
   0.060    40   107     7     7     4    -1     0.00000000
   0.060    40   108     7     5     3     1    -0.00000000
   0.060    40   109     7     5     4    -1    -0.00000000
   0.060    40   110     7     3     3     1     0.00000000
   0.060    40   111     7     7     4     1     0.01171841
   0.060    40   112     7     7     5    -1     0.00324039
   0.060    40   113     7     5     4     1    -0.00740004
   0.060    40   114     7     5     5    -1    -0.00447720
   0.060    40   115     7     7     5     1     0.00000000
   0.060    40   116     7     7     6    -1     0.00000000
   0.060    40   117     7     5     5     1     0.00000000
   0.060    40   118     7     7     6     1     0.00000000
   0.060    40   119     7     7     7    -1     0.00000000
   0.060    40   120     7     7     7     1     0.00000000
   0.060    41     1     0     0     0     1    -0.00000000
   0.060    41     2     1     1     0     1    -0.00000000
   0.060    41     3     1     1     1    -1    -0.00000000
   0.060    41     4     1     1     1     1    -0.00000000
   0.060    41     5     2     2     0     1    -0.00000000
   0.060    41     6     2     2     1    -1    -0.00000000
   0.060    41     7     2     0     0     1    -0.00000000
   0.060    41     8     2     2     1     1    -0.00000000
   0.060    41     9     2     2     2    -1    -0.00000000
   0.060    41    10     2     2     2     1    -0.00000000
   0.060    41    11     3     3     0     1    -0.00000000
   0.060    41    12     3     3     1    -1    -0.00000000
   0.060    41    13     3     1     0     1    -0.00000000
   0.060    41    14     3     1     1    -1    -0.00000000
   0.060    41    15     3     3     1     1    -0.00000000
   0.060    41    16     3     3     2    -1    -0.00000000
   0.060    41    17     3     1     1     1    -0.00000000
   0.060    41    18     3     3     2     1    -0.00000000
   0.060    41    19     3     3     3    -1    -0.00000000
   0.060    41    20     3     3     3     1    -0.00000000
   0.060    41    21     4     4     0     1    -0.00000000
   0.060    41    22     4     4     1    -1    -0.00000000
   0.060    41    23     4     2     0     1    -0.00000000
   0.060    41    24     4     2     1    -1    -0.00000000
   0.060    41    25     4     0     0     1    -0.00000000
   0.060    41    26     4     4     1     1    -0.00000000
   0.060    41    27     4     4     2    -1    -0.00000000
   0.060    41    28     4     2     1     1    -0.00000000
   0.060    41    29     4     2     2    -1    -0.00000000
   0.060    41    30     4     4     2     1    -0.00000000
   0.060    41    31     4     4     3    -1    -0.00000000
   0.060    41    32     4     2     2     1    -0.00000000
   0.060    41    33     4     4     3     1    -0.00000000
   0.060    41    34     4     4     4    -1    -0.00000000
   0.060    41    35     4     4     4     1    -0.00000000
   0.060    41    36     5     5     0     1    -0.00000000
   0.060    41    37     5     5     1    -1    -0.00000000
   0.060    41    38     5     3     0     1    -0.00000000
   0.060    41    39     5     3     1    -1    -0.00000000
   0.060    41    40     5     1     0     1    -0.00000000
   0.060    41    41     5     1     1    -1    -0.00000000
   0.060    41    42     5     5     1     1    -0.00000000
   0.060    41    43     5     5     2    -1    -0.00000000
   0.060    41    44     5     3     1     1    -0.00000000
   0.060    41    45     5     3     2    -1    -0.00000000
   0.060    41    46     5     1     1     1    -0.00000000
   0.060    41    47     5     5     2     1    -0.00000000
   0.060    41    48     5     5     3    -1    -0.00000000
   0.060    41    49     5     3     2     1    -0.00000000
   0.060    41    50     5     3     3    -1    -0.00000000
   0.060    41    51     5     5     3     1    -0.00000000
   0.060    41    52     5     5     4    -1    -0.00000000
   0.060    41    53     5     3     3     1    -0.00000000
   0.060    41    54     5     5     4     1    -0.00000000
   0.060    41    55     5     5     5    -1    -0.00000000
   0.060    41    56     5     5     5     1     0.99979638
   0.060    41    57     6     6     0     1    -0.00000000
   0.060    41    58     6     6     1    -1    -0.00000000
   0.060    41    59     6     4     0     1    -0.00000000
   0.060    41    60     6     4     1    -1    -0.00000000
   0.060    41    61     6     2     0     1    -0.00000000
   0.060    41    62     6     2     1    -1    -0.00000000
   0.060    41    63     6     0     0     1    -0.00000000
   0.060    41    64     6     6     1     1    -0.00000000
   0.060    41    65     6     6     2    -1    -0.00000000
   0.060    41    66     6     4     1     1    -0.00000000
   0.060    41    67     6     4     2    -1    -0.00000000
   0.060    41    68     6     2     1     1    -0.00000000
   0.060    41    69     6     2     2    -1    -0.00000000
   0.060    41    70     6     6     2     1    -0.00000000
   0.060    41    71     6     6     3    -1    -0.00000000
   0.060    41    72     6     4     2     1    -0.00000000
   0.060    41    73     6     4     3    -1    -0.00000000
   0.060    41    74     6     2     2     1    -0.00000000
   0.060    41    75     6     6     3     1    -0.00000000
   0.060    41    76     6     6     4    -1    -0.00000000
   0.060    41    77     6     4     3     1    -0.00000000
   0.060    41    78     6     4     4    -1    -0.00000000
   0.060    41    79     6     6     4     1    -0.00000000
   0.060    41    80     6     6     5    -1    -0.00000000
   0.060    41    81     6     4     4     1    -0.00000000
   0.060    41    82     6     6     5     1    -0.00000000
   0.060    41    83     6     6     6    -1    -0.00000000
   0.060    41    84     6     6     6     1    -0.00000000
   0.060    41    85     7     7     0     1    -0.00000000
   0.060    41    86     7     7     1    -1    -0.00000000
   0.060    41    87     7     5     0     1    -0.00000000
   0.060    41    88     7     5     1    -1    -0.00000000
   0.060    41    89     7     3     0     1    -0.00000000
   0.060    41    90     7     3     1    -1    -0.00000000
   0.060    41    91     7     1     0     1    -0.00000000
   0.060    41    92     7     1     1    -1    -0.00000000
   0.060    41    93     7     7     1     1    -0.00000000
   0.060    41    94     7     7     2    -1    -0.00000000
   0.060    41    95     7     5     1     1    -0.00000000
   0.060    41    96     7     5     2    -1    -0.00000000
   0.060    41    97     7     3     1     1    -0.00000000
   0.060    41    98     7     3     2    -1    -0.00000000
   0.060    41    99     7     1     1     1    -0.00000000
   0.060    41   100     7     7     2     1    -0.00000000
   0.060    41   101     7     7     3    -1    -0.00000000
   0.060    41   102     7     5     2     1    -0.00000000
   0.060    41   103     7     5     3    -1    -0.00000000
   0.060    41   104     7     3     2     1    -0.00000000
   0.060    41   105     7     3     3    -1    -0.00000000
   0.060    41   106     7     7     3     1    -0.00000000
   0.060    41   107     7     7     4    -1    -0.00000000
   0.060    41   108     7     5     3     1    -0.00000000
   0.060    41   109     7     5     4    -1    -0.00000000
   0.060    41   110     7     3     3     1    -0.00000000
   0.060    41   111     7     7     4     1    -0.00000000
   0.060    41   112     7     7     5    -1    -0.00000000
   0.060    41   113     7     5     4     1    -0.00000000
   0.060    41   114     7     5     5    -1    -0.00000000
   0.060    41   115     7     7     5     1     0.00776543
   0.060    41   116     7     7     6    -1     0.00094843
   0.060    41   117     7     5     5     1    -0.01860099
   0.060    41   118     7     7     6     1    -0.00000000
   0.060    41   119     7     7     7    -1    -0.00000000
   0.060    41   120     7     7     7     1    -0.00000000
   0.060    42     1     0     0     0     1     0.00000000
   0.060    42     2     1     1     0     1     0.00018881
   0.060    42     3     1     1     1    -1    -0.00002722
   0.060    42     4     1     1     1     1     0.00000000
   0.060    42     5     2     2     0     1    -0.00000000
   0.060    42     6     2     2     1    -1    -0.00000000
   0.060    42     7     2     0     0     1     0.00000000
   0.060    42     8     2     2     1     1     0.00000000
   0.060    42     9     2     2     2    -1    -0.00000000
   0.060    42    10     2     2     2     1    -0.00000000
   0.060    42    11     3     3     0     1    -0.00932748
   0.060    42    12     3     3     1    -1    -0.00532270
   0.060    42    13     3     1     0     1    -0.01882826
   0.060    42    14     3     1     1    -1    -0.01351008
   0.060    42    15     3     3     1     1     0.00000000
   0.060    42    16     3     3     2    -1    -0.00000000
   0.060    42    17     3     1     1     1     0.00000000
   0.060    42    18     3     3     2     1     0.00000000
   0.060    42    19     3     3     3    -1    -0.00000000
   0.060    42    20     3     3     3     1     0.00000000
   0.060    42    21     4     4     0     1     0.00000000
   0.060    42    22     4     4     1    -1     0.00000000
   0.060    42    23     4     2     0     1    -0.00000000
   0.060    42    24     4     2     1    -1     0.00000000
   0.060    42    25     4     0     0     1     0.00000000
   0.060    42    26     4     4     1     1    -0.00000000
   0.060    42    27     4     4     2    -1     0.00000000
   0.060    42    28     4     2     1     1    -0.00000000
   0.060    42    29     4     2     2    -1    -0.00000000
   0.060    42    30     4     4     2     1     0.00000000
   0.060    42    31     4     4     3    -1    -0.00000000
   0.060    42    32     4     2     2     1     0.00000000
   0.060    42    33     4     4     3     1    -0.00000000
   0.060    42    34     4     4     4    -1     0.00000000
   0.060    42    35     4     4     4     1    -0.00000000
   0.060    42    36     5     5     0     1    -0.00004487
   0.060    42    37     5     5     1    -1    -0.00236510
   0.060    42    38     5     3     0     1     0.77099702
   0.060    42    39     5     3     1    -1     0.63522978
   0.060    42    40     5     1     0     1     0.00183371
   0.060    42    41     5     1     1    -1     0.00090524
   0.060    42    42     5     5     1     1     0.00000000
   0.060    42    43     5     5     2    -1    -0.00000000
   0.060    42    44     5     3     1     1     0.00000000
   0.060    42    45     5     3     2    -1     0.00000000
   0.060    42    46     5     1     1     1     0.00000000
   0.060    42    47     5     5     2     1    -0.00000000
   0.060    42    48     5     5     3    -1     0.00000000
   0.060    42    49     5     3     2     1    -0.00000000
   0.060    42    50     5     3     3    -1    -0.00000000
   0.060    42    51     5     5     3     1    -0.00000000
   0.060    42    52     5     5     4    -1    -0.00000000
   0.060    42    53     5     3     3     1     0.00000000
   0.060    42    54     5     5     4     1     0.00000000
   0.060    42    55     5     5     5    -1     0.00000000
   0.060    42    56     5     5     5     1     0.00000000
   0.060    42    57     6     6     0     1     0.00000000
   0.060    42    58     6     6     1    -1    -0.00000000
   0.060    42    59     6     4     0     1    -0.00000000
   0.060    42    60     6     4     1    -1    -0.00000000
   0.060    42    61     6     2     0     1    -0.00000000
   0.060    42    62     6     2     1    -1     0.00000000
   0.060    42    63     6     0     0     1     0.00000000
   0.060    42    64     6     6     1     1    -0.00000000
   0.060    42    65     6     6     2    -1    -0.00000000
   0.060    42    66     6     4     1     1    -0.00000000
   0.060    42    67     6     4     2    -1     0.00000000
   0.060    42    68     6     2     1     1    -0.00000000
   0.060    42    69     6     2     2    -1     0.00000000
   0.060    42    70     6     6     2     1     0.00000000
   0.060    42    71     6     6     3    -1     0.00000000
   0.060    42    72     6     4     2     1    -0.00000000
   0.060    42    73     6     4     3    -1     0.00000000
   0.060    42    74     6     2     2     1     0.00000000
   0.060    42    75     6     6     3     1    -0.00000000
   0.060    42    76     6     6     4    -1    -0.00000000
   0.060    42    77     6     4     3     1     0.00000000
   0.060    42    78     6     4     4    -1    -0.00000000
   0.060    42    79     6     6     4     1    -0.00000000
   0.060    42    80     6     6     5    -1    -0.00000000
   0.060    42    81     6     4     4     1     0.00000000
   0.060    42    82     6     6     5     1    -0.00000000
   0.060    42    83     6     6     6    -1     0.00000000
   0.060    42    84     6     6     6     1    -0.00000000
   0.060    42    85     7     7     0     1    -0.00001724
   0.060    42    86     7     7     1    -1    -0.00005542
   0.060    42    87     7     5     0     1     0.02320769
   0.060    42    88     7     5     1    -1     0.01879309
   0.060    42    89     7     3     0     1     0.01340139
   0.060    42    90     7     3     1    -1     0.00860781
   0.060    42    91     7     1     0     1     0.01314603
   0.060    42    92     7     1     1    -1     0.00814011
   0.060    42    93     7     7     1     1    -0.00000000
   0.060    42    94     7     7     2    -1    -0.00000000
   0.060    42    95     7     5     1     1     0.00000000
   0.060    42    96     7     5     2    -1     0.00000000
   0.060    42    97     7     3     1     1     0.00000000
   0.060    42    98     7     3     2    -1    -0.00000000
   0.060    42    99     7     1     1     1    -0.00000000
   0.060    42   100     7     7     2     1    -0.00000000
   0.060    42   101     7     7     3    -1    -0.00000000
   0.060    42   102     7     5     2     1    -0.00000000
   0.060    42   103     7     5     3    -1     0.00000000
   0.060    42   104     7     3     2     1     0.00000000
   0.060    42   105     7     3     3    -1     0.00000000
   0.060    42   106     7     7     3     1     0.00000000
   0.060    42   107     7     7     4    -1     0.00000000
   0.060    42   108     7     5     3     1    -0.00000000
   0.060    42   109     7     5     4    -1    -0.00000000
   0.060    42   110     7     3     3     1     0.00000000
   0.060    42   111     7     7     4     1    -0.00000000
   0.060    42   112     7     7     5    -1    -0.00000000
   0.060    42   113     7     5     4     1    -0.00000000
   0.060    42   114     7     5     5    -1    -0.00000000
   0.060    42   115     7     7     5     1     0.00000000
   0.060    42   116     7     7     6    -1     0.00000000
   0.060    42   117     7     5     5     1     0.00000000
   0.060    42   118     7     7     6     1     0.00000000
   0.060    42   119     7     7     7    -1     0.00000000
   0.060    42   120     7     7     7     1     0.00000000
   0.060    43     1     0     0     0     1    -0.00000000
   0.060    43     2     1     1     0     1     0.00000000
   0.060    43     3     1     1     1    -1     0.00000000
   0.060    43     4     1     1     1     1    -0.00002601
   0.060    43     5     2     2     0     1     0.00000000
   0.060    43     6     2     2     1    -1    -0.00000000
   0.060    43     7     2     0     0     1    -0.00000000
   0.060    43     8     2     2     1     1     0.00000000
   0.060    43     9     2     2     2    -1     0.00000000
   0.060    43    10     2     2     2     1     0.00000000
   0.060    43    11     3     3     0     1     0.00000000
   0.060    43    12     3     3     1    -1    -0.00000000
   0.060    43    13     3     1     0     1     0.00000000
   0.060    43    14     3     1     1    -1     0.00000000
   0.060    43    15     3     3     1     1    -0.00819851
   0.060    43    16     3     3     2    -1     0.00083945
   0.060    43    17     3     1     1     1    -0.01834803
   0.060    43    18     3     3     2     1    -0.00000000
   0.060    43    19     3     3     3    -1     0.00000000
   0.060    43    20     3     3     3     1     0.00000000
   0.060    43    21     4     4     0     1    -0.00000000
   0.060    43    22     4     4     1    -1    -0.00000000
   0.060    43    23     4     2     0     1     0.00000000
   0.060    43    24     4     2     1    -1     0.00000000
   0.060    43    25     4     0     0     1     0.00000000
   0.060    43    26     4     4     1     1     0.00000000
   0.060    43    27     4     4     2    -1    -0.00000000
   0.060    43    28     4     2     1     1    -0.00000000
   0.060    43    29     4     2     2    -1    -0.00000000
   0.060    43    30     4     4     2     1     0.00000000
   0.060    43    31     4     4     3    -1     0.00000000
   0.060    43    32     4     2     2     1     0.00000000
   0.060    43    33     4     4     3     1    -0.00000000
   0.060    43    34     4     4     4    -1    -0.00000000
   0.060    43    35     4     4     4     1     0.00000000
   0.060    43    36     5     5     0     1     0.00000000
   0.060    43    37     5     5     1    -1    -0.00000000
   0.060    43    38     5     3     0     1    -0.00000000
   0.060    43    39     5     3     1    -1    -0.00000000
   0.060    43    40     5     1     0     1     0.00000000
   0.060    43    41     5     1     1    -1     0.00000000
   0.060    43    42     5     5     1     1     0.00178739
   0.060    43    43     5     5     2    -1    -0.00451946
   0.060    43    44     5     3     1     1     0.87645814
   0.060    43    45     5     3     2    -1     0.47996004
   0.060    43    46     5     1     1     1     0.00105246
   0.060    43    47     5     5     2     1     0.00000000
   0.060    43    48     5     5     3    -1    -0.00000000
   0.060    43    49     5     3     2     1    -0.00000000
   0.060    43    50     5     3     3    -1    -0.00000000
   0.060    43    51     5     5     3     1    -0.00000000
   0.060    43    52     5     5     4    -1    -0.00000000
   0.060    43    53     5     3     3     1    -0.00000000
   0.060    43    54     5     5     4     1     0.00000000
   0.060    43    55     5     5     5    -1     0.00000000
   0.060    43    56     5     5     5     1     0.00000000
   0.060    43    57     6     6     0     1    -0.00000000
   0.060    43    58     6     6     1    -1    -0.00000000
   0.060    43    59     6     4     0     1     0.00000000
   0.060    43    60     6     4     1    -1     0.00000000
   0.060    43    61     6     2     0     1     0.00000000
   0.060    43    62     6     2     1    -1    -0.00000000
   0.060    43    63     6     0     0     1     0.00000000
   0.060    43    64     6     6     1     1     0.00000000
   0.060    43    65     6     6     2    -1    -0.00000000
   0.060    43    66     6     4     1     1    -0.00000000
   0.060    43    67     6     4     2    -1    -0.00000000
   0.060    43    68     6     2     1     1     0.00000000
   0.060    43    69     6     2     2    -1    -0.00000000
   0.060    43    70     6     6     2     1     0.00000000
   0.060    43    71     6     6     3    -1     0.00000000
   0.060    43    72     6     4     2     1     0.00000000
   0.060    43    73     6     4     3    -1     0.00000000
   0.060    43    74     6     2     2     1    -0.00000000
   0.060    43    75     6     6     3     1    -0.00000000
   0.060    43    76     6     6     4    -1    -0.00000000
   0.060    43    77     6     4     3     1    -0.00000000
   0.060    43    78     6     4     4    -1    -0.00000000
   0.060    43    79     6     6     4     1    -0.00000000
   0.060    43    80     6     6     5    -1    -0.00000000
   0.060    43    81     6     4     4     1    -0.00000000
   0.060    43    82     6     6     5     1     0.00000000
   0.060    43    83     6     6     6    -1    -0.00000000
   0.060    43    84     6     6     6     1    -0.00000000
   0.060    43    85     7     7     0     1     0.00000000
   0.060    43    86     7     7     1    -1    -0.00000000
   0.060    43    87     7     5     0     1     0.00000000
   0.060    43    88     7     5     1    -1    -0.00000000
   0.060    43    89     7     3     0     1    -0.00000000
   0.060    43    90     7     3     1    -1    -0.00000000
   0.060    43    91     7     1     0     1     0.00000000
   0.060    43    92     7     1     1    -1     0.00000000
   0.060    43    93     7     7     1     1     0.00001714
   0.060    43    94     7     7     2    -1    -0.00008228
   0.060    43    95     7     5     1     1     0.02475284
   0.060    43    96     7     5     2    -1     0.01286104
   0.060    43    97     7     3     1     1     0.01115172
   0.060    43    98     7     3     2    -1     0.00072636
   0.060    43    99     7     1     1     1     0.01127755
   0.060    43   100     7     7     2     1     0.00000000
   0.060    43   101     7     7     3    -1    -0.00000000
   0.060    43   102     7     5     2     1    -0.00000000
   0.060    43   103     7     5     3    -1    -0.00000000
   0.060    43   104     7     3     2     1     0.00000000
   0.060    43   105     7     3     3    -1    -0.00000000
   0.060    43   106     7     7     3     1     0.00000000
   0.060    43   107     7     7     4    -1     0.00000000
   0.060    43   108     7     5     3     1    -0.00000000
   0.060    43   109     7     5     4    -1     0.00000000
   0.060    43   110     7     3     3     1    -0.00000000
   0.060    43   111     7     7     4     1    -0.00000000
   0.060    43   112     7     7     5    -1    -0.00000000
   0.060    43   113     7     5     4     1    -0.00000000
   0.060    43   114     7     5     5    -1    -0.00000000
   0.060    43   115     7     7     5     1     0.00000000
   0.060    43   116     7     7     6    -1     0.00000000
   0.060    43   117     7     5     5     1     0.00000000
   0.060    43   118     7     7     6     1     0.00000000
   0.060    43   119     7     7     7    -1     0.00000000
   0.060    43   120     7     7     7     1     0.00000000
   0.060    44     1     0     0     0     1    -0.00000000
   0.060    44     2     1     1     0     1     0.00006065
   0.060    44     3     1     1     1    -1    -0.00005509
   0.060    44     4     1     1     1     1    -0.00000000
   0.060    44     5     2     2     0     1    -0.00000000
   0.060    44     6     2     2     1    -1    -0.00000000
   0.060    44     7     2     0     0     1     0.00000000
   0.060    44     8     2     2     1     1     0.00000000
   0.060    44     9     2     2     2    -1    -0.00000000
   0.060    44    10     2     2     2     1    -0.00000000
   0.060    44    11     3     3     0     1    -0.01032356
   0.060    44    12     3     3     1    -1     0.01113128
   0.060    44    13     3     1     0     1    -0.00000631
   0.060    44    14     3     1     1    -1     0.00005273
   0.060    44    15     3     3     1     1    -0.00000000
   0.060    44    16     3     3     2    -1     0.00000000
   0.060    44    17     3     1     1     1     0.00000000
   0.060    44    18     3     3     2     1    -0.00000000
   0.060    44    19     3     3     3    -1     0.00000000
   0.060    44    20     3     3     3     1     0.00000000
   0.060    44    21     4     4     0     1    -0.00000000
   0.060    44    22     4     4     1    -1     0.00000000
   0.060    44    23     4     2     0     1    -0.00000000
   0.060    44    24     4     2     1    -1     0.00000000
   0.060    44    25     4     0     0     1     0.00000000
   0.060    44    26     4     4     1     1    -0.00000000
   0.060    44    27     4     4     2    -1     0.00000000
   0.060    44    28     4     2     1     1     0.00000000
   0.060    44    29     4     2     2    -1    -0.00000000
   0.060    44    30     4     4     2     1     0.00000000
   0.060    44    31     4     4     3    -1    -0.00000000
   0.060    44    32     4     2     2     1    -0.00000000
   0.060    44    33     4     4     3     1    -0.00000000
   0.060    44    34     4     4     4    -1    -0.00000000
   0.060    44    35     4     4     4     1    -0.00000000
   0.060    44    36     5     5     0     1     0.66941638
   0.060    44    37     5     5     1    -1    -0.74236609
   0.060    44    38     5     3     0     1    -0.00032399
   0.060    44    39     5     3     1    -1    -0.00249578
   0.060    44    40     5     1     0     1     0.00043719
   0.060    44    41     5     1     1    -1    -0.00015156
   0.060    44    42     5     5     1     1     0.00000000
   0.060    44    43     5     5     2    -1     0.00000000
   0.060    44    44     5     3     1     1    -0.00000000
   0.060    44    45     5     3     2    -1    -0.00000000
   0.060    44    46     5     1     1     1     0.00000000
   0.060    44    47     5     5     2     1     0.00000000
   0.060    44    48     5     5     3    -1    -0.00000000
   0.060    44    49     5     3     2     1    -0.00000000
   0.060    44    50     5     3     3    -1    -0.00000000
   0.060    44    51     5     5     3     1    -0.00000000
   0.060    44    52     5     5     4    -1    -0.00000000
   0.060    44    53     5     3     3     1    -0.00000000
   0.060    44    54     5     5     4     1     0.00000000
   0.060    44    55     5     5     5    -1     0.00000000
   0.060    44    56     5     5     5     1     0.00000000
   0.060    44    57     6     6     0     1    -0.00000000
   0.060    44    58     6     6     1    -1    -0.00000000
   0.060    44    59     6     4     0     1     0.00000000
   0.060    44    60     6     4     1    -1    -0.00000000
   0.060    44    61     6     2     0     1     0.00000000
   0.060    44    62     6     2     1    -1    -0.00000000
   0.060    44    63     6     0     0     1    -0.00000000
   0.060    44    64     6     6     1     1    -0.00000000
   0.060    44    65     6     6     2    -1    -0.00000000
   0.060    44    66     6     4     1     1    -0.00000000
   0.060    44    67     6     4     2    -1    -0.00000000
   0.060    44    68     6     2     1     1    -0.00000000
   0.060    44    69     6     2     2    -1     0.00000000
   0.060    44    70     6     6     2     1    -0.00000000
   0.060    44    71     6     6     3    -1    -0.00000000
   0.060    44    72     6     4     2     1    -0.00000000
   0.060    44    73     6     4     3    -1     0.00000000
   0.060    44    74     6     2     2     1     0.00000000
   0.060    44    75     6     6     3     1     0.00000000
   0.060    44    76     6     6     4    -1    -0.00000000
   0.060    44    77     6     4     3     1     0.00000000
   0.060    44    78     6     4     4    -1    -0.00000000
   0.060    44    79     6     6     4     1     0.00000000
   0.060    44    80     6     6     5    -1     0.00000000
   0.060    44    81     6     4     4     1    -0.00000000
   0.060    44    82     6     6     5     1     0.00000000
   0.060    44    83     6     6     6    -1     0.00000000
   0.060    44    84     6     6     6     1     0.00000000
   0.060    44    85     7     7     0     1     0.01191991
   0.060    44    86     7     7     1    -1    -0.01296738
   0.060    44    87     7     5     0     1     0.00866465
   0.060    44    88     7     5     1    -1    -0.00839500
   0.060    44    89     7     3     0     1     0.00629422
   0.060    44    90     7     3     1    -1    -0.00646893
   0.060    44    91     7     1     0     1     0.00000493
   0.060    44    92     7     1     1    -1    -0.00002924
   0.060    44    93     7     7     1     1    -0.00000000
   0.060    44    94     7     7     2    -1    -0.00000000
   0.060    44    95     7     5     1     1     0.00000000
   0.060    44    96     7     5     2    -1     0.00000000
   0.060    44    97     7     3     1     1     0.00000000
   0.060    44    98     7     3     2    -1     0.00000000
   0.060    44    99     7     1     1     1    -0.00000000
   0.060    44   100     7     7     2     1     0.00000000
   0.060    44   101     7     7     3    -1     0.00000000
   0.060    44   102     7     5     2     1     0.00000000
   0.060    44   103     7     5     3    -1     0.00000000
   0.060    44   104     7     3     2     1     0.00000000
   0.060    44   105     7     3     3    -1    -0.00000000
   0.060    44   106     7     7     3     1     0.00000000
   0.060    44   107     7     7     4    -1     0.00000000
   0.060    44   108     7     5     3     1    -0.00000000
   0.060    44   109     7     5     4    -1     0.00000000
   0.060    44   110     7     3     3     1    -0.00000000
   0.060    44   111     7     7     4     1    -0.00000000
   0.060    44   112     7     7     5    -1    -0.00000000
   0.060    44   113     7     5     4     1    -0.00000000
   0.060    44   114     7     5     5    -1    -0.00000000
   0.060    44   115     7     7     5     1     0.00000000
   0.060    44   116     7     7     6    -1     0.00000000
   0.060    44   117     7     5     5     1     0.00000000
   0.060    44   118     7     7     6     1     0.00000000
   0.060    44   119     7     7     7    -1     0.00000000
   0.060    44   120     7     7     7     1     0.00000000
   0.060    45     1     0     0     0     1    -0.00000000
   0.060    45     2     1     1     0     1     0.00000000
   0.060    45     3     1     1     1    -1    -0.00000000
   0.060    45     4     1     1     1     1    -0.00003952
   0.060    45     5     2     2     0     1    -0.00000000
   0.060    45     6     2     2     1    -1     0.00000000
   0.060    45     7     2     0     0     1     0.00000000
   0.060    45     8     2     2     1     1     0.00000000
   0.060    45     9     2     2     2    -1    -0.00000000
   0.060    45    10     2     2     2     1    -0.00000000
   0.060    45    11     3     3     0     1     0.00000000
   0.060    45    12     3     3     1    -1    -0.00000000
   0.060    45    13     3     1     0     1    -0.00000000
   0.060    45    14     3     1     1    -1     0.00000000
   0.060    45    15     3     3     1     1     0.00834701
   0.060    45    16     3     3     2    -1    -0.01034768
   0.060    45    17     3     1     1     1    -0.00008245
   0.060    45    18     3     3     2     1     0.00000000
   0.060    45    19     3     3     3    -1    -0.00000000
   0.060    45    20     3     3     3     1    -0.00000000
   0.060    45    21     4     4     0     1     0.00000000
   0.060    45    22     4     4     1    -1     0.00000000
   0.060    45    23     4     2     0     1    -0.00000000
   0.060    45    24     4     2     1    -1     0.00000000
   0.060    45    25     4     0     0     1    -0.00000000
   0.060    45    26     4     4     1     1     0.00000000
   0.060    45    27     4     4     2    -1     0.00000000
   0.060    45    28     4     2     1     1     0.00000000
   0.060    45    29     4     2     2    -1    -0.00000000
   0.060    45    30     4     4     2     1    -0.00000000
   0.060    45    31     4     4     3    -1    -0.00000000
   0.060    45    32     4     2     2     1    -0.00000000
   0.060    45    33     4     4     3     1    -0.00000000
   0.060    45    34     4     4     4    -1     0.00000000
   0.060    45    35     4     4     4     1    -0.00000000
   0.060    45    36     5     5     0     1    -0.00000000
   0.060    45    37     5     5     1    -1    -0.00000000
   0.060    45    38     5     3     0     1     0.00000000
   0.060    45    39     5     3     1    -1     0.00000000
   0.060    45    40     5     1     0     1    -0.00000000
   0.060    45    41     5     1     1    -1    -0.00000000
   0.060    45    42     5     5     1     1    -0.58878542
   0.060    45    43     5     5     2    -1     0.80790262
   0.060    45    44     5     3     1     1     0.00384150
   0.060    45    45     5     3     2    -1     0.00327315
   0.060    45    46     5     1     1     1    -0.00026887
   0.060    45    47     5     5     2     1     0.00000000
   0.060    45    48     5     5     3    -1    -0.00000000
   0.060    45    49     5     3     2     1     0.00000000
   0.060    45    50     5     3     3    -1     0.00000000
   0.060    45    51     5     5     3     1     0.00000000
   0.060    45    52     5     5     4    -1     0.00000000
   0.060    45    53     5     3     3     1     0.00000000
   0.060    45    54     5     5     4     1     0.00000000
   0.060    45    55     5     5     5    -1     0.00000000
   0.060    45    56     5     5     5     1     0.00000000
   0.060    45    57     6     6     0     1     0.00000000
   0.060    45    58     6     6     1    -1     0.00000000
   0.060    45    59     6     4     0     1     0.00000000
   0.060    45    60     6     4     1    -1     0.00000000
   0.060    45    61     6     2     0     1    -0.00000000
   0.060    45    62     6     2     1    -1     0.00000000
   0.060    45    63     6     0     0     1    -0.00000000
   0.060    45    64     6     6     1     1     0.00000000
   0.060    45    65     6     6     2    -1     0.00000000
   0.060    45    66     6     4     1     1     0.00000000
   0.060    45    67     6     4     2    -1    -0.00000000
   0.060    45    68     6     2     1     1     0.00000000
   0.060    45    69     6     2     2    -1     0.00000000
   0.060    45    70     6     6     2     1    -0.00000000
   0.060    45    71     6     6     3    -1    -0.00000000
   0.060    45    72     6     4     2     1    -0.00000000
   0.060    45    73     6     4     3    -1    -0.00000000
   0.060    45    74     6     2     2     1     0.00000000
   0.060    45    75     6     6     3     1     0.00000000
   0.060    45    76     6     6     4    -1     0.00000000
   0.060    45    77     6     4     3     1    -0.00000000
   0.060    45    78     6     4     4    -1    -0.00000000
   0.060    45    79     6     6     4     1    -0.00000000
   0.060    45    80     6     6     5    -1    -0.00000000
   0.060    45    81     6     4     4     1     0.00000000
   0.060    45    82     6     6     5     1    -0.00000000
   0.060    45    83     6     6     6    -1    -0.00000000
   0.060    45    84     6     6     6     1    -0.00000000
   0.060    45    85     7     7     0     1    -0.00000000
   0.060    45    86     7     7     1    -1     0.00000000
   0.060    45    87     7     5     0     1     0.00000000
   0.060    45    88     7     5     1    -1    -0.00000000
   0.060    45    89     7     3     0     1     0.00000000
   0.060    45    90     7     3     1    -1     0.00000000
   0.060    45    91     7     1     0     1    -0.00000000
   0.060    45    92     7     1     1    -1    -0.00000000
   0.060    45    93     7     7     1     1    -0.01019649
   0.060    45    94     7     7     2    -1     0.01315714
   0.060    45    95     7     5     1     1    -0.00716035
   0.060    45    96     7     5     2    -1     0.00582513
   0.060    45    97     7     3     1     1    -0.00533256
   0.060    45    98     7     3     2    -1     0.00566337
   0.060    45    99     7     1     1     1     0.00005354
   0.060    45   100     7     7     2     1     0.00000000
   0.060    45   101     7     7     3    -1     0.00000000
   0.060    45   102     7     5     2     1    -0.00000000
   0.060    45   103     7     5     3    -1    -0.00000000
   0.060    45   104     7     3     2     1    -0.00000000
   0.060    45   105     7     3     3    -1    -0.00000000
   0.060    45   106     7     7     3     1    -0.00000000
   0.060    45   107     7     7     4    -1    -0.00000000
   0.060    45   108     7     5     3     1     0.00000000
   0.060    45   109     7     5     4    -1    -0.00000000
   0.060    45   110     7     3     3     1     0.00000000
   0.060    45   111     7     7     4     1    -0.00000000
   0.060    45   112     7     7     5    -1    -0.00000000
   0.060    45   113     7     5     4     1    -0.00000000
   0.060    45   114     7     5     5    -1    -0.00000000
   0.060    45   115     7     7     5     1     0.00000000
   0.060    45   116     7     7     6    -1     0.00000000
   0.060    45   117     7     5     5     1     0.00000000
   0.060    45   118     7     7     6     1     0.00000000
   0.060    45   119     7     7     7    -1     0.00000000
   0.060    45   120     7     7     7     1     0.00000000
   0.060    46     1     0     0     0     1     0.00000000
   0.060    46     2     1     1     0     1     0.00000000
   0.060    46     3     1     1     1    -1     0.00000000
   0.060    46     4     1     1     1     1     0.00000000
   0.060    46     5     2     2     0     1    -0.00000000
   0.060    46     6     2     2     1    -1    -0.00000000
   0.060    46     7     2     0     0     1    -0.00000000
   0.060    46     8     2     2     1     1    -0.00000000
   0.060    46     9     2     2     2    -1    -0.00000000
   0.060    46    10     2     2     2     1    -0.00000000
   0.060    46    11     3     3     0     1    -0.00000000
   0.060    46    12     3     3     1    -1    -0.00000000
   0.060    46    13     3     1     0     1    -0.00000000
   0.060    46    14     3     1     1    -1    -0.00000000
   0.060    46    15     3     3     1     1    -0.00000000
   0.060    46    16     3     3     2    -1     0.00000000
   0.060    46    17     3     1     1     1     0.00000000
   0.060    46    18     3     3     2     1    -0.00039300
   0.060    46    19     3     3     3    -1     0.00558294
   0.060    46    20     3     3     3     1    -0.00000000
   0.060    46    21     4     4     0     1     0.00000000
   0.060    46    22     4     4     1    -1     0.00000000
   0.060    46    23     4     2     0     1     0.00000000
   0.060    46    24     4     2     1    -1     0.00000000
   0.060    46    25     4     0     0     1    -0.00000000
   0.060    46    26     4     4     1     1    -0.00000000
   0.060    46    27     4     4     2    -1     0.00000000
   0.060    46    28     4     2     1     1    -0.00000000
   0.060    46    29     4     2     2    -1    -0.00000000
   0.060    46    30     4     4     2     1    -0.00000000
   0.060    46    31     4     4     3    -1    -0.00000000
   0.060    46    32     4     2     2     1     0.00000000
   0.060    46    33     4     4     3     1    -0.00000000
   0.060    46    34     4     4     4    -1     0.00000000
   0.060    46    35     4     4     4     1    -0.00000000
   0.060    46    36     5     5     0     1    -0.00000000
   0.060    46    37     5     5     1    -1    -0.00000000
   0.060    46    38     5     3     0     1     0.00000000
   0.060    46    39     5     3     1    -1     0.00000000
   0.060    46    40     5     1     0     1    -0.00000000
   0.060    46    41     5     1     1    -1    -0.00000000
   0.060    46    42     5     5     1     1    -0.00000000
   0.060    46    43     5     5     2    -1    -0.00000000
   0.060    46    44     5     3     1     1     0.00000000
   0.060    46    45     5     3     2    -1     0.00000000
   0.060    46    46     5     1     1     1     0.00000000
   0.060    46    47     5     5     2     1     0.00316420
   0.060    46    48     5     5     3    -1    -0.00662086
   0.060    46    49     5     3     2     1     0.95064157
   0.060    46    50     5     3     3    -1     0.30920284
   0.060    46    51     5     5     3     1    -0.00000000
   0.060    46    52     5     5     4    -1    -0.00000000
   0.060    46    53     5     3     3     1     0.00000000
   0.060    46    54     5     5     4     1     0.00000000
   0.060    46    55     5     5     5    -1     0.00000000
   0.060    46    56     5     5     5     1     0.00000000
   0.060    46    57     6     6     0     1     0.00000000
   0.060    46    58     6     6     1    -1     0.00000000
   0.060    46    59     6     4     0     1     0.00000000
   0.060    46    60     6     4     1    -1     0.00000000
   0.060    46    61     6     2     0     1     0.00000000
   0.060    46    62     6     2     1    -1     0.00000000
   0.060    46    63     6     0     0     1     0.00000000
   0.060    46    64     6     6     1     1    -0.00000000
   0.060    46    65     6     6     2    -1     0.00000000
   0.060    46    66     6     4     1     1     0.00000000
   0.060    46    67     6     4     2    -1    -0.00000000
   0.060    46    68     6     2     1     1    -0.00000000
   0.060    46    69     6     2     2    -1     0.00000000
   0.060    46    70     6     6     2     1    -0.00000000
   0.060    46    71     6     6     3    -1    -0.00000000
   0.060    46    72     6     4     2     1     0.00000000
   0.060    46    73     6     4     3    -1     0.00000000
   0.060    46    74     6     2     2     1    -0.00000000
   0.060    46    75     6     6     3     1    -0.00000000
   0.060    46    76     6     6     4    -1    -0.00000000
   0.060    46    77     6     4     3     1     0.00000000
   0.060    46    78     6     4     4    -1     0.00000000
   0.060    46    79     6     6     4     1     0.00000000
   0.060    46    80     6     6     5    -1     0.00000000
   0.060    46    81     6     4     4     1     0.00000000
   0.060    46    82     6     6     5     1    -0.00000000
   0.060    46    83     6     6     6    -1     0.00000000
   0.060    46    84     6     6     6     1    -0.00000000
   0.060    46    85     7     7     0     1     0.00000000
   0.060    46    86     7     7     1    -1    -0.00000000
   0.060    46    87     7     5     0     1    -0.00000000
   0.060    46    88     7     5     1    -1     0.00000000
   0.060    46    89     7     3     0     1    -0.00000000
   0.060    46    90     7     3     1    -1    -0.00000000
   0.060    46    91     7     1     0     1     0.00000000
   0.060    46    92     7     1     1    -1     0.00000000
   0.060    46    93     7     7     1     1    -0.00000000
   0.060    46    94     7     7     2    -1    -0.00000000
   0.060    46    95     7     5     1     1    -0.00000000
   0.060    46    96     7     5     2    -1     0.00000000
   0.060    46    97     7     3     1     1    -0.00000000
   0.060    46    98     7     3     2    -1    -0.00000000
   0.060    46    99     7     1     1     1     0.00000000
   0.060    46   100     7     7     2     1     0.00004371
   0.060    46   101     7     7     3    -1    -0.00009726
   0.060    46   102     7     5     2     1     0.02259830
   0.060    46   103     7     5     3    -1     0.00679796
   0.060    46   104     7     3     2     1    -0.00030847
   0.060    46   105     7     3     3    -1    -0.00566016
   0.060    46   106     7     7     3     1     0.00000000
   0.060    46   107     7     7     4    -1     0.00000000
   0.060    46   108     7     5     3     1    -0.00000000
   0.060    46   109     7     5     4    -1    -0.00000000
   0.060    46   110     7     3     3     1    -0.00000000
   0.060    46   111     7     7     4     1    -0.00000000
   0.060    46   112     7     7     5    -1    -0.00000000
   0.060    46   113     7     5     4     1    -0.00000000
   0.060    46   114     7     5     5    -1    -0.00000000
   0.060    46   115     7     7     5     1     0.00000000
   0.060    46   116     7     7     6    -1     0.00000000
   0.060    46   117     7     5     5     1     0.00000000
   0.060    46   118     7     7     6     1     0.00000000
   0.060    46   119     7     7     7    -1     0.00000000
   0.060    46   120     7     7     7     1     0.00000000
   0.060    47     1     0     0     0     1     0.00000000
   0.060    47     2     1     1     0     1    -0.00000000
   0.060    47     3     1     1     1    -1     0.00000000
   0.060    47     4     1     1     1     1    -0.00000000
   0.060    47     5     2     2     0     1     0.00000000
   0.060    47     6     2     2     1    -1     0.00000000
   0.060    47     7     2     0     0     1     0.00000000
   0.060    47     8     2     2     1     1     0.00000000
   0.060    47     9     2     2     2    -1    -0.00000000
   0.060    47    10     2     2     2     1    -0.00000000
   0.060    47    11     3     3     0     1     0.00000000
   0.060    47    12     3     3     1    -1    -0.00000000
   0.060    47    13     3     1     0     1     0.00000000
   0.060    47    14     3     1     1    -1    -0.00000000
   0.060    47    15     3     3     1     1    -0.00000000
   0.060    47    16     3     3     2    -1    -0.00000000
   0.060    47    17     3     1     1     1    -0.00000000
   0.060    47    18     3     3     2     1     0.00568150
   0.060    47    19     3     3     3    -1    -0.00755518
   0.060    47    20     3     3     3     1     0.00000000
   0.060    47    21     4     4     0     1    -0.00000000
   0.060    47    22     4     4     1    -1    -0.00000000
   0.060    47    23     4     2     0     1     0.00000000
   0.060    47    24     4     2     1    -1     0.00000000
   0.060    47    25     4     0     0     1     0.00000000
   0.060    47    26     4     4     1     1    -0.00000000
   0.060    47    27     4     4     2    -1    -0.00000000
   0.060    47    28     4     2     1     1    -0.00000000
   0.060    47    29     4     2     2    -1    -0.00000000
   0.060    47    30     4     4     2     1     0.00000000
   0.060    47    31     4     4     3    -1    -0.00000000
   0.060    47    32     4     2     2     1    -0.00000000
   0.060    47    33     4     4     3     1     0.00000000
   0.060    47    34     4     4     4    -1     0.00000000
   0.060    47    35     4     4     4     1     0.00000000
   0.060    47    36     5     5     0     1     0.00000000
   0.060    47    37     5     5     1    -1    -0.00000000
   0.060    47    38     5     3     0     1    -0.00000000
   0.060    47    39     5     3     1    -1    -0.00000000
   0.060    47    40     5     1     0     1     0.00000000
   0.060    47    41     5     1     1    -1     0.00000000
   0.060    47    42     5     5     1     1     0.00000000
   0.060    47    43     5     5     2    -1     0.00000000
   0.060    47    44     5     3     1     1     0.00000000
   0.060    47    45     5     3     2    -1     0.00000000
   0.060    47    46     5     1     1     1     0.00000000
   0.060    47    47     5     5     2     1    -0.49943296
   0.060    47    48     5     5     3    -1     0.86611468
   0.060    47    49     5     3     2     1     0.00702906
   0.060    47    50     5     3     3    -1     0.00257741
   0.060    47    51     5     5     3     1     0.00000000
   0.060    47    52     5     5     4    -1    -0.00000000
   0.060    47    53     5     3     3     1    -0.00000000
   0.060    47    54     5     5     4     1    -0.00000000
   0.060    47    55     5     5     5    -1    -0.00000000
   0.060    47    56     5     5     5     1     0.00000000
   0.060    47    57     6     6     0     1    -0.00000000
   0.060    47    58     6     6     1    -1    -0.00000000
   0.060    47    59     6     4     0     1     0.00000000
   0.060    47    60     6     4     1    -1     0.00000000
   0.060    47    61     6     2     0     1     0.00000000
   0.060    47    62     6     2     1    -1     0.00000000
   0.060    47    63     6     0     0     1     0.00000000
   0.060    47    64     6     6     1     1    -0.00000000
   0.060    47    65     6     6     2    -1    -0.00000000
   0.060    47    66     6     4     1     1    -0.00000000
   0.060    47    67     6     4     2    -1    -0.00000000
   0.060    47    68     6     2     1     1    -0.00000000
   0.060    47    69     6     2     2    -1    -0.00000000
   0.060    47    70     6     6     2     1     0.00000000
   0.060    47    71     6     6     3    -1    -0.00000000
   0.060    47    72     6     4     2     1    -0.00000000
   0.060    47    73     6     4     3    -1     0.00000000
   0.060    47    74     6     2     2     1     0.00000000
   0.060    47    75     6     6     3     1     0.00000000
   0.060    47    76     6     6     4    -1     0.00000000
   0.060    47    77     6     4     3     1    -0.00000000
   0.060    47    78     6     4     4    -1    -0.00000000
   0.060    47    79     6     6     4     1     0.00000000
   0.060    47    80     6     6     5    -1     0.00000000
   0.060    47    81     6     4     4     1     0.00000000
   0.060    47    82     6     6     5     1    -0.00000000
   0.060    47    83     6     6     6    -1     0.00000000
   0.060    47    84     6     6     6     1    -0.00000000
   0.060    47    85     7     7     0     1     0.00000000
   0.060    47    86     7     7     1    -1    -0.00000000
   0.060    47    87     7     5     0     1    -0.00000000
   0.060    47    88     7     5     1    -1     0.00000000
   0.060    47    89     7     3     0     1    -0.00000000
   0.060    47    90     7     3     1    -1     0.00000000
   0.060    47    91     7     1     0     1    -0.00000000
   0.060    47    92     7     1     1    -1    -0.00000000
   0.060    47    93     7     7     1     1    -0.00000000
   0.060    47    94     7     7     2    -1    -0.00000000
   0.060    47    95     7     5     1     1     0.00000000
   0.060    47    96     7     5     2    -1     0.00000000
   0.060    47    97     7     3     1     1     0.00000000
   0.060    47    98     7     3     2    -1    -0.00000000
   0.060    47    99     7     1     1     1     0.00000000
   0.060    47   100     7     7     2     1    -0.00799330
   0.060    47   101     7     7     3    -1     0.01232380
   0.060    47   102     7     5     2     1    -0.00452205
   0.060    47   103     7     5     3    -1     0.00063189
   0.060    47   104     7     3     2     1    -0.00392197
   0.060    47   105     7     3     3    -1     0.00383084
   0.060    47   106     7     7     3     1     0.00000000
   0.060    47   107     7     7     4    -1    -0.00000000
   0.060    47   108     7     5     3     1     0.00000000
   0.060    47   109     7     5     4    -1     0.00000000
   0.060    47   110     7     3     3     1     0.00000000
   0.060    47   111     7     7     4     1     0.00000000
   0.060    47   112     7     7     5    -1     0.00000000
   0.060    47   113     7     5     4     1     0.00000000
   0.060    47   114     7     5     5    -1     0.00000000
   0.060    47   115     7     7     5     1     0.00000000
   0.060    47   116     7     7     6    -1     0.00000000
   0.060    47   117     7     5     5     1     0.00000000
   0.060    47   118     7     7     6     1     0.00000000
   0.060    47   119     7     7     7    -1     0.00000000
   0.060    47   120     7     7     7     1     0.00000000
   0.060    48     1     0     0     0     1    -0.00000000
   0.060    48     2     1     1     0     1    -0.00000000
   0.060    48     3     1     1     1    -1    -0.00000000
   0.060    48     4     1     1     1     1    -0.00000000
   0.060    48     5     2     2     0     1    -0.00000000
   0.060    48     6     2     2     1    -1     0.00000000
   0.060    48     7     2     0     0     1    -0.00000000
   0.060    48     8     2     2     1     1     0.00000000
   0.060    48     9     2     2     2    -1     0.00000000
   0.060    48    10     2     2     2     1     0.00000000
   0.060    48    11     3     3     0     1    -0.00000000
   0.060    48    12     3     3     1    -1     0.00000000
   0.060    48    13     3     1     0     1     0.00000000
   0.060    48    14     3     1     1    -1    -0.00000000
   0.060    48    15     3     3     1     1     0.00000000
   0.060    48    16     3     3     2    -1    -0.00000000
   0.060    48    17     3     1     1     1     0.00000000
   0.060    48    18     3     3     2     1    -0.00000000
   0.060    48    19     3     3     3    -1     0.00000000
   0.060    48    20     3     3     3     1     0.00267656
   0.060    48    21     4     4     0     1     0.00000000
   0.060    48    22     4     4     1    -1     0.00000000
   0.060    48    23     4     2     0     1    -0.00000000
   0.060    48    24     4     2     1    -1     0.00000000
   0.060    48    25     4     0     0     1     0.00000000
   0.060    48    26     4     4     1     1    -0.00000000
   0.060    48    27     4     4     2    -1    -0.00000000
   0.060    48    28     4     2     1     1    -0.00000000
   0.060    48    29     4     2     2    -1     0.00000000
   0.060    48    30     4     4     2     1    -0.00000000
   0.060    48    31     4     4     3    -1    -0.00000000
   0.060    48    32     4     2     2     1    -0.00000000
   0.060    48    33     4     4     3     1     0.00000000
   0.060    48    34     4     4     4    -1     0.00000000
   0.060    48    35     4     4     4     1     0.00000000
   0.060    48    36     5     5     0     1     0.00000000
   0.060    48    37     5     5     1    -1     0.00000000
   0.060    48    38     5     3     0     1     0.00000000
   0.060    48    39     5     3     1    -1    -0.00000000
   0.060    48    40     5     1     0     1     0.00000000
   0.060    48    41     5     1     1    -1    -0.00000000
   0.060    48    42     5     5     1     1    -0.00000000
   0.060    48    43     5     5     2    -1    -0.00000000
   0.060    48    44     5     3     1     1     0.00000000
   0.060    48    45     5     3     2    -1     0.00000000
   0.060    48    46     5     1     1     1     0.00000000
   0.060    48    47     5     5     2     1     0.00000000
   0.060    48    48     5     5     3    -1     0.00000000
   0.060    48    49     5     3     2     1    -0.00000000
   0.060    48    50     5     3     3    -1    -0.00000000
   0.060    48    51     5     5     3     1    -0.39812599
   0.060    48    52     5     5     4    -1     0.91721552
   0.060    48    53     5     3     3     1    -0.00235400
   0.060    48    54     5     5     4     1     0.00000000
   0.060    48    55     5     5     5    -1    -0.00000000
   0.060    48    56     5     5     5     1     0.00000000
   0.060    48    57     6     6     0     1     0.00000000
   0.060    48    58     6     6     1    -1     0.00000000
   0.060    48    59     6     4     0     1     0.00000000
   0.060    48    60     6     4     1    -1     0.00000000
   0.060    48    61     6     2     0     1     0.00000000
   0.060    48    62     6     2     1    -1     0.00000000
   0.060    48    63     6     0     0     1     0.00000000
   0.060    48    64     6     6     1     1    -0.00000000
   0.060    48    65     6     6     2    -1    -0.00000000
   0.060    48    66     6     4     1     1    -0.00000000
   0.060    48    67     6     4     2    -1    -0.00000000
   0.060    48    68     6     2     1     1    -0.00000000
   0.060    48    69     6     2     2    -1    -0.00000000
   0.060    48    70     6     6     2     1    -0.00000000
   0.060    48    71     6     6     3    -1    -0.00000000
   0.060    48    72     6     4     2     1    -0.00000000
   0.060    48    73     6     4     3    -1     0.00000000
   0.060    48    74     6     2     2     1     0.00000000
   0.060    48    75     6     6     3     1     0.00000000
   0.060    48    76     6     6     4    -1     0.00000000
   0.060    48    77     6     4     3     1    -0.00000000
   0.060    48    78     6     4     4    -1    -0.00000000
   0.060    48    79     6     6     4     1     0.00000000
   0.060    48    80     6     6     5    -1     0.00000000
   0.060    48    81     6     4     4     1    -0.00000000
   0.060    48    82     6     6     5     1    -0.00000000
   0.060    48    83     6     6     6    -1    -0.00000000
   0.060    48    84     6     6     6     1     0.00000000
   0.060    48    85     7     7     0     1     0.00000000
   0.060    48    86     7     7     1    -1    -0.00000000
   0.060    48    87     7     5     0     1    -0.00000000
   0.060    48    88     7     5     1    -1     0.00000000
   0.060    48    89     7     3     0     1    -0.00000000
   0.060    48    90     7     3     1    -1     0.00000000
   0.060    48    91     7     1     0     1    -0.00000000
   0.060    48    92     7     1     1    -1     0.00000000
   0.060    48    93     7     7     1     1     0.00000000
   0.060    48    94     7     7     2    -1    -0.00000000
   0.060    48    95     7     5     1     1     0.00000000
   0.060    48    96     7     5     2    -1    -0.00000000
   0.060    48    97     7     3     1     1    -0.00000000
   0.060    48    98     7     3     2    -1    -0.00000000
   0.060    48    99     7     1     1     1    -0.00000000
   0.060    48   100     7     7     2     1     0.00000000
   0.060    48   101     7     7     3    -1    -0.00000000
   0.060    48   102     7     5     2     1     0.00000000
   0.060    48   103     7     5     3    -1     0.00000000
   0.060    48   104     7     3     2     1     0.00000000
   0.060    48   105     7     3     3    -1     0.00000000
   0.060    48   106     7     7     3     1    -0.00551664
   0.060    48   107     7     7     4    -1     0.01031145
   0.060    48   108     7     5     3     1    -0.00168109
   0.060    48   109     7     5     4    -1    -0.00738386
   0.060    48   110     7     3     3     1    -0.00213848
   0.060    48   111     7     7     4     1     0.00000000
   0.060    48   112     7     7     5    -1     0.00000000
   0.060    48   113     7     5     4     1     0.00000000
   0.060    48   114     7     5     5    -1     0.00000000
   0.060    48   115     7     7     5     1     0.00000000
   0.060    48   116     7     7     6    -1     0.00000000
   0.060    48   117     7     5     5     1     0.00000000
   0.060    48   118     7     7     6     1     0.00000000
   0.060    48   119     7     7     7    -1     0.00000000
   0.060    48   120     7     7     7     1     0.00000000
   0.060    49     1     0     0     0     1     0.00000000
   0.060    49     2     1     1     0     1    -0.00000000
   0.060    49     3     1     1     1    -1     0.00000000
   0.060    49     4     1     1     1     1     0.00000000
   0.060    49     5     2     2     0     1     0.00000000
   0.060    49     6     2     2     1    -1    -0.00000000
   0.060    49     7     2     0     0     1    -0.00000000
   0.060    49     8     2     2     1     1    -0.00000000
   0.060    49     9     2     2     2    -1     0.00000000
   0.060    49    10     2     2     2     1     0.00000000
   0.060    49    11     3     3     0     1     0.00000000
   0.060    49    12     3     3     1    -1     0.00000000
   0.060    49    13     3     1     0     1     0.00000000
   0.060    49    14     3     1     1    -1    -0.00000000
   0.060    49    15     3     3     1     1     0.00000000
   0.060    49    16     3     3     2    -1     0.00000000
   0.060    49    17     3     1     1     1    -0.00000000
   0.060    49    18     3     3     2     1     0.00000000
   0.060    49    19     3     3     3    -1     0.00000000
   0.060    49    20     3     3     3     1     0.01437601
   0.060    49    21     4     4     0     1    -0.00000000
   0.060    49    22     4     4     1    -1    -0.00000000
   0.060    49    23     4     2     0     1    -0.00000000
   0.060    49    24     4     2     1    -1    -0.00000000
   0.060    49    25     4     0     0     1     0.00000000
   0.060    49    26     4     4     1     1     0.00000000
   0.060    49    27     4     4     2    -1     0.00000000
   0.060    49    28     4     2     1     1    -0.00000000
   0.060    49    29     4     2     2    -1    -0.00000000
   0.060    49    30     4     4     2     1     0.00000000
   0.060    49    31     4     4     3    -1     0.00000000
   0.060    49    32     4     2     2     1     0.00000000
   0.060    49    33     4     4     3     1    -0.00000000
   0.060    49    34     4     4     4    -1    -0.00000000
   0.060    49    35     4     4     4     1     0.00000000
   0.060    49    36     5     5     0     1    -0.00000000
   0.060    49    37     5     5     1    -1    -0.00000000
   0.060    49    38     5     3     0     1     0.00000000
   0.060    49    39     5     3     1    -1    -0.00000000
   0.060    49    40     5     1     0     1     0.00000000
   0.060    49    41     5     1     1    -1    -0.00000000
   0.060    49    42     5     5     1     1    -0.00000000
   0.060    49    43     5     5     2    -1     0.00000000
   0.060    49    44     5     3     1     1     0.00000000
   0.060    49    45     5     3     2    -1     0.00000000
   0.060    49    46     5     1     1     1    -0.00000000
   0.060    49    47     5     5     2     1     0.00000000
   0.060    49    48     5     5     3    -1     0.00000000
   0.060    49    49     5     3     2     1    -0.00000000
   0.060    49    50     5     3     3    -1    -0.00000000
   0.060    49    51     5     5     3     1    -0.00088768
   0.060    49    52     5     5     4    -1     0.00213090
   0.060    49    53     5     3     3     1     0.99953175
   0.060    49    54     5     5     4     1     0.00000000
   0.060    49    55     5     5     5    -1    -0.00000000
   0.060    49    56     5     5     5     1     0.00000000
   0.060    49    57     6     6     0     1    -0.00000000
   0.060    49    58     6     6     1    -1    -0.00000000
   0.060    49    59     6     4     0     1    -0.00000000
   0.060    49    60     6     4     1    -1    -0.00000000
   0.060    49    61     6     2     0     1    -0.00000000
   0.060    49    62     6     2     1    -1    -0.00000000
   0.060    49    63     6     0     0     1    -0.00000000
   0.060    49    64     6     6     1     1     0.00000000
   0.060    49    65     6     6     2    -1     0.00000000
   0.060    49    66     6     4     1     1     0.00000000
   0.060    49    67     6     4     2    -1     0.00000000
   0.060    49    68     6     2     1     1     0.00000000
   0.060    49    69     6     2     2    -1     0.00000000
   0.060    49    70     6     6     2     1     0.00000000
   0.060    49    71     6     6     3    -1     0.00000000
   0.060    49    72     6     4     2     1     0.00000000
   0.060    49    73     6     4     3    -1    -0.00000000
   0.060    49    74     6     2     2     1    -0.00000000
   0.060    49    75     6     6     3     1    -0.00000000
   0.060    49    76     6     6     4    -1    -0.00000000
   0.060    49    77     6     4     3     1     0.00000000
   0.060    49    78     6     4     4    -1     0.00000000
   0.060    49    79     6     6     4     1     0.00000000
   0.060    49    80     6     6     5    -1     0.00000000
   0.060    49    81     6     4     4     1    -0.00000000
   0.060    49    82     6     6     5     1     0.00000000
   0.060    49    83     6     6     6    -1     0.00000000
   0.060    49    84     6     6     6     1    -0.00000000
   0.060    49    85     7     7     0     1     0.00000000
   0.060    49    86     7     7     1    -1     0.00000000
   0.060    49    87     7     5     0     1     0.00000000
   0.060    49    88     7     5     1    -1    -0.00000000
   0.060    49    89     7     3     0     1     0.00000000
   0.060    49    90     7     3     1    -1     0.00000000
   0.060    49    91     7     1     0     1    -0.00000000
   0.060    49    92     7     1     1    -1    -0.00000000
   0.060    49    93     7     7     1     1     0.00000000
   0.060    49    94     7     7     2    -1    -0.00000000
   0.060    49    95     7     5     1     1    -0.00000000
   0.060    49    96     7     5     2    -1     0.00000000
   0.060    49    97     7     3     1     1    -0.00000000
   0.060    49    98     7     3     2    -1     0.00000000
   0.060    49    99     7     1     1     1    -0.00000000
   0.060    49   100     7     7     2     1     0.00000000
   0.060    49   101     7     7     3    -1     0.00000000
   0.060    49   102     7     5     2     1     0.00000000
   0.060    49   103     7     5     3    -1     0.00000000
   0.060    49   104     7     3     2     1     0.00000000
   0.060    49   105     7     3     3    -1    -0.00000000
   0.060    49   106     7     7     3     1    -0.00001198
   0.060    49   107     7     7     4    -1     0.00002431
   0.060    49   108     7     5     3     1     0.01613826
   0.060    49   109     7     5     4    -1     0.00170503
   0.060    49   110     7     3     3     1    -0.02146936
   0.060    49   111     7     7     4     1    -0.00000000
   0.060    49   112     7     7     5    -1    -0.00000000
   0.060    49   113     7     5     4     1    -0.00000000
   0.060    49   114     7     5     5    -1     0.00000000
   0.060    49   115     7     7     5     1     0.00000000
   0.060    49   116     7     7     6    -1     0.00000000
   0.060    49   117     7     5     5     1     0.00000000
   0.060    49   118     7     7     6     1     0.00000000
   0.060    49   119     7     7     7    -1     0.00000000
   0.060    49   120     7     7     7     1     0.00000000
   0.060    50     1     0     0     0     1    -0.00000050
   0.060    50     2     1     1     0     1     0.00000000
   0.060    50     3     1     1     1    -1    -0.00000000
   0.060    50     4     1     1     1     1     0.00000000
   0.060    50     5     2     2     0     1     0.00011705
   0.060    50     6     2     2     1    -1     0.00009634
   0.060    50     7     2     0     0     1    -0.00000053
   0.060    50     8     2     2     1     1    -0.00000000
   0.060    50     9     2     2     2    -1     0.00000000
   0.060    50    10     2     2     2     1    -0.00000000
   0.060    50    11     3     3     0     1    -0.00000000
   0.060    50    12     3     3     1    -1     0.00000000
   0.060    50    13     3     1     0     1    -0.00000000
   0.060    50    14     3     1     1    -1     0.00000000
   0.060    50    15     3     3     1     1    -0.00000000
   0.060    50    16     3     3     2    -1     0.00000000
   0.060    50    17     3     1     1     1     0.00000000
   0.060    50    18     3     3     2     1     0.00000000
   0.060    50    19     3     3     3    -1    -0.00000000
   0.060    50    20     3     3     3     1    -0.00000000
   0.060    50    21     4     4     0     1    -0.01443853
   0.060    50    22     4     4     1    -1    -0.01287689
   0.060    50    23     4     2     0     1     0.00003485
   0.060    50    24     4     2     1    -1     0.00002190
   0.060    50    25     4     0     0     1     0.00002291
   0.060    50    26     4     4     1     1     0.00000000
   0.060    50    27     4     4     2    -1     0.00000000
   0.060    50    28     4     2     1     1    -0.00000000
   0.060    50    29     4     2     2    -1    -0.00000000
   0.060    50    30     4     4     2     1    -0.00000000
   0.060    50    31     4     4     3    -1    -0.00000000
   0.060    50    32     4     2     2     1     0.00000000
   0.060    50    33     4     4     3     1    -0.00000000
   0.060    50    34     4     4     4    -1     0.00000000
   0.060    50    35     4     4     4     1    -0.00000000
   0.060    50    36     5     5     0     1     0.00000000
   0.060    50    37     5     5     1    -1    -0.00000000
   0.060    50    38     5     3     0     1     0.00000000
   0.060    50    39     5     3     1    -1    -0.00000000
   0.060    50    40     5     1     0     1    -0.00000000
   0.060    50    41     5     1     1    -1    -0.00000000
   0.060    50    42     5     5     1     1    -0.00000000
   0.060    50    43     5     5     2    -1     0.00000000
   0.060    50    44     5     3     1     1    -0.00000000
   0.060    50    45     5     3     2    -1    -0.00000000
   0.060    50    46     5     1     1     1    -0.00000000
   0.060    50    47     5     5     2     1    -0.00000000
   0.060    50    48     5     5     3    -1     0.00000000
   0.060    50    49     5     3     2     1     0.00000000
   0.060    50    50     5     3     3    -1     0.00000000
   0.060    50    51     5     5     3     1    -0.00000000
   0.060    50    52     5     5     4    -1     0.00000000
   0.060    50    53     5     3     3     1    -0.00000000
   0.060    50    54     5     5     4     1     0.00000000
   0.060    50    55     5     5     5    -1    -0.00000000
   0.060    50    56     5     5     5     1     0.00000000
   0.060    50    57     6     6     0     1     0.73647792
   0.060    50    58     6     6     1    -1     0.67618434
   0.060    50    59     6     4     0     1    -0.00057401
   0.060    50    60     6     4     1    -1    -0.00046258
   0.060    50    61     6     2     0     1    -0.00031032
   0.060    50    62     6     2     1    -1    -0.00024572
   0.060    50    63     6     0     0     1     0.00000116
   0.060    50    64     6     6     1     1    -0.00000000
   0.060    50    65     6     6     2    -1    -0.00000000
   0.060    50    66     6     4     1     1    -0.00000000
   0.060    50    67     6     4     2    -1    -0.00000000
   0.060    50    68     6     2     1     1    -0.00000000
   0.060    50    69     6     2     2    -1     0.00000000
   0.060    50    70     6     6     2     1     0.00000000
   0.060    50    71     6     6     3    -1     0.00000000
   0.060    50    72     6     4     2     1    -0.00000000
   0.060    50    73     6     4     3    -1    -0.00000000
   0.060    50    74     6     2     2     1     0.00000000
   0.060    50    75     6     6     3     1    -0.00000000
   0.060    50    76     6     6     4    -1    -0.00000000
   0.060    50    77     6     4     3     1     0.00000000
   0.060    50    78     6     4     4    -1     0.00000000
   0.060    50    79     6     6     4     1    -0.00000000
   0.060    50    80     6     6     5    -1    -0.00000000
   0.060    50    81     6     4     4     1     0.00000000
   0.060    50    82     6     6     5     1    -0.00000000
   0.060    50    83     6     6     6    -1    -0.00000000
   0.060    50    84     6     6     6     1    -0.00000000
   0.060    50    85     7     7     0     1    -0.00000000
   0.060    50    86     7     7     1    -1     0.00000000
   0.060    50    87     7     5     0     1    -0.00000000
   0.060    50    88     7     5     1    -1    -0.00000000
   0.060    50    89     7     3     0     1    -0.00000000
   0.060    50    90     7     3     1    -1    -0.00000000
   0.060    50    91     7     1     0     1     0.00000000
   0.060    50    92     7     1     1    -1    -0.00000000
   0.060    50    93     7     7     1     1    -0.00000000
   0.060    50    94     7     7     2    -1     0.00000000
   0.060    50    95     7     5     1     1     0.00000000
   0.060    50    96     7     5     2    -1     0.00000000
   0.060    50    97     7     3     1     1    -0.00000000
   0.060    50    98     7     3     2    -1    -0.00000000
   0.060    50    99     7     1     1     1    -0.00000000
   0.060    50   100     7     7     2     1     0.00000000
   0.060    50   101     7     7     3    -1    -0.00000000
   0.060    50   102     7     5     2     1     0.00000000
   0.060    50   103     7     5     3    -1     0.00000000
   0.060    50   104     7     3     2     1    -0.00000000
   0.060    50   105     7     3     3    -1     0.00000000
   0.060    50   106     7     7     3     1     0.00000000
   0.060    50   107     7     7     4    -1    -0.00000000
   0.060    50   108     7     5     3     1    -0.00000000
   0.060    50   109     7     5     4    -1    -0.00000000
   0.060    50   110     7     3     3     1    -0.00000000
   0.060    50   111     7     7     4     1     0.00000000
   0.060    50   112     7     7     5    -1    -0.00000000
   0.060    50   113     7     5     4     1     0.00000000
   0.060    50   114     7     5     5    -1     0.00000000
   0.060    50   115     7     7     5     1     0.00000000
   0.060    50   116     7     7     6    -1     0.00000000
   0.060    50   117     7     5     5     1     0.00000000
   0.060    50   118     7     7     6     1     0.00000000
   0.060    50   119     7     7     7    -1     0.00000000
   0.060    50   120     7     7     7     1     0.00000000
   0.060    51     1     0     0     0     1     0.00000000
   0.060    51     2     1     1     0     1     0.00000000
   0.060    51     3     1     1     1    -1    -0.00000000
   0.060    51     4     1     1     1     1    -0.00000000
   0.060    51     5     2     2     0     1    -0.00000000
   0.060    51     6     2     2     1    -1    -0.00000000
   0.060    51     7     2     0     0     1     0.00000000
   0.060    51     8     2     2     1     1    -0.00011181
   0.060    51     9     2     2     2    -1    -0.00005676
   0.060    51    10     2     2     2     1     0.00000000
   0.060    51    11     3     3     0     1    -0.00000000
   0.060    51    12     3     3     1    -1    -0.00000000
   0.060    51    13     3     1     0     1     0.00000000
   0.060    51    14     3     1     1    -1    -0.00000000
   0.060    51    15     3     3     1     1    -0.00000000
   0.060    51    16     3     3     2    -1     0.00000000
   0.060    51    17     3     1     1     1    -0.00000000
   0.060    51    18     3     3     2     1    -0.00000000
   0.060    51    19     3     3     3    -1    -0.00000000
   0.060    51    20     3     3     3     1     0.00000000
   0.060    51    21     4     4     0     1     0.00000000
   0.060    51    22     4     4     1    -1    -0.00000000
   0.060    51    23     4     2     0     1     0.00000000
   0.060    51    24     4     2     1    -1     0.00000000
   0.060    51    25     4     0     0     1     0.00000000
   0.060    51    26     4     4     1     1     0.01500259
   0.060    51    27     4     4     2    -1     0.01051606
   0.060    51    28     4     2     1     1    -0.00002522
   0.060    51    29     4     2     2    -1    -0.00000077
   0.060    51    30     4     4     2     1    -0.00000000
   0.060    51    31     4     4     3    -1     0.00000000
   0.060    51    32     4     2     2     1     0.00000000
   0.060    51    33     4     4     3     1     0.00000000
   0.060    51    34     4     4     4    -1    -0.00000000
   0.060    51    35     4     4     4     1     0.00000000
   0.060    51    36     5     5     0     1    -0.00000000
   0.060    51    37     5     5     1    -1     0.00000000
   0.060    51    38     5     3     0     1    -0.00000000
   0.060    51    39     5     3     1    -1    -0.00000000
   0.060    51    40     5     1     0     1     0.00000000
   0.060    51    41     5     1     1    -1     0.00000000
   0.060    51    42     5     5     1     1    -0.00000000
   0.060    51    43     5     5     2    -1     0.00000000
   0.060    51    44     5     3     1     1     0.00000000
   0.060    51    45     5     3     2    -1    -0.00000000
   0.060    51    46     5     1     1     1     0.00000000
   0.060    51    47     5     5     2     1     0.00000000
   0.060    51    48     5     5     3    -1     0.00000000
   0.060    51    49     5     3     2     1    -0.00000000
   0.060    51    50     5     3     3    -1    -0.00000000
   0.060    51    51     5     5     3     1    -0.00000000
   0.060    51    52     5     5     4    -1    -0.00000000
   0.060    51    53     5     3     3     1     0.00000000
   0.060    51    54     5     5     4     1    -0.00000000
   0.060    51    55     5     5     5    -1    -0.00000000
   0.060    51    56     5     5     5     1     0.00000000
   0.060    51    57     6     6     0     1    -0.00000000
   0.060    51    58     6     6     1    -1    -0.00000000
   0.060    51    59     6     4     0     1    -0.00000000
   0.060    51    60     6     4     1    -1    -0.00000000
   0.060    51    61     6     2     0     1    -0.00000000
   0.060    51    62     6     2     1    -1    -0.00000000
   0.060    51    63     6     0     0     1    -0.00000000
   0.060    51    64     6     6     1     1    -0.79178132
   0.060    51    65     6     6     2    -1    -0.61052951
   0.060    51    66     6     4     1     1     0.00047964
   0.060    51    67     6     4     2    -1     0.00022004
   0.060    51    68     6     2     1     1     0.00028618
   0.060    51    69     6     2     2    -1     0.00012930
   0.060    51    70     6     6     2     1     0.00000000
   0.060    51    71     6     6     3    -1     0.00000000
   0.060    51    72     6     4     2     1    -0.00000000
   0.060    51    73     6     4     3    -1     0.00000000
   0.060    51    74     6     2     2     1    -0.00000000
   0.060    51    75     6     6     3     1    -0.00000000
   0.060    51    76     6     6     4    -1    -0.00000000
   0.060    51    77     6     4     3     1     0.00000000
   0.060    51    78     6     4     4    -1     0.00000000
   0.060    51    79     6     6     4     1     0.00000000
   0.060    51    80     6     6     5    -1     0.00000000
   0.060    51    81     6     4     4     1     0.00000000
   0.060    51    82     6     6     5     1    -0.00000000
   0.060    51    83     6     6     6    -1    -0.00000000
   0.060    51    84     6     6     6     1     0.00000000
   0.060    51    85     7     7     0     1    -0.00000000
   0.060    51    86     7     7     1    -1     0.00000000
   0.060    51    87     7     5     0     1    -0.00000000
   0.060    51    88     7     5     1    -1    -0.00000000
   0.060    51    89     7     3     0     1     0.00000000
   0.060    51    90     7     3     1    -1    -0.00000000
   0.060    51    91     7     1     0     1    -0.00000000
   0.060    51    92     7     1     1    -1    -0.00000000
   0.060    51    93     7     7     1     1     0.00000000
   0.060    51    94     7     7     2    -1     0.00000000
   0.060    51    95     7     5     1     1    -0.00000000
   0.060    51    96     7     5     2    -1    -0.00000000
   0.060    51    97     7     3     1     1     0.00000000
   0.060    51    98     7     3     2    -1    -0.00000000
   0.060    51    99     7     1     1     1    -0.00000000
   0.060    51   100     7     7     2     1    -0.00000000
   0.060    51   101     7     7     3    -1    -0.00000000
   0.060    51   102     7     5     2     1     0.00000000
   0.060    51   103     7     5     3    -1     0.00000000
   0.060    51   104     7     3     2     1     0.00000000
   0.060    51   105     7     3     3    -1     0.00000000
   0.060    51   106     7     7     3     1     0.00000000
   0.060    51   107     7     7     4    -1     0.00000000
   0.060    51   108     7     5     3     1    -0.00000000
   0.060    51   109     7     5     4    -1    -0.00000000
   0.060    51   110     7     3     3     1    -0.00000000
   0.060    51   111     7     7     4     1     0.00000000
   0.060    51   112     7     7     5    -1     0.00000000
   0.060    51   113     7     5     4     1     0.00000000
   0.060    51   114     7     5     5    -1     0.00000000
   0.060    51   115     7     7     5     1     0.00000000
   0.060    51   116     7     7     6    -1     0.00000000
   0.060    51   117     7     5     5     1     0.00000000
   0.060    51   118     7     7     6     1     0.00000000
   0.060    51   119     7     7     7    -1     0.00000000
   0.060    51   120     7     7     7     1     0.00000000
   0.060    52     1     0     0     0     1    -0.00000000
   0.060    52     2     1     1     0     1    -0.00000000
   0.060    52     3     1     1     1    -1    -0.00000000
   0.060    52     4     1     1     1     1    -0.00000000
   0.060    52     5     2     2     0     1    -0.00000000
   0.060    52     6     2     2     1    -1    -0.00000000
   0.060    52     7     2     0     0     1    -0.00000000
   0.060    52     8     2     2     1     1    -0.00000000
   0.060    52     9     2     2     2    -1    -0.00000000
   0.060    52    10     2     2     2     1     0.00007691
   0.060    52    11     3     3     0     1     0.00000000
   0.060    52    12     3     3     1    -1    -0.00000000
   0.060    52    13     3     1     0     1    -0.00000000
   0.060    52    14     3     1     1    -1     0.00000000
   0.060    52    15     3     3     1     1     0.00000000
   0.060    52    16     3     3     2    -1    -0.00000000
   0.060    52    17     3     1     1     1    -0.00000000
   0.060    52    18     3     3     2     1     0.00000000
   0.060    52    19     3     3     3    -1     0.00000000
   0.060    52    20     3     3     3     1     0.00000000
   0.060    52    21     4     4     0     1    -0.00000000
   0.060    52    22     4     4     1    -1     0.00000000
   0.060    52    23     4     2     0     1    -0.00000000
   0.060    52    24     4     2     1    -1     0.00000000
   0.060    52    25     4     0     0     1    -0.00000000
   0.060    52    26     4     4     1     1    -0.00000000
   0.060    52    27     4     4     2    -1    -0.00000000
   0.060    52    28     4     2     1     1    -0.00000000
   0.060    52    29     4     2     2    -1     0.00000000
   0.060    52    30     4     4     2     1    -0.01436083
   0.060    52    31     4     4     3    -1    -0.00756398
   0.060    52    32     4     2     2     1     0.00000113
   0.060    52    33     4     4     3     1    -0.00000000
   0.060    52    34     4     4     4    -1     0.00000000
   0.060    52    35     4     4     4     1     0.00000000
   0.060    52    36     5     5     0     1     0.00000000
   0.060    52    37     5     5     1    -1    -0.00000000
   0.060    52    38     5     3     0     1     0.00000000
   0.060    52    39     5     3     1    -1    -0.00000000
   0.060    52    40     5     1     0     1     0.00000000
   0.060    52    41     5     1     1    -1     0.00000000
   0.060    52    42     5     5     1     1    -0.00000000
   0.060    52    43     5     5     2    -1     0.00000000
   0.060    52    44     5     3     1     1    -0.00000000
   0.060    52    45     5     3     2    -1     0.00000000
   0.060    52    46     5     1     1     1    -0.00000000
   0.060    52    47     5     5     2     1    -0.00000000
   0.060    52    48     5     5     3    -1    -0.00000000
   0.060    52    49     5     3     2     1     0.00000000
   0.060    52    50     5     3     3    -1     0.00000000
   0.060    52    51     5     5     3     1     0.00000000
   0.060    52    52     5     5     4    -1    -0.00000000
   0.060    52    53     5     3     3     1    -0.00000000
   0.060    52    54     5     5     4     1     0.00000000
   0.060    52    55     5     5     5    -1     0.00000000
   0.060    52    56     5     5     5     1     0.00000000
   0.060    52    57     6     6     0     1    -0.00000000
   0.060    52    58     6     6     1    -1    -0.00000000
   0.060    52    59     6     4     0     1    -0.00000000
   0.060    52    60     6     4     1    -1     0.00000000
   0.060    52    61     6     2     0     1     0.00000000
   0.060    52    62     6     2     1    -1    -0.00000000
   0.060    52    63     6     0     0     1    -0.00000000
   0.060    52    64     6     6     1     1     0.00000000
   0.060    52    65     6     6     2    -1     0.00000000
   0.060    52    66     6     4     1     1     0.00000000
   0.060    52    67     6     4     2    -1    -0.00000000
   0.060    52    68     6     2     1     1     0.00000000
   0.060    52    69     6     2     2    -1     0.00000000
   0.060    52    70     6     6     2     1     0.84230339
   0.060    52    71     6     6     3    -1     0.53875921
   0.060    52    72     6     4     2     1    -0.00018961
   0.060    52    73     6     4     3    -1     0.00002851
   0.060    52    74     6     2     2     1    -0.00017609
   0.060    52    75     6     6     3     1     0.00000000
   0.060    52    76     6     6     4    -1     0.00000000
   0.060    52    77     6     4     3     1    -0.00000000
   0.060    52    78     6     4     4    -1    -0.00000000
   0.060    52    79     6     6     4     1    -0.00000000
   0.060    52    80     6     6     5    -1    -0.00000000
   0.060    52    81     6     4     4     1     0.00000000
   0.060    52    82     6     6     5     1    -0.00000000
   0.060    52    83     6     6     6    -1    -0.00000000
   0.060    52    84     6     6     6     1     0.00000000
   0.060    52    85     7     7     0     1    -0.00000000
   0.060    52    86     7     7     1    -1     0.00000000
   0.060    52    87     7     5     0     1    -0.00000000
   0.060    52    88     7     5     1    -1    -0.00000000
   0.060    52    89     7     3     0     1     0.00000000
   0.060    52    90     7     3     1    -1     0.00000000
   0.060    52    91     7     1     0     1     0.00000000
   0.060    52    92     7     1     1    -1    -0.00000000
   0.060    52    93     7     7     1     1     0.00000000
   0.060    52    94     7     7     2    -1    -0.00000000
   0.060    52    95     7     5     1     1    -0.00000000
   0.060    52    96     7     5     2    -1     0.00000000
   0.060    52    97     7     3     1     1    -0.00000000
   0.060    52    98     7     3     2    -1     0.00000000
   0.060    52    99     7     1     1     1     0.00000000
   0.060    52   100     7     7     2     1     0.00000000
   0.060    52   101     7     7     3    -1     0.00000000
   0.060    52   102     7     5     2     1    -0.00000000
   0.060    52   103     7     5     3    -1    -0.00000000
   0.060    52   104     7     3     2     1    -0.00000000
   0.060    52   105     7     3     3    -1    -0.00000000
   0.060    52   106     7     7     3     1     0.00000000
   0.060    52   107     7     7     4    -1     0.00000000
   0.060    52   108     7     5     3     1     0.00000000
   0.060    52   109     7     5     4    -1     0.00000000
   0.060    52   110     7     3     3     1    -0.00000000
   0.060    52   111     7     7     4     1    -0.00000000
   0.060    52   112     7     7     5    -1    -0.00000000
   0.060    52   113     7     5     4     1    -0.00000000
   0.060    52   114     7     5     5    -1    -0.00000000
   0.060    52   115     7     7     5     1     0.00000000
   0.060    52   116     7     7     6    -1     0.00000000
   0.060    52   117     7     5     5     1     0.00000000
   0.060    52   118     7     7     6     1     0.00000000
   0.060    52   119     7     7     7    -1     0.00000000
   0.060    52   120     7     7     7     1     0.00000000
   0.060    53     1     0     0     0     1     0.00000000
   0.060    53     2     1     1     0     1     0.00000000
   0.060    53     3     1     1     1    -1     0.00000000
   0.060    53     4     1     1     1     1    -0.00000000
   0.060    53     5     2     2     0     1    -0.00000000
   0.060    53     6     2     2     1    -1    -0.00000000
   0.060    53     7     2     0     0     1     0.00000000
   0.060    53     8     2     2     1     1    -0.00000000
   0.060    53     9     2     2     2    -1     0.00000000
   0.060    53    10     2     2     2     1     0.00000000
   0.060    53    11     3     3     0     1    -0.00000000
   0.060    53    12     3     3     1    -1     0.00000000
   0.060    53    13     3     1     0     1     0.00000000
   0.060    53    14     3     1     1    -1    -0.00000000
   0.060    53    15     3     3     1     1    -0.00000000
   0.060    53    16     3     3     2    -1    -0.00000000
   0.060    53    17     3     1     1     1    -0.00000000
   0.060    53    18     3     3     2     1     0.00000000
   0.060    53    19     3     3     3    -1    -0.00000000
   0.060    53    20     3     3     3     1    -0.00000000
   0.060    53    21     4     4     0     1    -0.00000000
   0.060    53    22     4     4     1    -1    -0.00000000
   0.060    53    23     4     2     0     1     0.00000000
   0.060    53    24     4     2     1    -1    -0.00000000
   0.060    53    25     4     0     0     1    -0.00000000
   0.060    53    26     4     4     1     1    -0.00000000
   0.060    53    27     4     4     2    -1    -0.00000000
   0.060    53    28     4     2     1     1    -0.00000000
   0.060    53    29     4     2     2    -1     0.00000000
   0.060    53    30     4     4     2     1    -0.00000000
   0.060    53    31     4     4     3    -1     0.00000000
   0.060    53    32     4     2     2     1    -0.00000000
   0.060    53    33     4     4     3     1     0.00000000
   0.060    53    34     4     4     4    -1     0.00000000
   0.060    53    35     4     4     4     1    -0.00000000
   0.060    53    36     5     5     0     1    -0.00000000
   0.060    53    37     5     5     1    -1     0.00000000
   0.060    53    38     5     3     0     1    -0.00000000
   0.060    53    39     5     3     1    -1     0.00000000
   0.060    53    40     5     1     0     1    -0.00000000
   0.060    53    41     5     1     1    -1     0.00000000
   0.060    53    42     5     5     1     1    -0.00000000
   0.060    53    43     5     5     2    -1    -0.00000000
   0.060    53    44     5     3     1     1    -0.00000000
   0.060    53    45     5     3     2    -1     0.00000000
   0.060    53    46     5     1     1     1     0.00000000
   0.060    53    47     5     5     2     1    -0.00000000
   0.060    53    48     5     5     3    -1    -0.00000000
   0.060    53    49     5     3     2     1     0.00000000
   0.060    53    50     5     3     3    -1    -0.00000000
   0.060    53    51     5     5     3     1     0.00000000
   0.060    53    52     5     5     4    -1     0.00000000
   0.060    53    53     5     3     3     1    -0.00000000
   0.060    53    54     5     5     4     1     0.27415963
   0.060    53    55     5     5     5    -1    -0.96148186
   0.060    53    56     5     5     5     1     0.00000000
   0.060    53    57     6     6     0     1    -0.00000000
   0.060    53    58     6     6     1    -1    -0.00000000
   0.060    53    59     6     4     0     1    -0.00000000
   0.060    53    60     6     4     1    -1    -0.00000000
   0.060    53    61     6     2     0     1    -0.00000000
   0.060    53    62     6     2     1    -1    -0.00000000
   0.060    53    63     6     0     0     1     0.00000000
   0.060    53    64     6     6     1     1    -0.00000000
   0.060    53    65     6     6     2    -1    -0.00000000
   0.060    53    66     6     4     1     1    -0.00000000
   0.060    53    67     6     4     2    -1    -0.00000000
   0.060    53    68     6     2     1     1    -0.00000000
   0.060    53    69     6     2     2    -1    -0.00000000
   0.060    53    70     6     6     2     1    -0.00000000
   0.060    53    71     6     6     3    -1    -0.00000000
   0.060    53    72     6     4     2     1    -0.00000000
   0.060    53    73     6     4     3    -1    -0.00000000
   0.060    53    74     6     2     2     1    -0.00000000
   0.060    53    75     6     6     3     1     0.00000000
   0.060    53    76     6     6     4    -1     0.00000000
   0.060    53    77     6     4     3     1    -0.00000000
   0.060    53    78     6     4     4    -1    -0.00000000
   0.060    53    79     6     6     4     1    -0.00000000
   0.060    53    80     6     6     5    -1    -0.00000000
   0.060    53    81     6     4     4     1     0.00000000
   0.060    53    82     6     6     5     1     0.00000000
   0.060    53    83     6     6     6    -1    -0.00000000
   0.060    53    84     6     6     6     1    -0.00000000
   0.060    53    85     7     7     0     1     0.00000000
   0.060    53    86     7     7     1    -1    -0.00000000
   0.060    53    87     7     5     0     1     0.00000000
   0.060    53    88     7     5     1    -1     0.00000000
   0.060    53    89     7     3     0     1     0.00000000
   0.060    53    90     7     3     1    -1    -0.00000000
   0.060    53    91     7     1     0     1     0.00000000
   0.060    53    92     7     1     1    -1    -0.00000000
   0.060    53    93     7     7     1     1     0.00000000
   0.060    53    94     7     7     2    -1    -0.00000000
   0.060    53    95     7     5     1     1     0.00000000
   0.060    53    96     7     5     2    -1    -0.00000000
   0.060    53    97     7     3     1     1    -0.00000000
   0.060    53    98     7     3     2    -1    -0.00000000
   0.060    53    99     7     1     1     1    -0.00000000
   0.060    53   100     7     7     2     1     0.00000000
   0.060    53   101     7     7     3    -1    -0.00000000
   0.060    53   102     7     5     2     1    -0.00000000
   0.060    53   103     7     5     3    -1     0.00000000
   0.060    53   104     7     3     2     1    -0.00000000
   0.060    53   105     7     3     3    -1    -0.00000000
   0.060    53   106     7     7     3     1     0.00000000
   0.060    53   107     7     7     4    -1    -0.00000000
   0.060    53   108     7     5     3     1    -0.00000000
   0.060    53   109     7     5     4    -1    -0.00000000
   0.060    53   110     7     3     3     1    -0.00000000
   0.060    53   111     7     7     4     1     0.00297265
   0.060    53   112     7     7     5    -1    -0.00692145
   0.060    53   113     7     5     4     1    -0.00092685
   0.060    53   114     7     5     5    -1     0.01820797
   0.060    53   115     7     7     5     1     0.00000000
   0.060    53   116     7     7     6    -1     0.00000000
   0.060    53   117     7     5     5     1     0.00000000
   0.060    53   118     7     7     6     1     0.00000000
   0.060    53   119     7     7     7    -1     0.00000000
   0.060    53   120     7     7     7     1     0.00000000
   0.060    54     1     0     0     0     1    -0.00000000
   0.060    54     2     1     1     0     1    -0.00000000
   0.060    54     3     1     1     1    -1    -0.00000000
   0.060    54     4     1     1     1     1    -0.00000000
   0.060    54     5     2     2     0     1     0.00000000
   0.060    54     6     2     2     1    -1     0.00000000
   0.060    54     7     2     0     0     1     0.00000000
   0.060    54     8     2     2     1     1     0.00000000
   0.060    54     9     2     2     2    -1    -0.00000000
   0.060    54    10     2     2     2     1    -0.00000000
   0.060    54    11     3     3     0     1    -0.00000000
   0.060    54    12     3     3     1    -1     0.00000000
   0.060    54    13     3     1     0     1    -0.00000000
   0.060    54    14     3     1     1    -1    -0.00000000
   0.060    54    15     3     3     1     1     0.00000000
   0.060    54    16     3     3     2    -1    -0.00000000
   0.060    54    17     3     1     1     1     0.00000000
   0.060    54    18     3     3     2     1    -0.00000000
   0.060    54    19     3     3     3    -1    -0.00000000
   0.060    54    20     3     3     3     1     0.00000000
   0.060    54    21     4     4     0     1     0.00000000
   0.060    54    22     4     4     1    -1     0.00000000
   0.060    54    23     4     2     0     1    -0.00000000
   0.060    54    24     4     2     1    -1     0.00000000
   0.060    54    25     4     0     0     1     0.00000000
   0.060    54    26     4     4     1     1    -0.00000000
   0.060    54    27     4     4     2    -1    -0.00000000
   0.060    54    28     4     2     1     1     0.00000000
   0.060    54    29     4     2     2    -1    -0.00000000
   0.060    54    30     4     4     2     1    -0.00000000
   0.060    54    31     4     4     3    -1     0.00000000
   0.060    54    32     4     2     2     1     0.00000000
   0.060    54    33     4     4     3     1     0.01227584
   0.060    54    34     4     4     4    -1     0.00425126
   0.060    54    35     4     4     4     1    -0.00000000
   0.060    54    36     5     5     0     1     0.00000000
   0.060    54    37     5     5     1    -1     0.00000000
   0.060    54    38     5     3     0     1     0.00000000
   0.060    54    39     5     3     1    -1    -0.00000000
   0.060    54    40     5     1     0     1     0.00000000
   0.060    54    41     5     1     1    -1    -0.00000000
   0.060    54    42     5     5     1     1    -0.00000000
   0.060    54    43     5     5     2    -1     0.00000000
   0.060    54    44     5     3     1     1    -0.00000000
   0.060    54    45     5     3     2    -1     0.00000000
   0.060    54    46     5     1     1     1    -0.00000000
   0.060    54    47     5     5     2     1     0.00000000
   0.060    54    48     5     5     3    -1     0.00000000
   0.060    54    49     5     3     2     1     0.00000000
   0.060    54    50     5     3     3    -1     0.00000000
   0.060    54    51     5     5     3     1    -0.00000000
   0.060    54    52     5     5     4    -1     0.00000000
   0.060    54    53     5     3     3     1     0.00000000
   0.060    54    54     5     5     4     1    -0.00000000
   0.060    54    55     5     5     5    -1    -0.00000000
   0.060    54    56     5     5     5     1     0.00000000
   0.060    54    57     6     6     0     1    -0.00000000
   0.060    54    58     6     6     1    -1    -0.00000000
   0.060    54    59     6     4     0     1    -0.00000000
   0.060    54    60     6     4     1    -1    -0.00000000
   0.060    54    61     6     2     0     1     0.00000000
   0.060    54    62     6     2     1    -1    -0.00000000
   0.060    54    63     6     0     0     1     0.00000000
   0.060    54    64     6     6     1     1     0.00000000
   0.060    54    65     6     6     2    -1     0.00000000
   0.060    54    66     6     4     1     1    -0.00000000
   0.060    54    67     6     4     2    -1     0.00000000
   0.060    54    68     6     2     1     1    -0.00000000
   0.060    54    69     6     2     2    -1     0.00000000
   0.060    54    70     6     6     2     1     0.00000000
   0.060    54    71     6     6     3    -1     0.00000000
   0.060    54    72     6     4     2     1    -0.00000000
   0.060    54    73     6     4     3    -1    -0.00000000
   0.060    54    74     6     2     2     1     0.00000000
   0.060    54    75     6     6     3     1    -0.88820432
   0.060    54    76     6     6     4    -1    -0.45926491
   0.060    54    77     6     4     3     1    -0.00018268
   0.060    54    78     6     4     4    -1    -0.00015218
   0.060    54    79     6     6     4     1     0.00000000
   0.060    54    80     6     6     5    -1     0.00000000
   0.060    54    81     6     4     4     1     0.00000000
   0.060    54    82     6     6     5     1     0.00000000
   0.060    54    83     6     6     6    -1     0.00000000
   0.060    54    84     6     6     6     1    -0.00000000
   0.060    54    85     7     7     0     1     0.00000000
   0.060    54    86     7     7     1    -1     0.00000000
   0.060    54    87     7     5     0     1    -0.00000000
   0.060    54    88     7     5     1    -1    -0.00000000
   0.060    54    89     7     3     0     1     0.00000000
   0.060    54    90     7     3     1    -1     0.00000000
   0.060    54    91     7     1     0     1     0.00000000
   0.060    54    92     7     1     1    -1    -0.00000000
   0.060    54    93     7     7     1     1    -0.00000000
   0.060    54    94     7     7     2    -1    -0.00000000
   0.060    54    95     7     5     1     1     0.00000000
   0.060    54    96     7     5     2    -1     0.00000000
   0.060    54    97     7     3     1     1    -0.00000000
   0.060    54    98     7     3     2    -1     0.00000000
   0.060    54    99     7     1     1     1    -0.00000000
   0.060    54   100     7     7     2     1    -0.00000000
   0.060    54   101     7     7     3    -1    -0.00000000
   0.060    54   102     7     5     2     1     0.00000000
   0.060    54   103     7     5     3    -1     0.00000000
   0.060    54   104     7     3     2     1     0.00000000
   0.060    54   105     7     3     3    -1     0.00000000
   0.060    54   106     7     7     3     1    -0.00000000
   0.060    54   107     7     7     4    -1     0.00000000
   0.060    54   108     7     5     3     1    -0.00000000
   0.060    54   109     7     5     4    -1    -0.00000000
   0.060    54   110     7     3     3     1     0.00000000
   0.060    54   111     7     7     4     1     0.00000000
   0.060    54   112     7     7     5    -1     0.00000000
   0.060    54   113     7     5     4     1     0.00000000
   0.060    54   114     7     5     5    -1     0.00000000
   0.060    54   115     7     7     5     1     0.00000000
   0.060    54   116     7     7     6    -1     0.00000000
   0.060    54   117     7     5     5     1     0.00000000
   0.060    54   118     7     7     6     1     0.00000000
   0.060    54   119     7     7     7    -1     0.00000000
   0.060    54   120     7     7     7     1     0.00000000
   0.060    55     1     0     0     0     1    -0.00000000
   0.060    55     2     1     1     0     1    -0.00000000
   0.060    55     3     1     1     1    -1    -0.00000000
   0.060    55     4     1     1     1     1    -0.00000000
   0.060    55     5     2     2     0     1     0.00000000
   0.060    55     6     2     2     1    -1     0.00000000
   0.060    55     7     2     0     0     1     0.00000000
   0.060    55     8     2     2     1     1     0.00000000
   0.060    55     9     2     2     2    -1     0.00000000
   0.060    55    10     2     2     2     1     0.00000000
   0.060    55    11     3     3     0     1     0.00000000
   0.060    55    12     3     3     1    -1    -0.00000000
   0.060    55    13     3     1     0     1     0.00000000
   0.060    55    14     3     1     1    -1    -0.00000000
   0.060    55    15     3     3     1     1     0.00000000
   0.060    55    16     3     3     2    -1    -0.00000000
   0.060    55    17     3     1     1     1    -0.00000000
   0.060    55    18     3     3     2     1    -0.00000000
   0.060    55    19     3     3     3    -1     0.00000000
   0.060    55    20     3     3     3     1    -0.00000000
   0.060    55    21     4     4     0     1    -0.00000000
   0.060    55    22     4     4     1    -1    -0.00000000
   0.060    55    23     4     2     0     1     0.00000000
   0.060    55    24     4     2     1    -1    -0.00000000
   0.060    55    25     4     0     0     1     0.00000000
   0.060    55    26     4     4     1     1    -0.00000000
   0.060    55    27     4     4     2    -1     0.00000000
   0.060    55    28     4     2     1     1     0.00000000
   0.060    55    29     4     2     2    -1    -0.00000000
   0.060    55    30     4     4     2     1     0.00000000
   0.060    55    31     4     4     3    -1    -0.00000000
   0.060    55    32     4     2     2     1    -0.00000000
   0.060    55    33     4     4     3     1    -0.00000000
   0.060    55    34     4     4     4    -1    -0.00000000
   0.060    55    35     4     4     4     1    -0.00842124
   0.060    55    36     5     5     0     1    -0.00000000
   0.060    55    37     5     5     1    -1     0.00000000
   0.060    55    38     5     3     0     1    -0.00000000
   0.060    55    39     5     3     1    -1     0.00000000
   0.060    55    40     5     1     0     1    -0.00000000
   0.060    55    41     5     1     1    -1    -0.00000000
   0.060    55    42     5     5     1     1    -0.00000000
   0.060    55    43     5     5     2    -1     0.00000000
   0.060    55    44     5     3     1     1     0.00000000
   0.060    55    45     5     3     2    -1    -0.00000000
   0.060    55    46     5     1     1     1     0.00000000
   0.060    55    47     5     5     2     1     0.00000000
   0.060    55    48     5     5     3    -1    -0.00000000
   0.060    55    49     5     3     2     1    -0.00000000
   0.060    55    50     5     3     3    -1    -0.00000000
   0.060    55    51     5     5     3     1     0.00000000
   0.060    55    52     5     5     4    -1     0.00000000
   0.060    55    53     5     3     3     1     0.00000000
   0.060    55    54     5     5     4     1     0.00000000
   0.060    55    55     5     5     5    -1    -0.00000000
   0.060    55    56     5     5     5     1     0.00000000
   0.060    55    57     6     6     0     1     0.00000000
   0.060    55    58     6     6     1    -1     0.00000000
   0.060    55    59     6     4     0     1     0.00000000
   0.060    55    60     6     4     1    -1    -0.00000000
   0.060    55    61     6     2     0     1     0.00000000
   0.060    55    62     6     2     1    -1    -0.00000000
   0.060    55    63     6     0     0     1    -0.00000000
   0.060    55    64     6     6     1     1     0.00000000
   0.060    55    65     6     6     2    -1     0.00000000
   0.060    55    66     6     4     1     1    -0.00000000
   0.060    55    67     6     4     2    -1    -0.00000000
   0.060    55    68     6     2     1     1     0.00000000
   0.060    55    69     6     2     2    -1    -0.00000000
   0.060    55    70     6     6     2     1     0.00000000
   0.060    55    71     6     6     3    -1     0.00000000
   0.060    55    72     6     4     2     1    -0.00000000
   0.060    55    73     6     4     3    -1    -0.00000000
   0.060    55    74     6     2     2     1     0.00000000
   0.060    55    75     6     6     3     1     0.00000000
   0.060    55    76     6     6     4    -1     0.00000000
   0.060    55    77     6     4     3     1    -0.00000000
   0.060    55    78     6     4     4    -1    -0.00000000
   0.060    55    79     6     6     4     1     0.92965176
   0.060    55    80     6     6     5    -1     0.36834293
   0.060    55    81     6     4     4     1     0.00041876
   0.060    55    82     6     6     5     1    -0.00000000
   0.060    55    83     6     6     6    -1    -0.00000000
   0.060    55    84     6     6     6     1    -0.00000000
   0.060    55    85     7     7     0     1    -0.00000000
   0.060    55    86     7     7     1    -1     0.00000000
   0.060    55    87     7     5     0     1    -0.00000000
   0.060    55    88     7     5     1    -1    -0.00000000
   0.060    55    89     7     3     0     1    -0.00000000
   0.060    55    90     7     3     1    -1    -0.00000000
   0.060    55    91     7     1     0     1    -0.00000000
   0.060    55    92     7     1     1    -1     0.00000000
   0.060    55    93     7     7     1     1    -0.00000000
   0.060    55    94     7     7     2    -1    -0.00000000
   0.060    55    95     7     5     1     1     0.00000000
   0.060    55    96     7     5     2    -1    -0.00000000
   0.060    55    97     7     3     1     1    -0.00000000
   0.060    55    98     7     3     2    -1    -0.00000000
   0.060    55    99     7     1     1     1     0.00000000
   0.060    55   100     7     7     2     1     0.00000000
   0.060    55   101     7     7     3    -1     0.00000000
   0.060    55   102     7     5     2     1    -0.00000000
   0.060    55   103     7     5     3    -1    -0.00000000
   0.060    55   104     7     3     2     1    -0.00000000
   0.060    55   105     7     3     3    -1    -0.00000000
   0.060    55   106     7     7     3     1     0.00000000
   0.060    55   107     7     7     4    -1    -0.00000000
   0.060    55   108     7     5     3     1     0.00000000
   0.060    55   109     7     5     4    -1    -0.00000000
   0.060    55   110     7     3     3     1    -0.00000000
   0.060    55   111     7     7     4     1    -0.00000000
   0.060    55   112     7     7     5    -1    -0.00000000
   0.060    55   113     7     5     4     1    -0.00000000
   0.060    55   114     7     5     5    -1    -0.00000000
   0.060    55   115     7     7     5     1     0.00000000
   0.060    55   116     7     7     6    -1     0.00000000
   0.060    55   117     7     5     5     1     0.00000000
   0.060    55   118     7     7     6     1     0.00000000
   0.060    55   119     7     7     7    -1     0.00000000
   0.060    55   120     7     7     7     1     0.00000000
   0.060    56     1     0     0     0     1    -0.00000000
   0.060    56     2     1     1     0     1     0.00000000
   0.060    56     3     1     1     1    -1     0.00000000
   0.060    56     4     1     1     1     1     0.00000000
   0.060    56     5     2     2     0     1     0.00000000
   0.060    56     6     2     2     1    -1     0.00000000
   0.060    56     7     2     0     0     1     0.00000000
   0.060    56     8     2     2     1     1     0.00000000
   0.060    56     9     2     2     2    -1    -0.00000000
   0.060    56    10     2     2     2     1     0.00000000
   0.060    56    11     3     3     0     1     0.00000000
   0.060    56    12     3     3     1    -1    -0.00000000
   0.060    56    13     3     1     0     1     0.00000000
   0.060    56    14     3     1     1    -1    -0.00000000
   0.060    56    15     3     3     1     1    -0.00000000
   0.060    56    16     3     3     2    -1    -0.00000000
   0.060    56    17     3     1     1     1    -0.00000000
   0.060    56    18     3     3     2     1     0.00000000
   0.060    56    19     3     3     3    -1     0.00000000
   0.060    56    20     3     3     3     1    -0.00000000
   0.060    56    21     4     4     0     1    -0.00000000
   0.060    56    22     4     4     1    -1    -0.00000000
   0.060    56    23     4     2     0     1    -0.00000000
   0.060    56    24     4     2     1    -1     0.00000000
   0.060    56    25     4     0     0     1     0.00000000
   0.060    56    26     4     4     1     1     0.00000000
   0.060    56    27     4     4     2    -1    -0.00000000
   0.060    56    28     4     2     1     1     0.00000000
   0.060    56    29     4     2     2    -1    -0.00000000
   0.060    56    30     4     4     2     1    -0.00000000
   0.060    56    31     4     4     3    -1     0.00000000
   0.060    56    32     4     2     2     1    -0.00000000
   0.060    56    33     4     4     3     1    -0.00000000
   0.060    56    34     4     4     4    -1    -0.00000000
   0.060    56    35     4     4     4     1     0.00000000
   0.060    56    36     5     5     0     1    -0.00000000
   0.060    56    37     5     5     1    -1     0.00000000
   0.060    56    38     5     3     0     1    -0.00000000
   0.060    56    39     5     3     1    -1     0.00000000
   0.060    56    40     5     1     0     1    -0.00000000
   0.060    56    41     5     1     1    -1    -0.00000000
   0.060    56    42     5     5     1     1    -0.00000000
   0.060    56    43     5     5     2    -1     0.00000000
   0.060    56    44     5     3     1     1     0.00000000
   0.060    56    45     5     3     2    -1    -0.00000000
   0.060    56    46     5     1     1     1    -0.00000000
   0.060    56    47     5     5     2     1    -0.00000000
   0.060    56    48     5     5     3    -1    -0.00000000
   0.060    56    49     5     3     2     1     0.00000000
   0.060    56    50     5     3     3    -1     0.00000000
   0.060    56    51     5     5     3     1     0.00000000
   0.060    56    52     5     5     4    -1     0.00000000
   0.060    56    53     5     3     3     1     0.00000000
   0.060    56    54     5     5     4     1     0.00000000
   0.060    56    55     5     5     5    -1    -0.00000000
   0.060    56    56     5     5     5     1     0.00000000
   0.060    56    57     6     6     0     1     0.00000000
   0.060    56    58     6     6     1    -1     0.00000000
   0.060    56    59     6     4     0     1     0.00000000
   0.060    56    60     6     4     1    -1     0.00000000
   0.060    56    61     6     2     0     1    -0.00000000
   0.060    56    62     6     2     1    -1     0.00000000
   0.060    56    63     6     0     0     1     0.00000000
   0.060    56    64     6     6     1     1    -0.00000000
   0.060    56    65     6     6     2    -1    -0.00000000
   0.060    56    66     6     4     1     1     0.00000000
   0.060    56    67     6     4     2    -1     0.00000000
   0.060    56    68     6     2     1     1    -0.00000000
   0.060    56    69     6     2     2    -1     0.00000000
   0.060    56    70     6     6     2     1     0.00000000
   0.060    56    71     6     6     3    -1     0.00000000
   0.060    56    72     6     4     2     1     0.00000000
   0.060    56    73     6     4     3    -1    -0.00000000
   0.060    56    74     6     2     2     1    -0.00000000
   0.060    56    75     6     6     3     1    -0.00000000
   0.060    56    76     6     6     4    -1     0.00000000
   0.060    56    77     6     4     3     1    -0.00000000
   0.060    56    78     6     4     4    -1    -0.00000000
   0.060    56    79     6     6     4     1     0.00000000
   0.060    56    80     6     6     5    -1     0.00000000
   0.060    56    81     6     4     4     1     0.00000000
   0.060    56    82     6     6     5     1     0.96684208
   0.060    56    83     6     6     6    -1     0.25537501
   0.060    56    84     6     6     6     1     0.00000000
   0.060    56    85     7     7     0     1    -0.00000000
   0.060    56    86     7     7     1    -1     0.00000000
   0.060    56    87     7     5     0     1    -0.00000000
   0.060    56    88     7     5     1    -1     0.00000000
   0.060    56    89     7     3     0     1    -0.00000000
   0.060    56    90     7     3     1    -1    -0.00000000
   0.060    56    91     7     1     0     1    -0.00000000
   0.060    56    92     7     1     1    -1     0.00000000
   0.060    56    93     7     7     1     1    -0.00000000
   0.060    56    94     7     7     2    -1    -0.00000000
   0.060    56    95     7     5     1     1    -0.00000000
   0.060    56    96     7     5     2    -1    -0.00000000
   0.060    56    97     7     3     1     1    -0.00000000
   0.060    56    98     7     3     2    -1     0.00000000
   0.060    56    99     7     1     1     1     0.00000000
   0.060    56   100     7     7     2     1     0.00000000
   0.060    56   101     7     7     3    -1     0.00000000
   0.060    56   102     7     5     2     1    -0.00000000
   0.060    56   103     7     5     3    -1    -0.00000000
   0.060    56   104     7     3     2     1    -0.00000000
   0.060    56   105     7     3     3    -1    -0.00000000
   0.060    56   106     7     7     3     1    -0.00000000
   0.060    56   107     7     7     4    -1    -0.00000000
   0.060    56   108     7     5     3     1     0.00000000
   0.060    56   109     7     5     4    -1    -0.00000000
   0.060    56   110     7     3     3     1     0.00000000
   0.060    56   111     7     7     4     1    -0.00000000
   0.060    56   112     7     7     5    -1    -0.00000000
   0.060    56   113     7     5     4     1    -0.00000000
   0.060    56   114     7     5     5    -1    -0.00000000
   0.060    56   115     7     7     5     1     0.00000000
   0.060    56   116     7     7     6    -1     0.00000000
   0.060    56   117     7     5     5     1     0.00000000
   0.060    56   118     7     7     6     1     0.00000000
   0.060    56   119     7     7     7    -1     0.00000000
   0.060    56   120     7     7     7     1     0.00000000
   0.060    57     1     0     0     0     1     0.00000000
   0.060    57     2     1     1     0     1     0.00019183
   0.060    57     3     1     1     1    -1     0.00001935
   0.060    57     4     1     1     1     1     0.00000000
   0.060    57     5     2     2     0     1    -0.00000000
   0.060    57     6     2     2     1    -1     0.00000000
   0.060    57     7     2     0     0     1    -0.00000000
   0.060    57     8     2     2     1     1     0.00000000
   0.060    57     9     2     2     2    -1    -0.00000000
   0.060    57    10     2     2     2     1    -0.00000000
   0.060    57    11     3     3     0     1    -0.01006171
   0.060    57    12     3     3     1    -1    -0.00169490
   0.060    57    13     3     1     0     1    -0.02113301
   0.060    57    14     3     1     1    -1     0.00455022
   0.060    57    15     3     3     1     1     0.00000000
   0.060    57    16     3     3     2    -1    -0.00000000
   0.060    57    17     3     1     1     1     0.00000000
   0.060    57    18     3     3     2     1     0.00000000
   0.060    57    19     3     3     3    -1    -0.00000000
   0.060    57    20     3     3     3     1    -0.00000000
   0.060    57    21     4     4     0     1    -0.00000000
   0.060    57    22     4     4     1    -1    -0.00000000
   0.060    57    23     4     2     0     1    -0.00000000
   0.060    57    24     4     2     1    -1    -0.00000000
   0.060    57    25     4     0     0     1     0.00000000
   0.060    57    26     4     4     1     1    -0.00000000
   0.060    57    27     4     4     2    -1     0.00000000
   0.060    57    28     4     2     1     1    -0.00000000
   0.060    57    29     4     2     2    -1    -0.00000000
   0.060    57    30     4     4     2     1     0.00000000
   0.060    57    31     4     4     3    -1    -0.00000000
   0.060    57    32     4     2     2     1     0.00000000
   0.060    57    33     4     4     3     1    -0.00000000
   0.060    57    34     4     4     4    -1     0.00000000
   0.060    57    35     4     4     4     1     0.00000000
   0.060    57    36     5     5     0     1    -0.00079092
   0.060    57    37     5     5     1    -1     0.00011837
   0.060    57    38     5     3     0     1     0.00441036
   0.060    57    39     5     3     1    -1    -0.01054584
   0.060    57    40     5     1     0     1     0.95419227
   0.060    57    41     5     1     1    -1     0.29486956
   0.060    57    42     5     5     1     1    -0.00000000
   0.060    57    43     5     5     2    -1     0.00000000
   0.060    57    44     5     3     1     1    -0.00000000
   0.060    57    45     5     3     2    -1    -0.00000000
   0.060    57    46     5     1     1     1    -0.00000000
   0.060    57    47     5     5     2     1     0.00000000
   0.060    57    48     5     5     3    -1    -0.00000000
   0.060    57    49     5     3     2     1     0.00000000
   0.060    57    50     5     3     3    -1    -0.00000000
   0.060    57    51     5     5     3     1     0.00000000
   0.060    57    52     5     5     4    -1     0.00000000
   0.060    57    53     5     3     3     1     0.00000000
   0.060    57    54     5     5     4     1     0.00000000
   0.060    57    55     5     5     5    -1    -0.00000000
   0.060    57    56     5     5     5     1     0.00000000
   0.060    57    57     6     6     0     1     0.00000000
   0.060    57    58     6     6     1    -1    -0.00000000
   0.060    57    59     6     4     0     1     0.00000000
   0.060    57    60     6     4     1    -1     0.00000000
   0.060    57    61     6     2     0     1    -0.00000000
   0.060    57    62     6     2     1    -1     0.00000000
   0.060    57    63     6     0     0     1    -0.00000000
   0.060    57    64     6     6     1     1     0.00000000
   0.060    57    65     6     6     2    -1     0.00000000
   0.060    57    66     6     4     1     1     0.00000000
   0.060    57    67     6     4     2    -1    -0.00000000
   0.060    57    68     6     2     1     1    -0.00000000
   0.060    57    69     6     2     2    -1    -0.00000000
   0.060    57    70     6     6     2     1    -0.00000000
   0.060    57    71     6     6     3    -1     0.00000000
   0.060    57    72     6     4     2     1    -0.00000000
   0.060    57    73     6     4     3    -1     0.00000000
   0.060    57    74     6     2     2     1    -0.00000000
   0.060    57    75     6     6     3     1     0.00000000
   0.060    57    76     6     6     4    -1     0.00000000
   0.060    57    77     6     4     3     1    -0.00000000
   0.060    57    78     6     4     4    -1     0.00000000
   0.060    57    79     6     6     4     1     0.00000000
   0.060    57    80     6     6     5    -1     0.00000000
   0.060    57    81     6     4     4     1     0.00000000
   0.060    57    82     6     6     5     1     0.00000000
   0.060    57    83     6     6     6    -1     0.00000000
   0.060    57    84     6     6     6     1     0.00000000
   0.060    57    85     7     7     0     1    -0.00002630
   0.060    57    86     7     7     1    -1    -0.00000632
   0.060    57    87     7     5     0     1     0.00007296
   0.060    57    88     7     5     1    -1    -0.00029222
   0.060    57    89     7     3     0     1     0.03115597
   0.060    57    90     7     3     1    -1     0.00998759
   0.060    57    91     7     1     0     1     0.02803680
   0.060    57    92     7     1     1    -1    -0.00311424
   0.060    57    93     7     7     1     1    -0.00000000
   0.060    57    94     7     7     2    -1    -0.00000000
   0.060    57    95     7     5     1     1     0.00000000
   0.060    57    96     7     5     2    -1     0.00000000
   0.060    57    97     7     3     1     1    -0.00000000
   0.060    57    98     7     3     2    -1     0.00000000
   0.060    57    99     7     1     1     1     0.00000000
   0.060    57   100     7     7     2     1     0.00000000
   0.060    57   101     7     7     3    -1     0.00000000
   0.060    57   102     7     5     2     1     0.00000000
   0.060    57   103     7     5     3    -1     0.00000000
   0.060    57   104     7     3     2     1     0.00000000
   0.060    57   105     7     3     3    -1     0.00000000
   0.060    57   106     7     7     3     1    -0.00000000
   0.060    57   107     7     7     4    -1    -0.00000000
   0.060    57   108     7     5     3     1     0.00000000
   0.060    57   109     7     5     4    -1    -0.00000000
   0.060    57   110     7     3     3     1     0.00000000
   0.060    57   111     7     7     4     1    -0.00000000
   0.060    57   112     7     7     5    -1    -0.00000000
   0.060    57   113     7     5     4     1    -0.00000000
   0.060    57   114     7     5     5    -1    -0.00000000
   0.060    57   115     7     7     5     1     0.00000000
   0.060    57   116     7     7     6    -1     0.00000000
   0.060    57   117     7     5     5     1     0.00000000
   0.060    57   118     7     7     6     1     0.00000000
   0.060    57   119     7     7     7    -1     0.00000000
   0.060    57   120     7     7     7     1     0.00000000
   0.060    58     1     0     0     0     1     0.00000000
   0.060    58     2     1     1     0     1    -0.00012454
   0.060    58     3     1     1     1    -1    -0.00001508
   0.060    58     4     1     1     1     1     0.00000000
   0.060    58     5     2     2     0     1    -0.00000000
   0.060    58     6     2     2     1    -1     0.00000000
   0.060    58     7     2     0     0     1    -0.00000000
   0.060    58     8     2     2     1     1     0.00000000
   0.060    58     9     2     2     2    -1    -0.00000000
   0.060    58    10     2     2     2     1    -0.00000000
   0.060    58    11     3     3     0     1     0.00718735
   0.060    58    12     3     3     1    -1    -0.00696583
   0.060    58    13     3     1     0     1     0.01339991
   0.060    58    14     3     1     1    -1    -0.01457427
   0.060    58    15     3     3     1     1    -0.00000000
   0.060    58    16     3     3     2    -1    -0.00000000
   0.060    58    17     3     1     1     1    -0.00000000
   0.060    58    18     3     3     2     1     0.00000000
   0.060    58    19     3     3     3    -1    -0.00000000
   0.060    58    20     3     3     3     1    -0.00000000
   0.060    58    21     4     4     0     1     0.00000000
   0.060    58    22     4     4     1    -1     0.00000000
   0.060    58    23     4     2     0     1     0.00000000
   0.060    58    24     4     2     1    -1    -0.00000000
   0.060    58    25     4     0     0     1     0.00000000
   0.060    58    26     4     4     1     1     0.00000000
   0.060    58    27     4     4     2    -1    -0.00000000
   0.060    58    28     4     2     1     1     0.00000000
   0.060    58    29     4     2     2    -1     0.00000000
   0.060    58    30     4     4     2     1     0.00000000
   0.060    58    31     4     4     3    -1     0.00000000
   0.060    58    32     4     2     2     1     0.00000000
   0.060    58    33     4     4     3     1    -0.00000000
   0.060    58    34     4     4     4    -1    -0.00000000
   0.060    58    35     4     4     4     1     0.00000000
   0.060    58    36     5     5     0     1     0.00158248
   0.060    58    37     5     5     1    -1    -0.00169475
   0.060    58    38     5     3     0     1    -0.63514317
   0.060    58    39     5     3     1    -1     0.77122186
   0.060    58    40     5     1     0     1     0.01071283
   0.060    58    41     5     1     1    -1     0.00590556
   0.060    58    42     5     5     1     1    -0.00000000
   0.060    58    43     5     5     2    -1    -0.00000000
   0.060    58    44     5     3     1     1     0.00000000
   0.060    58    45     5     3     2    -1     0.00000000
   0.060    58    46     5     1     1     1     0.00000000
   0.060    58    47     5     5     2     1     0.00000000
   0.060    58    48     5     5     3    -1    -0.00000000
   0.060    58    49     5     3     2     1     0.00000000
   0.060    58    50     5     3     3    -1    -0.00000000
   0.060    58    51     5     5     3     1     0.00000000
   0.060    58    52     5     5     4    -1     0.00000000
   0.060    58    53     5     3     3     1     0.00000000
   0.060    58    54     5     5     4     1     0.00000000
   0.060    58    55     5     5     5    -1     0.00000000
   0.060    58    56     5     5     5     1     0.00000000
   0.060    58    57     6     6     0     1     0.00000000
   0.060    58    58     6     6     1    -1     0.00000000
   0.060    58    59     6     4     0     1    -0.00000000
   0.060    58    60     6     4     1    -1    -0.00000000
   0.060    58    61     6     2     0     1     0.00000000
   0.060    58    62     6     2     1    -1    -0.00000000
   0.060    58    63     6     0     0     1     0.00000000
   0.060    58    64     6     6     1     1     0.00000000
   0.060    58    65     6     6     2    -1     0.00000000
   0.060    58    66     6     4     1     1    -0.00000000
   0.060    58    67     6     4     2    -1    -0.00000000
   0.060    58    68     6     2     1     1    -0.00000000
   0.060    58    69     6     2     2    -1     0.00000000
   0.060    58    70     6     6     2     1     0.00000000
   0.060    58    71     6     6     3    -1     0.00000000
   0.060    58    72     6     4     2     1     0.00000000
   0.060    58    73     6     4     3    -1    -0.00000000
   0.060    58    74     6     2     2     1     0.00000000
   0.060    58    75     6     6     3     1    -0.00000000
   0.060    58    76     6     6     4    -1    -0.00000000
   0.060    58    77     6     4     3     1     0.00000000
   0.060    58    78     6     4     4    -1    -0.00000000
   0.060    58    79     6     6     4     1    -0.00000000
   0.060    58    80     6     6     5    -1    -0.00000000
   0.060    58    81     6     4     4     1    -0.00000000
   0.060    58    82     6     6     5     1    -0.00000000
   0.060    58    83     6     6     6    -1    -0.00000000
   0.060    58    84     6     6     6     1     0.00000000
   0.060    58    85     7     7     0     1     0.00003550
   0.060    58    86     7     7     1    -1    -0.00003574
   0.060    58    87     7     5     0     1    -0.01704423
   0.060    58    88     7     5     1    -1     0.01995462
   0.060    58    89     7     3     0     1    -0.01114411
   0.060    58    90     7     3     1    -1     0.01001996
   0.060    58    91     7     1     0     1    -0.01179403
   0.060    58    92     7     1     1    -1     0.01050913
   0.060    58    93     7     7     1     1     0.00000000
   0.060    58    94     7     7     2    -1     0.00000000
   0.060    58    95     7     5     1     1     0.00000000
   0.060    58    96     7     5     2    -1     0.00000000
   0.060    58    97     7     3     1     1    -0.00000000
   0.060    58    98     7     3     2    -1    -0.00000000
   0.060    58    99     7     1     1     1    -0.00000000
   0.060    58   100     7     7     2     1     0.00000000
   0.060    58   101     7     7     3    -1     0.00000000
   0.060    58   102     7     5     2     1     0.00000000
   0.060    58   103     7     5     3    -1    -0.00000000
   0.060    58   104     7     3     2     1    -0.00000000
   0.060    58   105     7     3     3    -1    -0.00000000
   0.060    58   106     7     7     3     1    -0.00000000
   0.060    58   107     7     7     4    -1    -0.00000000
   0.060    58   108     7     5     3     1     0.00000000
   0.060    58   109     7     5     4    -1    -0.00000000
   0.060    58   110     7     3     3     1     0.00000000
   0.060    58   111     7     7     4     1    -0.00000000
   0.060    58   112     7     7     5    -1    -0.00000000
   0.060    58   113     7     5     4     1    -0.00000000
   0.060    58   114     7     5     5    -1    -0.00000000
   0.060    58   115     7     7     5     1     0.00000000
   0.060    58   116     7     7     6    -1     0.00000000
   0.060    58   117     7     5     5     1     0.00000000
   0.060    58   118     7     7     6     1     0.00000000
   0.060    58   119     7     7     7    -1     0.00000000
   0.060    58   120     7     7     7     1     0.00000000
   0.060    59     1     0     0     0     1     0.00000000
   0.060    59     2     1     1     0     1     0.00000000
   0.060    59     3     1     1     1    -1     0.00000000
   0.060    59     4     1     1     1     1     0.00000000
   0.060    59     5     2     2     0     1     0.00000000
   0.060    59     6     2     2     1    -1    -0.00000000
   0.060    59     7     2     0     0     1    -0.00000000
   0.060    59     8     2     2     1     1     0.00000000
   0.060    59     9     2     2     2    -1    -0.00000000
   0.060    59    10     2     2     2     1    -0.00000000
   0.060    59    11     3     3     0     1    -0.00000000
   0.060    59    12     3     3     1    -1    -0.00000000
   0.060    59    13     3     1     0     1    -0.00000000
   0.060    59    14     3     1     1    -1     0.00000000
   0.060    59    15     3     3     1     1     0.00000000
   0.060    59    16     3     3     2    -1    -0.00000000
   0.060    59    17     3     1     1     1     0.00000000
   0.060    59    18     3     3     2     1    -0.00000000
   0.060    59    19     3     3     3    -1     0.00000000
   0.060    59    20     3     3     3     1    -0.00000000
   0.060    59    21     4     4     0     1    -0.00000000
   0.060    59    22     4     4     1    -1     0.00000000
   0.060    59    23     4     2     0     1     0.00000000
   0.060    59    24     4     2     1    -1    -0.00000000
   0.060    59    25     4     0     0     1    -0.00000000
   0.060    59    26     4     4     1     1     0.00000000
   0.060    59    27     4     4     2    -1     0.00000000
   0.060    59    28     4     2     1     1     0.00000000
   0.060    59    29     4     2     2    -1    -0.00000000
   0.060    59    30     4     4     2     1    -0.00000000
   0.060    59    31     4     4     3    -1     0.00000000
   0.060    59    32     4     2     2     1    -0.00000000
   0.060    59    33     4     4     3     1    -0.00000000
   0.060    59    34     4     4     4    -1    -0.00000000
   0.060    59    35     4     4     4     1     0.00000000
   0.060    59    36     5     5     0     1     0.00000000
   0.060    59    37     5     5     1    -1    -0.00000000
   0.060    59    38     5     3     0     1    -0.00000000
   0.060    59    39     5     3     1    -1     0.00000000
   0.060    59    40     5     1     0     1     0.00000000
   0.060    59    41     5     1     1    -1     0.00000000
   0.060    59    42     5     5     1     1     0.00000000
   0.060    59    43     5     5     2    -1    -0.00000000
   0.060    59    44     5     3     1     1    -0.00000000
   0.060    59    45     5     3     2    -1     0.00000000
   0.060    59    46     5     1     1     1    -0.00000000
   0.060    59    47     5     5     2     1     0.00000000
   0.060    59    48     5     5     3    -1    -0.00000000
   0.060    59    49     5     3     2     1    -0.00000000
   0.060    59    50     5     3     3    -1    -0.00000000
   0.060    59    51     5     5     3     1     0.00000000
   0.060    59    52     5     5     4    -1     0.00000000
   0.060    59    53     5     3     3     1     0.00000000
   0.060    59    54     5     5     4     1     0.00000000
   0.060    59    55     5     5     5    -1     0.00000000
   0.060    59    56     5     5     5     1     0.00000000
   0.060    59    57     6     6     0     1    -0.00000000
   0.060    59    58     6     6     1    -1    -0.00000000
   0.060    59    59     6     4     0     1     0.00000000
   0.060    59    60     6     4     1    -1     0.00000000
   0.060    59    61     6     2     0     1    -0.00000000
   0.060    59    62     6     2     1    -1    -0.00000000
   0.060    59    63     6     0     0     1    -0.00000000
   0.060    59    64     6     6     1     1    -0.00000000
   0.060    59    65     6     6     2    -1    -0.00000000
   0.060    59    66     6     4     1     1     0.00000000
   0.060    59    67     6     4     2    -1    -0.00000000
   0.060    59    68     6     2     1     1    -0.00000000
   0.060    59    69     6     2     2    -1     0.00000000
   0.060    59    70     6     6     2     1     0.00000000
   0.060    59    71     6     6     3    -1    -0.00000000
   0.060    59    72     6     4     2     1    -0.00000000
   0.060    59    73     6     4     3    -1     0.00000000
   0.060    59    74     6     2     2     1    -0.00000000
   0.060    59    75     6     6     3     1     0.00000000
   0.060    59    76     6     6     4    -1     0.00000000
   0.060    59    77     6     4     3     1     0.00000000
   0.060    59    78     6     4     4    -1    -0.00000000
   0.060    59    79     6     6     4     1    -0.00000000
   0.060    59    80     6     6     5    -1    -0.00000000
   0.060    59    81     6     4     4     1     0.00000000
   0.060    59    82     6     6     5     1     0.00000000
   0.060    59    83     6     6     6    -1     0.00000000
   0.060    59    84     6     6     6     1    -1.00000000
   0.060    59    85     7     7     0     1     0.00000000
   0.060    59    86     7     7     1    -1     0.00000000
   0.060    59    87     7     5     0     1    -0.00000000
   0.060    59    88     7     5     1    -1    -0.00000000
   0.060    59    89     7     3     0     1    -0.00000000
   0.060    59    90     7     3     1    -1     0.00000000
   0.060    59    91     7     1     0     1     0.00000000
   0.060    59    92     7     1     1    -1    -0.00000000
   0.060    59    93     7     7     1     1     0.00000000
   0.060    59    94     7     7     2    -1     0.00000000
   0.060    59    95     7     5     1     1    -0.00000000
   0.060    59    96     7     5     2    -1    -0.00000000
   0.060    59    97     7     3     1     1    -0.00000000
   0.060    59    98     7     3     2    -1    -0.00000000
   0.060    59    99     7     1     1     1     0.00000000
   0.060    59   100     7     7     2     1     0.00000000
   0.060    59   101     7     7     3    -1    -0.00000000
   0.060    59   102     7     5     2     1    -0.00000000
   0.060    59   103     7     5     3    -1    -0.00000000
   0.060    59   104     7     3     2     1     0.00000000
   0.060    59   105     7     3     3    -1    -0.00000000
   0.060    59   106     7     7     3     1    -0.00000000
   0.060    59   107     7     7     4    -1    -0.00000000
   0.060    59   108     7     5     3     1     0.00000000
   0.060    59   109     7     5     4    -1    -0.00000000
   0.060    59   110     7     3     3     1     0.00000000
   0.060    59   111     7     7     4     1    -0.00000000
   0.060    59   112     7     7     5    -1    -0.00000000
   0.060    59   113     7     5     4     1    -0.00000000
   0.060    59   114     7     5     5    -1    -0.00000000
   0.060    59   115     7     7     5     1     0.00000000
   0.060    59   116     7     7     6    -1     0.00000000
   0.060    59   117     7     5     5     1     0.00000000
   0.060    59   118     7     7     6     1     0.00000000
   0.060    59   119     7     7     7    -1     0.00000000
   0.060    59   120     7     7     7     1     0.00000000
   0.060    60     1     0     0     0     1    -0.00000000
   0.060    60     2     1     1     0     1     0.00000000
   0.060    60     3     1     1     1    -1     0.00000000
   0.060    60     4     1     1     1     1     0.00000977
   0.060    60     5     2     2     0     1    -0.00000000
   0.060    60     6     2     2     1    -1     0.00000000
   0.060    60     7     2     0     0     1    -0.00000000
   0.060    60     8     2     2     1     1     0.00000000
   0.060    60     9     2     2     2    -1    -0.00000000
   0.060    60    10     2     2     2     1     0.00000000
   0.060    60    11     3     3     0     1     0.00000000
   0.060    60    12     3     3     1    -1    -0.00000000
   0.060    60    13     3     1     0     1    -0.00000000
   0.060    60    14     3     1     1    -1    -0.00000000
   0.060    60    15     3     3     1     1     0.00373929
   0.060    60    16     3     3     2    -1    -0.00028201
   0.060    60    17     3     1     1     1     0.00806702
   0.060    60    18     3     3     2     1    -0.00000000
   0.060    60    19     3     3     3    -1    -0.00000000
   0.060    60    20     3     3     3     1    -0.00000000
   0.060    60    21     4     4     0     1     0.00000000
   0.060    60    22     4     4     1    -1     0.00000000
   0.060    60    23     4     2     0     1     0.00000000
   0.060    60    24     4     2     1    -1     0.00000000
   0.060    60    25     4     0     0     1     0.00000000
   0.060    60    26     4     4     1     1     0.00000000
   0.060    60    27     4     4     2    -1    -0.00000000
   0.060    60    28     4     2     1     1     0.00000000
   0.060    60    29     4     2     2    -1     0.00000000
   0.060    60    30     4     4     2     1    -0.00000000
   0.060    60    31     4     4     3    -1     0.00000000
   0.060    60    32     4     2     2     1     0.00000000
   0.060    60    33     4     4     3     1    -0.00000000
   0.060    60    34     4     4     4    -1     0.00000000
   0.060    60    35     4     4     4     1    -0.00000000
   0.060    60    36     5     5     0     1    -0.00000000
   0.060    60    37     5     5     1    -1    -0.00000000
   0.060    60    38     5     3     0     1    -0.00000000
   0.060    60    39     5     3     1    -1    -0.00000000
   0.060    60    40     5     1     0     1     0.00000000
   0.060    60    41     5     1     1    -1    -0.00000000
   0.060    60    42     5     5     1     1     0.00086697
   0.060    60    43     5     5     2    -1    -0.00097526
   0.060    60    44     5     3     1     1    -0.47978291
   0.060    60    45     5     3     2    -1     0.87695855
   0.060    60    46     5     1     1     1    -0.00608236
   0.060    60    47     5     5     2     1     0.00000000
   0.060    60    48     5     5     3    -1     0.00000000
   0.060    60    49     5     3     2     1     0.00000000
   0.060    60    50     5     3     3    -1    -0.00000000
   0.060    60    51     5     5     3     1     0.00000000
   0.060    60    52     5     5     4    -1     0.00000000
   0.060    60    53     5     3     3     1    -0.00000000
   0.060    60    54     5     5     4     1    -0.00000000
   0.060    60    55     5     5     5    -1    -0.00000000
   0.060    60    56     5     5     5     1     0.00000000
   0.060    60    57     6     6     0     1     0.00000000
   0.060    60    58     6     6     1    -1    -0.00000000
   0.060    60    59     6     4     0     1     0.00000000
   0.060    60    60     6     4     1    -1     0.00000000
   0.060    60    61     6     2     0     1     0.00000000
   0.060    60    62     6     2     1    -1     0.00000000
   0.060    60    63     6     0     0     1     0.00000000
   0.060    60    64     6     6     1     1     0.00000000
   0.060    60    65     6     6     2    -1    -0.00000000
   0.060    60    66     6     4     1     1     0.00000000
   0.060    60    67     6     4     2    -1     0.00000000
   0.060    60    68     6     2     1     1     0.00000000
   0.060    60    69     6     2     2    -1    -0.00000000
   0.060    60    70     6     6     2     1    -0.00000000
   0.060    60    71     6     6     3    -1     0.00000000
   0.060    60    72     6     4     2     1    -0.00000000
   0.060    60    73     6     4     3    -1    -0.00000000
   0.060    60    74     6     2     2     1    -0.00000000
   0.060    60    75     6     6     3     1     0.00000000
   0.060    60    76     6     6     4    -1    -0.00000000
   0.060    60    77     6     4     3     1    -0.00000000
   0.060    60    78     6     4     4    -1    -0.00000000
   0.060    60    79     6     6     4     1     0.00000000
   0.060    60    80     6     6     5    -1     0.00000000
   0.060    60    81     6     4     4     1    -0.00000000
   0.060    60    82     6     6     5     1     0.00000000
   0.060    60    83     6     6     6    -1     0.00000000
   0.060    60    84     6     6     6     1     0.00000000
   0.060    60    85     7     7     0     1    -0.00000000
   0.060    60    86     7     7     1    -1    -0.00000000
   0.060    60    87     7     5     0     1     0.00000000
   0.060    60    88     7     5     1    -1     0.00000000
   0.060    60    89     7     3     0     1     0.00000000
   0.060    60    90     7     3     1    -1    -0.00000000
   0.060    60    91     7     1     0     1     0.00000000
   0.060    60    92     7     1     1    -1     0.00000000
   0.060    60    93     7     7     1     1     0.00002181
   0.060    60    94     7     7     2    -1    -0.00001777
   0.060    60    95     7     5     1     1    -0.01210516
   0.060    60    96     7     5     2    -1     0.01943517
   0.060    60    97     7     3     1     1    -0.00758140
   0.060    60    98     7     3     2    -1    -0.00062455
   0.060    60    99     7     1     1     1    -0.00721791
   0.060    60   100     7     7     2     1    -0.00000000
   0.060    60   101     7     7     3    -1    -0.00000000
   0.060    60   102     7     5     2     1     0.00000000
   0.060    60   103     7     5     3    -1    -0.00000000
   0.060    60   104     7     3     2     1     0.00000000
   0.060    60   105     7     3     3    -1     0.00000000
   0.060    60   106     7     7     3     1    -0.00000000
   0.060    60   107     7     7     4    -1    -0.00000000
   0.060    60   108     7     5     3     1     0.00000000
   0.060    60   109     7     5     4    -1    -0.00000000
   0.060    60   110     7     3     3     1     0.00000000
   0.060    60   111     7     7     4     1     0.00000000
   0.060    60   112     7     7     5    -1     0.00000000
   0.060    60   113     7     5     4     1     0.00000000
   0.060    60   114     7     5     5    -1     0.00000000
   0.060    60   115     7     7     5     1     0.00000000
   0.060    60   116     7     7     6    -1     0.00000000
   0.060    60   117     7     5     5     1     0.00000000
   0.060    60   118     7     7     6     1     0.00000000
   0.060    60   119     7     7     7    -1     0.00000000
   0.060    60   120     7     7     7     1     0.00000000
   0.060    61     1     0     0     0     1    -0.00000000
   0.060    61     2     1     1     0     1     0.00000000
   0.060    61     3     1     1     1    -1    -0.00000000
   0.060    61     4     1     1     1     1    -0.00006791
   0.060    61     5     2     2     0     1    -0.00000000
   0.060    61     6     2     2     1    -1    -0.00000000
   0.060    61     7     2     0     0     1     0.00000000
   0.060    61     8     2     2     1     1    -0.00000000
   0.060    61     9     2     2     2    -1    -0.00000000
   0.060    61    10     2     2     2     1    -0.00000000
   0.060    61    11     3     3     0     1    -0.00000000
   0.060    61    12     3     3     1    -1     0.00000000
   0.060    61    13     3     1     0     1     0.00000000
   0.060    61    14     3     1     1    -1     0.00000000
   0.060    61    15     3     3     1     1     0.00805489
   0.060    61    16     3     3     2    -1    -0.00061441
   0.060    61    17     3     1     1     1    -0.01060858
   0.060    61    18     3     3     2     1    -0.00000000
   0.060    61    19     3     3     3    -1    -0.00000000
   0.060    61    20     3     3     3     1    -0.00000000
   0.060    61    21     4     4     0     1     0.00000000
   0.060    61    22     4     4     1    -1     0.00000000
   0.060    61    23     4     2     0     1     0.00000000
   0.060    61    24     4     2     1    -1     0.00000000
   0.060    61    25     4     0     0     1    -0.00000000
   0.060    61    26     4     4     1     1    -0.00000000
   0.060    61    27     4     4     2    -1     0.00000000
   0.060    61    28     4     2     1     1    -0.00000000
   0.060    61    29     4     2     2    -1    -0.00000000
   0.060    61    30     4     4     2     1    -0.00000000
   0.060    61    31     4     4     3    -1     0.00000000
   0.060    61    32     4     2     2     1     0.00000000
   0.060    61    33     4     4     3     1     0.00000000
   0.060    61    34     4     4     4    -1    -0.00000000
   0.060    61    35     4     4     4     1     0.00000000
   0.060    61    36     5     5     0     1     0.00000000
   0.060    61    37     5     5     1    -1    -0.00000000
   0.060    61    38     5     3     0     1     0.00000000
   0.060    61    39     5     3     1    -1     0.00000000
   0.060    61    40     5     1     0     1    -0.00000000
   0.060    61    41     5     1     1    -1    -0.00000000
   0.060    61    42     5     5     1     1     0.00057639
   0.060    61    43     5     5     2    -1    -0.00017283
   0.060    61    44     5     3     1     1     0.00388839
   0.060    61    45     5     3     2    -1    -0.00486438
   0.060    61    46     5     1     1     1    -0.99938150
   0.060    61    47     5     5     2     1    -0.00000000
   0.060    61    48     5     5     3    -1     0.00000000
   0.060    61    49     5     3     2     1    -0.00000000
   0.060    61    50     5     3     3    -1     0.00000000
   0.060    61    51     5     5     3     1     0.00000000
   0.060    61    52     5     5     4    -1     0.00000000
   0.060    61    53     5     3     3     1     0.00000000
   0.060    61    54     5     5     4     1     0.00000000
   0.060    61    55     5     5     5    -1     0.00000000
   0.060    61    56     5     5     5     1     0.00000000
   0.060    61    57     6     6     0     1     0.00000000
   0.060    61    58     6     6     1    -1     0.00000000
   0.060    61    59     6     4     0     1     0.00000000
   0.060    61    60     6     4     1    -1     0.00000000
   0.060    61    61     6     2     0     1    -0.00000000
   0.060    61    62     6     2     1    -1     0.00000000
   0.060    61    63     6     0     0     1     0.00000000
   0.060    61    64     6     6     1     1    -0.00000000
   0.060    61    65     6     6     2    -1     0.00000000
   0.060    61    66     6     4     1     1     0.00000000
   0.060    61    67     6     4     2    -1    -0.00000000
   0.060    61    68     6     2     1     1    -0.00000000
   0.060    61    69     6     2     2    -1     0.00000000
   0.060    61    70     6     6     2     1    -0.00000000
   0.060    61    71     6     6     3    -1     0.00000000
   0.060    61    72     6     4     2     1     0.00000000
   0.060    61    73     6     4     3    -1    -0.00000000
   0.060    61    74     6     2     2     1    -0.00000000
   0.060    61    75     6     6     3     1     0.00000000
   0.060    61    76     6     6     4    -1    -0.00000000
   0.060    61    77     6     4     3     1    -0.00000000
   0.060    61    78     6     4     4    -1    -0.00000000
   0.060    61    79     6     6     4     1     0.00000000
   0.060    61    80     6     6     5    -1     0.00000000
   0.060    61    81     6     4     4     1     0.00000000
   0.060    61    82     6     6     5     1    -0.00000000
   0.060    61    83     6     6     6    -1    -0.00000000
   0.060    61    84     6     6     6     1     0.00000000
   0.060    61    85     7     7     0     1    -0.00000000
   0.060    61    86     7     7     1    -1    -0.00000000
   0.060    61    87     7     5     0     1     0.00000000
   0.060    61    88     7     5     1    -1     0.00000000
   0.060    61    89     7     3     0     1     0.00000000
   0.060    61    90     7     3     1    -1    -0.00000000
   0.060    61    91     7     1     0     1    -0.00000000
   0.060    61    92     7     1     1    -1     0.00000000
   0.060    61    93     7     7     1     1     0.00002247
   0.060    61    94     7     7     2    -1     0.00000385
   0.060    61    95     7     5     1     1     0.00012249
   0.060    61    96     7     5     2    -1    -0.00010275
   0.060    61    97     7     3     1     1    -0.02831474
   0.060    61    98     7     3     2    -1    -0.00235036
   0.060    61    99     7     1     1     1     0.01457367
   0.060    61   100     7     7     2     1    -0.00000000
   0.060    61   101     7     7     3    -1    -0.00000000
   0.060    61   102     7     5     2     1     0.00000000
   0.060    61   103     7     5     3    -1    -0.00000000
   0.060    61   104     7     3     2     1     0.00000000
   0.060    61   105     7     3     3    -1     0.00000000
   0.060    61   106     7     7     3     1    -0.00000000
   0.060    61   107     7     7     4    -1    -0.00000000
   0.060    61   108     7     5     3     1    -0.00000000
   0.060    61   109     7     5     4    -1    -0.00000000
   0.060    61   110     7     3     3     1     0.00000000
   0.060    61   111     7     7     4     1    -0.00000000
   0.060    61   112     7     7     5    -1    -0.00000000
   0.060    61   113     7     5     4     1    -0.00000000
   0.060    61   114     7     5     5    -1    -0.00000000
   0.060    61   115     7     7     5     1     0.00000000
   0.060    61   116     7     7     6    -1     0.00000000
   0.060    61   117     7     5     5     1     0.00000000
   0.060    61   118     7     7     6     1     0.00000000
   0.060    61   119     7     7     7    -1     0.00000000
   0.060    61   120     7     7     7     1     0.00000000
   0.060    62     1     0     0     0     1    -0.00000000
   0.060    62     2     1     1     0     1    -0.00000000
   0.060    62     3     1     1     1    -1    -0.00000000
   0.060    62     4     1     1     1     1    -0.00000000
   0.060    62     5     2     2     0     1    -0.00000000
   0.060    62     6     2     2     1    -1    -0.00000000
   0.060    62     7     2     0     0     1     0.00000000
   0.060    62     8     2     2     1     1    -0.00000000
   0.060    62     9     2     2     2    -1    -0.00000000
   0.060    62    10     2     2     2     1     0.00000000
   0.060    62    11     3     3     0     1    -0.00000000
   0.060    62    12     3     3     1    -1     0.00000000
   0.060    62    13     3     1     0     1     0.00000000
   0.060    62    14     3     1     1    -1     0.00000000
   0.060    62    15     3     3     1     1     0.00000000
   0.060    62    16     3     3     2    -1    -0.00000000
   0.060    62    17     3     1     1     1    -0.00000000
   0.060    62    18     3     3     2     1     0.00071185
   0.060    62    19     3     3     3    -1    -0.01343756
   0.060    62    20     3     3     3     1     0.00000000
   0.060    62    21     4     4     0     1     0.00000000
   0.060    62    22     4     4     1    -1    -0.00000000
   0.060    62    23     4     2     0     1    -0.00000000
   0.060    62    24     4     2     1    -1    -0.00000000
   0.060    62    25     4     0     0     1     0.00000000
   0.060    62    26     4     4     1     1    -0.00000000
   0.060    62    27     4     4     2    -1    -0.00000000
   0.060    62    28     4     2     1     1    -0.00000000
   0.060    62    29     4     2     2    -1     0.00000000
   0.060    62    30     4     4     2     1    -0.00000000
   0.060    62    31     4     4     3    -1     0.00000000
   0.060    62    32     4     2     2     1    -0.00000000
   0.060    62    33     4     4     3     1     0.00000000
   0.060    62    34     4     4     4    -1    -0.00000000
   0.060    62    35     4     4     4     1     0.00000000
   0.060    62    36     5     5     0     1     0.00000000
   0.060    62    37     5     5     1    -1     0.00000000
   0.060    62    38     5     3     0     1     0.00000000
   0.060    62    39     5     3     1    -1    -0.00000000
   0.060    62    40     5     1     0     1    -0.00000000
   0.060    62    41     5     1     1    -1     0.00000000
   0.060    62    42     5     5     1     1     0.00000000
   0.060    62    43     5     5     2    -1     0.00000000
   0.060    62    44     5     3     1     1    -0.00000000
   0.060    62    45     5     3     2    -1    -0.00000000
   0.060    62    46     5     1     1     1    -0.00000000
   0.060    62    47     5     5     2     1    -0.00018775
   0.060    62    48     5     5     3    -1     0.00004715
   0.060    62    49     5     3     2     1     0.30931135
   0.060    62    50     5     3     3    -1    -0.95050178
   0.060    62    51     5     5     3     1     0.00000000
   0.060    62    52     5     5     4    -1     0.00000000
   0.060    62    53     5     3     3     1     0.00000000
   0.060    62    54     5     5     4     1     0.00000000
   0.060    62    55     5     5     5    -1     0.00000000
   0.060    62    56     5     5     5     1     0.00000000
   0.060    62    57     6     6     0     1     0.00000000
   0.060    62    58     6     6     1    -1    -0.00000000
   0.060    62    59     6     4     0     1    -0.00000000
   0.060    62    60     6     4     1    -1    -0.00000000
   0.060    62    61     6     2     0     1    -0.00000000
   0.060    62    62     6     2     1    -1    -0.00000000
   0.060    62    63     6     0     0     1    -0.00000000
   0.060    62    64     6     6     1     1    -0.00000000
   0.060    62    65     6     6     2    -1    -0.00000000
   0.060    62    66     6     4     1     1    -0.00000000
   0.060    62    67     6     4     2    -1     0.00000000
   0.060    62    68     6     2     1     1    -0.00000000
   0.060    62    69     6     2     2    -1    -0.00000000
   0.060    62    70     6     6     2     1    -0.00000000
   0.060    62    71     6     6     3    -1    -0.00000000
   0.060    62    72     6     4     2     1     0.00000000
   0.060    62    73     6     4     3    -1    -0.00000000
   0.060    62    74     6     2     2     1     0.00000000
   0.060    62    75     6     6     3     1     0.00000000
   0.060    62    76     6     6     4    -1    -0.00000000
   0.060    62    77     6     4     3     1     0.00000000
   0.060    62    78     6     4     4    -1     0.00000000
   0.060    62    79     6     6     4     1     0.00000000
   0.060    62    80     6     6     5    -1    -0.00000000
   0.060    62    81     6     4     4     1     0.00000000
   0.060    62    82     6     6     5     1     0.00000000
   0.060    62    83     6     6     6    -1     0.00000000
   0.060    62    84     6     6     6     1     0.00000000
   0.060    62    85     7     7     0     1     0.00000000
   0.060    62    86     7     7     1    -1    -0.00000000
   0.060    62    87     7     5     0     1    -0.00000000
   0.060    62    88     7     5     1    -1     0.00000000
   0.060    62    89     7     3     0     1     0.00000000
   0.060    62    90     7     3     1    -1     0.00000000
   0.060    62    91     7     1     0     1    -0.00000000
   0.060    62    92     7     1     1    -1    -0.00000000
   0.060    62    93     7     7     1     1     0.00000000
   0.060    62    94     7     7     2    -1     0.00000000
   0.060    62    95     7     5     1     1    -0.00000000
   0.060    62    96     7     5     2    -1    -0.00000000
   0.060    62    97     7     3     1     1    -0.00000000
   0.060    62    98     7     3     2    -1    -0.00000000
   0.060    62    99     7     1     1     1     0.00000000
   0.060    62   100     7     7     2     1    -0.00000786
   0.060    62   101     7     7     3    -1    -0.00000173
   0.060    62   102     7     5     2     1     0.00651028
   0.060    62   103     7     5     3    -1    -0.01448476
   0.060    62   104     7     3     2     1     0.00154433
   0.060    62   105     7     3     3    -1     0.02090827
   0.060    62   106     7     7     3     1    -0.00000000
   0.060    62   107     7     7     4    -1    -0.00000000
   0.060    62   108     7     5     3     1     0.00000000
   0.060    62   109     7     5     4    -1     0.00000000
   0.060    62   110     7     3     3     1    -0.00000000
   0.060    62   111     7     7     4     1    -0.00000000
   0.060    62   112     7     7     5    -1    -0.00000000
   0.060    62   113     7     5     4     1    -0.00000000
   0.060    62   114     7     5     5    -1    -0.00000000
   0.060    62   115     7     7     5     1     0.00000000
   0.060    62   116     7     7     6    -1     0.00000000
   0.060    62   117     7     5     5     1     0.00000000
   0.060    62   118     7     7     6     1     0.00000000
   0.060    62   119     7     7     7    -1     0.00000000
   0.060    62   120     7     7     7     1     0.00000000
   0.060    63     1     0     0     0     1     0.00000000
   0.060    63     2     1     1     0     1    -0.00005098
   0.060    63     3     1     1     1    -1     0.00006507
   0.060    63     4     1     1     1     1    -0.00000000
   0.060    63     5     2     2     0     1     0.00000000
   0.060    63     6     2     2     1    -1     0.00000000
   0.060    63     7     2     0     0     1    -0.00000000
   0.060    63     8     2     2     1     1    -0.00000000
   0.060    63     9     2     2     2    -1    -0.00000000
   0.060    63    10     2     2     2     1    -0.00000000
   0.060    63    11     3     3     0     1     0.00336415
   0.060    63    12     3     3     1    -1    -0.00784930
   0.060    63    13     3     1     0     1     0.00535755
   0.060    63    14     3     1     1    -1     0.00981468
   0.060    63    15     3     3     1     1     0.00000000
   0.060    63    16     3     3     2    -1     0.00000000
   0.060    63    17     3     1     1     1    -0.00000000
   0.060    63    18     3     3     2     1    -0.00000000
   0.060    63    19     3     3     3    -1     0.00000000
   0.060    63    20     3     3     3     1    -0.00000000
   0.060    63    21     4     4     0     1    -0.00000000
   0.060    63    22     4     4     1    -1     0.00000000
   0.060    63    23     4     2     0     1    -0.00000000
   0.060    63    24     4     2     1    -1     0.00000000
   0.060    63    25     4     0     0     1     0.00000000
   0.060    63    26     4     4     1     1    -0.00000000
   0.060    63    27     4     4     2    -1    -0.00000000
   0.060    63    28     4     2     1     1     0.00000000
   0.060    63    29     4     2     2    -1    -0.00000000
   0.060    63    30     4     4     2     1    -0.00000000
   0.060    63    31     4     4     3    -1    -0.00000000
   0.060    63    32     4     2     2     1     0.00000000
   0.060    63    33     4     4     3     1    -0.00000000
   0.060    63    34     4     4     4    -1     0.00000000
   0.060    63    35     4     4     4     1    -0.00000000
   0.060    63    36     5     5     0     1     0.00028822
   0.060    63    37     5     5     1    -1    -0.00056041
   0.060    63    38     5     3     0     1     0.00181337
   0.060    63    39     5     3     1    -1    -0.00215238
   0.060    63    40     5     1     0     1    -0.29478391
   0.060    63    41     5     1     1    -1     0.95489260
   0.060    63    42     5     5     1     1    -0.00000000
   0.060    63    43     5     5     2    -1    -0.00000000
   0.060    63    44     5     3     1     1    -0.00000000
   0.060    63    45     5     3     2    -1     0.00000000
   0.060    63    46     5     1     1     1    -0.00000000
   0.060    63    47     5     5     2     1     0.00000000
   0.060    63    48     5     5     3    -1    -0.00000000
   0.060    63    49     5     3     2     1     0.00000000
   0.060    63    50     5     3     3    -1     0.00000000
   0.060    63    51     5     5     3     1     0.00000000
   0.060    63    52     5     5     4    -1     0.00000000
   0.060    63    53     5     3     3     1     0.00000000
   0.060    63    54     5     5     4     1     0.00000000
   0.060    63    55     5     5     5    -1    -0.00000000
   0.060    63    56     5     5     5     1     0.00000000
   0.060    63    57     6     6     0     1    -0.00000000
   0.060    63    58     6     6     1    -1     0.00000000
   0.060    63    59     6     4     0     1    -0.00000000
   0.060    63    60     6     4     1    -1    -0.00000000
   0.060    63    61     6     2     0     1     0.00000000
   0.060    63    62     6     2     1    -1    -0.00000000
   0.060    63    63     6     0     0     1     0.00000000
   0.060    63    64     6     6     1     1    -0.00000000
   0.060    63    65     6     6     2    -1    -0.00000000
   0.060    63    66     6     4     1     1    -0.00000000
   0.060    63    67     6     4     2    -1    -0.00000000
   0.060    63    68     6     2     1     1     0.00000000
   0.060    63    69     6     2     2    -1    -0.00000000
   0.060    63    70     6     6     2     1    -0.00000000
   0.060    63    71     6     6     3    -1     0.00000000
   0.060    63    72     6     4     2     1     0.00000000
   0.060    63    73     6     4     3    -1    -0.00000000
   0.060    63    74     6     2     2     1     0.00000000
   0.060    63    75     6     6     3     1    -0.00000000
   0.060    63    76     6     6     4    -1    -0.00000000
   0.060    63    77     6     4     3     1     0.00000000
   0.060    63    78     6     4     4    -1    -0.00000000
   0.060    63    79     6     6     4     1     0.00000000
   0.060    63    80     6     6     5    -1     0.00000000
   0.060    63    81     6     4     4     1    -0.00000000
   0.060    63    82     6     6     5     1    -0.00000000
   0.060    63    83     6     6     6    -1    -0.00000000
   0.060    63    84     6     6     6     1     0.00000000
   0.060    63    85     7     7     0     1     0.00000127
   0.060    63    86     7     7     1    -1    -0.00002007
   0.060    63    87     7     5     0     1     0.00005963
   0.060    63    88     7     5     1    -1    -0.00007234
   0.060    63    89     7     3     0     1    -0.00786345
   0.060    63    90     7     3     1    -1     0.02640316
   0.060    63    91     7     1     0     1    -0.01045621
   0.060    63    92     7     1     1    -1    -0.01442156
   0.060    63    93     7     7     1     1     0.00000000
   0.060    63    94     7     7     2    -1     0.00000000
   0.060    63    95     7     5     1     1    -0.00000000
   0.060    63    96     7     5     2    -1    -0.00000000
   0.060    63    97     7     3     1     1    -0.00000000
   0.060    63    98     7     3     2    -1    -0.00000000
   0.060    63    99     7     1     1     1    -0.00000000
   0.060    63   100     7     7     2     1     0.00000000
   0.060    63   101     7     7     3    -1     0.00000000
   0.060    63   102     7     5     2     1    -0.00000000
   0.060    63   103     7     5     3    -1     0.00000000
   0.060    63   104     7     3     2     1    -0.00000000
   0.060    63   105     7     3     3    -1    -0.00000000
   0.060    63   106     7     7     3     1    -0.00000000
   0.060    63   107     7     7     4    -1    -0.00000000
   0.060    63   108     7     5     3     1     0.00000000
   0.060    63   109     7     5     4    -1    -0.00000000
   0.060    63   110     7     3     3     1     0.00000000
   0.060    63   111     7     7     4     1     0.00000000
   0.060    63   112     7     7     5    -1     0.00000000
   0.060    63   113     7     5     4     1     0.00000000
   0.060    63   114     7     5     5    -1     0.00000000
   0.060    63   115     7     7     5     1     0.00000000
   0.060    63   116     7     7     6    -1     0.00000000
   0.060    63   117     7     5     5     1     0.00000000
   0.060    63   118     7     7     6     1     0.00000000
   0.060    63   119     7     7     7    -1     0.00000000
   0.060    63   120     7     7     7     1     0.00000000
   0.060    64     1     0     0     0     1     0.00000074
   0.060    64     2     1     1     0     1     0.00000000
   0.060    64     3     1     1     1    -1    -0.00000000
   0.060    64     4     1     1     1     1    -0.00000000
   0.060    64     5     2     2     0     1    -0.00019594
   0.060    64     6     2     2     1    -1    -0.00009168
   0.060    64     7     2     0     0     1    -0.00026172
   0.060    64     8     2     2     1     1     0.00000000
   0.060    64     9     2     2     2    -1     0.00000000
   0.060    64    10     2     2     2     1    -0.00000000
   0.060    64    11     3     3     0     1    -0.00000000
   0.060    64    12     3     3     1    -1     0.00000000
   0.060    64    13     3     1     0     1    -0.00000000
   0.060    64    14     3     1     1    -1    -0.00000000
   0.060    64    15     3     3     1     1     0.00000000
   0.060    64    16     3     3     2    -1     0.00000000
   0.060    64    17     3     1     1     1     0.00000000
   0.060    64    18     3     3     2     1     0.00000000
   0.060    64    19     3     3     3    -1    -0.00000000
   0.060    64    20     3     3     3     1     0.00000000
   0.060    64    21     4     4     0     1     0.00941097
   0.060    64    22     4     4     1    -1     0.00665569
   0.060    64    23     4     2     0     1     0.02095593
   0.060    64    24     4     2     1    -1     0.01705965
   0.060    64    25     4     0     0     1    -0.00009514
   0.060    64    26     4     4     1     1    -0.00000000
   0.060    64    27     4     4     2    -1     0.00000000
   0.060    64    28     4     2     1     1     0.00000000
   0.060    64    29     4     2     2    -1     0.00000000
   0.060    64    30     4     4     2     1    -0.00000000
   0.060    64    31     4     4     3    -1    -0.00000000
   0.060    64    32     4     2     2     1    -0.00000000
   0.060    64    33     4     4     3     1     0.00000000
   0.060    64    34     4     4     4    -1    -0.00000000
   0.060    64    35     4     4     4     1    -0.00000000
   0.060    64    36     5     5     0     1     0.00000000
   0.060    64    37     5     5     1    -1     0.00000000
   0.060    64    38     5     3     0     1    -0.00000000
   0.060    64    39     5     3     1    -1    -0.00000000
   0.060    64    40     5     1     0     1     0.00000000
   0.060    64    41     5     1     1    -1    -0.00000000
   0.060    64    42     5     5     1     1     0.00000000
   0.060    64    43     5     5     2    -1    -0.00000000
   0.060    64    44     5     3     1     1    -0.00000000
   0.060    64    45     5     3     2    -1    -0.00000000
   0.060    64    46     5     1     1     1    -0.00000000
   0.060    64    47     5     5     2     1    -0.00000000
   0.060    64    48     5     5     3    -1     0.00000000
   0.060    64    49     5     3     2     1     0.00000000
   0.060    64    50     5     3     3    -1     0.00000000
   0.060    64    51     5     5     3     1    -0.00000000
   0.060    64    52     5     5     4    -1     0.00000000
   0.060    64    53     5     3     3     1    -0.00000000
   0.060    64    54     5     5     4     1    -0.00000000
   0.060    64    55     5     5     5    -1     0.00000000
   0.060    64    56     5     5     5     1     0.00000000
   0.060    64    57     6     6     0     1     0.00018748
   0.060    64    58     6     6     1    -1    -0.00096564
   0.060    64    59     6     4     0     1    -0.75334453
   0.060    64    60     6     4     1    -1    -0.65696307
   0.060    64    61     6     2     0     1     0.00211269
   0.060    64    62     6     2     1    -1     0.00115065
   0.060    64    63     6     0     0     1     0.00127288
   0.060    64    64     6     6     1     1     0.00000000
   0.060    64    65     6     6     2    -1     0.00000000
   0.060    64    66     6     4     1     1     0.00000000
   0.060    64    67     6     4     2    -1     0.00000000
   0.060    64    68     6     2     1     1     0.00000000
   0.060    64    69     6     2     2    -1     0.00000000
   0.060    64    70     6     6     2     1    -0.00000000
   0.060    64    71     6     6     3    -1     0.00000000
   0.060    64    72     6     4     2     1     0.00000000
   0.060    64    73     6     4     3    -1     0.00000000
   0.060    64    74     6     2     2     1     0.00000000
   0.060    64    75     6     6     3     1    -0.00000000
   0.060    64    76     6     6     4    -1     0.00000000
   0.060    64    77     6     4     3     1    -0.00000000
   0.060    64    78     6     4     4    -1    -0.00000000
   0.060    64    79     6     6     4     1     0.00000000
   0.060    64    80     6     6     5    -1    -0.00000000
   0.060    64    81     6     4     4     1     0.00000000
   0.060    64    82     6     6     5     1     0.00000000
   0.060    64    83     6     6     6    -1    -0.00000000
   0.060    64    84     6     6     6     1    -0.00000000
   0.060    64    85     7     7     0     1    -0.00000000
   0.060    64    86     7     7     1    -1    -0.00000000
   0.060    64    87     7     5     0     1     0.00000000
   0.060    64    88     7     5     1    -1     0.00000000
   0.060    64    89     7     3     0     1     0.00000000
   0.060    64    90     7     3     1    -1    -0.00000000
   0.060    64    91     7     1     0     1     0.00000000
   0.060    64    92     7     1     1    -1     0.00000000
   0.060    64    93     7     7     1     1     0.00000000
   0.060    64    94     7     7     2    -1    -0.00000000
   0.060    64    95     7     5     1     1     0.00000000
   0.060    64    96     7     5     2    -1    -0.00000000
   0.060    64    97     7     3     1     1    -0.00000000
   0.060    64    98     7     3     2    -1     0.00000000
   0.060    64    99     7     1     1     1    -0.00000000
   0.060    64   100     7     7     2     1    -0.00000000
   0.060    64   101     7     7     3    -1     0.00000000
   0.060    64   102     7     5     2     1     0.00000000
   0.060    64   103     7     5     3    -1     0.00000000
   0.060    64   104     7     3     2     1    -0.00000000
   0.060    64   105     7     3     3    -1     0.00000000
   0.060    64   106     7     7     3     1     0.00000000
   0.060    64   107     7     7     4    -1    -0.00000000
   0.060    64   108     7     5     3     1     0.00000000
   0.060    64   109     7     5     4    -1     0.00000000
   0.060    64   110     7     3     3     1    -0.00000000
   0.060    64   111     7     7     4     1     0.00000000
   0.060    64   112     7     7     5    -1    -0.00000000
   0.060    64   113     7     5     4     1     0.00000000
   0.060    64   114     7     5     5    -1    -0.00000000
   0.060    64   115     7     7     5     1     0.00000000
   0.060    64   116     7     7     6    -1     0.00000000
   0.060    64   117     7     5     5     1     0.00000000
   0.060    64   118     7     7     6     1     0.00000000
   0.060    64   119     7     7     7    -1     0.00000000
   0.060    64   120     7     7     7     1     0.00000000
   0.060    65     1     0     0     0     1     0.00000000
   0.060    65     2     1     1     0     1    -0.00000000
   0.060    65     3     1     1     1    -1    -0.00000000
   0.060    65     4     1     1     1     1    -0.00000000
   0.060    65     5     2     2     0     1     0.00000000
   0.060    65     6     2     2     1    -1     0.00000000
   0.060    65     7     2     0     0     1     0.00000000
   0.060    65     8     2     2     1     1     0.00012694
   0.060    65     9     2     2     2    -1    -0.00006585
   0.060    65    10     2     2     2     1    -0.00000000
   0.060    65    11     3     3     0     1     0.00000000
   0.060    65    12     3     3     1    -1     0.00000000
   0.060    65    13     3     1     0     1     0.00000000
   0.060    65    14     3     1     1    -1    -0.00000000
   0.060    65    15     3     3     1     1     0.00000000
   0.060    65    16     3     3     2    -1     0.00000000
   0.060    65    17     3     1     1     1     0.00000000
   0.060    65    18     3     3     2     1     0.00000000
   0.060    65    19     3     3     3    -1    -0.00000000
   0.060    65    20     3     3     3     1     0.00000000
   0.060    65    21     4     4     0     1    -0.00000000
   0.060    65    22     4     4     1    -1    -0.00000000
   0.060    65    23     4     2     0     1    -0.00000000
   0.060    65    24     4     2     1    -1    -0.00000000
   0.060    65    25     4     0     0     1    -0.00000000
   0.060    65    26     4     4     1     1    -0.00911467
   0.060    65    27     4     4     2    -1    -0.00207093
   0.060    65    28     4     2     1     1    -0.02148874
   0.060    65    29     4     2     2    -1    -0.01057416
   0.060    65    30     4     4     2     1     0.00000000
   0.060    65    31     4     4     3    -1    -0.00000000
   0.060    65    32     4     2     2     1     0.00000000
   0.060    65    33     4     4     3     1     0.00000000
   0.060    65    34     4     4     4    -1     0.00000000
   0.060    65    35     4     4     4     1    -0.00000000
   0.060    65    36     5     5     0     1    -0.00000000
   0.060    65    37     5     5     1    -1    -0.00000000
   0.060    65    38     5     3     0     1    -0.00000000
   0.060    65    39     5     3     1    -1     0.00000000
   0.060    65    40     5     1     0     1    -0.00000000
   0.060    65    41     5     1     1    -1     0.00000000
   0.060    65    42     5     5     1     1     0.00000000
   0.060    65    43     5     5     2    -1    -0.00000000
   0.060    65    44     5     3     1     1    -0.00000000
   0.060    65    45     5     3     2    -1    -0.00000000
   0.060    65    46     5     1     1     1    -0.00000000
   0.060    65    47     5     5     2     1    -0.00000000
   0.060    65    48     5     5     3    -1     0.00000000
   0.060    65    49     5     3     2     1     0.00000000
   0.060    65    50     5     3     3    -1     0.00000000
   0.060    65    51     5     5     3     1    -0.00000000
   0.060    65    52     5     5     4    -1     0.00000000
   0.060    65    53     5     3     3     1    -0.00000000
   0.060    65    54     5     5     4     1    -0.00000000
   0.060    65    55     5     5     5    -1     0.00000000
   0.060    65    56     5     5     5     1     0.00000000
   0.060    65    57     6     6     0     1    -0.00000000
   0.060    65    58     6     6     1    -1     0.00000000
   0.060    65    59     6     4     0     1     0.00000000
   0.060    65    60     6     4     1    -1     0.00000000
   0.060    65    61     6     2     0     1    -0.00000000
   0.060    65    62     6     2     1    -1    -0.00000000
   0.060    65    63     6     0     0     1    -0.00000000
   0.060    65    64     6     6     1     1    -0.00107630
   0.060    65    65     6     6     2    -1     0.00199094
   0.060    65    66     6     4     1     1     0.83596119
   0.060    65    67     6     4     2    -1     0.54818019
   0.060    65    68     6     2     1     1    -0.00108993
   0.060    65    69     6     2     2    -1     0.00029751
   0.060    65    70     6     6     2     1    -0.00000000
   0.060    65    71     6     6     3    -1     0.00000000
   0.060    65    72     6     4     2     1    -0.00000000
   0.060    65    73     6     4     3    -1    -0.00000000
   0.060    65    74     6     2     2     1    -0.00000000
   0.060    65    75     6     6     3     1     0.00000000
   0.060    65    76     6     6     4    -1    -0.00000000
   0.060    65    77     6     4     3     1     0.00000000
   0.060    65    78     6     4     4    -1     0.00000000
   0.060    65    79     6     6     4     1    -0.00000000
   0.060    65    80     6     6     5    -1     0.00000000
   0.060    65    81     6     4     4     1    -0.00000000
   0.060    65    82     6     6     5     1    -0.00000000
   0.060    65    83     6     6     6    -1    -0.00000000
   0.060    65    84     6     6     6     1     0.00000000
   0.060    65    85     7     7     0     1     0.00000000
   0.060    65    86     7     7     1    -1     0.00000000
   0.060    65    87     7     5     0     1     0.00000000
   0.060    65    88     7     5     1    -1     0.00000000
   0.060    65    89     7     3     0     1     0.00000000
   0.060    65    90     7     3     1    -1    -0.00000000
   0.060    65    91     7     1     0     1     0.00000000
   0.060    65    92     7     1     1    -1     0.00000000
   0.060    65    93     7     7     1     1     0.00000000
   0.060    65    94     7     7     2    -1    -0.00000000
   0.060    65    95     7     5     1     1     0.00000000
   0.060    65    96     7     5     2    -1    -0.00000000
   0.060    65    97     7     3     1     1    -0.00000000
   0.060    65    98     7     3     2    -1     0.00000000
   0.060    65    99     7     1     1     1    -0.00000000
   0.060    65   100     7     7     2     1    -0.00000000
   0.060    65   101     7     7     3    -1     0.00000000
   0.060    65   102     7     5     2     1     0.00000000
   0.060    65   103     7     5     3    -1     0.00000000
   0.060    65   104     7     3     2     1    -0.00000000
   0.060    65   105     7     3     3    -1     0.00000000
   0.060    65   106     7     7     3     1     0.00000000
   0.060    65   107     7     7     4    -1    -0.00000000
   0.060    65   108     7     5     3     1     0.00000000
   0.060    65   109     7     5     4    -1     0.00000000
   0.060    65   110     7     3     3     1    -0.00000000
   0.060    65   111     7     7     4     1     0.00000000
   0.060    65   112     7     7     5    -1    -0.00000000
   0.060    65   113     7     5     4     1     0.00000000
   0.060    65   114     7     5     5    -1    -0.00000000
   0.060    65   115     7     7     5     1     0.00000000
   0.060    65   116     7     7     6    -1     0.00000000
   0.060    65   117     7     5     5     1     0.00000000
   0.060    65   118     7     7     6     1     0.00000000
   0.060    65   119     7     7     7    -1     0.00000000
   0.060    65   120     7     7     7     1     0.00000000
   0.060    66     1     0     0     0     1    -0.00000000
   0.060    66     2     1     1     0     1     0.00000000
   0.060    66     3     1     1     1    -1     0.00000000
   0.060    66     4     1     1     1     1     0.00000000
   0.060    66     5     2     2     0     1    -0.00000000
   0.060    66     6     2     2     1    -1     0.00000000
   0.060    66     7     2     0     0     1     0.00000000
   0.060    66     8     2     2     1     1     0.00000000
   0.060    66     9     2     2     2    -1     0.00000000
   0.060    66    10     2     2     2     1     0.00008607
   0.060    66    11     3     3     0     1     0.00000000
   0.060    66    12     3     3     1    -1    -0.00000000
   0.060    66    13     3     1     0     1     0.00000000
   0.060    66    14     3     1     1    -1    -0.00000000
   0.060    66    15     3     3     1     1    -0.00000000
   0.060    66    16     3     3     2    -1     0.00000000
   0.060    66    17     3     1     1     1    -0.00000000
   0.060    66    18     3     3     2     1    -0.00000000
   0.060    66    19     3     3     3    -1     0.00000000
   0.060    66    20     3     3     3     1    -0.00000000
   0.060    66    21     4     4     0     1    -0.00000000
   0.060    66    22     4     4     1    -1     0.00000000
   0.060    66    23     4     2     0     1     0.00000000
   0.060    66    24     4     2     1    -1     0.00000000
   0.060    66    25     4     0     0     1     0.00000000
   0.060    66    26     4     4     1     1     0.00000000
   0.060    66    27     4     4     2    -1    -0.00000000
   0.060    66    28     4     2     1     1    -0.00000000
   0.060    66    29     4     2     2    -1     0.00000000
   0.060    66    30     4     4     2     1     0.00488808
   0.060    66    31     4     4     3    -1    -0.00279631
   0.060    66    32     4     2     2     1     0.01705812
   0.060    66    33     4     4     3     1    -0.00000000
   0.060    66    34     4     4     4    -1    -0.00000000
   0.060    66    35     4     4     4     1     0.00000000
   0.060    66    36     5     5     0     1    -0.00000000
   0.060    66    37     5     5     1    -1     0.00000000
   0.060    66    38     5     3     0     1    -0.00000000
   0.060    66    39     5     3     1    -1     0.00000000
   0.060    66    40     5     1     0     1    -0.00000000
   0.060    66    41     5     1     1    -1    -0.00000000
   0.060    66    42     5     5     1     1     0.00000000
   0.060    66    43     5     5     2    -1    -0.00000000
   0.060    66    44     5     3     1     1    -0.00000000
   0.060    66    45     5     3     2    -1    -0.00000000
   0.060    66    46     5     1     1     1     0.00000000
   0.060    66    47     5     5     2     1    -0.00000000
   0.060    66    48     5     5     3    -1     0.00000000
   0.060    66    49     5     3     2     1     0.00000000
   0.060    66    50     5     3     3    -1     0.00000000
   0.060    66    51     5     5     3     1     0.00000000
   0.060    66    52     5     5     4    -1     0.00000000
   0.060    66    53     5     3     3     1    -0.00000000
   0.060    66    54     5     5     4     1     0.00000000
   0.060    66    55     5     5     5    -1    -0.00000000
   0.060    66    56     5     5     5     1     0.00000000
   0.060    66    57     6     6     0     1     0.00000000
   0.060    66    58     6     6     1    -1    -0.00000000
   0.060    66    59     6     4     0     1    -0.00000000
   0.060    66    60     6     4     1    -1    -0.00000000
   0.060    66    61     6     2     0     1     0.00000000
   0.060    66    62     6     2     1    -1     0.00000000
   0.060    66    63     6     0     0     1    -0.00000000
   0.060    66    64     6     6     1     1    -0.00000000
   0.060    66    65     6     6     2    -1     0.00000000
   0.060    66    66     6     4     1     1    -0.00000000
   0.060    66    67     6     4     2    -1    -0.00000000
   0.060    66    68     6     2     1     1     0.00000000
   0.060    66    69     6     2     2    -1    -0.00000000
   0.060    66    70     6     6     2     1     0.00139908
   0.060    66    71     6     6     3    -1    -0.00239229
   0.060    66    72     6     4     2     1    -0.90412520
   0.060    66    73     6     4     3    -1    -0.42687967
   0.060    66    74     6     2     2     1    -0.00099385
   0.060    66    75     6     6     3     1     0.00000000
   0.060    66    76     6     6     4    -1     0.00000000
   0.060    66    77     6     4     3     1     0.00000000
   0.060    66    78     6     4     4    -1     0.00000000
   0.060    66    79     6     6     4     1     0.00000000
   0.060    66    80     6     6     5    -1    -0.00000000
   0.060    66    81     6     4     4     1     0.00000000
   0.060    66    82     6     6     5     1     0.00000000
   0.060    66    83     6     6     6    -1     0.00000000
   0.060    66    84     6     6     6     1     0.00000000
   0.060    66    85     7     7     0     1    -0.00000000
   0.060    66    86     7     7     1    -1    -0.00000000
   0.060    66    87     7     5     0     1     0.00000000
   0.060    66    88     7     5     1    -1     0.00000000
   0.060    66    89     7     3     0     1     0.00000000
   0.060    66    90     7     3     1    -1     0.00000000
   0.060    66    91     7     1     0     1     0.00000000
   0.060    66    92     7     1     1    -1     0.00000000
   0.060    66    93     7     7     1     1     0.00000000
   0.060    66    94     7     7     2    -1     0.00000000
   0.060    66    95     7     5     1     1     0.00000000
   0.060    66    96     7     5     2    -1    -0.00000000
   0.060    66    97     7     3     1     1     0.00000000
   0.060    66    98     7     3     2    -1    -0.00000000
   0.060    66    99     7     1     1     1    -0.00000000
   0.060    66   100     7     7     2     1     0.00000000
   0.060    66   101     7     7     3    -1    -0.00000000
   0.060    66   102     7     5     2     1     0.00000000
   0.060    66   103     7     5     3    -1     0.00000000
   0.060    66   104     7     3     2     1     0.00000000
   0.060    66   105     7     3     3    -1     0.00000000
   0.060    66   106     7     7     3     1    -0.00000000
   0.060    66   107     7     7     4    -1     0.00000000
   0.060    66   108     7     5     3     1     0.00000000
   0.060    66   109     7     5     4    -1    -0.00000000
   0.060    66   110     7     3     3     1     0.00000000
   0.060    66   111     7     7     4     1    -0.00000000
   0.060    66   112     7     7     5    -1     0.00000000
   0.060    66   113     7     5     4     1     0.00000000
   0.060    66   114     7     5     5    -1     0.00000000
   0.060    66   115     7     7     5     1     0.00000000
   0.060    66   116     7     7     6    -1     0.00000000
   0.060    66   117     7     5     5     1     0.00000000
   0.060    66   118     7     7     6     1     0.00000000
   0.060    66   119     7     7     7    -1     0.00000000
   0.060    66   120     7     7     7     1     0.00000000
   0.060    67     1     0     0     0     1     0.00000030
   0.060    67     2     1     1     0     1     0.00000000
   0.060    67     3     1     1     1    -1    -0.00000000
   0.060    67     4     1     1     1     1     0.00000000
   0.060    67     5     2     2     0     1    -0.00008115
   0.060    67     6     2     2     1    -1     0.00008111
   0.060    67     7     2     0     0     1     0.00000015
   0.060    67     8     2     2     1     1     0.00000000
   0.060    67     9     2     2     2    -1    -0.00000000
   0.060    67    10     2     2     2     1     0.00000000
   0.060    67    11     3     3     0     1    -0.00000000
   0.060    67    12     3     3     1    -1     0.00000000
   0.060    67    13     3     1     0     1    -0.00000000
   0.060    67    14     3     1     1    -1    -0.00000000
   0.060    67    15     3     3     1     1    -0.00000000
   0.060    67    16     3     3     2    -1     0.00000000
   0.060    67    17     3     1     1     1    -0.00000000
   0.060    67    18     3     3     2     1    -0.00000000
   0.060    67    19     3     3     3    -1     0.00000000
   0.060    67    20     3     3     3     1    -0.00000000
   0.060    67    21     4     4     0     1     0.01150974
   0.060    67    22     4     4     1    -1    -0.01231496
   0.060    67    23     4     2     0     1    -0.00001255
   0.060    67    24     4     2     1    -1     0.00003908
   0.060    67    25     4     0     0     1    -0.00001915
   0.060    67    26     4     4     1     1     0.00000000
   0.060    67    27     4     4     2    -1    -0.00000000
   0.060    67    28     4     2     1     1     0.00000000
   0.060    67    29     4     2     2    -1     0.00000000
   0.060    67    30     4     4     2     1     0.00000000
   0.060    67    31     4     4     3    -1    -0.00000000
   0.060    67    32     4     2     2     1     0.00000000
   0.060    67    33     4     4     3     1    -0.00000000
   0.060    67    34     4     4     4    -1     0.00000000
   0.060    67    35     4     4     4     1     0.00000000
   0.060    67    36     5     5     0     1    -0.00000000
   0.060    67    37     5     5     1    -1    -0.00000000
   0.060    67    38     5     3     0     1     0.00000000
   0.060    67    39     5     3     1    -1     0.00000000
   0.060    67    40     5     1     0     1     0.00000000
   0.060    67    41     5     1     1    -1     0.00000000
   0.060    67    42     5     5     1     1     0.00000000
   0.060    67    43     5     5     2    -1    -0.00000000
   0.060    67    44     5     3     1     1     0.00000000
   0.060    67    45     5     3     2    -1     0.00000000
   0.060    67    46     5     1     1     1     0.00000000
   0.060    67    47     5     5     2     1     0.00000000
   0.060    67    48     5     5     3    -1    -0.00000000
   0.060    67    49     5     3     2     1    -0.00000000
   0.060    67    50     5     3     3    -1    -0.00000000
   0.060    67    51     5     5     3     1     0.00000000
   0.060    67    52     5     5     4    -1    -0.00000000
   0.060    67    53     5     3     3     1     0.00000000
   0.060    67    54     5     5     4     1     0.00000000
   0.060    67    55     5     5     5    -1    -0.00000000
   0.060    67    56     5     5     5     1     0.00000000
   0.060    67    57     6     6     0     1    -0.67620921
   0.060    67    58     6     6     1    -1     0.73651550
   0.060    67    59     6     4     0     1     0.00001003
   0.060    67    60     6     4     1    -1    -0.00124543
   0.060    67    61     6     2     0     1     0.00045980
   0.060    67    62     6     2     1    -1    -0.00034584
   0.060    67    63     6     0     0     1    -0.00000082
   0.060    67    64     6     6     1     1    -0.00000000
   0.060    67    65     6     6     2    -1     0.00000000
   0.060    67    66     6     4     1     1    -0.00000000
   0.060    67    67     6     4     2    -1    -0.00000000
   0.060    67    68     6     2     1     1    -0.00000000
   0.060    67    69     6     2     2    -1     0.00000000
   0.060    67    70     6     6     2     1     0.00000000
   0.060    67    71     6     6     3    -1    -0.00000000
   0.060    67    72     6     4     2     1    -0.00000000
   0.060    67    73     6     4     3    -1    -0.00000000
   0.060    67    74     6     2     2     1     0.00000000
   0.060    67    75     6     6     3     1     0.00000000
   0.060    67    76     6     6     4    -1    -0.00000000
   0.060    67    77     6     4     3     1    -0.00000000
   0.060    67    78     6     4     4    -1    -0.00000000
   0.060    67    79     6     6     4     1     0.00000000
   0.060    67    80     6     6     5    -1     0.00000000
   0.060    67    81     6     4     4     1    -0.00000000
   0.060    67    82     6     6     5     1     0.00000000
   0.060    67    83     6     6     6    -1     0.00000000
   0.060    67    84     6     6     6     1    -0.00000000
   0.060    67    85     7     7     0     1     0.00000000
   0.060    67    86     7     7     1    -1     0.00000000
   0.060    67    87     7     5     0     1    -0.00000000
   0.060    67    88     7     5     1    -1    -0.00000000
   0.060    67    89     7     3     0     1     0.00000000
   0.060    67    90     7     3     1    -1     0.00000000
   0.060    67    91     7     1     0     1     0.00000000
   0.060    67    92     7     1     1    -1     0.00000000
   0.060    67    93     7     7     1     1     0.00000000
   0.060    67    94     7     7     2    -1    -0.00000000
   0.060    67    95     7     5     1     1     0.00000000
   0.060    67    96     7     5     2    -1     0.00000000
   0.060    67    97     7     3     1     1     0.00000000
   0.060    67    98     7     3     2    -1     0.00000000
   0.060    67    99     7     1     1     1     0.00000000
   0.060    67   100     7     7     2     1     0.00000000
   0.060    67   101     7     7     3    -1    -0.00000000
   0.060    67   102     7     5     2     1    -0.00000000
   0.060    67   103     7     5     3    -1    -0.00000000
   0.060    67   104     7     3     2     1     0.00000000
   0.060    67   105     7     3     3    -1     0.00000000
   0.060    67   106     7     7     3     1    -0.00000000
   0.060    67   107     7     7     4    -1     0.00000000
   0.060    67   108     7     5     3     1     0.00000000
   0.060    67   109     7     5     4    -1    -0.00000000
   0.060    67   110     7     3     3     1     0.00000000
   0.060    67   111     7     7     4     1    -0.00000000
   0.060    67   112     7     7     5    -1     0.00000000
   0.060    67   113     7     5     4     1     0.00000000
   0.060    67   114     7     5     5    -1     0.00000000
   0.060    67   115     7     7     5     1     0.00000000
   0.060    67   116     7     7     6    -1     0.00000000
   0.060    67   117     7     5     5     1     0.00000000
   0.060    67   118     7     7     6     1     0.00000000
   0.060    67   119     7     7     7    -1     0.00000000
   0.060    67   120     7     7     7     1     0.00000000
   0.060    68     1     0     0     0     1    -0.00000000
   0.060    68     2     1     1     0     1    -0.00000000
   0.060    68     3     1     1     1    -1     0.00000000
   0.060    68     4     1     1     1     1     0.00000000
   0.060    68     5     2     2     0     1    -0.00000000
   0.060    68     6     2     2     1    -1     0.00000000
   0.060    68     7     2     0     0     1    -0.00000000
   0.060    68     8     2     2     1     1     0.00006232
   0.060    68     9     2     2     2    -1    -0.00005795
   0.060    68    10     2     2     2     1    -0.00000000
   0.060    68    11     3     3     0     1     0.00000000
   0.060    68    12     3     3     1    -1    -0.00000000
   0.060    68    13     3     1     0     1     0.00000000
   0.060    68    14     3     1     1    -1    -0.00000000
   0.060    68    15     3     3     1     1    -0.00000000
   0.060    68    16     3     3     2    -1    -0.00000000
   0.060    68    17     3     1     1     1    -0.00000000
   0.060    68    18     3     3     2     1    -0.00000000
   0.060    68    19     3     3     3    -1     0.00000000
   0.060    68    20     3     3     3     1    -0.00000000
   0.060    68    21     4     4     0     1     0.00000000
   0.060    68    22     4     4     1    -1    -0.00000000
   0.060    68    23     4     2     0     1     0.00000000
   0.060    68    24     4     2     1    -1    -0.00000000
   0.060    68    25     4     0     0     1     0.00000000
   0.060    68    26     4     4     1     1    -0.00985282
   0.060    68    27     4     4     2    -1     0.01206017
   0.060    68    28     4     2     1     1    -0.00003354
   0.060    68    29     4     2     2    -1    -0.00002845
   0.060    68    30     4     4     2     1    -0.00000000
   0.060    68    31     4     4     3    -1     0.00000000
   0.060    68    32     4     2     2     1     0.00000000
   0.060    68    33     4     4     3     1    -0.00000000
   0.060    68    34     4     4     4    -1     0.00000000
   0.060    68    35     4     4     4     1     0.00000000
   0.060    68    36     5     5     0     1     0.00000000
   0.060    68    37     5     5     1    -1    -0.00000000
   0.060    68    38     5     3     0     1     0.00000000
   0.060    68    39     5     3     1    -1     0.00000000
   0.060    68    40     5     1     0     1     0.00000000
   0.060    68    41     5     1     1    -1     0.00000000
   0.060    68    42     5     5     1     1    -0.00000000
   0.060    68    43     5     5     2    -1    -0.00000000
   0.060    68    44     5     3     1     1     0.00000000
   0.060    68    45     5     3     2    -1     0.00000000
   0.060    68    46     5     1     1     1     0.00000000
   0.060    68    47     5     5     2     1     0.00000000
   0.060    68    48     5     5     3    -1    -0.00000000
   0.060    68    49     5     3     2     1    -0.00000000
   0.060    68    50     5     3     3    -1    -0.00000000
   0.060    68    51     5     5     3     1     0.00000000
   0.060    68    52     5     5     4    -1    -0.00000000
   0.060    68    53     5     3     3     1     0.00000000
   0.060    68    54     5     5     4     1     0.00000000
   0.060    68    55     5     5     5    -1    -0.00000000
   0.060    68    56     5     5     5     1     0.00000000
   0.060    68    57     6     6     0     1    -0.00000000
   0.060    68    58     6     6     1    -1     0.00000000
   0.060    68    59     6     4     0     1     0.00000000
   0.060    68    60     6     4     1    -1     0.00000000
   0.060    68    61     6     2     0     1    -0.00000000
   0.060    68    62     6     2     1    -1    -0.00000000
   0.060    68    63     6     0     0     1    -0.00000000
   0.060    68    64     6     6     1     1     0.61054065
   0.060    68    65     6     6     2    -1    -0.79182853
   0.060    68    66     6     4     1     1     0.00153472
   0.060    68    67     6     4     2    -1     0.00161310
   0.060    68    68     6     2     1     1    -0.00041507
   0.060    68    69     6     2     2    -1     0.00018168
   0.060    68    70     6     6     2     1     0.00000000
   0.060    68    71     6     6     3    -1    -0.00000000
   0.060    68    72     6     4     2     1    -0.00000000
   0.060    68    73     6     4     3    -1    -0.00000000
   0.060    68    74     6     2     2     1     0.00000000
   0.060    68    75     6     6     3     1     0.00000000
   0.060    68    76     6     6     4    -1    -0.00000000
   0.060    68    77     6     4     3     1    -0.00000000
   0.060    68    78     6     4     4    -1    -0.00000000
   0.060    68    79     6     6     4     1     0.00000000
   0.060    68    80     6     6     5    -1    -0.00000000
   0.060    68    81     6     4     4     1     0.00000000
   0.060    68    82     6     6     5     1    -0.00000000
   0.060    68    83     6     6     6    -1     0.00000000
   0.060    68    84     6     6     6     1     0.00000000
   0.060    68    85     7     7     0     1     0.00000000
   0.060    68    86     7     7     1    -1     0.00000000
   0.060    68    87     7     5     0     1     0.00000000
   0.060    68    88     7     5     1    -1     0.00000000
   0.060    68    89     7     3     0     1    -0.00000000
   0.060    68    90     7     3     1    -1     0.00000000
   0.060    68    91     7     1     0     1     0.00000000
   0.060    68    92     7     1     1    -1     0.00000000
   0.060    68    93     7     7     1     1     0.00000000
   0.060    68    94     7     7     2    -1    -0.00000000
   0.060    68    95     7     5     1     1     0.00000000
   0.060    68    96     7     5     2    -1     0.00000000
   0.060    68    97     7     3     1     1    -0.00000000
   0.060    68    98     7     3     2    -1    -0.00000000
   0.060    68    99     7     1     1     1     0.00000000
   0.060    68   100     7     7     2     1     0.00000000
   0.060    68   101     7     7     3    -1    -0.00000000
   0.060    68   102     7     5     2     1    -0.00000000
   0.060    68   103     7     5     3    -1    -0.00000000
   0.060    68   104     7     3     2     1     0.00000000
   0.060    68   105     7     3     3    -1    -0.00000000
   0.060    68   106     7     7     3     1    -0.00000000
   0.060    68   107     7     7     4    -1     0.00000000
   0.060    68   108     7     5     3     1    -0.00000000
   0.060    68   109     7     5     4    -1    -0.00000000
   0.060    68   110     7     3     3     1     0.00000000
   0.060    68   111     7     7     4     1    -0.00000000
   0.060    68   112     7     7     5    -1     0.00000000
   0.060    68   113     7     5     4     1     0.00000000
   0.060    68   114     7     5     5    -1     0.00000000
   0.060    68   115     7     7     5     1     0.00000000
   0.060    68   116     7     7     6    -1     0.00000000
   0.060    68   117     7     5     5     1     0.00000000
   0.060    68   118     7     7     6     1     0.00000000
   0.060    68   119     7     7     7    -1     0.00000000
   0.060    68   120     7     7     7     1     0.00000000
   0.060    69     1     0     0     0     1    -0.00000000
   0.060    69     2     1     1     0     1    -0.00000000
   0.060    69     3     1     1     1    -1     0.00000000
   0.060    69     4     1     1     1     1    -0.00000000
   0.060    69     5     2     2     0     1    -0.00000000
   0.060    69     6     2     2     1    -1    -0.00000000
   0.060    69     7     2     0     0     1    -0.00000000
   0.060    69     8     2     2     1     1    -0.00000000
   0.060    69     9     2     2     2    -1    -0.00000000
   0.060    69    10     2     2     2     1    -0.00003234
   0.060    69    11     3     3     0     1     0.00000000
   0.060    69    12     3     3     1    -1    -0.00000000
   0.060    69    13     3     1     0     1     0.00000000
   0.060    69    14     3     1     1    -1    -0.00000000
   0.060    69    15     3     3     1     1     0.00000000
   0.060    69    16     3     3     2    -1     0.00000000
   0.060    69    17     3     1     1     1     0.00000000
   0.060    69    18     3     3     2     1     0.00000000
   0.060    69    19     3     3     3    -1    -0.00000000
   0.060    69    20     3     3     3     1     0.00000000
   0.060    69    21     4     4     0     1     0.00000000
   0.060    69    22     4     4     1    -1    -0.00000000
   0.060    69    23     4     2     0     1    -0.00000000
   0.060    69    24     4     2     1    -1     0.00000000
   0.060    69    25     4     0     0     1    -0.00000000
   0.060    69    26     4     4     1     1    -0.00000000
   0.060    69    27     4     4     2    -1     0.00000000
   0.060    69    28     4     2     1     1     0.00000000
   0.060    69    29     4     2     2    -1     0.00000000
   0.060    69    30     4     4     2     1     0.00755134
   0.060    69    31     4     4     3    -1    -0.01049849
   0.060    69    32     4     2     2     1     0.00005023
   0.060    69    33     4     4     3     1    -0.00000000
   0.060    69    34     4     4     4    -1    -0.00000000
   0.060    69    35     4     4     4     1     0.00000000
   0.060    69    36     5     5     0     1     0.00000000
   0.060    69    37     5     5     1    -1    -0.00000000
   0.060    69    38     5     3     0     1    -0.00000000
   0.060    69    39     5     3     1    -1     0.00000000
   0.060    69    40     5     1     0     1     0.00000000
   0.060    69    41     5     1     1    -1    -0.00000000
   0.060    69    42     5     5     1     1    -0.00000000
   0.060    69    43     5     5     2    -1     0.00000000
   0.060    69    44     5     3     1     1    -0.00000000
   0.060    69    45     5     3     2    -1    -0.00000000
   0.060    69    46     5     1     1     1    -0.00000000
   0.060    69    47     5     5     2     1    -0.00000000
   0.060    69    48     5     5     3    -1     0.00000000
   0.060    69    49     5     3     2     1     0.00000000
   0.060    69    50     5     3     3    -1     0.00000000
   0.060    69    51     5     5     3     1    -0.00000000
   0.060    69    52     5     5     4    -1     0.00000000
   0.060    69    53     5     3     3     1    -0.00000000
   0.060    69    54     5     5     4     1    -0.00000000
   0.060    69    55     5     5     5    -1     0.00000000
   0.060    69    56     5     5     5     1     0.00000000
   0.060    69    57     6     6     0     1    -0.00000000
   0.060    69    58     6     6     1    -1     0.00000000
   0.060    69    59     6     4     0     1     0.00000000
   0.060    69    60     6     4     1    -1     0.00000000
   0.060    69    61     6     2     0     1     0.00000000
   0.060    69    62     6     2     1    -1     0.00000000
   0.060    69    63     6     0     0     1     0.00000000
   0.060    69    64     6     6     1     1     0.00000000
   0.060    69    65     6     6     2    -1    -0.00000000
   0.060    69    66     6     4     1     1    -0.00000000
   0.060    69    67     6     4     2    -1    -0.00000000
   0.060    69    68     6     2     1     1    -0.00000000
   0.060    69    69     6     2     2    -1    -0.00000000
   0.060    69    70     6     6     2     1    -0.53875904
   0.060    69    71     6     6     3    -1     0.84235627
   0.060    69    72     6     4     2     1    -0.00249118
   0.060    69    73     6     4     3    -1    -0.00105341
   0.060    69    74     6     2     2     1     0.00021622
   0.060    69    75     6     6     3     1     0.00000000
   0.060    69    76     6     6     4    -1    -0.00000000
   0.060    69    77     6     4     3     1    -0.00000000
   0.060    69    78     6     4     4    -1    -0.00000000
   0.060    69    79     6     6     4     1    -0.00000000
   0.060    69    80     6     6     5    -1     0.00000000
   0.060    69    81     6     4     4     1     0.00000000
   0.060    69    82     6     6     5     1     0.00000000
   0.060    69    83     6     6     6    -1    -0.00000000
   0.060    69    84     6     6     6     1    -0.00000000
   0.060    69    85     7     7     0     1     0.00000000
   0.060    69    86     7     7     1    -1     0.00000000
   0.060    69    87     7     5     0     1    -0.00000000
   0.060    69    88     7     5     1    -1    -0.00000000
   0.060    69    89     7     3     0     1    -0.00000000
   0.060    69    90     7     3     1    -1     0.00000000
   0.060    69    91     7     1     0     1     0.00000000
   0.060    69    92     7     1     1    -1     0.00000000
   0.060    69    93     7     7     1     1    -0.00000000
   0.060    69    94     7     7     2    -1    -0.00000000
   0.060    69    95     7     5     1     1     0.00000000
   0.060    69    96     7     5     2    -1    -0.00000000
   0.060    69    97     7     3     1     1    -0.00000000
   0.060    69    98     7     3     2    -1     0.00000000
   0.060    69    99     7     1     1     1    -0.00000000
   0.060    69   100     7     7     2     1    -0.00000000
   0.060    69   101     7     7     3    -1     0.00000000
   0.060    69   102     7     5     2     1     0.00000000
   0.060    69   103     7     5     3    -1     0.00000000
   0.060    69   104     7     3     2     1    -0.00000000
   0.060    69   105     7     3     3    -1     0.00000000
   0.060    69   106     7     7     3     1     0.00000000
   0.060    69   107     7     7     4    -1    -0.00000000
   0.060    69   108     7     5     3     1     0.00000000
   0.060    69   109     7     5     4    -1     0.00000000
   0.060    69   110     7     3     3     1    -0.00000000
   0.060    69   111     7     7     4     1     0.00000000
   0.060    69   112     7     7     5    -1    -0.00000000
   0.060    69   113     7     5     4     1    -0.00000000
   0.060    69   114     7     5     5    -1    -0.00000000
   0.060    69   115     7     7     5     1     0.00000000
   0.060    69   116     7     7     6    -1     0.00000000
   0.060    69   117     7     5     5     1     0.00000000
   0.060    69   118     7     7     6     1     0.00000000
   0.060    69   119     7     7     7    -1     0.00000000
   0.060    69   120     7     7     7     1     0.00000000
   0.060    70     1     0     0     0     1     0.00000000
   0.060    70     2     1     1     0     1     0.00000000
   0.060    70     3     1     1     1    -1    -0.00000000
   0.060    70     4     1     1     1     1    -0.00000000
   0.060    70     5     2     2     0     1    -0.00000000
   0.060    70     6     2     2     1    -1    -0.00000000
   0.060    70     7     2     0     0     1    -0.00000000
   0.060    70     8     2     2     1     1     0.00000000
   0.060    70     9     2     2     2    -1     0.00000000
   0.060    70    10     2     2     2     1     0.00000000
   0.060    70    11     3     3     0     1    -0.00000000
   0.060    70    12     3     3     1    -1     0.00000000
   0.060    70    13     3     1     0     1     0.00000000
   0.060    70    14     3     1     1    -1     0.00000000
   0.060    70    15     3     3     1     1     0.00000000
   0.060    70    16     3     3     2    -1    -0.00000000
   0.060    70    17     3     1     1     1     0.00000000
   0.060    70    18     3     3     2     1     0.00000000
   0.060    70    19     3     3     3    -1    -0.00000000
   0.060    70    20     3     3     3     1    -0.00000000
   0.060    70    21     4     4     0     1    -0.00000000
   0.060    70    22     4     4     1    -1    -0.00000000
   0.060    70    23     4     2     0     1     0.00000000
   0.060    70    24     4     2     1    -1    -0.00000000
   0.060    70    25     4     0     0     1    -0.00000000
   0.060    70    26     4     4     1     1    -0.00000000
   0.060    70    27     4     4     2    -1    -0.00000000
   0.060    70    28     4     2     1     1     0.00000000
   0.060    70    29     4     2     2    -1     0.00000000
   0.060    70    30     4     4     2     1    -0.00000000
   0.060    70    31     4     4     3    -1     0.00000000
   0.060    70    32     4     2     2     1     0.00000000
   0.060    70    33     4     4     3     1    -0.00373801
   0.060    70    34     4     4     4    -1    -0.00590790
   0.060    70    35     4     4     4     1     0.00000000
   0.060    70    36     5     5     0     1     0.00000000
   0.060    70    37     5     5     1    -1    -0.00000000
   0.060    70    38     5     3     0     1     0.00000000
   0.060    70    39     5     3     1    -1    -0.00000000
   0.060    70    40     5     1     0     1     0.00000000
   0.060    70    41     5     1     1    -1     0.00000000
   0.060    70    42     5     5     1     1    -0.00000000
   0.060    70    43     5     5     2    -1    -0.00000000
   0.060    70    44     5     3     1     1     0.00000000
   0.060    70    45     5     3     2    -1    -0.00000000
   0.060    70    46     5     1     1     1     0.00000000
   0.060    70    47     5     5     2     1     0.00000000
   0.060    70    48     5     5     3    -1    -0.00000000
   0.060    70    49     5     3     2     1     0.00000000
   0.060    70    50     5     3     3    -1    -0.00000000
   0.060    70    51     5     5     3     1    -0.00000000
   0.060    70    52     5     5     4    -1     0.00000000
   0.060    70    53     5     3     3     1    -0.00000000
   0.060    70    54     5     5     4     1     0.00000000
   0.060    70    55     5     5     5    -1    -0.00000000
   0.060    70    56     5     5     5     1     0.00000000
   0.060    70    57     6     6     0     1     0.00000000
   0.060    70    58     6     6     1    -1    -0.00000000
   0.060    70    59     6     4     0     1     0.00000000
   0.060    70    60     6     4     1    -1     0.00000000
   0.060    70    61     6     2     0     1    -0.00000000
   0.060    70    62     6     2     1    -1    -0.00000000
   0.060    70    63     6     0     0     1     0.00000000
   0.060    70    64     6     6     1     1    -0.00000000
   0.060    70    65     6     6     2    -1     0.00000000
   0.060    70    66     6     4     1     1     0.00000000
   0.060    70    67     6     4     2    -1    -0.00000000
   0.060    70    68     6     2     1     1    -0.00000000
   0.060    70    69     6     2     2    -1    -0.00000000
   0.060    70    70     6     6     2     1     0.00000000
   0.060    70    71     6     6     3    -1    -0.00000000
   0.060    70    72     6     4     2     1    -0.00000000
   0.060    70    73     6     4     3    -1    -0.00000000
   0.060    70    74     6     2     2     1     0.00000000
   0.060    70    75     6     6     3     1     0.00078093
   0.060    70    76     6     6     4    -1    -0.00118908
   0.060    70    77     6     4     3     1    -0.95833779
   0.060    70    78     6     4     4    -1    -0.28554822
   0.060    70    79     6     6     4     1    -0.00000000
   0.060    70    80     6     6     5    -1     0.00000000
   0.060    70    81     6     4     4     1     0.00000000
   0.060    70    82     6     6     5     1    -0.00000000
   0.060    70    83     6     6     6    -1    -0.00000000
   0.060    70    84     6     6     6     1    -0.00000000
   0.060    70    85     7     7     0     1    -0.00000000
   0.060    70    86     7     7     1    -1    -0.00000000
   0.060    70    87     7     5     0     1     0.00000000
   0.060    70    88     7     5     1    -1     0.00000000
   0.060    70    89     7     3     0     1    -0.00000000
   0.060    70    90     7     3     1    -1     0.00000000
   0.060    70    91     7     1     0     1    -0.00000000
   0.060    70    92     7     1     1    -1     0.00000000
   0.060    70    93     7     7     1     1    -0.00000000
   0.060    70    94     7     7     2    -1    -0.00000000
   0.060    70    95     7     5     1     1     0.00000000
   0.060    70    96     7     5     2    -1    -0.00000000
   0.060    70    97     7     3     1     1    -0.00000000
   0.060    70    98     7     3     2    -1    -0.00000000
   0.060    70    99     7     1     1     1    -0.00000000
   0.060    70   100     7     7     2     1    -0.00000000
   0.060    70   101     7     7     3    -1     0.00000000
   0.060    70   102     7     5     2     1    -0.00000000
   0.060    70   103     7     5     3    -1    -0.00000000
   0.060    70   104     7     3     2     1    -0.00000000
   0.060    70   105     7     3     3    -1    -0.00000000
   0.060    70   106     7     7     3     1    -0.00000000
   0.060    70   107     7     7     4    -1     0.00000000
   0.060    70   108     7     5     3     1    -0.00000000
   0.060    70   109     7     5     4    -1     0.00000000
   0.060    70   110     7     3     3     1    -0.00000000
   0.060    70   111     7     7     4     1    -0.00000000
   0.060    70   112     7     7     5    -1     0.00000000
   0.060    70   113     7     5     4     1     0.00000000
   0.060    70   114     7     5     5    -1     0.00000000
   0.060    70   115     7     7     5     1     0.00000000
   0.060    70   116     7     7     6    -1     0.00000000
   0.060    70   117     7     5     5     1     0.00000000
   0.060    70   118     7     7     6     1     0.00000000
   0.060    70   119     7     7     7    -1     0.00000000
   0.060    70   120     7     7     7     1     0.00000000
   0.060    71     1     0     0     0     1     0.00000000
   0.060    71     2     1     1     0     1     0.00000000
   0.060    71     3     1     1     1    -1     0.00000000
   0.060    71     4     1     1     1     1     0.00000000
   0.060    71     5     2     2     0     1     0.00000000
   0.060    71     6     2     2     1    -1     0.00000000
   0.060    71     7     2     0     0     1     0.00000000
   0.060    71     8     2     2     1     1    -0.00000000
   0.060    71     9     2     2     2    -1     0.00000000
   0.060    71    10     2     2     2     1    -0.00000000
   0.060    71    11     3     3     0     1     0.00000000
   0.060    71    12     3     3     1    -1    -0.00000000
   0.060    71    13     3     1     0     1     0.00000000
   0.060    71    14     3     1     1    -1    -0.00000000
   0.060    71    15     3     3     1     1     0.00000000
   0.060    71    16     3     3     2    -1    -0.00000000
   0.060    71    17     3     1     1     1     0.00000000
   0.060    71    18     3     3     2     1    -0.00000000
   0.060    71    19     3     3     3    -1     0.00000000
   0.060    71    20     3     3     3     1     0.00000000
   0.060    71    21     4     4     0     1    -0.00000000
   0.060    71    22     4     4     1    -1     0.00000000
   0.060    71    23     4     2     0     1     0.00000000
   0.060    71    24     4     2     1    -1     0.00000000
   0.060    71    25     4     0     0     1     0.00000000
   0.060    71    26     4     4     1     1    -0.00000000
   0.060    71    27     4     4     2    -1    -0.00000000
   0.060    71    28     4     2     1     1    -0.00000000
   0.060    71    29     4     2     2    -1    -0.00000000
   0.060    71    30     4     4     2     1     0.00000000
   0.060    71    31     4     4     3    -1    -0.00000000
   0.060    71    32     4     2     2     1    -0.00000000
   0.060    71    33     4     4     3     1    -0.00487459
   0.060    71    34     4     4     4    -1     0.00729471
   0.060    71    35     4     4     4     1     0.00000000
   0.060    71    36     5     5     0     1    -0.00000000
   0.060    71    37     5     5     1    -1     0.00000000
   0.060    71    38     5     3     0     1    -0.00000000
   0.060    71    39     5     3     1    -1     0.00000000
   0.060    71    40     5     1     0     1     0.00000000
   0.060    71    41     5     1     1    -1    -0.00000000
   0.060    71    42     5     5     1     1    -0.00000000
   0.060    71    43     5     5     2    -1    -0.00000000
   0.060    71    44     5     3     1     1     0.00000000
   0.060    71    45     5     3     2    -1    -0.00000000
   0.060    71    46     5     1     1     1     0.00000000
   0.060    71    47     5     5     2     1    -0.00000000
   0.060    71    48     5     5     3    -1     0.00000000
   0.060    71    49     5     3     2     1     0.00000000
   0.060    71    50     5     3     3    -1    -0.00000000
   0.060    71    51     5     5     3     1    -0.00000000
   0.060    71    52     5     5     4    -1     0.00000000
   0.060    71    53     5     3     3     1    -0.00000000
   0.060    71    54     5     5     4     1    -0.00000000
   0.060    71    55     5     5     5    -1     0.00000000
   0.060    71    56     5     5     5     1     0.00000000
   0.060    71    57     6     6     0     1     0.00000000
   0.060    71    58     6     6     1    -1    -0.00000000
   0.060    71    59     6     4     0     1    -0.00000000
   0.060    71    60     6     4     1    -1    -0.00000000
   0.060    71    61     6     2     0     1     0.00000000
   0.060    71    62     6     2     1    -1    -0.00000000
   0.060    71    63     6     0     0     1     0.00000000
   0.060    71    64     6     6     1     1    -0.00000000
   0.060    71    65     6     6     2    -1     0.00000000
   0.060    71    66     6     4     1     1    -0.00000000
   0.060    71    67     6     4     2    -1     0.00000000
   0.060    71    68     6     2     1     1    -0.00000000
   0.060    71    69     6     2     2    -1    -0.00000000
   0.060    71    70     6     6     2     1     0.00000000
   0.060    71    71     6     6     3    -1    -0.00000000
   0.060    71    72     6     4     2     1     0.00000000
   0.060    71    73     6     4     3    -1    -0.00000000
   0.060    71    74     6     2     2     1    -0.00000000
   0.060    71    75     6     6     3     1     0.45925966
   0.060    71    76     6     6     4    -1    -0.88825751
   0.060    71    77     6     4     3     1     0.00147680
   0.060    71    78     6     4     4    -1    -0.00008857
   0.060    71    79     6     6     4     1     0.00000000
   0.060    71    80     6     6     5    -1    -0.00000000
   0.060    71    81     6     4     4     1     0.00000000
   0.060    71    82     6     6     5     1     0.00000000
   0.060    71    83     6     6     6    -1    -0.00000000
   0.060    71    84     6     6     6     1    -0.00000000
   0.060    71    85     7     7     0     1     0.00000000
   0.060    71    86     7     7     1    -1     0.00000000
   0.060    71    87     7     5     0     1    -0.00000000
   0.060    71    88     7     5     1    -1    -0.00000000
   0.060    71    89     7     3     0     1     0.00000000
   0.060    71    90     7     3     1    -1     0.00000000
   0.060    71    91     7     1     0     1     0.00000000
   0.060    71    92     7     1     1    -1    -0.00000000
   0.060    71    93     7     7     1     1     0.00000000
   0.060    71    94     7     7     2    -1     0.00000000
   0.060    71    95     7     5     1     1     0.00000000
   0.060    71    96     7     5     2    -1     0.00000000
   0.060    71    97     7     3     1     1     0.00000000
   0.060    71    98     7     3     2    -1     0.00000000
   0.060    71    99     7     1     1     1    -0.00000000
   0.060    71   100     7     7     2     1    -0.00000000
   0.060    71   101     7     7     3    -1     0.00000000
   0.060    71   102     7     5     2     1    -0.00000000
   0.060    71   103     7     5     3    -1     0.00000000
   0.060    71   104     7     3     2     1     0.00000000
   0.060    71   105     7     3     3    -1     0.00000000
   0.060    71   106     7     7     3     1     0.00000000
   0.060    71   107     7     7     4    -1    -0.00000000
   0.060    71   108     7     5     3     1     0.00000000
   0.060    71   109     7     5     4    -1    -0.00000000
   0.060    71   110     7     3     3     1    -0.00000000
   0.060    71   111     7     7     4     1     0.00000000
   0.060    71   112     7     7     5    -1    -0.00000000
   0.060    71   113     7     5     4     1     0.00000000
   0.060    71   114     7     5     5    -1    -0.00000000
   0.060    71   115     7     7     5     1     0.00000000
   0.060    71   116     7     7     6    -1     0.00000000
   0.060    71   117     7     5     5     1     0.00000000
   0.060    71   118     7     7     6     1     0.00000000
   0.060    71   119     7     7     7    -1     0.00000000
   0.060    71   120     7     7     7     1     0.00000000
   0.060    72     1     0     0     0     1     0.00000000
   0.060    72     2     1     1     0     1    -0.00000059
   0.060    72     3     1     1     1    -1    -0.00000043
   0.060    72     4     1     1     1     1     0.00000000
   0.060    72     5     2     2     0     1    -0.00000000
   0.060    72     6     2     2     1    -1    -0.00000000
   0.060    72     7     2     0     0     1     0.00000000
   0.060    72     8     2     2     1     1    -0.00000000
   0.060    72     9     2     2     2    -1    -0.00000000
   0.060    72    10     2     2     2     1     0.00000000
   0.060    72    11     3     3     0     1     0.00013046
   0.060    72    12     3     3     1    -1     0.00011336
   0.060    72    13     3     1     0     1    -0.00000097
   0.060    72    14     3     1     1    -1    -0.00000020
   0.060    72    15     3     3     1     1    -0.00000000
   0.060    72    16     3     3     2    -1    -0.00000000
   0.060    72    17     3     1     1     1     0.00000000
   0.060    72    18     3     3     2     1     0.00000000
   0.060    72    19     3     3     3    -1     0.00000000
   0.060    72    20     3     3     3     1    -0.00000000
   0.060    72    21     4     4     0     1     0.00000000
   0.060    72    22     4     4     1    -1     0.00000000
   0.060    72    23     4     2     0     1     0.00000000
   0.060    72    24     4     2     1    -1     0.00000000
   0.060    72    25     4     0     0     1     0.00000000
   0.060    72    26     4     4     1     1     0.00000000
   0.060    72    27     4     4     2    -1     0.00000000
   0.060    72    28     4     2     1     1     0.00000000
   0.060    72    29     4     2     2    -1    -0.00000000
   0.060    72    30     4     4     2     1     0.00000000
   0.060    72    31     4     4     3    -1    -0.00000000
   0.060    72    32     4     2     2     1    -0.00000000
   0.060    72    33     4     4     3     1    -0.00000000
   0.060    72    34     4     4     4    -1     0.00000000
   0.060    72    35     4     4     4     1     0.00000000
   0.060    72    36     5     5     0     1    -0.01485345
   0.060    72    37     5     5     1    -1    -0.01352973
   0.060    72    38     5     3     0     1     0.00003974
   0.060    72    39     5     3     1    -1     0.00002975
   0.060    72    40     5     1     0     1     0.00002120
   0.060    72    41     5     1     1    -1     0.00002143
   0.060    72    42     5     5     1     1    -0.00000000
   0.060    72    43     5     5     2    -1    -0.00000000
   0.060    72    44     5     3     1     1    -0.00000000
   0.060    72    45     5     3     2    -1     0.00000000
   0.060    72    46     5     1     1     1    -0.00000000
   0.060    72    47     5     5     2     1    -0.00000000
   0.060    72    48     5     5     3    -1    -0.00000000
   0.060    72    49     5     3     2     1     0.00000000
   0.060    72    50     5     3     3    -1     0.00000000
   0.060    72    51     5     5     3     1    -0.00000000
   0.060    72    52     5     5     4    -1     0.00000000
   0.060    72    53     5     3     3     1    -0.00000000
   0.060    72    54     5     5     4     1    -0.00000000
   0.060    72    55     5     5     5    -1     0.00000000
   0.060    72    56     5     5     5     1     0.00000000
   0.060    72    57     6     6     0     1     0.00000000
   0.060    72    58     6     6     1    -1    -0.00000000
   0.060    72    59     6     4     0     1    -0.00000000
   0.060    72    60     6     4     1    -1    -0.00000000
   0.060    72    61     6     2     0     1     0.00000000
   0.060    72    62     6     2     1    -1    -0.00000000
   0.060    72    63     6     0     0     1    -0.00000000
   0.060    72    64     6     6     1     1    -0.00000000
   0.060    72    65     6     6     2    -1     0.00000000
   0.060    72    66     6     4     1     1    -0.00000000
   0.060    72    67     6     4     2    -1    -0.00000000
   0.060    72    68     6     2     1     1     0.00000000
   0.060    72    69     6     2     2    -1    -0.00000000
   0.060    72    70     6     6     2     1     0.00000000
   0.060    72    71     6     6     3    -1    -0.00000000
   0.060    72    72     6     4     2     1    -0.00000000
   0.060    72    73     6     4     3    -1     0.00000000
   0.060    72    74     6     2     2     1    -0.00000000
   0.060    72    75     6     6     3     1    -0.00000000
   0.060    72    76     6     6     4    -1     0.00000000
   0.060    72    77     6     4     3     1    -0.00000000
   0.060    72    78     6     4     4    -1    -0.00000000
   0.060    72    79     6     6     4     1     0.00000000
   0.060    72    80     6     6     5    -1    -0.00000000
   0.060    72    81     6     4     4     1     0.00000000
   0.060    72    82     6     6     5     1     0.00000000
   0.060    72    83     6     6     6    -1    -0.00000000
   0.060    72    84     6     6     6     1     0.00000000
   0.060    72    85     7     7     0     1     0.73222977
   0.060    72    86     7     7     1    -1     0.68076065
   0.060    72    87     7     5     0     1    -0.00061184
   0.060    72    88     7     5     1    -1    -0.00052394
   0.060    72    89     7     3     0     1    -0.00029441
   0.060    72    90     7     3     1    -1    -0.00025088
   0.060    72    91     7     1     0     1     0.00000203
   0.060    72    92     7     1     1    -1     0.00000028
   0.060    72    93     7     7     1     1     0.00000000
   0.060    72    94     7     7     2    -1     0.00000000
   0.060    72    95     7     5     1     1    -0.00000000
   0.060    72    96     7     5     2    -1     0.00000000
   0.060    72    97     7     3     1     1     0.00000000
   0.060    72    98     7     3     2    -1    -0.00000000
   0.060    72    99     7     1     1     1    -0.00000000
   0.060    72   100     7     7     2     1    -0.00000000
   0.060    72   101     7     7     3    -1     0.00000000
   0.060    72   102     7     5     2     1    -0.00000000
   0.060    72   103     7     5     3    -1    -0.00000000
   0.060    72   104     7     3     2     1     0.00000000
   0.060    72   105     7     3     3    -1     0.00000000
   0.060    72   106     7     7     3     1     0.00000000
   0.060    72   107     7     7     4    -1    -0.00000000
   0.060    72   108     7     5     3     1     0.00000000
   0.060    72   109     7     5     4    -1    -0.00000000
   0.060    72   110     7     3     3     1    -0.00000000
   0.060    72   111     7     7     4     1     0.00000000
   0.060    72   112     7     7     5    -1    -0.00000000
   0.060    72   113     7     5     4     1     0.00000000
   0.060    72   114     7     5     5    -1    -0.00000000
   0.060    72   115     7     7     5     1     0.00000000
   0.060    72   116     7     7     6    -1     0.00000000
   0.060    72   117     7     5     5     1     0.00000000
   0.060    72   118     7     7     6     1     0.00000000
   0.060    72   119     7     7     7    -1     0.00000000
   0.060    72   120     7     7     7     1     0.00000000
   0.060    73     1     0     0     0     1    -0.00000000
   0.060    73     2     1     1     0     1     0.00000000
   0.060    73     3     1     1     1    -1    -0.00000000
   0.060    73     4     1     1     1     1    -0.00000049
   0.060    73     5     2     2     0     1    -0.00000000
   0.060    73     6     2     2     1    -1     0.00000000
   0.060    73     7     2     0     0     1     0.00000000
   0.060    73     8     2     2     1     1     0.00000000
   0.060    73     9     2     2     2    -1     0.00000000
   0.060    73    10     2     2     2     1     0.00000000
   0.060    73    11     3     3     0     1    -0.00000000
   0.060    73    12     3     3     1    -1    -0.00000000
   0.060    73    13     3     1     0     1     0.00000000
   0.060    73    14     3     1     1    -1     0.00000000
   0.060    73    15     3     3     1     1     0.00012895
   0.060    73    16     3     3     2    -1     0.00008238
   0.060    73    17     3     1     1     1    -0.00000027
   0.060    73    18     3     3     2     1     0.00000000
   0.060    73    19     3     3     3    -1    -0.00000000
   0.060    73    20     3     3     3     1    -0.00000000
   0.060    73    21     4     4     0     1    -0.00000000
   0.060    73    22     4     4     1    -1     0.00000000
   0.060    73    23     4     2     0     1     0.00000000
   0.060    73    24     4     2     1    -1    -0.00000000
   0.060    73    25     4     0     0     1     0.00000000
   0.060    73    26     4     4     1     1     0.00000000
   0.060    73    27     4     4     2    -1    -0.00000000
   0.060    73    28     4     2     1     1     0.00000000
   0.060    73    29     4     2     2    -1     0.00000000
   0.060    73    30     4     4     2     1     0.00000000
   0.060    73    31     4     4     3    -1    -0.00000000
   0.060    73    32     4     2     2     1     0.00000000
   0.060    73    33     4     4     3     1     0.00000000
   0.060    73    34     4     4     4    -1     0.00000000
   0.060    73    35     4     4     4     1     0.00000000
   0.060    73    36     5     5     0     1     0.00000000
   0.060    73    37     5     5     1    -1    -0.00000000
   0.060    73    38     5     3     0     1     0.00000000
   0.060    73    39     5     3     1    -1     0.00000000
   0.060    73    40     5     1     0     1     0.00000000
   0.060    73    41     5     1     1    -1     0.00000000
   0.060    73    42     5     5     1     1    -0.01544072
   0.060    73    43     5     5     2    -1    -0.01159566
   0.060    73    44     5     3     1     1     0.00003427
   0.060    73    45     5     3     2    -1     0.00001114
   0.060    73    46     5     1     1     1     0.00002262
   0.060    73    47     5     5     2     1    -0.00000000
   0.060    73    48     5     5     3    -1     0.00000000
   0.060    73    49     5     3     2     1     0.00000000
   0.060    73    50     5     3     3    -1     0.00000000
   0.060    73    51     5     5     3     1    -0.00000000
   0.060    73    52     5     5     4    -1     0.00000000
   0.060    73    53     5     3     3     1    -0.00000000
   0.060    73    54     5     5     4     1    -0.00000000
   0.060    73    55     5     5     5    -1     0.00000000
   0.060    73    56     5     5     5     1     0.00000000
   0.060    73    57     6     6     0     1    -0.00000000
   0.060    73    58     6     6     1    -1    -0.00000000
   0.060    73    59     6     4     0     1     0.00000000
   0.060    73    60     6     4     1    -1    -0.00000000
   0.060    73    61     6     2     0     1    -0.00000000
   0.060    73    62     6     2     1    -1    -0.00000000
   0.060    73    63     6     0     0     1     0.00000000
   0.060    73    64     6     6     1     1     0.00000000
   0.060    73    65     6     6     2    -1    -0.00000000
   0.060    73    66     6     4     1     1    -0.00000000
   0.060    73    67     6     4     2    -1     0.00000000
   0.060    73    68     6     2     1     1     0.00000000
   0.060    73    69     6     2     2    -1     0.00000000
   0.060    73    70     6     6     2     1    -0.00000000
   0.060    73    71     6     6     3    -1     0.00000000
   0.060    73    72     6     4     2     1     0.00000000
   0.060    73    73     6     4     3    -1     0.00000000
   0.060    73    74     6     2     2     1    -0.00000000
   0.060    73    75     6     6     3     1    -0.00000000
   0.060    73    76     6     6     4    -1     0.00000000
   0.060    73    77     6     4     3     1    -0.00000000
   0.060    73    78     6     4     4    -1    -0.00000000
   0.060    73    79     6     6     4     1     0.00000000
   0.060    73    80     6     6     5    -1    -0.00000000
   0.060    73    81     6     4     4     1     0.00000000
   0.060    73    82     6     6     5     1    -0.00000000
   0.060    73    83     6     6     6    -1     0.00000000
   0.060    73    84     6     6     6     1     0.00000000
   0.060    73    85     7     7     0     1    -0.00000000
   0.060    73    86     7     7     1    -1    -0.00000000
   0.060    73    87     7     5     0     1    -0.00000000
   0.060    73    88     7     5     1    -1    -0.00000000
   0.060    73    89     7     3     0     1     0.00000000
   0.060    73    90     7     3     1    -1     0.00000000
   0.060    73    91     7     1     0     1     0.00000000
   0.060    73    92     7     1     1    -1     0.00000000
   0.060    73    93     7     7     1     1     0.78008752
   0.060    73    94     7     7     2    -1     0.62537192
   0.060    73    95     7     5     1     1    -0.00054942
   0.060    73    96     7     5     2    -1    -0.00032910
   0.060    73    97     7     3     1     1    -0.00028642
   0.060    73    98     7     3     2    -1    -0.00017293
   0.060    73    99     7     1     1     1     0.00000027
   0.060    73   100     7     7     2     1    -0.00000000
   0.060    73   101     7     7     3    -1    -0.00000000
   0.060    73   102     7     5     2     1    -0.00000000
   0.060    73   103     7     5     3    -1    -0.00000000
   0.060    73   104     7     3     2     1    -0.00000000
   0.060    73   105     7     3     3    -1    -0.00000000
   0.060    73   106     7     7     3     1     0.00000000
   0.060    73   107     7     7     4    -1     0.00000000
   0.060    73   108     7     5     3     1     0.00000000
   0.060    73   109     7     5     4    -1    -0.00000000
   0.060    73   110     7     3     3     1    -0.00000000
   0.060    73   111     7     7     4     1    -0.00000000
   0.060    73   112     7     7     5    -1     0.00000000
   0.060    73   113     7     5     4     1     0.00000000
   0.060    73   114     7     5     5    -1    -0.00000000
   0.060    73   115     7     7     5     1     0.00000000
   0.060    73   116     7     7     6    -1     0.00000000
   0.060    73   117     7     5     5     1     0.00000000
   0.060    73   118     7     7     6     1     0.00000000
   0.060    73   119     7     7     7    -1     0.00000000
   0.060    73   120     7     7     7     1     0.00000000
   0.060    74     1     0     0     0     1    -0.00000000
   0.060    74     2     1     1     0     1    -0.00000000
   0.060    74     3     1     1     1    -1    -0.00000000
   0.060    74     4     1     1     1     1    -0.00000000
   0.060    74     5     2     2     0     1     0.00000000
   0.060    74     6     2     2     1    -1     0.00000000
   0.060    74     7     2     0     0     1     0.00000000
   0.060    74     8     2     2     1     1    -0.00000000
   0.060    74     9     2     2     2    -1    -0.00000000
   0.060    74    10     2     2     2     1     0.00000000
   0.060    74    11     3     3     0     1    -0.00000000
   0.060    74    12     3     3     1    -1     0.00000000
   0.060    74    13     3     1     0     1     0.00000000
   0.060    74    14     3     1     1    -1    -0.00000000
   0.060    74    15     3     3     1     1     0.00000000
   0.060    74    16     3     3     2    -1    -0.00000000
   0.060    74    17     3     1     1     1     0.00000000
   0.060    74    18     3     3     2     1     0.00000000
   0.060    74    19     3     3     3    -1    -0.00000000
   0.060    74    20     3     3     3     1     0.00000000
   0.060    74    21     4     4     0     1     0.00000000
   0.060    74    22     4     4     1    -1    -0.00000000
   0.060    74    23     4     2     0     1     0.00000000
   0.060    74    24     4     2     1    -1     0.00000000
   0.060    74    25     4     0     0     1     0.00000000
   0.060    74    26     4     4     1     1     0.00000000
   0.060    74    27     4     4     2    -1    -0.00000000
   0.060    74    28     4     2     1     1     0.00000000
   0.060    74    29     4     2     2    -1    -0.00000000
   0.060    74    30     4     4     2     1    -0.00000000
   0.060    74    31     4     4     3    -1    -0.00000000
   0.060    74    32     4     2     2     1    -0.00000000
   0.060    74    33     4     4     3     1     0.00000000
   0.060    74    34     4     4     4    -1     0.00000000
   0.060    74    35     4     4     4     1    -0.00148759
   0.060    74    36     5     5     0     1     0.00000000
   0.060    74    37     5     5     1    -1    -0.00000000
   0.060    74    38     5     3     0     1     0.00000000
   0.060    74    39     5     3     1    -1    -0.00000000
   0.060    74    40     5     1     0     1     0.00000000
   0.060    74    41     5     1     1    -1     0.00000000
   0.060    74    42     5     5     1     1     0.00000000
   0.060    74    43     5     5     2    -1     0.00000000
   0.060    74    44     5     3     1     1    -0.00000000
   0.060    74    45     5     3     2    -1    -0.00000000
   0.060    74    46     5     1     1     1     0.00000000
   0.060    74    47     5     5     2     1    -0.00000000
   0.060    74    48     5     5     3    -1     0.00000000
   0.060    74    49     5     3     2     1     0.00000000
   0.060    74    50     5     3     3    -1     0.00000000
   0.060    74    51     5     5     3     1    -0.00000000
   0.060    74    52     5     5     4    -1     0.00000000
   0.060    74    53     5     3     3     1    -0.00000000
   0.060    74    54     5     5     4     1    -0.00000000
   0.060    74    55     5     5     5    -1    -0.00000000
   0.060    74    56     5     5     5     1     0.00000000
   0.060    74    57     6     6     0     1    -0.00000000
   0.060    74    58     6     6     1    -1     0.00000000
   0.060    74    59     6     4     0     1    -0.00000000
   0.060    74    60     6     4     1    -1     0.00000000
   0.060    74    61     6     2     0     1    -0.00000000
   0.060    74    62     6     2     1    -1     0.00000000
   0.060    74    63     6     0     0     1     0.00000000
   0.060    74    64     6     6     1     1    -0.00000000
   0.060    74    65     6     6     2    -1     0.00000000
   0.060    74    66     6     4     1     1     0.00000000
   0.060    74    67     6     4     2    -1     0.00000000
   0.060    74    68     6     2     1     1     0.00000000
   0.060    74    69     6     2     2    -1    -0.00000000
   0.060    74    70     6     6     2     1    -0.00000000
   0.060    74    71     6     6     3    -1     0.00000000
   0.060    74    72     6     4     2     1     0.00000000
   0.060    74    73     6     4     3    -1     0.00000000
   0.060    74    74     6     2     2     1    -0.00000000
   0.060    74    75     6     6     3     1    -0.00000000
   0.060    74    76     6     6     4    -1     0.00000000
   0.060    74    77     6     4     3     1    -0.00000000
   0.060    74    78     6     4     4    -1    -0.00000000
   0.060    74    79     6     6     4     1     0.36798545
   0.060    74    80     6     6     5    -1    -0.92883251
   0.060    74    81     6     4     4     1     0.04306570
   0.060    74    82     6     6     5     1    -0.00000000
   0.060    74    83     6     6     6    -1     0.00000000
   0.060    74    84     6     6     6     1     0.00000000
   0.060    74    85     7     7     0     1    -0.00000000
   0.060    74    86     7     7     1    -1    -0.00000000
   0.060    74    87     7     5     0     1    -0.00000000
   0.060    74    88     7     5     1    -1    -0.00000000
   0.060    74    89     7     3     0     1     0.00000000
   0.060    74    90     7     3     1    -1    -0.00000000
   0.060    74    91     7     1     0     1     0.00000000
   0.060    74    92     7     1     1    -1     0.00000000
   0.060    74    93     7     7     1     1    -0.00000000
   0.060    74    94     7     7     2    -1    -0.00000000
   0.060    74    95     7     5     1     1     0.00000000
   0.060    74    96     7     5     2    -1    -0.00000000
   0.060    74    97     7     3     1     1    -0.00000000
   0.060    74    98     7     3     2    -1    -0.00000000
   0.060    74    99     7     1     1     1    -0.00000000
   0.060    74   100     7     7     2     1    -0.00000000
   0.060    74   101     7     7     3    -1    -0.00000000
   0.060    74   102     7     5     2     1     0.00000000
   0.060    74   103     7     5     3    -1     0.00000000
   0.060    74   104     7     3     2     1    -0.00000000
   0.060    74   105     7     3     3    -1     0.00000000
   0.060    74   106     7     7     3     1    -0.00000000
   0.060    74   107     7     7     4    -1    -0.00000000
   0.060    74   108     7     5     3     1    -0.00000000
   0.060    74   109     7     5     4    -1     0.00000000
   0.060    74   110     7     3     3     1    -0.00000000
   0.060    74   111     7     7     4     1     0.00000000
   0.060    74   112     7     7     5    -1    -0.00000000
   0.060    74   113     7     5     4     1    -0.00000000
   0.060    74   114     7     5     5    -1    -0.00000000
   0.060    74   115     7     7     5     1     0.00000000
   0.060    74   116     7     7     6    -1     0.00000000
   0.060    74   117     7     5     5     1     0.00000000
   0.060    74   118     7     7     6     1     0.00000000
   0.060    74   119     7     7     7    -1     0.00000000
   0.060    74   120     7     7     7     1     0.00000000
   0.060    75     1     0     0     0     1    -0.00000000
   0.060    75     2     1     1     0     1     0.00000000
   0.060    75     3     1     1     1    -1     0.00000000
   0.060    75     4     1     1     1     1     0.00000000
   0.060    75     5     2     2     0     1    -0.00000000
   0.060    75     6     2     2     1    -1    -0.00000000
   0.060    75     7     2     0     0     1     0.00000000
   0.060    75     8     2     2     1     1     0.00000000
   0.060    75     9     2     2     2    -1     0.00000000
   0.060    75    10     2     2     2     1     0.00000000
   0.060    75    11     3     3     0     1     0.00000000
   0.060    75    12     3     3     1    -1    -0.00000000
   0.060    75    13     3     1     0     1    -0.00000000
   0.060    75    14     3     1     1    -1     0.00000000
   0.060    75    15     3     3     1     1    -0.00000000
   0.060    75    16     3     3     2    -1    -0.00000000
   0.060    75    17     3     1     1     1    -0.00000000
   0.060    75    18     3     3     2     1     0.00000000
   0.060    75    19     3     3     3    -1     0.00000000
   0.060    75    20     3     3     3     1     0.00000000
   0.060    75    21     4     4     0     1     0.00000000
   0.060    75    22     4     4     1    -1    -0.00000000
   0.060    75    23     4     2     0     1     0.00000000
   0.060    75    24     4     2     1    -1    -0.00000000
   0.060    75    25     4     0     0     1     0.00000000
   0.060    75    26     4     4     1     1     0.00000000
   0.060    75    27     4     4     2    -1     0.00000000
   0.060    75    28     4     2     1     1    -0.00000000
   0.060    75    29     4     2     2    -1     0.00000000
   0.060    75    30     4     4     2     1    -0.00000000
   0.060    75    31     4     4     3    -1     0.00000000
   0.060    75    32     4     2     2     1     0.00000000
   0.060    75    33     4     4     3     1    -0.00000000
   0.060    75    34     4     4     4    -1    -0.00000000
   0.060    75    35     4     4     4     1    -0.01687190
   0.060    75    36     5     5     0     1    -0.00000000
   0.060    75    37     5     5     1    -1     0.00000000
   0.060    75    38     5     3     0     1     0.00000000
   0.060    75    39     5     3     1    -1    -0.00000000
   0.060    75    40     5     1     0     1     0.00000000
   0.060    75    41     5     1     1    -1    -0.00000000
   0.060    75    42     5     5     1     1    -0.00000000
   0.060    75    43     5     5     2    -1    -0.00000000
   0.060    75    44     5     3     1     1     0.00000000
   0.060    75    45     5     3     2    -1    -0.00000000
   0.060    75    46     5     1     1     1    -0.00000000
   0.060    75    47     5     5     2     1    -0.00000000
   0.060    75    48     5     5     3    -1     0.00000000
   0.060    75    49     5     3     2     1     0.00000000
   0.060    75    50     5     3     3    -1     0.00000000
   0.060    75    51     5     5     3     1     0.00000000
   0.060    75    52     5     5     4    -1     0.00000000
   0.060    75    53     5     3     3     1    -0.00000000
   0.060    75    54     5     5     4     1     0.00000000
   0.060    75    55     5     5     5    -1    -0.00000000
   0.060    75    56     5     5     5     1     0.00000000
   0.060    75    57     6     6     0     1     0.00000000
   0.060    75    58     6     6     1    -1    -0.00000000
   0.060    75    59     6     4     0     1    -0.00000000
   0.060    75    60     6     4     1    -1    -0.00000000
   0.060    75    61     6     2     0     1    -0.00000000
   0.060    75    62     6     2     1    -1     0.00000000
   0.060    75    63     6     0     0     1    -0.00000000
   0.060    75    64     6     6     1     1     0.00000000
   0.060    75    65     6     6     2    -1    -0.00000000
   0.060    75    66     6     4     1     1    -0.00000000
   0.060    75    67     6     4     2    -1    -0.00000000
   0.060    75    68     6     2     1     1     0.00000000
   0.060    75    69     6     2     2    -1     0.00000000
   0.060    75    70     6     6     2     1    -0.00000000
   0.060    75    71     6     6     3    -1     0.00000000
   0.060    75    72     6     4     2     1     0.00000000
   0.060    75    73     6     4     3    -1    -0.00000000
   0.060    75    74     6     2     2     1    -0.00000000
   0.060    75    75     6     6     3     1     0.00000000
   0.060    75    76     6     6     4    -1    -0.00000000
   0.060    75    77     6     4     3     1    -0.00000000
   0.060    75    78     6     4     4    -1    -0.00000000
   0.060    75    79     6     6     4     1     0.01610885
   0.060    75    80     6     6     5    -1    -0.03990681
   0.060    75    81     6     4     4     1    -0.99893107
   0.060    75    82     6     6     5     1     0.00000000
   0.060    75    83     6     6     6    -1    -0.00000000
   0.060    75    84     6     6     6     1    -0.00000000
   0.060    75    85     7     7     0     1     0.00000000
   0.060    75    86     7     7     1    -1     0.00000000
   0.060    75    87     7     5     0     1    -0.00000000
   0.060    75    88     7     5     1    -1    -0.00000000
   0.060    75    89     7     3     0     1    -0.00000000
   0.060    75    90     7     3     1    -1    -0.00000000
   0.060    75    91     7     1     0     1    -0.00000000
   0.060    75    92     7     1     1    -1     0.00000000
   0.060    75    93     7     7     1     1     0.00000000
   0.060    75    94     7     7     2    -1     0.00000000
   0.060    75    95     7     5     1     1    -0.00000000
   0.060    75    96     7     5     2    -1    -0.00000000
   0.060    75    97     7     3     1     1     0.00000000
   0.060    75    98     7     3     2    -1    -0.00000000
   0.060    75    99     7     1     1     1     0.00000000
   0.060    75   100     7     7     2     1    -0.00000000
   0.060    75   101     7     7     3    -1    -0.00000000
   0.060    75   102     7     5     2     1     0.00000000
   0.060    75   103     7     5     3    -1     0.00000000
   0.060    75   104     7     3     2     1     0.00000000
   0.060    75   105     7     3     3    -1     0.00000000
   0.060    75   106     7     7     3     1    -0.00000000
   0.060    75   107     7     7     4    -1    -0.00000000
   0.060    75   108     7     5     3     1    -0.00000000
   0.060    75   109     7     5     4    -1    -0.00000000
   0.060    75   110     7     3     3     1     0.00000000
   0.060    75   111     7     7     4     1    -0.00000000
   0.060    75   112     7     7     5    -1     0.00000000
   0.060    75   113     7     5     4     1    -0.00000000
   0.060    75   114     7     5     5    -1     0.00000000
   0.060    75   115     7     7     5     1     0.00000000
   0.060    75   116     7     7     6    -1     0.00000000
   0.060    75   117     7     5     5     1     0.00000000
   0.060    75   118     7     7     6     1     0.00000000
   0.060    75   119     7     7     7    -1     0.00000000
   0.060    75   120     7     7     7     1     0.00000000
   0.060    76     1     0     0     0     1    -0.00000000
   0.060    76     2     1     1     0     1     0.00000000
   0.060    76     3     1     1     1    -1     0.00000000
   0.060    76     4     1     1     1     1     0.00000000
   0.060    76     5     2     2     0     1    -0.00000000
   0.060    76     6     2     2     1    -1    -0.00000000
   0.060    76     7     2     0     0     1     0.00000000
   0.060    76     8     2     2     1     1     0.00000000
   0.060    76     9     2     2     2    -1     0.00000000
   0.060    76    10     2     2     2     1     0.00000000
   0.060    76    11     3     3     0     1     0.00000000
   0.060    76    12     3     3     1    -1     0.00000000
   0.060    76    13     3     1     0     1     0.00000000
   0.060    76    14     3     1     1    -1     0.00000000
   0.060    76    15     3     3     1     1     0.00000000
   0.060    76    16     3     3     2    -1     0.00000000
   0.060    76    17     3     1     1     1     0.00000000
   0.060    76    18     3     3     2     1     0.00010700
   0.060    76    19     3     3     3    -1     0.00004416
   0.060    76    20     3     3     3     1     0.00000000
   0.060    76    21     4     4     0     1    -0.00000000
   0.060    76    22     4     4     1    -1     0.00000000
   0.060    76    23     4     2     0     1     0.00000000
   0.060    76    24     4     2     1    -1     0.00000000
   0.060    76    25     4     0     0     1     0.00000000
   0.060    76    26     4     4     1     1     0.00000000
   0.060    76    27     4     4     2    -1    -0.00000000
   0.060    76    28     4     2     1     1    -0.00000000
   0.060    76    29     4     2     2    -1     0.00000000
   0.060    76    30     4     4     2     1    -0.00000000
   0.060    76    31     4     4     3    -1     0.00000000
   0.060    76    32     4     2     2     1    -0.00000000
   0.060    76    33     4     4     3     1    -0.00000000
   0.060    76    34     4     4     4    -1     0.00000000
   0.060    76    35     4     4     4     1     0.00000000
   0.060    76    36     5     5     0     1    -0.00000000
   0.060    76    37     5     5     1    -1     0.00000000
   0.060    76    38     5     3     0     1     0.00000000
   0.060    76    39     5     3     1    -1    -0.00000000
   0.060    76    40     5     1     0     1     0.00000000
   0.060    76    41     5     1     1    -1    -0.00000000
   0.060    76    42     5     5     1     1    -0.00000000
   0.060    76    43     5     5     2    -1    -0.00000000
   0.060    76    44     5     3     1     1    -0.00000000
   0.060    76    45     5     3     2    -1     0.00000000
   0.060    76    46     5     1     1     1    -0.00000000
   0.060    76    47     5     5     2     1    -0.01516308
   0.060    76    48     5     5     3    -1    -0.00918380
   0.060    76    49     5     3     2     1     0.00001561
   0.060    76    50     5     3     3    -1    -0.00000380
   0.060    76    51     5     5     3     1    -0.00000000
   0.060    76    52     5     5     4    -1     0.00000000
   0.060    76    53     5     3     3     1    -0.00000000
   0.060    76    54     5     5     4     1    -0.00000000
   0.060    76    55     5     5     5    -1     0.00000000
   0.060    76    56     5     5     5     1     0.00000000
   0.060    76    57     6     6     0     1    -0.00000000
   0.060    76    58     6     6     1    -1    -0.00000000
   0.060    76    59     6     4     0     1    -0.00000000
   0.060    76    60     6     4     1    -1     0.00000000
   0.060    76    61     6     2     0     1    -0.00000000
   0.060    76    62     6     2     1    -1     0.00000000
   0.060    76    63     6     0     0     1    -0.00000000
   0.060    76    64     6     6     1     1    -0.00000000
   0.060    76    65     6     6     2    -1    -0.00000000
   0.060    76    66     6     4     1     1     0.00000000
   0.060    76    67     6     4     2    -1     0.00000000
   0.060    76    68     6     2     1     1     0.00000000
   0.060    76    69     6     2     2    -1    -0.00000000
   0.060    76    70     6     6     2     1    -0.00000000
   0.060    76    71     6     6     3    -1    -0.00000000
   0.060    76    72     6     4     2     1    -0.00000000
   0.060    76    73     6     4     3    -1    -0.00000000
   0.060    76    74     6     2     2     1     0.00000000
   0.060    76    75     6     6     3     1    -0.00000000
   0.060    76    76     6     6     4    -1    -0.00000000
   0.060    76    77     6     4     3     1     0.00000000
   0.060    76    78     6     4     4    -1    -0.00000000
   0.060    76    79     6     6     4     1    -0.00000000
   0.060    76    80     6     6     5    -1    -0.00000000
   0.060    76    81     6     4     4     1    -0.00000000
   0.060    76    82     6     6     5     1    -0.00000000
   0.060    76    83     6     6     6    -1    -0.00000000
   0.060    76    84     6     6     6     1    -0.00000000
   0.060    76    85     7     7     0     1    -0.00000000
   0.060    76    86     7     7     1    -1    -0.00000000
   0.060    76    87     7     5     0     1    -0.00000000
   0.060    76    88     7     5     1    -1     0.00000000
   0.060    76    89     7     3     0     1    -0.00000000
   0.060    76    90     7     3     1    -1    -0.00000000
   0.060    76    91     7     1     0     1     0.00000000
   0.060    76    92     7     1     1    -1    -0.00000000
   0.060    76    93     7     7     1     1     0.00000000
   0.060    76    94     7     7     2    -1     0.00000000
   0.060    76    95     7     5     1     1     0.00000000
   0.060    76    96     7     5     2    -1     0.00000000
   0.060    76    97     7     3     1     1    -0.00000000
   0.060    76    98     7     3     2    -1     0.00000000
   0.060    76    99     7     1     1     1     0.00000000
   0.060    76   100     7     7     2     1     0.82452979
   0.060    76   101     7     7     3    -1     0.56554060
   0.060    76   102     7     5     2     1    -0.00033661
   0.060    76   103     7     5     3    -1    -0.00009950
   0.060    76   104     7     3     2     1    -0.00022613
   0.060    76   105     7     3     3    -1    -0.00008496
   0.060    76   106     7     7     3     1     0.00000000
   0.060    76   107     7     7     4    -1     0.00000000
   0.060    76   108     7     5     3     1    -0.00000000
   0.060    76   109     7     5     4    -1     0.00000000
   0.060    76   110     7     3     3     1    -0.00000000
   0.060    76   111     7     7     4     1    -0.00000000
   0.060    76   112     7     7     5    -1    -0.00000000
   0.060    76   113     7     5     4     1     0.00000000
   0.060    76   114     7     5     5    -1    -0.00000000
   0.060    76   115     7     7     5     1     0.00000000
   0.060    76   116     7     7     6    -1     0.00000000
   0.060    76   117     7     5     5     1     0.00000000
   0.060    76   118     7     7     6     1     0.00000000
   0.060    76   119     7     7     7    -1     0.00000000
   0.060    76   120     7     7     7     1     0.00000000
   0.060    77     1     0     0     0     1     0.00000000
   0.060    77     2     1     1     0     1    -0.00000000
   0.060    77     3     1     1     1    -1    -0.00000000
   0.060    77     4     1     1     1     1     0.00000000
   0.060    77     5     2     2     0     1     0.00000000
   0.060    77     6     2     2     1    -1     0.00000000
   0.060    77     7     2     0     0     1     0.00000000
   0.060    77     8     2     2     1     1     0.00000000
   0.060    77     9     2     2     2    -1     0.00000000
   0.060    77    10     2     2     2     1     0.00000000
   0.060    77    11     3     3     0     1    -0.00000000
   0.060    77    12     3     3     1    -1     0.00000000
   0.060    77    13     3     1     0     1     0.00000000
   0.060    77    14     3     1     1    -1    -0.00000000
   0.060    77    15     3     3     1     1    -0.00000000
   0.060    77    16     3     3     2    -1     0.00000000
   0.060    77    17     3     1     1     1     0.00000000
   0.060    77    18     3     3     2     1     0.00000000
   0.060    77    19     3     3     3    -1     0.00000000
   0.060    77    20     3     3     3     1    -0.00006613
   0.060    77    21     4     4     0     1     0.00000000
   0.060    77    22     4     4     1    -1     0.00000000
   0.060    77    23     4     2     0     1    -0.00000000
   0.060    77    24     4     2     1    -1    -0.00000000
   0.060    77    25     4     0     0     1    -0.00000000
   0.060    77    26     4     4     1     1     0.00000000
   0.060    77    27     4     4     2    -1     0.00000000
   0.060    77    28     4     2     1     1     0.00000000
   0.060    77    29     4     2     2    -1     0.00000000
   0.060    77    30     4     4     2     1    -0.00000000
   0.060    77    31     4     4     3    -1     0.00000000
   0.060    77    32     4     2     2     1    -0.00000000
   0.060    77    33     4     4     3     1     0.00000000
   0.060    77    34     4     4     4    -1    -0.00000000
   0.060    77    35     4     4     4     1    -0.00000000
   0.060    77    36     5     5     0     1     0.00000000
   0.060    77    37     5     5     1    -1    -0.00000000
   0.060    77    38     5     3     0     1     0.00000000
   0.060    77    39     5     3     1    -1     0.00000000
   0.060    77    40     5     1     0     1    -0.00000000
   0.060    77    41     5     1     1    -1    -0.00000000
   0.060    77    42     5     5     1     1     0.00000000
   0.060    77    43     5     5     2    -1    -0.00000000
   0.060    77    44     5     3     1     1     0.00000000
   0.060    77    45     5     3     2    -1    -0.00000000
   0.060    77    46     5     1     1     1     0.00000000
   0.060    77    47     5     5     2     1    -0.00000000
   0.060    77    48     5     5     3    -1    -0.00000000
   0.060    77    49     5     3     2     1     0.00000000
   0.060    77    50     5     3     3    -1     0.00000000
   0.060    77    51     5     5     3     1     0.01388269
   0.060    77    52     5     5     4    -1     0.00644382
   0.060    77    53     5     3     3     1     0.00000382
   0.060    77    54     5     5     4     1     0.00000000
   0.060    77    55     5     5     5    -1    -0.00000000
   0.060    77    56     5     5     5     1     0.00000000
   0.060    77    57     6     6     0     1     0.00000000
   0.060    77    58     6     6     1    -1    -0.00000000
   0.060    77    59     6     4     0     1    -0.00000000
   0.060    77    60     6     4     1    -1     0.00000000
   0.060    77    61     6     2     0     1    -0.00000000
   0.060    77    62     6     2     1    -1    -0.00000000
   0.060    77    63     6     0     0     1    -0.00000000
   0.060    77    64     6     6     1     1     0.00000000
   0.060    77    65     6     6     2    -1     0.00000000
   0.060    77    66     6     4     1     1     0.00000000
   0.060    77    67     6     4     2    -1     0.00000000
   0.060    77    68     6     2     1     1     0.00000000
   0.060    77    69     6     2     2    -1     0.00000000
   0.060    77    70     6     6     2     1    -0.00000000
   0.060    77    71     6     6     3    -1     0.00000000
   0.060    77    72     6     4     2     1    -0.00000000
   0.060    77    73     6     4     3    -1    -0.00000000
   0.060    77    74     6     2     2     1     0.00000000
   0.060    77    75     6     6     3     1     0.00000000
   0.060    77    76     6     6     4    -1    -0.00000000
   0.060    77    77     6     4     3     1    -0.00000000
   0.060    77    78     6     4     4    -1     0.00000000
   0.060    77    79     6     6     4     1     0.00000000
   0.060    77    80     6     6     5    -1    -0.00000000
   0.060    77    81     6     4     4     1    -0.00000000
   0.060    77    82     6     6     5     1    -0.00000000
   0.060    77    83     6     6     6    -1    -0.00000000
   0.060    77    84     6     6     6     1    -0.00000000
   0.060    77    85     7     7     0     1     0.00000000
   0.060    77    86     7     7     1    -1    -0.00000000
   0.060    77    87     7     5     0     1     0.00000000
   0.060    77    88     7     5     1    -1    -0.00000000
   0.060    77    89     7     3     0     1    -0.00000000
   0.060    77    90     7     3     1    -1    -0.00000000
   0.060    77    91     7     1     0     1     0.00000000
   0.060    77    92     7     1     1    -1     0.00000000
   0.060    77    93     7     7     1     1    -0.00000000
   0.060    77    94     7     7     2    -1    -0.00000000
   0.060    77    95     7     5     1     1     0.00000000
   0.060    77    96     7     5     2    -1    -0.00000000
   0.060    77    97     7     3     1     1     0.00000000
   0.060    77    98     7     3     2    -1    -0.00000000
   0.060    77    99     7     1     1     1    -0.00000000
   0.060    77   100     7     7     2     1     0.00000000
   0.060    77   101     7     7     3    -1     0.00000000
   0.060    77   102     7     5     2     1     0.00000000
   0.060    77   103     7     5     3    -1     0.00000000
   0.060    77   104     7     3     2     1     0.00000000
   0.060    77   105     7     3     3    -1    -0.00000000
   0.060    77   106     7     7     3     1    -0.86569774
   0.060    77   107     7     7     4    -1    -0.50033303
   0.060    77   108     7     5     3     1     0.00002524
   0.060    77   109     7     5     4    -1    -0.00008266
   0.060    77   110     7     3     3     1     0.00012828
   0.060    77   111     7     7     4     1    -0.00000000
   0.060    77   112     7     7     5    -1    -0.00000000
   0.060    77   113     7     5     4     1    -0.00000000
   0.060    77   114     7     5     5    -1     0.00000000
   0.060    77   115     7     7     5     1     0.00000000
   0.060    77   116     7     7     6    -1     0.00000000
   0.060    77   117     7     5     5     1     0.00000000
   0.060    77   118     7     7     6     1     0.00000000
   0.060    77   119     7     7     7    -1     0.00000000
   0.060    77   120     7     7     7     1     0.00000000
   0.060    78     1     0     0     0     1     0.00000000
   0.060    78     2     1     1     0     1    -0.00000000
   0.060    78     3     1     1     1    -1    -0.00000000
   0.060    78     4     1     1     1     1    -0.00000000
   0.060    78     5     2     2     0     1     0.00000000
   0.060    78     6     2     2     1    -1     0.00000000
   0.060    78     7     2     0     0     1    -0.00000000
   0.060    78     8     2     2     1     1     0.00000000
   0.060    78     9     2     2     2    -1     0.00000000
   0.060    78    10     2     2     2     1    -0.00000000
   0.060    78    11     3     3     0     1     0.00000000
   0.060    78    12     3     3     1    -1    -0.00000000
   0.060    78    13     3     1     0     1     0.00000000
   0.060    78    14     3     1     1    -1    -0.00000000
   0.060    78    15     3     3     1     1     0.00000000
   0.060    78    16     3     3     2    -1     0.00000000
   0.060    78    17     3     1     1     1    -0.00000000
   0.060    78    18     3     3     2     1     0.00000000
   0.060    78    19     3     3     3    -1    -0.00000000
   0.060    78    20     3     3     3     1    -0.00000000
   0.060    78    21     4     4     0     1    -0.00000000
   0.060    78    22     4     4     1    -1     0.00000000
   0.060    78    23     4     2     0     1    -0.00000000
   0.060    78    24     4     2     1    -1    -0.00000000
   0.060    78    25     4     0     0     1     0.00000000
   0.060    78    26     4     4     1     1     0.00000000
   0.060    78    27     4     4     2    -1    -0.00000000
   0.060    78    28     4     2     1     1     0.00000000
   0.060    78    29     4     2     2    -1    -0.00000000
   0.060    78    30     4     4     2     1     0.00000000
   0.060    78    31     4     4     3    -1    -0.00000000
   0.060    78    32     4     2     2     1     0.00000000
   0.060    78    33     4     4     3     1    -0.00000000
   0.060    78    34     4     4     4    -1    -0.00000000
   0.060    78    35     4     4     4     1    -0.00000000
   0.060    78    36     5     5     0     1    -0.00000000
   0.060    78    37     5     5     1    -1     0.00000000
   0.060    78    38     5     3     0     1    -0.00000000
   0.060    78    39     5     3     1    -1     0.00000000
   0.060    78    40     5     1     0     1    -0.00000000
   0.060    78    41     5     1     1    -1    -0.00000000
   0.060    78    42     5     5     1     1     0.00000000
   0.060    78    43     5     5     2    -1     0.00000000
   0.060    78    44     5     3     1     1     0.00000000
   0.060    78    45     5     3     2    -1    -0.00000000
   0.060    78    46     5     1     1     1    -0.00000000
   0.060    78    47     5     5     2     1    -0.00000000
   0.060    78    48     5     5     3    -1     0.00000000
   0.060    78    49     5     3     2     1     0.00000000
   0.060    78    50     5     3     3    -1     0.00000000
   0.060    78    51     5     5     3     1    -0.00000000
   0.060    78    52     5     5     4    -1     0.00000000
   0.060    78    53     5     3     3     1    -0.00000000
   0.060    78    54     5     5     4     1     0.00000000
   0.060    78    55     5     5     5    -1    -0.00000000
   0.060    78    56     5     5     5     1     0.00000000
   0.060    78    57     6     6     0     1     0.00000000
   0.060    78    58     6     6     1    -1    -0.00000000
   0.060    78    59     6     4     0     1    -0.00000000
   0.060    78    60     6     4     1    -1    -0.00000000
   0.060    78    61     6     2     0     1    -0.00000000
   0.060    78    62     6     2     1    -1    -0.00000000
   0.060    78    63     6     0     0     1     0.00000000
   0.060    78    64     6     6     1     1    -0.00000000
   0.060    78    65     6     6     2    -1     0.00000000
   0.060    78    66     6     4     1     1     0.00000000
   0.060    78    67     6     4     2    -1     0.00000000
   0.060    78    68     6     2     1     1    -0.00000000
   0.060    78    69     6     2     2    -1    -0.00000000
   0.060    78    70     6     6     2     1    -0.00000000
   0.060    78    71     6     6     3    -1     0.00000000
   0.060    78    72     6     4     2     1    -0.00000000
   0.060    78    73     6     4     3    -1     0.00000000
   0.060    78    74     6     2     2     1     0.00000000
   0.060    78    75     6     6     3     1     0.00000000
   0.060    78    76     6     6     4    -1    -0.00000000
   0.060    78    77     6     4     3     1    -0.00000000
   0.060    78    78     6     4     4    -1    -0.00000000
   0.060    78    79     6     6     4     1     0.00000000
   0.060    78    80     6     6     5    -1     0.00000000
   0.060    78    81     6     4     4     1    -0.00000000
   0.060    78    82     6     6     5     1    -0.25537501
   0.060    78    83     6     6     6    -1     0.96684208
   0.060    78    84     6     6     6     1     0.00000000
   0.060    78    85     7     7     0     1     0.00000000
   0.060    78    86     7     7     1    -1     0.00000000
   0.060    78    87     7     5     0     1     0.00000000
   0.060    78    88     7     5     1    -1     0.00000000
   0.060    78    89     7     3     0     1     0.00000000
   0.060    78    90     7     3     1    -1     0.00000000
   0.060    78    91     7     1     0     1     0.00000000
   0.060    78    92     7     1     1    -1     0.00000000
   0.060    78    93     7     7     1     1    -0.00000000
   0.060    78    94     7     7     2    -1    -0.00000000
   0.060    78    95     7     5     1     1     0.00000000
   0.060    78    96     7     5     2    -1     0.00000000
   0.060    78    97     7     3     1     1     0.00000000
   0.060    78    98     7     3     2    -1    -0.00000000
   0.060    78    99     7     1     1     1     0.00000000
   0.060    78   100     7     7     2     1     0.00000000
   0.060    78   101     7     7     3    -1    -0.00000000
   0.060    78   102     7     5     2     1     0.00000000
   0.060    78   103     7     5     3    -1    -0.00000000
   0.060    78   104     7     3     2     1    -0.00000000
   0.060    78   105     7     3     3    -1    -0.00000000
   0.060    78   106     7     7     3     1    -0.00000000
   0.060    78   107     7     7     4    -1     0.00000000
   0.060    78   108     7     5     3     1    -0.00000000
   0.060    78   109     7     5     4    -1    -0.00000000
   0.060    78   110     7     3     3     1     0.00000000
   0.060    78   111     7     7     4     1    -0.00000000
   0.060    78   112     7     7     5    -1     0.00000000
   0.060    78   113     7     5     4     1    -0.00000000
   0.060    78   114     7     5     5    -1     0.00000000
   0.060    78   115     7     7     5     1     0.00000000
   0.060    78   116     7     7     6    -1     0.00000000
   0.060    78   117     7     5     5     1     0.00000000
   0.060    78   118     7     7     6     1     0.00000000
   0.060    78   119     7     7     7    -1     0.00000000
   0.060    78   120     7     7     7     1     0.00000000
   0.060    79     1     0     0     0     1    -0.00000000
   0.060    79     2     1     1     0     1    -0.00000000
   0.060    79     3     1     1     1    -1     0.00000000
   0.060    79     4     1     1     1     1    -0.00000000
   0.060    79     5     2     2     0     1    -0.00000000
   0.060    79     6     2     2     1    -1     0.00000000
   0.060    79     7     2     0     0     1     0.00000000
   0.060    79     8     2     2     1     1    -0.00000000
   0.060    79     9     2     2     2    -1    -0.00000000
   0.060    79    10     2     2     2     1    -0.00000000
   0.060    79    11     3     3     0     1    -0.00000000
   0.060    79    12     3     3     1    -1    -0.00000000
   0.060    79    13     3     1     0     1     0.00000000
   0.060    79    14     3     1     1    -1    -0.00000000
   0.060    79    15     3     3     1     1     0.00000000
   0.060    79    16     3     3     2    -1     0.00000000
   0.060    79    17     3     1     1     1     0.00000000
   0.060    79    18     3     3     2     1    -0.00000000
   0.060    79    19     3     3     3    -1    -0.00000000
   0.060    79    20     3     3     3     1     0.00000000
   0.060    79    21     4     4     0     1    -0.00000000
   0.060    79    22     4     4     1    -1    -0.00000000
   0.060    79    23     4     2     0     1    -0.00000000
   0.060    79    24     4     2     1    -1     0.00000000
   0.060    79    25     4     0     0     1    -0.00000000
   0.060    79    26     4     4     1     1     0.00000000
   0.060    79    27     4     4     2    -1     0.00000000
   0.060    79    28     4     2     1     1    -0.00000000
   0.060    79    29     4     2     2    -1     0.00000000
   0.060    79    30     4     4     2     1    -0.00000000
   0.060    79    31     4     4     3    -1     0.00000000
   0.060    79    32     4     2     2     1     0.00000000
   0.060    79    33     4     4     3     1     0.00000000
   0.060    79    34     4     4     4    -1     0.00000000
   0.060    79    35     4     4     4     1     0.00000000
   0.060    79    36     5     5     0     1     0.00000000
   0.060    79    37     5     5     1    -1    -0.00000000
   0.060    79    38     5     3     0     1     0.00000000
   0.060    79    39     5     3     1    -1    -0.00000000
   0.060    79    40     5     1     0     1     0.00000000
   0.060    79    41     5     1     1    -1    -0.00000000
   0.060    79    42     5     5     1     1     0.00000000
   0.060    79    43     5     5     2    -1    -0.00000000
   0.060    79    44     5     3     1     1    -0.00000000
   0.060    79    45     5     3     2    -1    -0.00000000
   0.060    79    46     5     1     1     1     0.00000000
   0.060    79    47     5     5     2     1    -0.00000000
   0.060    79    48     5     5     3    -1     0.00000000
   0.060    79    49     5     3     2     1    -0.00000000
   0.060    79    50     5     3     3    -1    -0.00000000
   0.060    79    51     5     5     3     1    -0.00000000
   0.060    79    52     5     5     4    -1     0.00000000
   0.060    79    53     5     3     3     1    -0.00000000
   0.060    79    54     5     5     4     1     0.01144148
   0.060    79    55     5     5     5    -1     0.00354680
   0.060    79    56     5     5     5     1     0.00000000
   0.060    79    57     6     6     0     1    -0.00000000
   0.060    79    58     6     6     1    -1    -0.00000000
   0.060    79    59     6     4     0     1    -0.00000000
   0.060    79    60     6     4     1    -1    -0.00000000
   0.060    79    61     6     2     0     1    -0.00000000
   0.060    79    62     6     2     1    -1     0.00000000
   0.060    79    63     6     0     0     1    -0.00000000
   0.060    79    64     6     6     1     1     0.00000000
   0.060    79    65     6     6     2    -1     0.00000000
   0.060    79    66     6     4     1     1     0.00000000
   0.060    79    67     6     4     2    -1     0.00000000
   0.060    79    68     6     2     1     1    -0.00000000
   0.060    79    69     6     2     2    -1    -0.00000000
   0.060    79    70     6     6     2     1    -0.00000000
   0.060    79    71     6     6     3    -1    -0.00000000
   0.060    79    72     6     4     2     1     0.00000000
   0.060    79    73     6     4     3    -1     0.00000000
   0.060    79    74     6     2     2     1    -0.00000000
   0.060    79    75     6     6     3     1     0.00000000
   0.060    79    76     6     6     4    -1    -0.00000000
   0.060    79    77     6     4     3     1    -0.00000000
   0.060    79    78     6     4     4    -1    -0.00000000
   0.060    79    79     6     6     4     1     0.00000000
   0.060    79    80     6     6     5    -1     0.00000000
   0.060    79    81     6     4     4     1    -0.00000000
   0.060    79    82     6     6     5     1    -0.00000000
   0.060    79    83     6     6     6    -1     0.00000000
   0.060    79    84     6     6     6     1     0.00000000
   0.060    79    85     7     7     0     1    -0.00000000
   0.060    79    86     7     7     1    -1     0.00000000
   0.060    79    87     7     5     0     1    -0.00000000
   0.060    79    88     7     5     1    -1     0.00000000
   0.060    79    89     7     3     0     1     0.00000000
   0.060    79    90     7     3     1    -1     0.00000000
   0.060    79    91     7     1     0     1     0.00000000
   0.060    79    92     7     1     1    -1    -0.00000000
   0.060    79    93     7     7     1     1    -0.00000000
   0.060    79    94     7     7     2    -1     0.00000000
   0.060    79    95     7     5     1     1    -0.00000000
   0.060    79    96     7     5     2    -1     0.00000000
   0.060    79    97     7     3     1     1     0.00000000
   0.060    79    98     7     3     2    -1    -0.00000000
   0.060    79    99     7     1     1     1    -0.00000000
   0.060    79   100     7     7     2     1     0.00000000
   0.060    79   101     7     7     3    -1    -0.00000000
   0.060    79   102     7     5     2     1     0.00000000
   0.060    79   103     7     5     3    -1     0.00000000
   0.060    79   104     7     3     2     1    -0.00000000
   0.060    79   105     7     3     3    -1     0.00000000
   0.060    79   106     7     7     3     1    -0.00000000
   0.060    79   107     7     7     4    -1     0.00000000
   0.060    79   108     7     5     3     1    -0.00000000
   0.060    79   109     7     5     4    -1    -0.00000000
   0.060    79   110     7     3     3     1    -0.00000000
   0.060    79   111     7     7     4     1    -0.90371091
   0.060    79   112     7     7     5    -1    -0.42797547
   0.060    79   113     7     5     4     1    -0.00027888
   0.060    79   114     7     5     5    -1    -0.00014599
   0.060    79   115     7     7     5     1     0.00000000
   0.060    79   116     7     7     6    -1     0.00000000
   0.060    79   117     7     5     5     1     0.00000000
   0.060    79   118     7     7     6     1     0.00000000
   0.060    79   119     7     7     7    -1     0.00000000
   0.060    79   120     7     7     7     1     0.00000000
   0.060    80     1     0     0     0     1     0.00000000
   0.060    80     2     1     1     0     1     0.00000000
   0.060    80     3     1     1     1    -1     0.00000000
   0.060    80     4     1     1     1     1     0.00000000
   0.060    80     5     2     2     0     1     0.00000000
   0.060    80     6     2     2     1    -1     0.00000000
   0.060    80     7     2     0     0     1     0.00000000
   0.060    80     8     2     2     1     1     0.00000000
   0.060    80     9     2     2     2    -1     0.00000000
   0.060    80    10     2     2     2     1     0.00000000
   0.060    80    11     3     3     0     1     0.00000000
   0.060    80    12     3     3     1    -1     0.00000000
   0.060    80    13     3     1     0     1     0.00000000
   0.060    80    14     3     1     1    -1     0.00000000
   0.060    80    15     3     3     1     1     0.00000000
   0.060    80    16     3     3     2    -1     0.00000000
   0.060    80    17     3     1     1     1     0.00000000
   0.060    80    18     3     3     2     1     0.00000000
   0.060    80    19     3     3     3    -1     0.00000000
   0.060    80    20     3     3     3     1     0.00000000
   0.060    80    21     4     4     0     1     0.00000000
   0.060    80    22     4     4     1    -1     0.00000000
   0.060    80    23     4     2     0     1     0.00000000
   0.060    80    24     4     2     1    -1     0.00000000
   0.060    80    25     4     0     0     1     0.00000000
   0.060    80    26     4     4     1     1     0.00000000
   0.060    80    27     4     4     2    -1     0.00000000
   0.060    80    28     4     2     1     1     0.00000000
   0.060    80    29     4     2     2    -1     0.00000000
   0.060    80    30     4     4     2     1     0.00000000
   0.060    80    31     4     4     3    -1     0.00000000
   0.060    80    32     4     2     2     1     0.00000000
   0.060    80    33     4     4     3     1     0.00000000
   0.060    80    34     4     4     4    -1     0.00000000
   0.060    80    35     4     4     4     1     0.00000000
   0.060    80    36     5     5     0     1     0.00000000
   0.060    80    37     5     5     1    -1     0.00000000
   0.060    80    38     5     3     0     1     0.00000000
   0.060    80    39     5     3     1    -1     0.00000000
   0.060    80    40     5     1     0     1     0.00000000
   0.060    80    41     5     1     1    -1     0.00000000
   0.060    80    42     5     5     1     1     0.00000000
   0.060    80    43     5     5     2    -1     0.00000000
   0.060    80    44     5     3     1     1     0.00000000
   0.060    80    45     5     3     2    -1     0.00000000
   0.060    80    46     5     1     1     1     0.00000000
   0.060    80    47     5     5     2     1     0.00000000
   0.060    80    48     5     5     3    -1     0.00000000
   0.060    80    49     5     3     2     1     0.00000000
   0.060    80    50     5     3     3    -1     0.00000000
   0.060    80    51     5     5     3     1     0.00000000
   0.060    80    52     5     5     4    -1     0.00000000
   0.060    80    53     5     3     3     1     0.00000000
   0.060    80    54     5     5     4     1     0.00000000
   0.060    80    55     5     5     5    -1     0.00000000
   0.060    80    56     5     5     5     1     0.00761000
   0.060    80    57     6     6     0     1     0.00000000
   0.060    80    58     6     6     1    -1     0.00000000
   0.060    80    59     6     4     0     1     0.00000000
   0.060    80    60     6     4     1    -1     0.00000000
   0.060    80    61     6     2     0     1     0.00000000
   0.060    80    62     6     2     1    -1     0.00000000
   0.060    80    63     6     0     0     1     0.00000000
   0.060    80    64     6     6     1     1     0.00000000
   0.060    80    65     6     6     2    -1     0.00000000
   0.060    80    66     6     4     1     1     0.00000000
   0.060    80    67     6     4     2    -1     0.00000000
   0.060    80    68     6     2     1     1     0.00000000
   0.060    80    69     6     2     2    -1     0.00000000
   0.060    80    70     6     6     2     1     0.00000000
   0.060    80    71     6     6     3    -1     0.00000000
   0.060    80    72     6     4     2     1     0.00000000
   0.060    80    73     6     4     3    -1     0.00000000
   0.060    80    74     6     2     2     1     0.00000000
   0.060    80    75     6     6     3     1     0.00000000
   0.060    80    76     6     6     4    -1     0.00000000
   0.060    80    77     6     4     3     1     0.00000000
   0.060    80    78     6     4     4    -1     0.00000000
   0.060    80    79     6     6     4     1     0.00000000
   0.060    80    80     6     6     5    -1     0.00000000
   0.060    80    81     6     4     4     1     0.00000000
   0.060    80    82     6     6     5     1     0.00000000
   0.060    80    83     6     6     6    -1     0.00000000
   0.060    80    84     6     6     6     1     0.00000000
   0.060    80    85     7     7     0     1     0.00000000
   0.060    80    86     7     7     1    -1     0.00000000
   0.060    80    87     7     5     0     1     0.00000000
   0.060    80    88     7     5     1    -1     0.00000000
   0.060    80    89     7     3     0     1     0.00000000
   0.060    80    90     7     3     1    -1     0.00000000
   0.060    80    91     7     1     0     1     0.00000000
   0.060    80    92     7     1     1    -1     0.00000000
   0.060    80    93     7     7     1     1     0.00000000
   0.060    80    94     7     7     2    -1     0.00000000
   0.060    80    95     7     5     1     1     0.00000000
   0.060    80    96     7     5     2    -1     0.00000000
   0.060    80    97     7     3     1     1     0.00000000
   0.060    80    98     7     3     2    -1     0.00000000
   0.060    80    99     7     1     1     1     0.00000000
   0.060    80   100     7     7     2     1     0.00000000
   0.060    80   101     7     7     3    -1     0.00000000
   0.060    80   102     7     5     2     1     0.00000000
   0.060    80   103     7     5     3    -1     0.00000000
   0.060    80   104     7     3     2     1     0.00000000
   0.060    80   105     7     3     3    -1     0.00000000
   0.060    80   106     7     7     3     1     0.00000000
   0.060    80   107     7     7     4    -1     0.00000000
   0.060    80   108     7     5     3     1     0.00000000
   0.060    80   109     7     5     4    -1     0.00000000
   0.060    80   110     7     3     3     1     0.00000000
   0.060    80   111     7     7     4     1     0.00000000
   0.060    80   112     7     7     5    -1     0.00000000
   0.060    80   113     7     5     4     1     0.00000000
   0.060    80   114     7     5     5    -1     0.00000000
   0.060    80   115     7     7     5     1    -0.93868496
   0.060    80   116     7     7     6    -1    -0.34469184
   0.060    80   117     7     5     5     1    -0.00041743
   0.060    80   118     7     7     6     1     0.00000000
   0.060    80   119     7     7     7    -1     0.00000000
   0.060    80   120     7     7     7     1     0.00000000
   0.060    81     1     0     0     0     1     0.00000000
   0.060    81     2     1     1     0     1     0.00000000
   0.060    81     3     1     1     1    -1     0.00000000
   0.060    81     4     1     1     1     1     0.00000000
   0.060    81     5     2     2     0     1     0.00000000
   0.060    81     6     2     2     1    -1     0.00000000
   0.060    81     7     2     0     0     1     0.00000000
   0.060    81     8     2     2     1     1     0.00000000
   0.060    81     9     2     2     2    -1     0.00000000
   0.060    81    10     2     2     2     1     0.00000000
   0.060    81    11     3     3     0     1     0.00000000
   0.060    81    12     3     3     1    -1     0.00000000
   0.060    81    13     3     1     0     1     0.00000000
   0.060    81    14     3     1     1    -1     0.00000000
   0.060    81    15     3     3     1     1     0.00000000
   0.060    81    16     3     3     2    -1     0.00000000
   0.060    81    17     3     1     1     1     0.00000000
   0.060    81    18     3     3     2     1     0.00000000
   0.060    81    19     3     3     3    -1     0.00000000
   0.060    81    20     3     3     3     1     0.00000000
   0.060    81    21     4     4     0     1     0.00000000
   0.060    81    22     4     4     1    -1     0.00000000
   0.060    81    23     4     2     0     1     0.00000000
   0.060    81    24     4     2     1    -1     0.00000000
   0.060    81    25     4     0     0     1     0.00000000
   0.060    81    26     4     4     1     1     0.00000000
   0.060    81    27     4     4     2    -1     0.00000000
   0.060    81    28     4     2     1     1     0.00000000
   0.060    81    29     4     2     2    -1     0.00000000
   0.060    81    30     4     4     2     1     0.00000000
   0.060    81    31     4     4     3    -1     0.00000000
   0.060    81    32     4     2     2     1     0.00000000
   0.060    81    33     4     4     3     1     0.00000000
   0.060    81    34     4     4     4    -1     0.00000000
   0.060    81    35     4     4     4     1     0.00000000
   0.060    81    36     5     5     0     1     0.00000000
   0.060    81    37     5     5     1    -1     0.00000000
   0.060    81    38     5     3     0     1     0.00000000
   0.060    81    39     5     3     1    -1     0.00000000
   0.060    81    40     5     1     0     1     0.00000000
   0.060    81    41     5     1     1    -1     0.00000000
   0.060    81    42     5     5     1     1     0.00000000
   0.060    81    43     5     5     2    -1     0.00000000
   0.060    81    44     5     3     1     1     0.00000000
   0.060    81    45     5     3     2    -1     0.00000000
   0.060    81    46     5     1     1     1     0.00000000
   0.060    81    47     5     5     2     1     0.00000000
   0.060    81    48     5     5     3    -1     0.00000000
   0.060    81    49     5     3     2     1     0.00000000
   0.060    81    50     5     3     3    -1     0.00000000
   0.060    81    51     5     5     3     1     0.00000000
   0.060    81    52     5     5     4    -1     0.00000000
   0.060    81    53     5     3     3     1     0.00000000
   0.060    81    54     5     5     4     1     0.00000000
   0.060    81    55     5     5     5    -1     0.00000000
   0.060    81    56     5     5     5     1     0.00000000
   0.060    81    57     6     6     0     1     0.00000000
   0.060    81    58     6     6     1    -1     0.00000000
   0.060    81    59     6     4     0     1     0.00000000
   0.060    81    60     6     4     1    -1     0.00000000
   0.060    81    61     6     2     0     1     0.00000000
   0.060    81    62     6     2     1    -1     0.00000000
   0.060    81    63     6     0     0     1     0.00000000
   0.060    81    64     6     6     1     1     0.00000000
   0.060    81    65     6     6     2    -1     0.00000000
   0.060    81    66     6     4     1     1     0.00000000
   0.060    81    67     6     4     2    -1     0.00000000
   0.060    81    68     6     2     1     1     0.00000000
   0.060    81    69     6     2     2    -1     0.00000000
   0.060    81    70     6     6     2     1     0.00000000
   0.060    81    71     6     6     3    -1     0.00000000
   0.060    81    72     6     4     2     1     0.00000000
   0.060    81    73     6     4     3    -1     0.00000000
   0.060    81    74     6     2     2     1     0.00000000
   0.060    81    75     6     6     3     1     0.00000000
   0.060    81    76     6     6     4    -1     0.00000000
   0.060    81    77     6     4     3     1     0.00000000
   0.060    81    78     6     4     4    -1     0.00000000
   0.060    81    79     6     6     4     1     0.00000000
   0.060    81    80     6     6     5    -1     0.00000000
   0.060    81    81     6     4     4     1     0.00000000
   0.060    81    82     6     6     5     1     0.00000000
   0.060    81    83     6     6     6    -1     0.00000000
   0.060    81    84     6     6     6     1     0.00000000
   0.060    81    85     7     7     0     1     0.00000000
   0.060    81    86     7     7     1    -1     0.00000000
   0.060    81    87     7     5     0     1     0.00000000
   0.060    81    88     7     5     1    -1     0.00000000
   0.060    81    89     7     3     0     1     0.00000000
   0.060    81    90     7     3     1    -1     0.00000000
   0.060    81    91     7     1     0     1     0.00000000
   0.060    81    92     7     1     1    -1     0.00000000
   0.060    81    93     7     7     1     1     0.00000000
   0.060    81    94     7     7     2    -1     0.00000000
   0.060    81    95     7     5     1     1     0.00000000
   0.060    81    96     7     5     2    -1     0.00000000
   0.060    81    97     7     3     1     1     0.00000000
   0.060    81    98     7     3     2    -1     0.00000000
   0.060    81    99     7     1     1     1     0.00000000
   0.060    81   100     7     7     2     1     0.00000000
   0.060    81   101     7     7     3    -1     0.00000000
   0.060    81   102     7     5     2     1     0.00000000
   0.060    81   103     7     5     3    -1     0.00000000
   0.060    81   104     7     3     2     1     0.00000000
   0.060    81   105     7     3     3    -1     0.00000000
   0.060    81   106     7     7     3     1     0.00000000
   0.060    81   107     7     7     4    -1     0.00000000
   0.060    81   108     7     5     3     1     0.00000000
   0.060    81   109     7     5     4    -1     0.00000000
   0.060    81   110     7     3     3     1     0.00000000
   0.060    81   111     7     7     4     1     0.00000000
   0.060    81   112     7     7     5    -1     0.00000000
   0.060    81   113     7     5     4     1     0.00000000
   0.060    81   114     7     5     5    -1     0.00000000
   0.060    81   115     7     7     5     1     0.00000000
   0.060    81   116     7     7     6    -1     0.00000000
   0.060    81   117     7     5     5     1     0.00000000
   0.060    81   118     7     7     6     1    -0.97073962
   0.060    81   119     7     7     7    -1    -0.24013453
   0.060    81   120     7     7     7     1    -0.00000000
   0.060    82     1     0     0     0     1     0.00000000
   0.060    82     2     1     1     0     1     0.00000000
   0.060    82     3     1     1     1    -1     0.00000000
   0.060    82     4     1     1     1     1     0.00000000
   0.060    82     5     2     2     0     1     0.00000000
   0.060    82     6     2     2     1    -1     0.00000000
   0.060    82     7     2     0     0     1     0.00000000
   0.060    82     8     2     2     1     1     0.00000000
   0.060    82     9     2     2     2    -1     0.00000000
   0.060    82    10     2     2     2     1     0.00000000
   0.060    82    11     3     3     0     1     0.00000000
   0.060    82    12     3     3     1    -1     0.00000000
   0.060    82    13     3     1     0     1     0.00000000
   0.060    82    14     3     1     1    -1     0.00000000
   0.060    82    15     3     3     1     1     0.00000000
   0.060    82    16     3     3     2    -1     0.00000000
   0.060    82    17     3     1     1     1     0.00000000
   0.060    82    18     3     3     2     1     0.00000000
   0.060    82    19     3     3     3    -1     0.00000000
   0.060    82    20     3     3     3     1     0.00000000
   0.060    82    21     4     4     0     1     0.00000000
   0.060    82    22     4     4     1    -1     0.00000000
   0.060    82    23     4     2     0     1     0.00000000
   0.060    82    24     4     2     1    -1     0.00000000
   0.060    82    25     4     0     0     1     0.00000000
   0.060    82    26     4     4     1     1     0.00000000
   0.060    82    27     4     4     2    -1     0.00000000
   0.060    82    28     4     2     1     1     0.00000000
   0.060    82    29     4     2     2    -1     0.00000000
   0.060    82    30     4     4     2     1     0.00000000
   0.060    82    31     4     4     3    -1     0.00000000
   0.060    82    32     4     2     2     1     0.00000000
   0.060    82    33     4     4     3     1     0.00000000
   0.060    82    34     4     4     4    -1     0.00000000
   0.060    82    35     4     4     4     1     0.00000000
   0.060    82    36     5     5     0     1     0.00000000
   0.060    82    37     5     5     1    -1     0.00000000
   0.060    82    38     5     3     0     1     0.00000000
   0.060    82    39     5     3     1    -1     0.00000000
   0.060    82    40     5     1     0     1     0.00000000
   0.060    82    41     5     1     1    -1     0.00000000
   0.060    82    42     5     5     1     1     0.00000000
   0.060    82    43     5     5     2    -1     0.00000000
   0.060    82    44     5     3     1     1     0.00000000
   0.060    82    45     5     3     2    -1     0.00000000
   0.060    82    46     5     1     1     1     0.00000000
   0.060    82    47     5     5     2     1     0.00000000
   0.060    82    48     5     5     3    -1     0.00000000
   0.060    82    49     5     3     2     1     0.00000000
   0.060    82    50     5     3     3    -1     0.00000000
   0.060    82    51     5     5     3     1     0.00000000
   0.060    82    52     5     5     4    -1     0.00000000
   0.060    82    53     5     3     3     1     0.00000000
   0.060    82    54     5     5     4     1     0.00000000
   0.060    82    55     5     5     5    -1     0.00000000
   0.060    82    56     5     5     5     1     0.00000000
   0.060    82    57     6     6     0     1     0.00000000
   0.060    82    58     6     6     1    -1     0.00000000
   0.060    82    59     6     4     0     1     0.00000000
   0.060    82    60     6     4     1    -1     0.00000000
   0.060    82    61     6     2     0     1     0.00000000
   0.060    82    62     6     2     1    -1     0.00000000
   0.060    82    63     6     0     0     1     0.00000000
   0.060    82    64     6     6     1     1     0.00000000
   0.060    82    65     6     6     2    -1     0.00000000
   0.060    82    66     6     4     1     1     0.00000000
   0.060    82    67     6     4     2    -1     0.00000000
   0.060    82    68     6     2     1     1     0.00000000
   0.060    82    69     6     2     2    -1     0.00000000
   0.060    82    70     6     6     2     1     0.00000000
   0.060    82    71     6     6     3    -1     0.00000000
   0.060    82    72     6     4     2     1     0.00000000
   0.060    82    73     6     4     3    -1     0.00000000
   0.060    82    74     6     2     2     1     0.00000000
   0.060    82    75     6     6     3     1     0.00000000
   0.060    82    76     6     6     4    -1     0.00000000
   0.060    82    77     6     4     3     1     0.00000000
   0.060    82    78     6     4     4    -1     0.00000000
   0.060    82    79     6     6     4     1     0.00000000
   0.060    82    80     6     6     5    -1     0.00000000
   0.060    82    81     6     4     4     1     0.00000000
   0.060    82    82     6     6     5     1     0.00000000
   0.060    82    83     6     6     6    -1     0.00000000
   0.060    82    84     6     6     6     1     0.00000000
   0.060    82    85     7     7     0     1     0.00000000
   0.060    82    86     7     7     1    -1     0.00000000
   0.060    82    87     7     5     0     1     0.00000000
   0.060    82    88     7     5     1    -1     0.00000000
   0.060    82    89     7     3     0     1     0.00000000
   0.060    82    90     7     3     1    -1     0.00000000
   0.060    82    91     7     1     0     1     0.00000000
   0.060    82    92     7     1     1    -1     0.00000000
   0.060    82    93     7     7     1     1     0.00000000
   0.060    82    94     7     7     2    -1     0.00000000
   0.060    82    95     7     5     1     1     0.00000000
   0.060    82    96     7     5     2    -1     0.00000000
   0.060    82    97     7     3     1     1     0.00000000
   0.060    82    98     7     3     2    -1     0.00000000
   0.060    82    99     7     1     1     1     0.00000000
   0.060    82   100     7     7     2     1     0.00000000
   0.060    82   101     7     7     3    -1     0.00000000
   0.060    82   102     7     5     2     1     0.00000000
   0.060    82   103     7     5     3    -1     0.00000000
   0.060    82   104     7     3     2     1     0.00000000
   0.060    82   105     7     3     3    -1     0.00000000
   0.060    82   106     7     7     3     1     0.00000000
   0.060    82   107     7     7     4    -1     0.00000000
   0.060    82   108     7     5     3     1     0.00000000
   0.060    82   109     7     5     4    -1     0.00000000
   0.060    82   110     7     3     3     1     0.00000000
   0.060    82   111     7     7     4     1     0.00000000
   0.060    82   112     7     7     5    -1     0.00000000
   0.060    82   113     7     5     4     1     0.00000000
   0.060    82   114     7     5     5    -1     0.00000000
   0.060    82   115     7     7     5     1     0.00000000
   0.060    82   116     7     7     6    -1     0.00000000
   0.060    82   117     7     5     5     1     0.00000000
   0.060    82   118     7     7     6     1     0.00000000
   0.060    82   119     7     7     7    -1     0.00000000
   0.060    82   120     7     7     7     1     1.00000000
   0.060    83     1     0     0     0     1    -0.00000113
   0.060    83     2     1     1     0     1    -0.00000000
   0.060    83     3     1     1     1    -1     0.00000000
   0.060    83     4     1     1     1     1    -0.00000000
   0.060    83     5     2     2     0     1     0.00032345
   0.060    83     6     2     2     1    -1     0.00002884
   0.060    83     7     2     0     0     1     0.00015907
   0.060    83     8     2     2     1     1     0.00000000
   0.060    83     9     2     2     2    -1     0.00000000
   0.060    83    10     2     2     2     1    -0.00000000
   0.060    83    11     3     3     0     1     0.00000000
   0.060    83    12     3     3     1    -1    -0.00000000
   0.060    83    13     3     1     0     1     0.00000000
   0.060    83    14     3     1     1    -1    -0.00000000
   0.060    83    15     3     3     1     1     0.00000000
   0.060    83    16     3     3     2    -1     0.00000000
   0.060    83    17     3     1     1     1    -0.00000000
   0.060    83    18     3     3     2     1    -0.00000000
   0.060    83    19     3     3     3    -1     0.00000000
   0.060    83    20     3     3     3     1    -0.00000000
   0.060    83    21     4     4     0     1    -0.00754436
   0.060    83    22     4     4     1    -1    -0.00457161
   0.060    83    23     4     2     0     1    -0.01435931
   0.060    83    24     4     2     1    -1    -0.00462854
   0.060    83    25     4     0     0     1    -0.02896358
   0.060    83    26     4     4     1     1    -0.00000000
   0.060    83    27     4     4     2    -1     0.00000000
   0.060    83    28     4     2     1     1    -0.00000000
   0.060    83    29     4     2     2    -1     0.00000000
   0.060    83    30     4     4     2     1     0.00000000
   0.060    83    31     4     4     3    -1    -0.00000000
   0.060    83    32     4     2     2     1    -0.00000000
   0.060    83    33     4     4     3     1    -0.00000000
   0.060    83    34     4     4     4    -1    -0.00000000
   0.060    83    35     4     4     4     1    -0.00000000
   0.060    83    36     5     5     0     1    -0.00000000
   0.060    83    37     5     5     1    -1     0.00000000
   0.060    83    38     5     3     0     1     0.00000000
   0.060    83    39     5     3     1    -1    -0.00000000
   0.060    83    40     5     1     0     1     0.00000000
   0.060    83    41     5     1     1    -1     0.00000000
   0.060    83    42     5     5     1     1    -0.00000000
   0.060    83    43     5     5     2    -1    -0.00000000
   0.060    83    44     5     3     1     1     0.00000000
   0.060    83    45     5     3     2    -1     0.00000000
   0.060    83    46     5     1     1     1     0.00000000
   0.060    83    47     5     5     2     1     0.00000000
   0.060    83    48     5     5     3    -1    -0.00000000
   0.060    83    49     5     3     2     1    -0.00000000
   0.060    83    50     5     3     3    -1    -0.00000000
   0.060    83    51     5     5     3     1    -0.00000000
   0.060    83    52     5     5     4    -1    -0.00000000
   0.060    83    53     5     3     3     1    -0.00000000
   0.060    83    54     5     5     4     1    -0.00000000
   0.060    83    55     5     5     5    -1     0.00000000
   0.060    83    56     5     5     5     1     0.00000000
   0.060    83    57     6     6     0     1     0.00026238
   0.060    83    58     6     6     1    -1     0.00005347
   0.060    83    59     6     4     0     1    -0.00526072
   0.060    83    60     6     4     1    -1     0.00893727
   0.060    83    61     6     2     0     1     0.81975008
   0.060    83    62     6     2     1    -1     0.57162350
   0.060    83    63     6     0     0     1    -0.00207519
   0.060    83    64     6     6     1     1     0.00000000
   0.060    83    65     6     6     2    -1    -0.00000000
   0.060    83    66     6     4     1     1     0.00000000
   0.060    83    67     6     4     2    -1     0.00000000
   0.060    83    68     6     2     1     1    -0.00000000
   0.060    83    69     6     2     2    -1    -0.00000000
   0.060    83    70     6     6     2     1     0.00000000
   0.060    83    71     6     6     3    -1    -0.00000000
   0.060    83    72     6     4     2     1     0.00000000
   0.060    83    73     6     4     3    -1    -0.00000000
   0.060    83    74     6     2     2     1     0.00000000
   0.060    83    75     6     6     3     1     0.00000000
   0.060    83    76     6     6     4    -1    -0.00000000
   0.060    83    77     6     4     3     1    -0.00000000
   0.060    83    78     6     4     4    -1    -0.00000000
   0.060    83    79     6     6     4     1    -0.00000000
   0.060    83    80     6     6     5    -1    -0.00000000
   0.060    83    81     6     4     4     1    -0.00000000
   0.060    83    82     6     6     5     1    -0.00000000
   0.060    83    83     6     6     6    -1     0.00000000
   0.060    83    84     6     6     6     1    -0.00000000
   0.060    83    85     7     7     0     1    -0.00000000
   0.060    83    86     7     7     1    -1    -0.00000000
   0.060    83    87     7     5     0     1     0.00000000
   0.060    83    88     7     5     1    -1     0.00000000
   0.060    83    89     7     3     0     1    -0.00000000
   0.060    83    90     7     3     1    -1     0.00000000
   0.060    83    91     7     1     0     1    -0.00000000
   0.060    83    92     7     1     1    -1    -0.00000000
   0.060    83    93     7     7     1     1     0.00000000
   0.060    83    94     7     7     2    -1     0.00000000
   0.060    83    95     7     5     1     1    -0.00000000
   0.060    83    96     7     5     2    -1    -0.00000000
   0.060    83    97     7     3     1     1    -0.00000000
   0.060    83    98     7     3     2    -1    -0.00000000
   0.060    83    99     7     1     1     1     0.00000000
   0.060    83   100     7     7     2     1    -0.00000000
   0.060    83   101     7     7     3    -1     0.00000000
   0.060    83   102     7     5     2     1    -0.00000000
   0.060    83   103     7     5     3    -1    -0.00000000
   0.060    83   104     7     3     2     1    -0.00000000
   0.060    83   105     7     3     3    -1    -0.00000000
   0.060    83   106     7     7     3     1     0.00000000
   0.060    83   107     7     7     4    -1     0.00000000
   0.060    83   108     7     5     3     1    -0.00000000
   0.060    83   109     7     5     4    -1    -0.00000000
   0.060    83   110     7     3     3     1    -0.00000000
   0.060    83   111     7     7     4     1    -0.00000000
   0.060    83   112     7     7     5    -1     0.00000000
   0.060    83   113     7     5     4     1     0.00000000
   0.060    83   114     7     5     5    -1    -0.00000000
   0.060    83   115     7     7     5     1     0.00000000
   0.060    83   116     7     7     6    -1     0.00000000
   0.060    83   117     7     5     5     1     0.00000000
   0.060    83   118     7     7     6     1     0.00000000
   0.060    83   119     7     7     7    -1     0.00000000
   0.060    83   120     7     7     7     1     0.00000000
   0.060    84     1     0     0     0     1    -0.00000051
   0.060    84     2     1     1     0     1    -0.00000000
   0.060    84     3     1     1     1    -1     0.00000000
   0.060    84     4     1     1     1     1     0.00000000
   0.060    84     5     2     2     0     1     0.00014507
   0.060    84     6     2     2     1    -1    -0.00009982
   0.060    84     7     2     0     0     1     0.00017738
   0.060    84     8     2     2     1     1    -0.00000000
   0.060    84     9     2     2     2    -1    -0.00000000
   0.060    84    10     2     2     2     1    -0.00000000
   0.060    84    11     3     3     0     1     0.00000000
   0.060    84    12     3     3     1    -1    -0.00000000
   0.060    84    13     3     1     0     1    -0.00000000
   0.060    84    14     3     1     1    -1    -0.00000000
   0.060    84    15     3     3     1     1    -0.00000000
   0.060    84    16     3     3     2    -1    -0.00000000
   0.060    84    17     3     1     1     1     0.00000000
   0.060    84    18     3     3     2     1     0.00000000
   0.060    84    19     3     3     3    -1    -0.00000000
   0.060    84    20     3     3     3     1     0.00000000
   0.060    84    21     4     4     0     1    -0.00800840
   0.060    84    22     4     4     1    -1     0.00790843
   0.060    84    23     4     2     0     1    -0.01615566
   0.060    84    24     4     2     1    -1     0.01738245
   0.060    84    25     4     0     0     1    -0.00021805
   0.060    84    26     4     4     1     1    -0.00000000
   0.060    84    27     4     4     2    -1     0.00000000
   0.060    84    28     4     2     1     1     0.00000000
   0.060    84    29     4     2     2    -1     0.00000000
   0.060    84    30     4     4     2     1     0.00000000
   0.060    84    31     4     4     3    -1    -0.00000000
   0.060    84    32     4     2     2     1    -0.00000000
   0.060    84    33     4     4     3     1     0.00000000
   0.060    84    34     4     4     4    -1    -0.00000000
   0.060    84    35     4     4     4     1     0.00000000
   0.060    84    36     5     5     0     1    -0.00000000
   0.060    84    37     5     5     1    -1     0.00000000
   0.060    84    38     5     3     0     1     0.00000000
   0.060    84    39     5     3     1    -1     0.00000000
   0.060    84    40     5     1     0     1    -0.00000000
   0.060    84    41     5     1     1    -1    -0.00000000
   0.060    84    42     5     5     1     1     0.00000000
   0.060    84    43     5     5     2    -1     0.00000000
   0.060    84    44     5     3     1     1    -0.00000000
   0.060    84    45     5     3     2    -1    -0.00000000
   0.060    84    46     5     1     1     1    -0.00000000
   0.060    84    47     5     5     2     1    -0.00000000
   0.060    84    48     5     5     3    -1     0.00000000
   0.060    84    49     5     3     2     1     0.00000000
   0.060    84    50     5     3     3    -1     0.00000000
   0.060    84    51     5     5     3     1     0.00000000
   0.060    84    52     5     5     4    -1     0.00000000
   0.060    84    53     5     3     3     1    -0.00000000
   0.060    84    54     5     5     4     1    -0.00000000
   0.060    84    55     5     5     5    -1    -0.00000000
   0.060    84    56     5     5     5     1     0.00000000
   0.060    84    57     6     6     0     1     0.00052544
   0.060    84    58     6     6     1    -1    -0.00054417
   0.060    84    59     6     4     0     1     0.65694992
   0.060    84    60     6     4     1    -1    -0.75339718
   0.060    84    61     6     2     0     1     0.00623147
   0.060    84    62     6     2     1    -1     0.00856047
   0.060    84    63     6     0     0     1    -0.00262083
   0.060    84    64     6     6     1     1     0.00000000
   0.060    84    65     6     6     2    -1    -0.00000000
   0.060    84    66     6     4     1     1    -0.00000000
   0.060    84    67     6     4     2    -1     0.00000000
   0.060    84    68     6     2     1     1     0.00000000
   0.060    84    69     6     2     2    -1     0.00000000
   0.060    84    70     6     6     2     1    -0.00000000
   0.060    84    71     6     6     3    -1     0.00000000
   0.060    84    72     6     4     2     1     0.00000000
   0.060    84    73     6     4     3    -1    -0.00000000
   0.060    84    74     6     2     2     1    -0.00000000
   0.060    84    75     6     6     3     1     0.00000000
   0.060    84    76     6     6     4    -1    -0.00000000
   0.060    84    77     6     4     3     1     0.00000000
   0.060    84    78     6     4     4    -1     0.00000000
   0.060    84    79     6     6     4     1     0.00000000
   0.060    84    80     6     6     5    -1    -0.00000000
   0.060    84    81     6     4     4     1     0.00000000
   0.060    84    82     6     6     5     1     0.00000000
   0.060    84    83     6     6     6    -1    -0.00000000
   0.060    84    84     6     6     6     1     0.00000000
   0.060    84    85     7     7     0     1    -0.00000000
   0.060    84    86     7     7     1    -1    -0.00000000
   0.060    84    87     7     5     0     1    -0.00000000
   0.060    84    88     7     5     1    -1    -0.00000000
   0.060    84    89     7     3     0     1     0.00000000
   0.060    84    90     7     3     1    -1     0.00000000
   0.060    84    91     7     1     0     1     0.00000000
   0.060    84    92     7     1     1    -1     0.00000000
   0.060    84    93     7     7     1     1    -0.00000000
   0.060    84    94     7     7     2    -1    -0.00000000
   0.060    84    95     7     5     1     1     0.00000000
   0.060    84    96     7     5     2    -1     0.00000000
   0.060    84    97     7     3     1     1     0.00000000
   0.060    84    98     7     3     2    -1     0.00000000
   0.060    84    99     7     1     1     1    -0.00000000
   0.060    84   100     7     7     2     1    -0.00000000
   0.060    84   101     7     7     3    -1     0.00000000
   0.060    84   102     7     5     2     1     0.00000000
   0.060    84   103     7     5     3    -1     0.00000000
   0.060    84   104     7     3     2     1    -0.00000000
   0.060    84   105     7     3     3    -1     0.00000000
   0.060    84   106     7     7     3     1    -0.00000000
   0.060    84   107     7     7     4    -1    -0.00000000
   0.060    84   108     7     5     3     1     0.00000000
   0.060    84   109     7     5     4    -1     0.00000000
   0.060    84   110     7     3     3     1    -0.00000000
   0.060    84   111     7     7     4     1     0.00000000
   0.060    84   112     7     7     5    -1    -0.00000000
   0.060    84   113     7     5     4     1    -0.00000000
   0.060    84   114     7     5     5    -1    -0.00000000
   0.060    84   115     7     7     5     1     0.00000000
   0.060    84   116     7     7     6    -1     0.00000000
   0.060    84   117     7     5     5     1     0.00000000
   0.060    84   118     7     7     6     1     0.00000000
   0.060    84   119     7     7     7    -1     0.00000000
   0.060    84   120     7     7     7     1     0.00000000
   0.060    85     1     0     0     0     1     0.00000000
   0.060    85     2     1     1     0     1     0.00000000
   0.060    85     3     1     1     1    -1     0.00000000
   0.060    85     4     1     1     1     1     0.00000000
   0.060    85     5     2     2     0     1     0.00000000
   0.060    85     6     2     2     1    -1    -0.00000000
   0.060    85     7     2     0     0     1     0.00000000
   0.060    85     8     2     2     1     1     0.00006648
   0.060    85     9     2     2     2    -1     0.00004078
   0.060    85    10     2     2     2     1     0.00000000
   0.060    85    11     3     3     0     1    -0.00000000
   0.060    85    12     3     3     1    -1     0.00000000
   0.060    85    13     3     1     0     1    -0.00000000
   0.060    85    14     3     1     1    -1     0.00000000
   0.060    85    15     3     3     1     1    -0.00000000
   0.060    85    16     3     3     2    -1    -0.00000000
   0.060    85    17     3     1     1     1    -0.00000000
   0.060    85    18     3     3     2     1    -0.00000000
   0.060    85    19     3     3     3    -1     0.00000000
   0.060    85    20     3     3     3     1     0.00000000
   0.060    85    21     4     4     0     1     0.00000000
   0.060    85    22     4     4     1    -1    -0.00000000
   0.060    85    23     4     2     0     1    -0.00000000
   0.060    85    24     4     2     1    -1    -0.00000000
   0.060    85    25     4     0     0     1    -0.00000000
   0.060    85    26     4     4     1     1    -0.00799458
   0.060    85    27     4     4     2    -1    -0.00131514
   0.060    85    28     4     2     1     1    -0.00839651
   0.060    85    29     4     2     2    -1     0.00627141
   0.060    85    30     4     4     2     1     0.00000000
   0.060    85    31     4     4     3    -1    -0.00000000
   0.060    85    32     4     2     2     1    -0.00000000
   0.060    85    33     4     4     3     1     0.00000000
   0.060    85    34     4     4     4    -1    -0.00000000
   0.060    85    35     4     4     4     1     0.00000000
   0.060    85    36     5     5     0     1     0.00000000
   0.060    85    37     5     5     1    -1     0.00000000
   0.060    85    38     5     3     0     1    -0.00000000
   0.060    85    39     5     3     1    -1    -0.00000000
   0.060    85    40     5     1     0     1    -0.00000000
   0.060    85    41     5     1     1    -1     0.00000000
   0.060    85    42     5     5     1     1     0.00000000
   0.060    85    43     5     5     2    -1    -0.00000000
   0.060    85    44     5     3     1     1     0.00000000
   0.060    85    45     5     3     2    -1     0.00000000
   0.060    85    46     5     1     1     1     0.00000000
   0.060    85    47     5     5     2     1     0.00000000
   0.060    85    48     5     5     3    -1    -0.00000000
   0.060    85    49     5     3     2     1    -0.00000000
   0.060    85    50     5     3     3    -1    -0.00000000
   0.060    85    51     5     5     3     1     0.00000000
   0.060    85    52     5     5     4    -1    -0.00000000
   0.060    85    53     5     3     3     1     0.00000000
   0.060    85    54     5     5     4     1     0.00000000
   0.060    85    55     5     5     5    -1    -0.00000000
   0.060    85    56     5     5     5     1     0.00000000
   0.060    85    57     6     6     0     1    -0.00000000
   0.060    85    58     6     6     1    -1     0.00000000
   0.060    85    59     6     4     0     1    -0.00000000
   0.060    85    60     6     4     1    -1     0.00000000
   0.060    85    61     6     2     0     1     0.00000000
   0.060    85    62     6     2     1    -1     0.00000000
   0.060    85    63     6     0     0     1     0.00000000
   0.060    85    64     6     6     1     1     0.00030052
   0.060    85    65     6     6     2    -1    -0.00010008
   0.060    85    66     6     4     1     1    -0.01240659
   0.060    85    67     6     4     2    -1     0.02030083
   0.060    85    68     6     2     1     1     0.95168815
   0.060    85    69     6     2     2    -1     0.30585625
   0.060    85    70     6     6     2     1    -0.00000000
   0.060    85    71     6     6     3    -1     0.00000000
   0.060    85    72     6     4     2     1     0.00000000
   0.060    85    73     6     4     3    -1    -0.00000000
   0.060    85    74     6     2     2     1    -0.00000000
   0.060    85    75     6     6     3     1     0.00000000
   0.060    85    76     6     6     4    -1    -0.00000000
   0.060    85    77     6     4     3     1    -0.00000000
   0.060    85    78     6     4     4    -1    -0.00000000
   0.060    85    79     6     6     4     1    -0.00000000
   0.060    85    80     6     6     5    -1     0.00000000
   0.060    85    81     6     4     4     1     0.00000000
   0.060    85    82     6     6     5     1    -0.00000000
   0.060    85    83     6     6     6    -1     0.00000000
   0.060    85    84     6     6     6     1    -0.00000000
   0.060    85    85     7     7     0     1    -0.00000000
   0.060    85    86     7     7     1    -1    -0.00000000
   0.060    85    87     7     5     0     1     0.00000000
   0.060    85    88     7     5     1    -1     0.00000000
   0.060    85    89     7     3     0     1    -0.00000000
   0.060    85    90     7     3     1    -1    -0.00000000
   0.060    85    91     7     1     0     1     0.00000000
   0.060    85    92     7     1     1    -1     0.00000000
   0.060    85    93     7     7     1     1    -0.00000000
   0.060    85    94     7     7     2    -1    -0.00000000
   0.060    85    95     7     5     1     1     0.00000000
   0.060    85    96     7     5     2    -1     0.00000000
   0.060    85    97     7     3     1     1    -0.00000000
   0.060    85    98     7     3     2    -1    -0.00000000
   0.060    85    99     7     1     1     1     0.00000000
   0.060    85   100     7     7     2     1     0.00000000
   0.060    85   101     7     7     3    -1    -0.00000000
   0.060    85   102     7     5     2     1    -0.00000000
   0.060    85   103     7     5     3    -1    -0.00000000
   0.060    85   104     7     3     2     1     0.00000000
   0.060    85   105     7     3     3    -1     0.00000000
   0.060    85   106     7     7     3     1    -0.00000000
   0.060    85   107     7     7     4    -1     0.00000000
   0.060    85   108     7     5     3     1     0.00000000
   0.060    85   109     7     5     4    -1    -0.00000000
   0.060    85   110     7     3     3     1     0.00000000
   0.060    85   111     7     7     4     1    -0.00000000
   0.060    85   112     7     7     5    -1     0.00000000
   0.060    85   113     7     5     4     1     0.00000000
   0.060    85   114     7     5     5    -1     0.00000000
   0.060    85   115     7     7     5     1     0.00000000
   0.060    85   116     7     7     6    -1     0.00000000
   0.060    85   117     7     5     5     1     0.00000000
   0.060    85   118     7     7     6     1     0.00000000
   0.060    85   119     7     7     7    -1     0.00000000
   0.060    85   120     7     7     7     1     0.00000000
   0.060    86     1     0     0     0     1    -0.00000000
   0.060    86     2     1     1     0     1     0.00000000
   0.060    86     3     1     1     1    -1    -0.00000000
   0.060    86     4     1     1     1     1     0.00000000
   0.060    86     5     2     2     0     1    -0.00000000
   0.060    86     6     2     2     1    -1    -0.00000000
   0.060    86     7     2     0     0     1    -0.00000000
   0.060    86     8     2     2     1     1     0.00006217
   0.060    86     9     2     2     2    -1     0.00006638
   0.060    86    10     2     2     2     1     0.00000000
   0.060    86    11     3     3     0     1     0.00000000
   0.060    86    12     3     3     1    -1     0.00000000
   0.060    86    13     3     1     0     1     0.00000000
   0.060    86    14     3     1     1    -1     0.00000000
   0.060    86    15     3     3     1     1    -0.00000000
   0.060    86    16     3     3     2    -1    -0.00000000
   0.060    86    17     3     1     1     1    -0.00000000
   0.060    86    18     3     3     2     1    -0.00000000
   0.060    86    19     3     3     3    -1     0.00000000
   0.060    86    20     3     3     3     1    -0.00000000
   0.060    86    21     4     4     0     1    -0.00000000
   0.060    86    22     4     4     1    -1     0.00000000
   0.060    86    23     4     2     0     1     0.00000000
   0.060    86    24     4     2     1    -1    -0.00000000
   0.060    86    25     4     0     0     1     0.00000000
   0.060    86    26     4     4     1     1    -0.00551250
   0.060    86    27     4     4     2    -1     0.00432946
   0.060    86    28     4     2     1     1    -0.01207959
   0.060    86    29     4     2     2    -1     0.01454063
   0.060    86    30     4     4     2     1     0.00000000
   0.060    86    31     4     4     3    -1    -0.00000000
   0.060    86    32     4     2     2     1     0.00000000
   0.060    86    33     4     4     3     1     0.00000000
   0.060    86    34     4     4     4    -1     0.00000000
   0.060    86    35     4     4     4     1    -0.00000000
   0.060    86    36     5     5     0     1     0.00000000
   0.060    86    37     5     5     1    -1    -0.00000000
   0.060    86    38     5     3     0     1     0.00000000
   0.060    86    39     5     3     1    -1     0.00000000
   0.060    86    40     5     1     0     1    -0.00000000
   0.060    86    41     5     1     1    -1     0.00000000
   0.060    86    42     5     5     1     1    -0.00000000
   0.060    86    43     5     5     2    -1    -0.00000000
   0.060    86    44     5     3     1     1     0.00000000
   0.060    86    45     5     3     2    -1     0.00000000
   0.060    86    46     5     1     1     1     0.00000000
   0.060    86    47     5     5     2     1     0.00000000
   0.060    86    48     5     5     3    -1    -0.00000000
   0.060    86    49     5     3     2     1    -0.00000000
   0.060    86    50     5     3     3    -1    -0.00000000
   0.060    86    51     5     5     3     1     0.00000000
   0.060    86    52     5     5     4    -1    -0.00000000
   0.060    86    53     5     3     3     1     0.00000000
   0.060    86    54     5     5     4     1     0.00000000
   0.060    86    55     5     5     5    -1    -0.00000000
   0.060    86    56     5     5     5     1     0.00000000
   0.060    86    57     6     6     0     1    -0.00000000
   0.060    86    58     6     6     1    -1    -0.00000000
   0.060    86    59     6     4     0     1     0.00000000
   0.060    86    60     6     4     1    -1    -0.00000000
   0.060    86    61     6     2     0     1    -0.00000000
   0.060    86    62     6     2     1    -1     0.00000000
   0.060    86    63     6     0     0     1     0.00000000
   0.060    86    64     6     6     1     1     0.00028894
   0.060    86    65     6     6     2    -1    -0.00029393
   0.060    86    66     6     4     1     1     0.54799621
   0.060    86    67     6     4     2    -1    -0.83590558
   0.060    86    68     6     2     1     1     0.02271579
   0.060    86    69     6     2     2    -1     0.00627379
   0.060    86    70     6     6     2     1    -0.00000000
   0.060    86    71     6     6     3    -1    -0.00000000
   0.060    86    72     6     4     2     1    -0.00000000
   0.060    86    73     6     4     3    -1     0.00000000
   0.060    86    74     6     2     2     1    -0.00000000
   0.060    86    75     6     6     3     1     0.00000000
   0.060    86    76     6     6     4    -1    -0.00000000
   0.060    86    77     6     4     3     1    -0.00000000
   0.060    86    78     6     4     4    -1     0.00000000
   0.060    86    79     6     6     4     1     0.00000000
   0.060    86    80     6     6     5    -1    -0.00000000
   0.060    86    81     6     4     4     1     0.00000000
   0.060    86    82     6     6     5     1    -0.00000000
   0.060    86    83     6     6     6    -1     0.00000000
   0.060    86    84     6     6     6     1     0.00000000
   0.060    86    85     7     7     0     1     0.00000000
   0.060    86    86     7     7     1    -1     0.00000000
   0.060    86    87     7     5     0     1     0.00000000
   0.060    86    88     7     5     1    -1     0.00000000
   0.060    86    89     7     3     0     1     0.00000000
   0.060    86    90     7     3     1    -1     0.00000000
   0.060    86    91     7     1     0     1     0.00000000
   0.060    86    92     7     1     1    -1     0.00000000
   0.060    86    93     7     7     1     1     0.00000000
   0.060    86    94     7     7     2    -1     0.00000000
   0.060    86    95     7     5     1     1     0.00000000
   0.060    86    96     7     5     2    -1    -0.00000000
   0.060    86    97     7     3     1     1    -0.00000000
   0.060    86    98     7     3     2    -1    -0.00000000
   0.060    86    99     7     1     1     1     0.00000000
   0.060    86   100     7     7     2     1     0.00000000
   0.060    86   101     7     7     3    -1    -0.00000000
   0.060    86   102     7     5     2     1    -0.00000000
   0.060    86   103     7     5     3    -1    -0.00000000
   0.060    86   104     7     3     2     1     0.00000000
   0.060    86   105     7     3     3    -1    -0.00000000
   0.060    86   106     7     7     3     1    -0.00000000
   0.060    86   107     7     7     4    -1     0.00000000
   0.060    86   108     7     5     3     1    -0.00000000
   0.060    86   109     7     5     4    -1    -0.00000000
   0.060    86   110     7     3     3     1     0.00000000
   0.060    86   111     7     7     4     1    -0.00000000
   0.060    86   112     7     7     5    -1     0.00000000
   0.060    86   113     7     5     4     1     0.00000000
   0.060    86   114     7     5     5    -1     0.00000000
   0.060    86   115     7     7     5     1     0.00000000
   0.060    86   116     7     7     6    -1     0.00000000
   0.060    86   117     7     5     5     1     0.00000000
   0.060    86   118     7     7     6     1     0.00000000
   0.060    86   119     7     7     7    -1     0.00000000
   0.060    86   120     7     7     7     1     0.00000000
   0.060    87     1     0     0     0     1    -0.00000000
   0.060    87     2     1     1     0     1    -0.00000000
   0.060    87     3     1     1     1    -1     0.00000000
   0.060    87     4     1     1     1     1     0.00000000
   0.060    87     5     2     2     0     1    -0.00000000
   0.060    87     6     2     2     1    -1    -0.00000000
   0.060    87     7     2     0     0     1    -0.00000000
   0.060    87     8     2     2     1     1     0.00000000
   0.060    87     9     2     2     2    -1     0.00000000
   0.060    87    10     2     2     2     1     0.00002740
   0.060    87    11     3     3     0     1    -0.00000000
   0.060    87    12     3     3     1    -1    -0.00000000
   0.060    87    13     3     1     0     1     0.00000000
   0.060    87    14     3     1     1    -1     0.00000000
   0.060    87    15     3     3     1     1    -0.00000000
   0.060    87    16     3     3     2    -1    -0.00000000
   0.060    87    17     3     1     1     1    -0.00000000
   0.060    87    18     3     3     2     1    -0.00000000
   0.060    87    19     3     3     3    -1     0.00000000
   0.060    87    20     3     3     3     1     0.00000000
   0.060    87    21     4     4     0     1    -0.00000000
   0.060    87    22     4     4     1    -1     0.00000000
   0.060    87    23     4     2     0     1    -0.00000000
   0.060    87    24     4     2     1    -1     0.00000000
   0.060    87    25     4     0     0     1    -0.00000000
   0.060    87    26     4     4     1     1     0.00000000
   0.060    87    27     4     4     2    -1    -0.00000000
   0.060    87    28     4     2     1     1     0.00000000
   0.060    87    29     4     2     2    -1    -0.00000000
   0.060    87    30     4     4     2     1     0.00149384
   0.060    87    31     4     4     3    -1     0.00354474
   0.060    87    32     4     2     2     1     0.00600885
   0.060    87    33     4     4     3     1     0.00000000
   0.060    87    34     4     4     4    -1     0.00000000
   0.060    87    35     4     4     4     1    -0.00000000
   0.060    87    36     5     5     0     1    -0.00000000
   0.060    87    37     5     5     1    -1     0.00000000
   0.060    87    38     5     3     0     1    -0.00000000
   0.060    87    39     5     3     1    -1     0.00000000
   0.060    87    40     5     1     0     1    -0.00000000
   0.060    87    41     5     1     1    -1     0.00000000
   0.060    87    42     5     5     1     1     0.00000000
   0.060    87    43     5     5     2    -1    -0.00000000
   0.060    87    44     5     3     1     1     0.00000000
   0.060    87    45     5     3     2    -1    -0.00000000
   0.060    87    46     5     1     1     1    -0.00000000
   0.060    87    47     5     5     2     1    -0.00000000
   0.060    87    48     5     5     3    -1     0.00000000
   0.060    87    49     5     3     2     1     0.00000000
   0.060    87    50     5     3     3    -1     0.00000000
   0.060    87    51     5     5     3     1    -0.00000000
   0.060    87    52     5     5     4    -1    -0.00000000
   0.060    87    53     5     3     3     1    -0.00000000
   0.060    87    54     5     5     4     1    -0.00000000
   0.060    87    55     5     5     5    -1     0.00000000
   0.060    87    56     5     5     5     1     0.00000000
   0.060    87    57     6     6     0     1    -0.00000000
   0.060    87    58     6     6     1    -1     0.00000000
   0.060    87    59     6     4     0     1     0.00000000
   0.060    87    60     6     4     1    -1    -0.00000000
   0.060    87    61     6     2     0     1    -0.00000000
   0.060    87    62     6     2     1    -1     0.00000000
   0.060    87    63     6     0     0     1    -0.00000000
   0.060    87    64     6     6     1     1    -0.00000000
   0.060    87    65     6     6     2    -1     0.00000000
   0.060    87    66     6     4     1     1    -0.00000000
   0.060    87    67     6     4     2    -1     0.00000000
   0.060    87    68     6     2     1     1     0.00000000
   0.060    87    69     6     2     2    -1    -0.00000000
   0.060    87    70     6     6     2     1    -0.00000479
   0.060    87    71     6     6     3    -1    -0.00010275
   0.060    87    72     6     4     2     1    -0.42683830
   0.060    87    73     6     4     3    -1     0.90428444
   0.060    87    74     6     2     2     1    -0.00527349
   0.060    87    75     6     6     3     1     0.00000000
   0.060    87    76     6     6     4    -1    -0.00000000
   0.060    87    77     6     4     3     1    -0.00000000
   0.060    87    78     6     4     4    -1     0.00000000
   0.060    87    79     6     6     4     1     0.00000000
   0.060    87    80     6     6     5    -1    -0.00000000
   0.060    87    81     6     4     4     1    -0.00000000
   0.060    87    82     6     6     5     1     0.00000000
   0.060    87    83     6     6     6    -1    -0.00000000
   0.060    87    84     6     6     6     1     0.00000000
   0.060    87    85     7     7     0     1    -0.00000000
   0.060    87    86     7     7     1    -1     0.00000000
   0.060    87    87     7     5     0     1     0.00000000
   0.060    87    88     7     5     1    -1     0.00000000
   0.060    87    89     7     3     0     1    -0.00000000
   0.060    87    90     7     3     1    -1     0.00000000
   0.060    87    91     7     1     0     1     0.00000000
   0.060    87    92     7     1     1    -1     0.00000000
   0.060    87    93     7     7     1     1    -0.00000000
   0.060    87    94     7     7     2    -1    -0.00000000
   0.060    87    95     7     5     1     1    -0.00000000
   0.060    87    96     7     5     2    -1    -0.00000000
   0.060    87    97     7     3     1     1    -0.00000000
   0.060    87    98     7     3     2    -1     0.00000000
   0.060    87    99     7     1     1     1     0.00000000
   0.060    87   100     7     7     2     1     0.00000000
   0.060    87   101     7     7     3    -1     0.00000000
   0.060    87   102     7     5     2     1     0.00000000
   0.060    87   103     7     5     3    -1     0.00000000
   0.060    87   104     7     3     2     1    -0.00000000
   0.060    87   105     7     3     3    -1    -0.00000000
   0.060    87   106     7     7     3     1     0.00000000
   0.060    87   107     7     7     4    -1     0.00000000
   0.060    87   108     7     5     3     1    -0.00000000
   0.060    87   109     7     5     4    -1     0.00000000
   0.060    87   110     7     3     3     1    -0.00000000
   0.060    87   111     7     7     4     1    -0.00000000
   0.060    87   112     7     7     5    -1     0.00000000
   0.060    87   113     7     5     4     1     0.00000000
   0.060    87   114     7     5     5    -1    -0.00000000
   0.060    87   115     7     7     5     1     0.00000000
   0.060    87   116     7     7     6    -1     0.00000000
   0.060    87   117     7     5     5     1     0.00000000
   0.060    87   118     7     7     6     1     0.00000000
   0.060    87   119     7     7     7    -1     0.00000000
   0.060    87   120     7     7     7     1     0.00000000
   0.060    88     1     0     0     0     1    -0.00000000
   0.060    88     2     1     1     0     1    -0.00000000
   0.060    88     3     1     1     1    -1    -0.00000000
   0.060    88     4     1     1     1     1    -0.00000000
   0.060    88     5     2     2     0     1    -0.00000000
   0.060    88     6     2     2     1    -1    -0.00000000
   0.060    88     7     2     0     0     1    -0.00000000
   0.060    88     8     2     2     1     1    -0.00000000
   0.060    88     9     2     2     2    -1    -0.00000000
   0.060    88    10     2     2     2     1     0.00011467
   0.060    88    11     3     3     0     1    -0.00000000
   0.060    88    12     3     3     1    -1     0.00000000
   0.060    88    13     3     1     0     1     0.00000000
   0.060    88    14     3     1     1    -1    -0.00000000
   0.060    88    15     3     3     1     1     0.00000000
   0.060    88    16     3     3     2    -1    -0.00000000
   0.060    88    17     3     1     1     1    -0.00000000
   0.060    88    18     3     3     2     1     0.00000000
   0.060    88    19     3     3     3    -1    -0.00000000
   0.060    88    20     3     3     3     1    -0.00000000
   0.060    88    21     4     4     0     1     0.00000000
   0.060    88    22     4     4     1    -1    -0.00000000
   0.060    88    23     4     2     0     1     0.00000000
   0.060    88    24     4     2     1    -1    -0.00000000
   0.060    88    25     4     0     0     1     0.00000000
   0.060    88    26     4     4     1     1    -0.00000000
   0.060    88    27     4     4     2    -1     0.00000000
   0.060    88    28     4     2     1     1    -0.00000000
   0.060    88    29     4     2     2    -1     0.00000000
   0.060    88    30     4     4     2     1    -0.00580036
   0.060    88    31     4     4     3    -1     0.00052702
   0.060    88    32     4     2     2     1     0.01696841
   0.060    88    33     4     4     3     1     0.00000000
   0.060    88    34     4     4     4    -1     0.00000000
   0.060    88    35     4     4     4     1    -0.00000000
   0.060    88    36     5     5     0     1     0.00000000
   0.060    88    37     5     5     1    -1    -0.00000000
   0.060    88    38     5     3     0     1    -0.00000000
   0.060    88    39     5     3     1    -1    -0.00000000
   0.060    88    40     5     1     0     1     0.00000000
   0.060    88    41     5     1     1    -1    -0.00000000
   0.060    88    42     5     5     1     1     0.00000000
   0.060    88    43     5     5     2    -1     0.00000000
   0.060    88    44     5     3     1     1    -0.00000000
   0.060    88    45     5     3     2    -1     0.00000000
   0.060    88    46     5     1     1     1    -0.00000000
   0.060    88    47     5     5     2     1     0.00000000
   0.060    88    48     5     5     3    -1     0.00000000
   0.060    88    49     5     3     2     1     0.00000000
   0.060    88    50     5     3     3    -1     0.00000000
   0.060    88    51     5     5     3     1     0.00000000
   0.060    88    52     5     5     4    -1     0.00000000
   0.060    88    53     5     3     3     1     0.00000000
   0.060    88    54     5     5     4     1     0.00000000
   0.060    88    55     5     5     5    -1    -0.00000000
   0.060    88    56     5     5     5     1     0.00000000
   0.060    88    57     6     6     0     1     0.00000000
   0.060    88    58     6     6     1    -1    -0.00000000
   0.060    88    59     6     4     0     1     0.00000000
   0.060    88    60     6     4     1    -1    -0.00000000
   0.060    88    61     6     2     0     1    -0.00000000
   0.060    88    62     6     2     1    -1     0.00000000
   0.060    88    63     6     0     0     1    -0.00000000
   0.060    88    64     6     6     1     1    -0.00000000
   0.060    88    65     6     6     2    -1     0.00000000
   0.060    88    66     6     4     1     1     0.00000000
   0.060    88    67     6     4     2    -1    -0.00000000
   0.060    88    68     6     2     1     1     0.00000000
   0.060    88    69     6     2     2    -1    -0.00000000
   0.060    88    70     6     6     2     1     0.00017267
   0.060    88    71     6     6     3    -1    -0.00009168
   0.060    88    72     6     4     2     1    -0.00287408
   0.060    88    73     6     4     3    -1     0.00436878
   0.060    88    74     6     2     2     1     0.99982536
   0.060    88    75     6     6     3     1     0.00000000
   0.060    88    76     6     6     4    -1    -0.00000000
   0.060    88    77     6     4     3     1     0.00000000
   0.060    88    78     6     4     4    -1    -0.00000000
   0.060    88    79     6     6     4     1    -0.00000000
   0.060    88    80     6     6     5    -1    -0.00000000
   0.060    88    81     6     4     4     1    -0.00000000
   0.060    88    82     6     6     5     1     0.00000000
   0.060    88    83     6     6     6    -1    -0.00000000
   0.060    88    84     6     6     6     1    -0.00000000
   0.060    88    85     7     7     0     1     0.00000000
   0.060    88    86     7     7     1    -1    -0.00000000
   0.060    88    87     7     5     0     1     0.00000000
   0.060    88    88     7     5     1    -1     0.00000000
   0.060    88    89     7     3     0     1     0.00000000
   0.060    88    90     7     3     1    -1     0.00000000
   0.060    88    91     7     1     0     1     0.00000000
   0.060    88    92     7     1     1    -1     0.00000000
   0.060    88    93     7     7     1     1     0.00000000
   0.060    88    94     7     7     2    -1    -0.00000000
   0.060    88    95     7     5     1     1     0.00000000
   0.060    88    96     7     5     2    -1    -0.00000000
   0.060    88    97     7     3     1     1    -0.00000000
   0.060    88    98     7     3     2    -1    -0.00000000
   0.060    88    99     7     1     1     1    -0.00000000
   0.060    88   100     7     7     2     1    -0.00000000
   0.060    88   101     7     7     3    -1    -0.00000000
   0.060    88   102     7     5     2     1     0.00000000
   0.060    88   103     7     5     3    -1     0.00000000
   0.060    88   104     7     3     2     1    -0.00000000
   0.060    88   105     7     3     3    -1    -0.00000000
   0.060    88   106     7     7     3     1    -0.00000000
   0.060    88   107     7     7     4    -1    -0.00000000
   0.060    88   108     7     5     3     1     0.00000000
   0.060    88   109     7     5     4    -1    -0.00000000
   0.060    88   110     7     3     3     1     0.00000000
   0.060    88   111     7     7     4     1    -0.00000000
   0.060    88   112     7     7     5    -1     0.00000000
   0.060    88   113     7     5     4     1    -0.00000000
   0.060    88   114     7     5     5    -1     0.00000000
   0.060    88   115     7     7     5     1     0.00000000
   0.060    88   116     7     7     6    -1     0.00000000
   0.060    88   117     7     5     5     1     0.00000000
   0.060    88   118     7     7     6     1     0.00000000
   0.060    88   119     7     7     7    -1     0.00000000
   0.060    88   120     7     7     7     1     0.00000000
   0.060    89     1     0     0     0     1     0.00000000
   0.060    89     2     1     1     0     1    -0.00000000
   0.060    89     3     1     1     1    -1    -0.00000000
   0.060    89     4     1     1     1     1     0.00000000
   0.060    89     5     2     2     0     1    -0.00000000
   0.060    89     6     2     2     1    -1     0.00000000
   0.060    89     7     2     0     0     1     0.00000000
   0.060    89     8     2     2     1     1     0.00000000
   0.060    89     9     2     2     2    -1     0.00000000
   0.060    89    10     2     2     2     1     0.00000000
   0.060    89    11     3     3     0     1    -0.00000000
   0.060    89    12     3     3     1    -1     0.00000000
   0.060    89    13     3     1     0     1     0.00000000
   0.060    89    14     3     1     1    -1    -0.00000000
   0.060    89    15     3     3     1     1    -0.00000000
   0.060    89    16     3     3     2    -1     0.00000000
   0.060    89    17     3     1     1     1    -0.00000000
   0.060    89    18     3     3     2     1    -0.00000000
   0.060    89    19     3     3     3    -1     0.00000000
   0.060    89    20     3     3     3     1     0.00000000
   0.060    89    21     4     4     0     1    -0.00000000
   0.060    89    22     4     4     1    -1    -0.00000000
   0.060    89    23     4     2     0     1     0.00000000
   0.060    89    24     4     2     1    -1    -0.00000000
   0.060    89    25     4     0     0     1     0.00000000
   0.060    89    26     4     4     1     1     0.00000000
   0.060    89    27     4     4     2    -1     0.00000000
   0.060    89    28     4     2     1     1     0.00000000
   0.060    89    29     4     2     2    -1    -0.00000000
   0.060    89    30     4     4     2     1    -0.00000000
   0.060    89    31     4     4     3    -1    -0.00000000
   0.060    89    32     4     2     2     1     0.00000000
   0.060    89    33     4     4     3     1    -0.00188690
   0.060    89    34     4     4     4    -1     0.01589520
   0.060    89    35     4     4     4     1    -0.00000000
   0.060    89    36     5     5     0     1     0.00000000
   0.060    89    37     5     5     1    -1    -0.00000000
   0.060    89    38     5     3     0     1    -0.00000000
   0.060    89    39     5     3     1    -1     0.00000000
   0.060    89    40     5     1     0     1    -0.00000000
   0.060    89    41     5     1     1    -1    -0.00000000
   0.060    89    42     5     5     1     1    -0.00000000
   0.060    89    43     5     5     2    -1    -0.00000000
   0.060    89    44     5     3     1     1    -0.00000000
   0.060    89    45     5     3     2    -1     0.00000000
   0.060    89    46     5     1     1     1    -0.00000000
   0.060    89    47     5     5     2     1    -0.00000000
   0.060    89    48     5     5     3    -1    -0.00000000
   0.060    89    49     5     3     2     1    -0.00000000
   0.060    89    50     5     3     3    -1    -0.00000000
   0.060    89    51     5     5     3     1    -0.00000000
   0.060    89    52     5     5     4    -1    -0.00000000
   0.060    89    53     5     3     3     1    -0.00000000
   0.060    89    54     5     5     4     1    -0.00000000
   0.060    89    55     5     5     5    -1     0.00000000
   0.060    89    56     5     5     5     1     0.00000000
   0.060    89    57     6     6     0     1     0.00000000
   0.060    89    58     6     6     1    -1     0.00000000
   0.060    89    59     6     4     0     1    -0.00000000
   0.060    89    60     6     4     1    -1     0.00000000
   0.060    89    61     6     2     0     1    -0.00000000
   0.060    89    62     6     2     1    -1     0.00000000
   0.060    89    63     6     0     0     1     0.00000000
   0.060    89    64     6     6     1     1    -0.00000000
   0.060    89    65     6     6     2    -1     0.00000000
   0.060    89    66     6     4     1     1    -0.00000000
   0.060    89    67     6     4     2    -1     0.00000000
   0.060    89    68     6     2     1     1     0.00000000
   0.060    89    69     6     2     2    -1    -0.00000000
   0.060    89    70     6     6     2     1    -0.00000000
   0.060    89    71     6     6     3    -1     0.00000000
   0.060    89    72     6     4     2     1     0.00000000
   0.060    89    73     6     4     3    -1    -0.00000000
   0.060    89    74     6     2     2     1     0.00000000
   0.060    89    75     6     6     3     1     0.00013149
   0.060    89    76     6     6     4    -1    -0.00036150
   0.060    89    77     6     4     3     1    -0.28560161
   0.060    89    78     6     4     4    -1     0.95821467
   0.060    89    79     6     6     4     1     0.00000000
   0.060    89    80     6     6     5    -1    -0.00000000
   0.060    89    81     6     4     4     1    -0.00000000
   0.060    89    82     6     6     5     1     0.00000000
   0.060    89    83     6     6     6    -1     0.00000000
   0.060    89    84     6     6     6     1    -0.00000000
   0.060    89    85     7     7     0     1     0.00000000
   0.060    89    86     7     7     1    -1    -0.00000000
   0.060    89    87     7     5     0     1     0.00000000
   0.060    89    88     7     5     1    -1     0.00000000
   0.060    89    89     7     3     0     1    -0.00000000
   0.060    89    90     7     3     1    -1     0.00000000
   0.060    89    91     7     1     0     1    -0.00000000
   0.060    89    92     7     1     1    -1     0.00000000
   0.060    89    93     7     7     1     1     0.00000000
   0.060    89    94     7     7     2    -1     0.00000000
   0.060    89    95     7     5     1     1     0.00000000
   0.060    89    96     7     5     2    -1     0.00000000
   0.060    89    97     7     3     1     1     0.00000000
   0.060    89    98     7     3     2    -1     0.00000000
   0.060    89    99     7     1     1     1    -0.00000000
   0.060    89   100     7     7     2     1     0.00000000
   0.060    89   101     7     7     3    -1     0.00000000
   0.060    89   102     7     5     2     1    -0.00000000
   0.060    89   103     7     5     3    -1     0.00000000
   0.060    89   104     7     3     2     1     0.00000000
   0.060    89   105     7     3     3    -1     0.00000000
   0.060    89   106     7     7     3     1     0.00000000
   0.060    89   107     7     7     4    -1     0.00000000
   0.060    89   108     7     5     3     1    -0.00000000
   0.060    89   109     7     5     4    -1     0.00000000
   0.060    89   110     7     3     3     1    -0.00000000
   0.060    89   111     7     7     4     1     0.00000000
   0.060    89   112     7     7     5    -1     0.00000000
   0.060    89   113     7     5     4     1     0.00000000
   0.060    89   114     7     5     5    -1    -0.00000000
   0.060    89   115     7     7     5     1     0.00000000
   0.060    89   116     7     7     6    -1     0.00000000
   0.060    89   117     7     5     5     1     0.00000000
   0.060    89   118     7     7     6     1     0.00000000
   0.060    89   119     7     7     7    -1     0.00000000
   0.060    89   120     7     7     7     1     0.00000000
   0.060    90     1     0     0     0     1     0.00000066
   0.060    90     2     1     1     0     1     0.00000000
   0.060    90     3     1     1     1    -1     0.00000000
   0.060    90     4     1     1     1     1    -0.00000000
   0.060    90     5     2     2     0     1    -0.00019540
   0.060    90     6     2     2     1    -1     0.00006510
   0.060    90     7     2     0     0     1    -0.00009674
   0.060    90     8     2     2     1     1    -0.00000000
   0.060    90     9     2     2     2    -1     0.00000000
   0.060    90    10     2     2     2     1     0.00000000
   0.060    90    11     3     3     0     1    -0.00000000
   0.060    90    12     3     3     1    -1     0.00000000
   0.060    90    13     3     1     0     1     0.00000000
   0.060    90    14     3     1     1    -1     0.00000000
   0.060    90    15     3     3     1     1     0.00000000
   0.060    90    16     3     3     2    -1     0.00000000
   0.060    90    17     3     1     1     1     0.00000000
   0.060    90    18     3     3     2     1     0.00000000
   0.060    90    19     3     3     3    -1    -0.00000000
   0.060    90    20     3     3     3     1     0.00000000
   0.060    90    21     4     4     0     1     0.00570976
   0.060    90    22     4     4     1    -1    -0.00729653
   0.060    90    23     4     2     0     1     0.00934857
   0.060    90    24     4     2     1    -1    -0.00736886
   0.060    90    25     4     0     0     1     0.01749663
   0.060    90    26     4     4     1     1     0.00000000
   0.060    90    27     4     4     2    -1    -0.00000000
   0.060    90    28     4     2     1     1     0.00000000
   0.060    90    29     4     2     2    -1    -0.00000000
   0.060    90    30     4     4     2     1     0.00000000
   0.060    90    31     4     4     3    -1    -0.00000000
   0.060    90    32     4     2     2     1    -0.00000000
   0.060    90    33     4     4     3     1     0.00000000
   0.060    90    34     4     4     4    -1     0.00000000
   0.060    90    35     4     4     4     1     0.00000000
   0.060    90    36     5     5     0     1     0.00000000
   0.060    90    37     5     5     1    -1    -0.00000000
   0.060    90    38     5     3     0     1    -0.00000000
   0.060    90    39     5     3     1    -1    -0.00000000
   0.060    90    40     5     1     0     1    -0.00000000
   0.060    90    41     5     1     1    -1     0.00000000
   0.060    90    42     5     5     1     1    -0.00000000
   0.060    90    43     5     5     2    -1     0.00000000
   0.060    90    44     5     3     1     1    -0.00000000
   0.060    90    45     5     3     2    -1    -0.00000000
   0.060    90    46     5     1     1     1    -0.00000000
   0.060    90    47     5     5     2     1    -0.00000000
   0.060    90    48     5     5     3    -1     0.00000000
   0.060    90    49     5     3     2     1     0.00000000
   0.060    90    50     5     3     3    -1     0.00000000
   0.060    90    51     5     5     3     1     0.00000000
   0.060    90    52     5     5     4    -1    -0.00000000
   0.060    90    53     5     3     3     1    -0.00000000
   0.060    90    54     5     5     4     1     0.00000000
   0.060    90    55     5     5     5    -1     0.00000000
   0.060    90    56     5     5     5     1     0.00000000
   0.060    90    57     6     6     0     1    -0.00025786
   0.060    90    58     6     6     1    -1     0.00029859
   0.060    90    59     6     4     0     1    -0.00213935
   0.060    90    60     6     4     1    -1     0.00218337
   0.060    90    61     6     2     0     1    -0.57130305
   0.060    90    62     6     2     1    -1     0.82035086
   0.060    90    63     6     0     0     1     0.00969909
   0.060    90    64     6     6     1     1    -0.00000000
   0.060    90    65     6     6     2    -1     0.00000000
   0.060    90    66     6     4     1     1    -0.00000000
   0.060    90    67     6     4     2    -1     0.00000000
   0.060    90    68     6     2     1     1    -0.00000000
   0.060    90    69     6     2     2    -1    -0.00000000
   0.060    90    70     6     6     2     1    -0.00000000
   0.060    90    71     6     6     3    -1     0.00000000
   0.060    90    72     6     4     2     1     0.00000000
   0.060    90    73     6     4     3    -1    -0.00000000
   0.060    90    74     6     2     2     1    -0.00000000
   0.060    90    75     6     6     3     1     0.00000000
   0.060    90    76     6     6     4    -1    -0.00000000
   0.060    90    77     6     4     3     1     0.00000000
   0.060    90    78     6     4     4    -1    -0.00000000
   0.060    90    79     6     6     4     1    -0.00000000
   0.060    90    80     6     6     5    -1     0.00000000
   0.060    90    81     6     4     4     1     0.00000000
   0.060    90    82     6     6     5     1    -0.00000000
   0.060    90    83     6     6     6    -1    -0.00000000
   0.060    90    84     6     6     6     1     0.00000000
   0.060    90    85     7     7     0     1     0.00000000
   0.060    90    86     7     7     1    -1    -0.00000000
   0.060    90    87     7     5     0     1    -0.00000000
   0.060    90    88     7     5     1    -1    -0.00000000
   0.060    90    89     7     3     0     1     0.00000000
   0.060    90    90     7     3     1    -1     0.00000000
   0.060    90    91     7     1     0     1     0.00000000
   0.060    90    92     7     1     1    -1     0.00000000
   0.060    90    93     7     7     1     1     0.00000000
   0.060    90    94     7     7     2    -1     0.00000000
   0.060    90    95     7     5     1     1    -0.00000000
   0.060    90    96     7     5     2    -1    -0.00000000
   0.060    90    97     7     3     1     1     0.00000000
   0.060    90    98     7     3     2    -1     0.00000000
   0.060    90    99     7     1     1     1    -0.00000000
   0.060    90   100     7     7     2     1     0.00000000
   0.060    90   101     7     7     3    -1    -0.00000000
   0.060    90   102     7     5     2     1    -0.00000000
   0.060    90   103     7     5     3    -1    -0.00000000
   0.060    90   104     7     3     2     1    -0.00000000
   0.060    90   105     7     3     3    -1    -0.00000000
   0.060    90   106     7     7     3     1     0.00000000
   0.060    90   107     7     7     4    -1     0.00000000
   0.060    90   108     7     5     3     1     0.00000000
   0.060    90   109     7     5     4    -1     0.00000000
   0.060    90   110     7     3     3     1    -0.00000000
   0.060    90   111     7     7     4     1     0.00000000
   0.060    90   112     7     7     5    -1    -0.00000000
   0.060    90   113     7     5     4     1     0.00000000
   0.060    90   114     7     5     5    -1    -0.00000000
   0.060    90   115     7     7     5     1     0.00000000
   0.060    90   116     7     7     6    -1     0.00000000
   0.060    90   117     7     5     5     1     0.00000000
   0.060    90   118     7     7     6     1     0.00000000
   0.060    90   119     7     7     7    -1     0.00000000
   0.060    90   120     7     7     7     1     0.00000000
   0.060    91     1     0     0     0     1    -0.00000036
   0.060    91     2     1     1     0     1    -0.00000000
   0.060    91     3     1     1     1    -1     0.00000000
   0.060    91     4     1     1     1     1    -0.00000000
   0.060    91     5     2     2     0     1     0.00010846
   0.060    91     6     2     2     1    -1    -0.00000706
   0.060    91     7     2     0     0     1     0.00020609
   0.060    91     8     2     2     1     1    -0.00000000
   0.060    91     9     2     2     2    -1    -0.00000000
   0.060    91    10     2     2     2     1    -0.00000000
   0.060    91    11     3     3     0     1     0.00000000
   0.060    91    12     3     3     1    -1     0.00000000
   0.060    91    13     3     1     0     1     0.00000000
   0.060    91    14     3     1     1    -1    -0.00000000
   0.060    91    15     3     3     1     1     0.00000000
   0.060    91    16     3     3     2    -1     0.00000000
   0.060    91    17     3     1     1     1     0.00000000
   0.060    91    18     3     3     2     1     0.00000000
   0.060    91    19     3     3     3    -1     0.00000000
   0.060    91    20     3     3     3     1     0.00000000
   0.060    91    21     4     4     0     1    -0.00008822
   0.060    91    22     4     4     1    -1     0.00007236
   0.060    91    23     4     2     0     1    -0.02013360
   0.060    91    24     4     2     1    -1     0.00124012
   0.060    91    25     4     0     0     1    -0.00020846
   0.060    91    26     4     4     1     1    -0.00000000
   0.060    91    27     4     4     2    -1     0.00000000
   0.060    91    28     4     2     1     1     0.00000000
   0.060    91    29     4     2     2    -1    -0.00000000
   0.060    91    30     4     4     2     1    -0.00000000
   0.060    91    31     4     4     3    -1     0.00000000
   0.060    91    32     4     2     2     1     0.00000000
   0.060    91    33     4     4     3     1     0.00000000
   0.060    91    34     4     4     4    -1    -0.00000000
   0.060    91    35     4     4     4     1    -0.00000000
   0.060    91    36     5     5     0     1    -0.00000000
   0.060    91    37     5     5     1    -1    -0.00000000
   0.060    91    38     5     3     0     1     0.00000000
   0.060    91    39     5     3     1    -1    -0.00000000
   0.060    91    40     5     1     0     1     0.00000000
   0.060    91    41     5     1     1    -1    -0.00000000
   0.060    91    42     5     5     1     1     0.00000000
   0.060    91    43     5     5     2    -1     0.00000000
   0.060    91    44     5     3     1     1    -0.00000000
   0.060    91    45     5     3     2    -1    -0.00000000
   0.060    91    46     5     1     1     1    -0.00000000
   0.060    91    47     5     5     2     1    -0.00000000
   0.060    91    48     5     5     3    -1    -0.00000000
   0.060    91    49     5     3     2     1     0.00000000
   0.060    91    50     5     3     3    -1     0.00000000
   0.060    91    51     5     5     3     1    -0.00000000
   0.060    91    52     5     5     4    -1     0.00000000
   0.060    91    53     5     3     3     1    -0.00000000
   0.060    91    54     5     5     4     1    -0.00000000
   0.060    91    55     5     5     5    -1     0.00000000
   0.060    91    56     5     5     5     1     0.00000000
   0.060    91    57     6     6     0     1     0.00000333
   0.060    91    58     6     6     1    -1    -0.00000309
   0.060    91    59     6     4     0     1     0.00216574
   0.060    91    60     6     4     1    -1    -0.00114667
   0.060    91    61     6     2     0     1     0.00691174
   0.060    91    62     6     2     1    -1    -0.00675164
   0.060    91    63     6     0     0     1     0.99974678
   0.060    91    64     6     6     1     1    -0.00000000
   0.060    91    65     6     6     2    -1    -0.00000000
   0.060    91    66     6     4     1     1     0.00000000
   0.060    91    67     6     4     2    -1     0.00000000
   0.060    91    68     6     2     1     1    -0.00000000
   0.060    91    69     6     2     2    -1     0.00000000
   0.060    91    70     6     6     2     1     0.00000000
   0.060    91    71     6     6     3    -1     0.00000000
   0.060    91    72     6     4     2     1    -0.00000000
   0.060    91    73     6     4     3    -1     0.00000000
   0.060    91    74     6     2     2     1     0.00000000
   0.060    91    75     6     6     3     1     0.00000000
   0.060    91    76     6     6     4    -1     0.00000000
   0.060    91    77     6     4     3     1     0.00000000
   0.060    91    78     6     4     4    -1    -0.00000000
   0.060    91    79     6     6     4     1    -0.00000000
   0.060    91    80     6     6     5    -1     0.00000000
   0.060    91    81     6     4     4     1    -0.00000000
   0.060    91    82     6     6     5     1    -0.00000000
   0.060    91    83     6     6     6    -1    -0.00000000
   0.060    91    84     6     6     6     1    -0.00000000
   0.060    91    85     7     7     0     1     0.00000000
   0.060    91    86     7     7     1    -1     0.00000000
   0.060    91    87     7     5     0     1     0.00000000
   0.060    91    88     7     5     1    -1     0.00000000
   0.060    91    89     7     3     0     1    -0.00000000
   0.060    91    90     7     3     1    -1    -0.00000000
   0.060    91    91     7     1     0     1    -0.00000000
   0.060    91    92     7     1     1    -1    -0.00000000
   0.060    91    93     7     7     1     1    -0.00000000
   0.060    91    94     7     7     2    -1    -0.00000000
   0.060    91    95     7     5     1     1    -0.00000000
   0.060    91    96     7     5     2    -1    -0.00000000
   0.060    91    97     7     3     1     1     0.00000000
   0.060    91    98     7     3     2    -1     0.00000000
   0.060    91    99     7     1     1     1    -0.00000000
   0.060    91   100     7     7     2     1     0.00000000
   0.060    91   101     7     7     3    -1     0.00000000
   0.060    91   102     7     5     2     1    -0.00000000
   0.060    91   103     7     5     3    -1    -0.00000000
   0.060    91   104     7     3     2     1    -0.00000000
   0.060    91   105     7     3     3    -1    -0.00000000
   0.060    91   106     7     7     3     1     0.00000000
   0.060    91   107     7     7     4    -1     0.00000000
   0.060    91   108     7     5     3     1    -0.00000000
   0.060    91   109     7     5     4    -1     0.00000000
   0.060    91   110     7     3     3     1    -0.00000000
   0.060    91   111     7     7     4     1    -0.00000000
   0.060    91   112     7     7     5    -1    -0.00000000
   0.060    91   113     7     5     4     1     0.00000000
   0.060    91   114     7     5     5    -1    -0.00000000
   0.060    91   115     7     7     5     1     0.00000000
   0.060    91   116     7     7     6    -1     0.00000000
   0.060    91   117     7     5     5     1     0.00000000
   0.060    91   118     7     7     6     1     0.00000000
   0.060    91   119     7     7     7    -1     0.00000000
   0.060    91   120     7     7     7     1     0.00000000
   0.060    92     1     0     0     0     1     0.00000000
   0.060    92     2     1     1     0     1     0.00000229
   0.060    92     3     1     1     1    -1    -0.00000007
   0.060    92     4     1     1     1     1    -0.00000000
   0.060    92     5     2     2     0     1     0.00000000
   0.060    92     6     2     2     1    -1     0.00000000
   0.060    92     7     2     0     0     1     0.00000000
   0.060    92     8     2     2     1     1     0.00000000
   0.060    92     9     2     2     2    -1    -0.00000000
   0.060    92    10     2     2     2     1    -0.00000000
   0.060    92    11     3     3     0     1    -0.00021740
   0.060    92    12     3     3     1    -1    -0.00014384
   0.060    92    13     3     1     0     1    -0.00028317
   0.060    92    14     3     1     1    -1    -0.00020837
   0.060    92    15     3     3     1     1    -0.00000000
   0.060    92    16     3     3     2    -1    -0.00000000
   0.060    92    17     3     1     1     1    -0.00000000
   0.060    92    18     3     3     2     1     0.00000000
   0.060    92    19     3     3     3    -1    -0.00000000
   0.060    92    20     3     3     3     1    -0.00000000
   0.060    92    21     4     4     0     1     0.00000000
   0.060    92    22     4     4     1    -1    -0.00000000
   0.060    92    23     4     2     0     1    -0.00000000
   0.060    92    24     4     2     1    -1     0.00000000
   0.060    92    25     4     0     0     1     0.00000000
   0.060    92    26     4     4     1     1    -0.00000000
   0.060    92    27     4     4     2    -1     0.00000000
   0.060    92    28     4     2     1     1    -0.00000000
   0.060    92    29     4     2     2    -1    -0.00000000
   0.060    92    30     4     4     2     1     0.00000000
   0.060    92    31     4     4     3    -1     0.00000000
   0.060    92    32     4     2     2     1     0.00000000
   0.060    92    33     4     4     3     1     0.00000000
   0.060    92    34     4     4     4    -1    -0.00000000
   0.060    92    35     4     4     4     1     0.00000000
   0.060    92    36     5     5     0     1     0.00958290
   0.060    92    37     5     5     1    -1     0.00745755
   0.060    92    38     5     3     0     1     0.02255788
   0.060    92    39     5     3     1    -1     0.01945766
   0.060    92    40     5     1     0     1    -0.00014192
   0.060    92    41     5     1     1    -1    -0.00004359
   0.060    92    42     5     5     1     1     0.00000000
   0.060    92    43     5     5     2    -1    -0.00000000
   0.060    92    44     5     3     1     1     0.00000000
   0.060    92    45     5     3     2    -1     0.00000000
   0.060    92    46     5     1     1     1    -0.00000000
   0.060    92    47     5     5     2     1    -0.00000000
   0.060    92    48     5     5     3    -1     0.00000000
   0.060    92    49     5     3     2     1     0.00000000
   0.060    92    50     5     3     3    -1     0.00000000
   0.060    92    51     5     5     3     1     0.00000000
   0.060    92    52     5     5     4    -1     0.00000000
   0.060    92    53     5     3     3     1     0.00000000
   0.060    92    54     5     5     4     1     0.00000000
   0.060    92    55     5     5     5    -1    -0.00000000
   0.060    92    56     5     5     5     1     0.00000000
   0.060    92    57     6     6     0     1     0.00000000
   0.060    92    58     6     6     1    -1    -0.00000000
   0.060    92    59     6     4     0     1    -0.00000000
   0.060    92    60     6     4     1    -1     0.00000000
   0.060    92    61     6     2     0     1     0.00000000
   0.060    92    62     6     2     1    -1    -0.00000000
   0.060    92    63     6     0     0     1     0.00000000
   0.060    92    64     6     6     1     1     0.00000000
   0.060    92    65     6     6     2    -1    -0.00000000
   0.060    92    66     6     4     1     1     0.00000000
   0.060    92    67     6     4     2    -1    -0.00000000
   0.060    92    68     6     2     1     1     0.00000000
   0.060    92    69     6     2     2    -1    -0.00000000
   0.060    92    70     6     6     2     1     0.00000000
   0.060    92    71     6     6     3    -1    -0.00000000
   0.060    92    72     6     4     2     1    -0.00000000
   0.060    92    73     6     4     3    -1     0.00000000
   0.060    92    74     6     2     2     1     0.00000000
   0.060    92    75     6     6     3     1    -0.00000000
   0.060    92    76     6     6     4    -1     0.00000000
   0.060    92    77     6     4     3     1    -0.00000000
   0.060    92    78     6     4     4    -1     0.00000000
   0.060    92    79     6     6     4     1    -0.00000000
   0.060    92    80     6     6     5    -1     0.00000000
   0.060    92    81     6     4     4     1     0.00000000
   0.060    92    82     6     6     5     1    -0.00000000
   0.060    92    83     6     6     6    -1     0.00000000
   0.060    92    84     6     6     6     1     0.00000000
   0.060    92    85     7     7     0     1    -0.00022584
   0.060    92    86     7     7     1    -1    -0.00058272
   0.060    92    87     7     5     0     1    -0.74332791
   0.060    92    88     7     5     1    -1    -0.66814628
   0.060    92    89     7     3     0     1     0.00209759
   0.060    92    90     7     3     1    -1     0.00152849
   0.060    92    91     7     1     0     1     0.00120265
   0.060    92    92     7     1     1    -1     0.00069114
   0.060    92    93     7     7     1     1     0.00000000
   0.060    92    94     7     7     2    -1    -0.00000000
   0.060    92    95     7     5     1     1    -0.00000000
   0.060    92    96     7     5     2    -1    -0.00000000
   0.060    92    97     7     3     1     1    -0.00000000
   0.060    92    98     7     3     2    -1    -0.00000000
   0.060    92    99     7     1     1     1    -0.00000000
   0.060    92   100     7     7     2     1     0.00000000
   0.060    92   101     7     7     3    -1    -0.00000000
   0.060    92   102     7     5     2     1     0.00000000
   0.060    92   103     7     5     3    -1     0.00000000
   0.060    92   104     7     3     2     1     0.00000000
   0.060    92   105     7     3     3    -1     0.00000000
   0.060    92   106     7     7     3     1    -0.00000000
   0.060    92   107     7     7     4    -1    -0.00000000
   0.060    92   108     7     5     3     1     0.00000000
   0.060    92   109     7     5     4    -1    -0.00000000
   0.060    92   110     7     3     3     1     0.00000000
   0.060    92   111     7     7     4     1    -0.00000000
   0.060    92   112     7     7     5    -1    -0.00000000
   0.060    92   113     7     5     4     1    -0.00000000
   0.060    92   114     7     5     5    -1     0.00000000
   0.060    92   115     7     7     5     1     0.00000000
   0.060    92   116     7     7     6    -1     0.00000000
   0.060    92   117     7     5     5     1     0.00000000
   0.060    92   118     7     7     6     1     0.00000000
   0.060    92   119     7     7     7    -1     0.00000000
   0.060    92   120     7     7     7     1     0.00000000
   0.060    93     1     0     0     0     1    -0.00000000
   0.060    93     2     1     1     0     1     0.00000000
   0.060    93     3     1     1     1    -1     0.00000000
   0.060    93     4     1     1     1     1    -0.00000000
   0.060    93     5     2     2     0     1    -0.00000000
   0.060    93     6     2     2     1    -1     0.00000000
   0.060    93     7     2     0     0     1    -0.00000000
   0.060    93     8     2     2     1     1    -0.00000000
   0.060    93     9     2     2     2    -1    -0.00000000
   0.060    93    10     2     2     2     1     0.00000000
   0.060    93    11     3     3     0     1    -0.00000000
   0.060    93    12     3     3     1    -1     0.00000000
   0.060    93    13     3     1     0     1     0.00000000
   0.060    93    14     3     1     1    -1     0.00000000
   0.060    93    15     3     3     1     1    -0.00018476
   0.060    93    16     3     3     2    -1    -0.00001534
   0.060    93    17     3     1     1     1    -0.00024949
   0.060    93    18     3     3     2     1     0.00000000
   0.060    93    19     3     3     3    -1     0.00000000
   0.060    93    20     3     3     3     1    -0.00000000
   0.060    93    21     4     4     0     1    -0.00000000
   0.060    93    22     4     4     1    -1    -0.00000000
   0.060    93    23     4     2     0     1    -0.00000000
   0.060    93    24     4     2     1    -1    -0.00000000
   0.060    93    25     4     0     0     1    -0.00000000
   0.060    93    26     4     4     1     1    -0.00000000
   0.060    93    27     4     4     2    -1    -0.00000000
   0.060    93    28     4     2     1     1    -0.00000000
   0.060    93    29     4     2     2    -1     0.00000000
   0.060    93    30     4     4     2     1     0.00000000
   0.060    93    31     4     4     3    -1    -0.00000000
   0.060    93    32     4     2     2     1     0.00000000
   0.060    93    33     4     4     3     1    -0.00000000
   0.060    93    34     4     4     4    -1    -0.00000000
   0.060    93    35     4     4     4     1    -0.00000000
   0.060    93    36     5     5     0     1     0.00000000
   0.060    93    37     5     5     1    -1    -0.00000000
   0.060    93    38     5     3     0     1    -0.00000000
   0.060    93    39     5     3     1    -1    -0.00000000
   0.060    93    40     5     1     0     1     0.00000000
   0.060    93    41     5     1     1    -1    -0.00000000
   0.060    93    42     5     5     1     1     0.00963652
   0.060    93    43     5     5     2    -1     0.00391108
   0.060    93    44     5     3     1     1     0.02343340
   0.060    93    45     5     3     2    -1     0.01461509
   0.060    93    46     5     1     1     1    -0.00004659
   0.060    93    47     5     5     2     1     0.00000000
   0.060    93    48     5     5     3    -1    -0.00000000
   0.060    93    49     5     3     2     1    -0.00000000
   0.060    93    50     5     3     3    -1     0.00000000
   0.060    93    51     5     5     3     1    -0.00000000
   0.060    93    52     5     5     4    -1     0.00000000
   0.060    93    53     5     3     3     1    -0.00000000
   0.060    93    54     5     5     4     1    -0.00000000
   0.060    93    55     5     5     5    -1     0.00000000
   0.060    93    56     5     5     5     1     0.00000000
   0.060    93    57     6     6     0     1    -0.00000000
   0.060    93    58     6     6     1    -1    -0.00000000
   0.060    93    59     6     4     0     1    -0.00000000
   0.060    93    60     6     4     1    -1    -0.00000000
   0.060    93    61     6     2     0     1    -0.00000000
   0.060    93    62     6     2     1    -1    -0.00000000
   0.060    93    63     6     0     0     1    -0.00000000
   0.060    93    64     6     6     1     1    -0.00000000
   0.060    93    65     6     6     2    -1    -0.00000000
   0.060    93    66     6     4     1     1    -0.00000000
   0.060    93    67     6     4     2    -1     0.00000000
   0.060    93    68     6     2     1     1    -0.00000000
   0.060    93    69     6     2     2    -1    -0.00000000
   0.060    93    70     6     6     2     1    -0.00000000
   0.060    93    71     6     6     3    -1    -0.00000000
   0.060    93    72     6     4     2     1     0.00000000
   0.060    93    73     6     4     3    -1    -0.00000000
   0.060    93    74     6     2     2     1    -0.00000000
   0.060    93    75     6     6     3     1     0.00000000
   0.060    93    76     6     6     4    -1    -0.00000000
   0.060    93    77     6     4     3     1    -0.00000000
   0.060    93    78     6     4     4    -1     0.00000000
   0.060    93    79     6     6     4     1     0.00000000
   0.060    93    80     6     6     5    -1     0.00000000
   0.060    93    81     6     4     4     1     0.00000000
   0.060    93    82     6     6     5     1    -0.00000000
   0.060    93    83     6     6     6    -1     0.00000000
   0.060    93    84     6     6     6     1     0.00000000
   0.060    93    85     7     7     0     1    -0.00000000
   0.060    93    86     7     7     1    -1     0.00000000
   0.060    93    87     7     5     0     1     0.00000000
   0.060    93    88     7     5     1    -1     0.00000000
   0.060    93    89     7     3     0     1    -0.00000000
   0.060    93    90     7     3     1    -1     0.00000000
   0.060    93    91     7     1     0     1    -0.00000000
   0.060    93    92     7     1     1    -1    -0.00000000
   0.060    93    93     7     7     1     1     0.00011157
   0.060    93    94     7     7     2    -1    -0.00084931
   0.060    93    95     7     5     1     1    -0.81050662
   0.060    93    96     7     5     2    -1    -0.58498204
   0.060    93    97     7     3     1     1     0.00157202
   0.060    93    98     7     3     2    -1     0.00040531
   0.060    93    99     7     1     1     1     0.00082350
   0.060    93   100     7     7     2     1     0.00000000
   0.060    93   101     7     7     3    -1    -0.00000000
   0.060    93   102     7     5     2     1     0.00000000
   0.060    93   103     7     5     3    -1     0.00000000
   0.060    93   104     7     3     2     1    -0.00000000
   0.060    93   105     7     3     3    -1    -0.00000000
   0.060    93   106     7     7     3     1     0.00000000
   0.060    93   107     7     7     4    -1     0.00000000
   0.060    93   108     7     5     3     1    -0.00000000
   0.060    93   109     7     5     4    -1    -0.00000000
   0.060    93   110     7     3     3     1     0.00000000
   0.060    93   111     7     7     4     1    -0.00000000
   0.060    93   112     7     7     5    -1    -0.00000000
   0.060    93   113     7     5     4     1     0.00000000
   0.060    93   114     7     5     5    -1    -0.00000000
   0.060    93   115     7     7     5     1     0.00000000
   0.060    93   116     7     7     6    -1     0.00000000
   0.060    93   117     7     5     5     1     0.00000000
   0.060    93   118     7     7     6     1     0.00000000
   0.060    93   119     7     7     7    -1     0.00000000
   0.060    93   120     7     7     7     1     0.00000000
   0.060    94     1     0     0     0     1    -0.00000000
   0.060    94     2     1     1     0     1     0.00000000
   0.060    94     3     1     1     1    -1     0.00000000
   0.060    94     4     1     1     1     1     0.00000000
   0.060    94     5     2     2     0     1    -0.00000000
   0.060    94     6     2     2     1    -1    -0.00000000
   0.060    94     7     2     0     0     1     0.00000000
   0.060    94     8     2     2     1     1     0.00002059
   0.060    94     9     2     2     2    -1    -0.00010739
   0.060    94    10     2     2     2     1    -0.00000000
   0.060    94    11     3     3     0     1     0.00000000
   0.060    94    12     3     3     1    -1    -0.00000000
   0.060    94    13     3     1     0     1    -0.00000000
   0.060    94    14     3     1     1    -1    -0.00000000
   0.060    94    15     3     3     1     1    -0.00000000
   0.060    94    16     3     3     2    -1    -0.00000000
   0.060    94    17     3     1     1     1     0.00000000
   0.060    94    18     3     3     2     1    -0.00000000
   0.060    94    19     3     3     3    -1    -0.00000000
   0.060    94    20     3     3     3     1    -0.00000000
   0.060    94    21     4     4     0     1    -0.00000000
   0.060    94    22     4     4     1    -1    -0.00000000
   0.060    94    23     4     2     0     1    -0.00000000
   0.060    94    24     4     2     1    -1    -0.00000000
   0.060    94    25     4     0     0     1     0.00000000
   0.060    94    26     4     4     1     1    -0.00275575
   0.060    94    27     4     4     2    -1     0.00565704
   0.060    94    28     4     2     1     1    -0.00159075
   0.060    94    29     4     2     2    -1    -0.01579973
   0.060    94    30     4     4     2     1    -0.00000000
   0.060    94    31     4     4     3    -1    -0.00000000
   0.060    94    32     4     2     2     1    -0.00000000
   0.060    94    33     4     4     3     1    -0.00000000
   0.060    94    34     4     4     4    -1     0.00000000
   0.060    94    35     4     4     4     1     0.00000000
   0.060    94    36     5     5     0     1     0.00000000
   0.060    94    37     5     5     1    -1    -0.00000000
   0.060    94    38     5     3     0     1    -0.00000000
   0.060    94    39     5     3     1    -1     0.00000000
   0.060    94    40     5     1     0     1     0.00000000
   0.060    94    41     5     1     1    -1    -0.00000000
   0.060    94    42     5     5     1     1    -0.00000000
   0.060    94    43     5     5     2    -1    -0.00000000
   0.060    94    44     5     3     1     1     0.00000000
   0.060    94    45     5     3     2    -1    -0.00000000
   0.060    94    46     5     1     1     1    -0.00000000
   0.060    94    47     5     5     2     1     0.00000000
   0.060    94    48     5     5     3    -1     0.00000000
   0.060    94    49     5     3     2     1    -0.00000000
   0.060    94    50     5     3     3    -1    -0.00000000
   0.060    94    51     5     5     3     1     0.00000000
   0.060    94    52     5     5     4    -1     0.00000000
   0.060    94    53     5     3     3     1     0.00000000
   0.060    94    54     5     5     4     1     0.00000000
   0.060    94    55     5     5     5    -1    -0.00000000
   0.060    94    56     5     5     5     1     0.00000000
   0.060    94    57     6     6     0     1    -0.00000000
   0.060    94    58     6     6     1    -1     0.00000000
   0.060    94    59     6     4     0     1     0.00000000
   0.060    94    60     6     4     1    -1    -0.00000000
   0.060    94    61     6     2     0     1    -0.00000000
   0.060    94    62     6     2     1    -1    -0.00000000
   0.060    94    63     6     0     0     1     0.00000000
   0.060    94    64     6     6     1     1     0.00011024
   0.060    94    65     6     6     2    -1    -0.00017107
   0.060    94    66     6     4     1     1    -0.00010644
   0.060    94    67     6     4     2    -1     0.00089653
   0.060    94    68     6     2     1     1     0.30597407
   0.060    94    69     6     2     2    -1    -0.95188615
   0.060    94    70     6     6     2     1     0.00000000
   0.060    94    71     6     6     3    -1    -0.00000000
   0.060    94    72     6     4     2     1     0.00000000
   0.060    94    73     6     4     3    -1    -0.00000000
   0.060    94    74     6     2     2     1    -0.00000000
   0.060    94    75     6     6     3     1    -0.00000000
   0.060    94    76     6     6     4    -1     0.00000000
   0.060    94    77     6     4     3     1     0.00000000
   0.060    94    78     6     4     4    -1    -0.00000000
   0.060    94    79     6     6     4     1     0.00000000
   0.060    94    80     6     6     5    -1     0.00000000
   0.060    94    81     6     4     4     1    -0.00000000
   0.060    94    82     6     6     5     1     0.00000000
   0.060    94    83     6     6     6    -1    -0.00000000
   0.060    94    84     6     6     6     1    -0.00000000
   0.060    94    85     7     7     0     1     0.00000000
   0.060    94    86     7     7     1    -1    -0.00000000
   0.060    94    87     7     5     0     1     0.00000000
   0.060    94    88     7     5     1    -1     0.00000000
   0.060    94    89     7     3     0     1     0.00000000
   0.060    94    90     7     3     1    -1    -0.00000000
   0.060    94    91     7     1     0     1    -0.00000000
   0.060    94    92     7     1     1    -1    -0.00000000
   0.060    94    93     7     7     1     1     0.00000000
   0.060    94    94     7     7     2    -1    -0.00000000
   0.060    94    95     7     5     1     1     0.00000000
   0.060    94    96     7     5     2    -1     0.00000000
   0.060    94    97     7     3     1     1     0.00000000
   0.060    94    98     7     3     2    -1     0.00000000
   0.060    94    99     7     1     1     1     0.00000000
   0.060    94   100     7     7     2     1    -0.00000000
   0.060    94   101     7     7     3    -1    -0.00000000
   0.060    94   102     7     5     2     1     0.00000000
   0.060    94   103     7     5     3    -1     0.00000000
   0.060    94   104     7     3     2     1     0.00000000
   0.060    94   105     7     3     3    -1     0.00000000
   0.060    94   106     7     7     3     1    -0.00000000
   0.060    94   107     7     7     4    -1    -0.00000000
   0.060    94   108     7     5     3     1     0.00000000
   0.060    94   109     7     5     4    -1    -0.00000000
   0.060    94   110     7     3     3     1     0.00000000
   0.060    94   111     7     7     4     1    -0.00000000
   0.060    94   112     7     7     5    -1    -0.00000000
   0.060    94   113     7     5     4     1    -0.00000000
   0.060    94   114     7     5     5    -1     0.00000000
   0.060    94   115     7     7     5     1     0.00000000
   0.060    94   116     7     7     6    -1     0.00000000
   0.060    94   117     7     5     5     1     0.00000000
   0.060    94   118     7     7     6     1     0.00000000
   0.060    94   119     7     7     7    -1     0.00000000
   0.060    94   120     7     7     7     1     0.00000000
   0.060    95     1     0     0     0     1    -0.00000000
   0.060    95     2     1     1     0     1     0.00000000
   0.060    95     3     1     1     1    -1     0.00000000
   0.060    95     4     1     1     1     1    -0.00000000
   0.060    95     5     2     2     0     1    -0.00000000
   0.060    95     6     2     2     1    -1     0.00000000
   0.060    95     7     2     0     0     1     0.00000000
   0.060    95     8     2     2     1     1    -0.00000000
   0.060    95     9     2     2     2    -1    -0.00000000
   0.060    95    10     2     2     2     1    -0.00000000
   0.060    95    11     3     3     0     1     0.00000000
   0.060    95    12     3     3     1    -1     0.00000000
   0.060    95    13     3     1     0     1    -0.00000000
   0.060    95    14     3     1     1    -1     0.00000000
   0.060    95    15     3     3     1     1    -0.00000000
   0.060    95    16     3     3     2    -1     0.00000000
   0.060    95    17     3     1     1     1     0.00000000
   0.060    95    18     3     3     2     1    -0.00004441
   0.060    95    19     3     3     3    -1     0.00008021
   0.060    95    20     3     3     3     1    -0.00000000
   0.060    95    21     4     4     0     1     0.00000000
   0.060    95    22     4     4     1    -1    -0.00000000
   0.060    95    23     4     2     0     1    -0.00000000
   0.060    95    24     4     2     1    -1     0.00000000
   0.060    95    25     4     0     0     1    -0.00000000
   0.060    95    26     4     4     1     1     0.00000000
   0.060    95    27     4     4     2    -1    -0.00000000
   0.060    95    28     4     2     1     1    -0.00000000
   0.060    95    29     4     2     2    -1     0.00000000
   0.060    95    30     4     4     2     1     0.00000000
   0.060    95    31     4     4     3    -1    -0.00000000
   0.060    95    32     4     2     2     1     0.00000000
   0.060    95    33     4     4     3     1    -0.00000000
   0.060    95    34     4     4     4    -1    -0.00000000
   0.060    95    35     4     4     4     1    -0.00000000
   0.060    95    36     5     5     0     1    -0.00000000
   0.060    95    37     5     5     1    -1    -0.00000000
   0.060    95    38     5     3     0     1     0.00000000
   0.060    95    39     5     3     1    -1    -0.00000000
   0.060    95    40     5     1     0     1     0.00000000
   0.060    95    41     5     1     1    -1    -0.00000000
   0.060    95    42     5     5     1     1     0.00000000
   0.060    95    43     5     5     2    -1     0.00000000
   0.060    95    44     5     3     1     1     0.00000000
   0.060    95    45     5     3     2    -1     0.00000000
   0.060    95    46     5     1     1     1     0.00000000
   0.060    95    47     5     5     2     1     0.00710973
   0.060    95    48     5     5     3    -1    -0.00026025
   0.060    95    49     5     3     2     1     0.02140099
   0.060    95    50     5     3     3    -1     0.00851287
   0.060    95    51     5     5     3     1    -0.00000000
   0.060    95    52     5     5     4    -1     0.00000000
   0.060    95    53     5     3     3     1     0.00000000
   0.060    95    54     5     5     4     1     0.00000000
   0.060    95    55     5     5     5    -1    -0.00000000
   0.060    95    56     5     5     5     1     0.00000000
   0.060    95    57     6     6     0     1     0.00000000
   0.060    95    58     6     6     1    -1     0.00000000
   0.060    95    59     6     4     0     1    -0.00000000
   0.060    95    60     6     4     1    -1     0.00000000
   0.060    95    61     6     2     0     1     0.00000000
   0.060    95    62     6     2     1    -1     0.00000000
   0.060    95    63     6     0     0     1     0.00000000
   0.060    95    64     6     6     1     1     0.00000000
   0.060    95    65     6     6     2    -1     0.00000000
   0.060    95    66     6     4     1     1     0.00000000
   0.060    95    67     6     4     2    -1     0.00000000
   0.060    95    68     6     2     1     1     0.00000000
   0.060    95    69     6     2     2    -1     0.00000000
   0.060    95    70     6     6     2     1     0.00000000
   0.060    95    71     6     6     3    -1     0.00000000
   0.060    95    72     6     4     2     1     0.00000000
   0.060    95    73     6     4     3    -1     0.00000000
   0.060    95    74     6     2     2     1     0.00000000
   0.060    95    75     6     6     3     1    -0.00000000
   0.060    95    76     6     6     4    -1    -0.00000000
   0.060    95    77     6     4     3     1    -0.00000000
   0.060    95    78     6     4     4    -1     0.00000000
   0.060    95    79     6     6     4     1    -0.00000000
   0.060    95    80     6     6     5    -1    -0.00000000
   0.060    95    81     6     4     4     1     0.00000000
   0.060    95    82     6     6     5     1    -0.00000000
   0.060    95    83     6     6     6    -1     0.00000000
   0.060    95    84     6     6     6     1    -0.00000000
   0.060    95    85     7     7     0     1     0.00000000
   0.060    95    86     7     7     1    -1    -0.00000000
   0.060    95    87     7     5     0     1    -0.00000000
   0.060    95    88     7     5     1    -1     0.00000000
   0.060    95    89     7     3     0     1    -0.00000000
   0.060    95    90     7     3     1    -1     0.00000000
   0.060    95    91     7     1     0     1    -0.00000000
   0.060    95    92     7     1     1    -1     0.00000000
   0.060    95    93     7     7     1     1    -0.00000000
   0.060    95    94     7     7     2    -1     0.00000000
   0.060    95    95     7     5     1     1    -0.00000000
   0.060    95    96     7     5     2    -1    -0.00000000
   0.060    95    97     7     3     1     1    -0.00000000
   0.060    95    98     7     3     2    -1    -0.00000000
   0.060    95    99     7     1     1     1     0.00000000
   0.060    95   100     7     7     2     1     0.00033712
   0.060    95   101     7     7     3    -1    -0.00091000
   0.060    95   102     7     5     2     1    -0.86958666
   0.060    95   103     7     5     3    -1    -0.49319046
   0.060    95   104     7     3     2     1     0.00013189
   0.060    95   105     7     3     3    -1    -0.00039765
   0.060    95   106     7     7     3     1    -0.00000000
   0.060    95   107     7     7     4    -1     0.00000000
   0.060    95   108     7     5     3     1     0.00000000
   0.060    95   109     7     5     4    -1     0.00000000
   0.060    95   110     7     3     3     1     0.00000000
   0.060    95   111     7     7     4     1    -0.00000000
   0.060    95   112     7     7     5    -1    -0.00000000
   0.060    95   113     7     5     4     1    -0.00000000
   0.060    95   114     7     5     5    -1    -0.00000000
   0.060    95   115     7     7     5     1     0.00000000
   0.060    95   116     7     7     6    -1     0.00000000
   0.060    95   117     7     5     5     1     0.00000000
   0.060    95   118     7     7     6     1     0.00000000
   0.060    95   119     7     7     7    -1     0.00000000
   0.060    95   120     7     7     7     1     0.00000000
   0.060    96     1     0     0     0     1    -0.00000000
   0.060    96     2     1     1     0     1     0.00000000
   0.060    96     3     1     1     1    -1     0.00000000
   0.060    96     4     1     1     1     1     0.00000000
   0.060    96     5     2     2     0     1    -0.00000000
   0.060    96     6     2     2     1    -1     0.00000000
   0.060    96     7     2     0     0     1    -0.00000000
   0.060    96     8     2     2     1     1     0.00000000
   0.060    96     9     2     2     2    -1    -0.00000000
   0.060    96    10     2     2     2     1    -0.00000000
   0.060    96    11     3     3     0     1     0.00000000
   0.060    96    12     3     3     1    -1     0.00000000
   0.060    96    13     3     1     0     1     0.00000000
   0.060    96    14     3     1     1    -1    -0.00000000
   0.060    96    15     3     3     1     1    -0.00000000
   0.060    96    16     3     3     2    -1     0.00000000
   0.060    96    17     3     1     1     1    -0.00000000
   0.060    96    18     3     3     2     1     0.00000000
   0.060    96    19     3     3     3    -1    -0.00000000
   0.060    96    20     3     3     3     1     0.00012063
   0.060    96    21     4     4     0     1    -0.00000000
   0.060    96    22     4     4     1    -1    -0.00000000
   0.060    96    23     4     2     0     1    -0.00000000
   0.060    96    24     4     2     1    -1     0.00000000
   0.060    96    25     4     0     0     1    -0.00000000
   0.060    96    26     4     4     1     1     0.00000000
   0.060    96    27     4     4     2    -1    -0.00000000
   0.060    96    28     4     2     1     1     0.00000000
   0.060    96    29     4     2     2    -1     0.00000000
   0.060    96    30     4     4     2     1    -0.00000000
   0.060    96    31     4     4     3    -1    -0.00000000
   0.060    96    32     4     2     2     1     0.00000000
   0.060    96    33     4     4     3     1    -0.00000000
   0.060    96    34     4     4     4    -1    -0.00000000
   0.060    96    35     4     4     4     1     0.00000000
   0.060    96    36     5     5     0     1    -0.00000000
   0.060    96    37     5     5     1    -1     0.00000000
   0.060    96    38     5     3     0     1    -0.00000000
   0.060    96    39     5     3     1    -1    -0.00000000
   0.060    96    40     5     1     0     1    -0.00000000
   0.060    96    41     5     1     1    -1     0.00000000
   0.060    96    42     5     5     1     1    -0.00000000
   0.060    96    43     5     5     2    -1    -0.00000000
   0.060    96    44     5     3     1     1    -0.00000000
   0.060    96    45     5     3     2    -1     0.00000000
   0.060    96    46     5     1     1     1    -0.00000000
   0.060    96    47     5     5     2     1     0.00000000
   0.060    96    48     5     5     3    -1    -0.00000000
   0.060    96    49     5     3     2     1     0.00000000
   0.060    96    50     5     3     3    -1     0.00000000
   0.060    96    51     5     5     3     1     0.00164858
   0.060    96    52     5     5     4    -1    -0.00406567
   0.060    96    53     5     3     3     1     0.01551318
   0.060    96    54     5     5     4     1    -0.00000000
   0.060    96    55     5     5     5    -1     0.00000000
   0.060    96    56     5     5     5     1     0.00000000
   0.060    96    57     6     6     0     1    -0.00000000
   0.060    96    58     6     6     1    -1    -0.00000000
   0.060    96    59     6     4     0     1    -0.00000000
   0.060    96    60     6     4     1    -1    -0.00000000
   0.060    96    61     6     2     0     1    -0.00000000
   0.060    96    62     6     2     1    -1     0.00000000
   0.060    96    63     6     0     0     1    -0.00000000
   0.060    96    64     6     6     1     1     0.00000000
   0.060    96    65     6     6     2    -1     0.00000000
   0.060    96    66     6     4     1     1     0.00000000
   0.060    96    67     6     4     2    -1     0.00000000
   0.060    96    68     6     2     1     1     0.00000000
   0.060    96    69     6     2     2    -1    -0.00000000
   0.060    96    70     6     6     2     1    -0.00000000
   0.060    96    71     6     6     3    -1    -0.00000000
   0.060    96    72     6     4     2     1     0.00000000
   0.060    96    73     6     4     3    -1    -0.00000000
   0.060    96    74     6     2     2     1    -0.00000000
   0.060    96    75     6     6     3     1    -0.00000000
   0.060    96    76     6     6     4    -1    -0.00000000
   0.060    96    77     6     4     3     1     0.00000000
   0.060    96    78     6     4     4    -1     0.00000000
   0.060    96    79     6     6     4     1     0.00000000
   0.060    96    80     6     6     5    -1     0.00000000
   0.060    96    81     6     4     4     1    -0.00000000
   0.060    96    82     6     6     5     1     0.00000000
   0.060    96    83     6     6     6    -1    -0.00000000
   0.060    96    84     6     6     6     1    -0.00000000
   0.060    96    85     7     7     0     1     0.00000000
   0.060    96    86     7     7     1    -1    -0.00000000
   0.060    96    87     7     5     0     1     0.00000000
   0.060    96    88     7     5     1    -1    -0.00000000
   0.060    96    89     7     3     0     1     0.00000000
   0.060    96    90     7     3     1    -1    -0.00000000
   0.060    96    91     7     1     0     1     0.00000000
   0.060    96    92     7     1     1    -1     0.00000000
   0.060    96    93     7     7     1     1    -0.00000000
   0.060    96    94     7     7     2    -1    -0.00000000
   0.060    96    95     7     5     1     1     0.00000000
   0.060    96    96     7     5     2    -1    -0.00000000
   0.060    96    97     7     3     1     1     0.00000000
   0.060    96    98     7     3     2    -1     0.00000000
   0.060    96    99     7     1     1     1    -0.00000000
   0.060    96   100     7     7     2     1    -0.00000000
   0.060    96   101     7     7     3    -1     0.00000000
   0.060    96   102     7     5     2     1    -0.00000000
   0.060    96   103     7     5     3    -1    -0.00000000
   0.060    96   104     7     3     2     1     0.00000000
   0.060    96   105     7     3     3    -1     0.00000000
   0.060    96   106     7     7     3     1     0.00038548
   0.060    96   107     7     7     4    -1    -0.00065579
   0.060    96   108     7     5     3     1    -0.92063502
   0.060    96   109     7     5     4    -1    -0.39008883
   0.060    96   110     7     3     3     1    -0.00116757
   0.060    96   111     7     7     4     1    -0.00000000
   0.060    96   112     7     7     5    -1     0.00000000
   0.060    96   113     7     5     4     1     0.00000000
   0.060    96   114     7     5     5    -1     0.00000000
   0.060    96   115     7     7     5     1     0.00000000
   0.060    96   116     7     7     6    -1     0.00000000
   0.060    96   117     7     5     5     1     0.00000000
   0.060    96   118     7     7     6     1     0.00000000
   0.060    96   119     7     7     7    -1     0.00000000
   0.060    96   120     7     7     7     1     0.00000000
   0.060    97     1     0     0     0     1     0.00000000
   0.060    97     2     1     1     0     1     0.00000037
   0.060    97     3     1     1     1    -1    -0.00000032
   0.060    97     4     1     1     1     1     0.00000000
   0.060    97     5     2     2     0     1    -0.00000000
   0.060    97     6     2     2     1    -1     0.00000000
   0.060    97     7     2     0     0     1     0.00000000
   0.060    97     8     2     2     1     1     0.00000000
   0.060    97     9     2     2     2    -1    -0.00000000
   0.060    97    10     2     2     2     1     0.00000000
   0.060    97    11     3     3     0     1    -0.00009229
   0.060    97    12     3     3     1    -1     0.00009473
   0.060    97    13     3     1     0     1     0.00000057
   0.060    97    14     3     1     1    -1    -0.00000031
   0.060    97    15     3     3     1     1     0.00000000
   0.060    97    16     3     3     2    -1     0.00000000
   0.060    97    17     3     1     1     1    -0.00000000
   0.060    97    18     3     3     2     1     0.00000000
   0.060    97    19     3     3     3    -1    -0.00000000
   0.060    97    20     3     3     3     1    -0.00000000
   0.060    97    21     4     4     0     1    -0.00000000
   0.060    97    22     4     4     1    -1    -0.00000000
   0.060    97    23     4     2     0     1    -0.00000000
   0.060    97    24     4     2     1    -1    -0.00000000
   0.060    97    25     4     0     0     1     0.00000000
   0.060    97    26     4     4     1     1    -0.00000000
   0.060    97    27     4     4     2    -1     0.00000000
   0.060    97    28     4     2     1     1    -0.00000000
   0.060    97    29     4     2     2    -1     0.00000000
   0.060    97    30     4     4     2     1    -0.00000000
   0.060    97    31     4     4     3    -1     0.00000000
   0.060    97    32     4     2     2     1     0.00000000
   0.060    97    33     4     4     3     1    -0.00000000
   0.060    97    34     4     4     4    -1     0.00000000
   0.060    97    35     4     4     4     1     0.00000000
   0.060    97    36     5     5     0     1     0.01205477
   0.060    97    37     5     5     1    -1    -0.01282645
   0.060    97    38     5     3     0     1    -0.00002778
   0.060    97    39     5     3     1    -1     0.00003698
   0.060    97    40     5     1     0     1    -0.00001716
   0.060    97    41     5     1     1    -1     0.00001389
   0.060    97    42     5     5     1     1    -0.00000000
   0.060    97    43     5     5     2    -1     0.00000000
   0.060    97    44     5     3     1     1    -0.00000000
   0.060    97    45     5     3     2    -1     0.00000000
   0.060    97    46     5     1     1     1     0.00000000
   0.060    97    47     5     5     2     1    -0.00000000
   0.060    97    48     5     5     3    -1     0.00000000
   0.060    97    49     5     3     2     1     0.00000000
   0.060    97    50     5     3     3    -1    -0.00000000
   0.060    97    51     5     5     3     1    -0.00000000
   0.060    97    52     5     5     4    -1     0.00000000
   0.060    97    53     5     3     3     1    -0.00000000
   0.060    97    54     5     5     4     1     0.00000000
   0.060    97    55     5     5     5    -1    -0.00000000
   0.060    97    56     5     5     5     1     0.00000000
   0.060    97    57     6     6     0     1    -0.00000000
   0.060    97    58     6     6     1    -1     0.00000000
   0.060    97    59     6     4     0     1     0.00000000
   0.060    97    60     6     4     1    -1    -0.00000000
   0.060    97    61     6     2     0     1    -0.00000000
   0.060    97    62     6     2     1    -1     0.00000000
   0.060    97    63     6     0     0     1     0.00000000
   0.060    97    64     6     6     1     1     0.00000000
   0.060    97    65     6     6     2    -1     0.00000000
   0.060    97    66     6     4     1     1     0.00000000
   0.060    97    67     6     4     2    -1     0.00000000
   0.060    97    68     6     2     1     1     0.00000000
   0.060    97    69     6     2     2    -1    -0.00000000
   0.060    97    70     6     6     2     1     0.00000000
   0.060    97    71     6     6     3    -1    -0.00000000
   0.060    97    72     6     4     2     1     0.00000000
   0.060    97    73     6     4     3    -1    -0.00000000
   0.060    97    74     6     2     2     1     0.00000000
   0.060    97    75     6     6     3     1    -0.00000000
   0.060    97    76     6     6     4    -1     0.00000000
   0.060    97    77     6     4     3     1    -0.00000000
   0.060    97    78     6     4     4    -1     0.00000000
   0.060    97    79     6     6     4     1    -0.00000000
   0.060    97    80     6     6     5    -1     0.00000000
   0.060    97    81     6     4     4     1     0.00000000
   0.060    97    82     6     6     5     1    -0.00000000
   0.060    97    83     6     6     6    -1     0.00000000
   0.060    97    84     6     6     6     1     0.00000000
   0.060    97    85     7     7     0     1    -0.68078846
   0.060    97    86     7     7     1    -1     0.73226758
   0.060    97    87     7     5     0     1     0.00050002
   0.060    97    88     7     5     1    -1    -0.00093441
   0.060    97    89     7     3     0     1     0.00041800
   0.060    97    90     7     3     1    -1    -0.00034381
   0.060    97    91     7     1     0     1    -0.00000325
   0.060    97    92     7     1     1    -1     0.00000059
   0.060    97    93     7     7     1     1     0.00000000
   0.060    97    94     7     7     2    -1    -0.00000000
   0.060    97    95     7     5     1     1     0.00000000
   0.060    97    96     7     5     2    -1     0.00000000
   0.060    97    97     7     3     1     1    -0.00000000
   0.060    97    98     7     3     2    -1    -0.00000000
   0.060    97    99     7     1     1     1     0.00000000
   0.060    97   100     7     7     2     1     0.00000000
   0.060    97   101     7     7     3    -1    -0.00000000
   0.060    97   102     7     5     2     1     0.00000000
   0.060    97   103     7     5     3    -1     0.00000000
   0.060    97   104     7     3     2     1    -0.00000000
   0.060    97   105     7     3     3    -1     0.00000000
   0.060    97   106     7     7     3     1    -0.00000000
   0.060    97   107     7     7     4    -1    -0.00000000
   0.060    97   108     7     5     3     1    -0.00000000
   0.060    97   109     7     5     4    -1    -0.00000000
   0.060    97   110     7     3     3     1    -0.00000000
   0.060    97   111     7     7     4     1     0.00000000
   0.060    97   112     7     7     5    -1    -0.00000000
   0.060    97   113     7     5     4     1    -0.00000000
   0.060    97   114     7     5     5    -1     0.00000000
   0.060    97   115     7     7     5     1     0.00000000
   0.060    97   116     7     7     6    -1     0.00000000
   0.060    97   117     7     5     5     1     0.00000000
   0.060    97   118     7     7     6     1     0.00000000
   0.060    97   119     7     7     7    -1     0.00000000
   0.060    97   120     7     7     7     1     0.00000000
   0.060    98     1     0     0     0     1     0.00000000
   0.060    98     2     1     1     0     1    -0.00000000
   0.060    98     3     1     1     1    -1    -0.00000000
   0.060    98     4     1     1     1     1     0.00000025
   0.060    98     5     2     2     0     1    -0.00000000
   0.060    98     6     2     2     1    -1    -0.00000000
   0.060    98     7     2     0     0     1     0.00000000
   0.060    98     8     2     2     1     1     0.00000000
   0.060    98     9     2     2     2    -1    -0.00000000
   0.060    98    10     2     2     2     1    -0.00000000
   0.060    98    11     3     3     0     1     0.00000000
   0.060    98    12     3     3     1    -1     0.00000000
   0.060    98    13     3     1     0     1     0.00000000
   0.060    98    14     3     1     1    -1     0.00000000
   0.060    98    15     3     3     1     1    -0.00007612
   0.060    98    16     3     3     2    -1     0.00008089
   0.060    98    17     3     1     1     1    -0.00000004
   0.060    98    18     3     3     2     1    -0.00000000
   0.060    98    19     3     3     3    -1     0.00000000
   0.060    98    20     3     3     3     1    -0.00000000
   0.060    98    21     4     4     0     1    -0.00000000
   0.060    98    22     4     4     1    -1    -0.00000000
   0.060    98    23     4     2     0     1    -0.00000000
   0.060    98    24     4     2     1    -1    -0.00000000
   0.060    98    25     4     0     0     1    -0.00000000
   0.060    98    26     4     4     1     1     0.00000000
   0.060    98    27     4     4     2    -1     0.00000000
   0.060    98    28     4     2     1     1     0.00000000
   0.060    98    29     4     2     2    -1     0.00000000
   0.060    98    30     4     4     2     1     0.00000000
   0.060    98    31     4     4     3    -1     0.00000000
   0.060    98    32     4     2     2     1    -0.00000000
   0.060    98    33     4     4     3     1    -0.00000000
   0.060    98    34     4     4     4    -1     0.00000000
   0.060    98    35     4     4     4     1     0.00000000
   0.060    98    36     5     5     0     1     0.00000000
   0.060    98    37     5     5     1    -1    -0.00000000
   0.060    98    38     5     3     0     1     0.00000000
   0.060    98    39     5     3     1    -1    -0.00000000
   0.060    98    40     5     1     0     1     0.00000000
   0.060    98    41     5     1     1    -1     0.00000000
   0.060    98    42     5     5     1     1     0.01064531
   0.060    98    43     5     5     2    -1    -0.01282782
   0.060    98    44     5     3     1     1    -0.00000507
   0.060    98    45     5     3     2    -1     0.00002729
   0.060    98    46     5     1     1     1    -0.00001453
   0.060    98    47     5     5     2     1    -0.00000000
   0.060    98    48     5     5     3    -1    -0.00000000
   0.060    98    49     5     3     2     1    -0.00000000
   0.060    98    50     5     3     3    -1    -0.00000000
   0.060    98    51     5     5     3     1    -0.00000000
   0.060    98    52     5     5     4    -1     0.00000000
   0.060    98    53     5     3     3     1    -0.00000000
   0.060    98    54     5     5     4     1     0.00000000
   0.060    98    55     5     5     5    -1    -0.00000000
   0.060    98    56     5     5     5     1     0.00000000
   0.060    98    57     6     6     0     1    -0.00000000
   0.060    98    58     6     6     1    -1     0.00000000
   0.060    98    59     6     4     0     1     0.00000000
   0.060    98    60     6     4     1    -1    -0.00000000
   0.060    98    61     6     2     0     1    -0.00000000
   0.060    98    62     6     2     1    -1    -0.00000000
   0.060    98    63     6     0     0     1    -0.00000000
   0.060    98    64     6     6     1     1     0.00000000
   0.060    98    65     6     6     2    -1    -0.00000000
   0.060    98    66     6     4     1     1     0.00000000
   0.060    98    67     6     4     2    -1     0.00000000
   0.060    98    68     6     2     1     1     0.00000000
   0.060    98    69     6     2     2    -1    -0.00000000
   0.060    98    70     6     6     2     1    -0.00000000
   0.060    98    71     6     6     3    -1     0.00000000
   0.060    98    72     6     4     2     1    -0.00000000
   0.060    98    73     6     4     3    -1     0.00000000
   0.060    98    74     6     2     2     1     0.00000000
   0.060    98    75     6     6     3     1     0.00000000
   0.060    98    76     6     6     4    -1    -0.00000000
   0.060    98    77     6     4     3     1     0.00000000
   0.060    98    78     6     4     4    -1     0.00000000
   0.060    98    79     6     6     4     1     0.00000000
   0.060    98    80     6     6     5    -1    -0.00000000
   0.060    98    81     6     4     4     1    -0.00000000
   0.060    98    82     6     6     5     1     0.00000000
   0.060    98    83     6     6     6    -1    -0.00000000
   0.060    98    84     6     6     6     1     0.00000000
   0.060    98    85     7     7     0     1    -0.00000000
   0.060    98    86     7     7     1    -1     0.00000000
   0.060    98    87     7     5     0     1    -0.00000000
   0.060    98    88     7     5     1    -1    -0.00000000
   0.060    98    89     7     3     0     1    -0.00000000
   0.060    98    90     7     3     1    -1    -0.00000000
   0.060    98    91     7     1     0     1    -0.00000000
   0.060    98    92     7     1     1    -1     0.00000000
   0.060    98    93     7     7     1     1    -0.62538948
   0.060    98    94     7     7     2    -1     0.78013391
   0.060    98    95     7     5     1     1    -0.00013193
   0.060    98    96     7     5     2    -1    -0.00097808
   0.060    98    97     7     3     1     1     0.00041166
   0.060    98    98     7     3     2    -1    -0.00023548
   0.060    98    99     7     1     1     1     0.00000035
   0.060    98   100     7     7     2     1    -0.00000000
   0.060    98   101     7     7     3    -1     0.00000000
   0.060    98   102     7     5     2     1     0.00000000
   0.060    98   103     7     5     3    -1     0.00000000
   0.060    98   104     7     3     2     1     0.00000000
   0.060    98   105     7     3     3    -1     0.00000000
   0.060    98   106     7     7     3     1     0.00000000
   0.060    98   107     7     7     4    -1     0.00000000
   0.060    98   108     7     5     3     1    -0.00000000
   0.060    98   109     7     5     4    -1    -0.00000000
   0.060    98   110     7     3     3     1     0.00000000
   0.060    98   111     7     7     4     1     0.00000000
   0.060    98   112     7     7     5    -1     0.00000000
   0.060    98   113     7     5     4     1     0.00000000
   0.060    98   114     7     5     5    -1     0.00000000
   0.060    98   115     7     7     5     1     0.00000000
   0.060    98   116     7     7     6    -1     0.00000000
   0.060    98   117     7     5     5     1     0.00000000
   0.060    98   118     7     7     6     1     0.00000000
   0.060    98   119     7     7     7    -1     0.00000000
   0.060    98   120     7     7     7     1     0.00000000
   0.060    99     1     0     0     0     1     0.00000000
   0.060    99     2     1     1     0     1    -0.00000000
   0.060    99     3     1     1     1    -1     0.00000000
   0.060    99     4     1     1     1     1    -0.00000000
   0.060    99     5     2     2     0     1    -0.00000000
   0.060    99     6     2     2     1    -1     0.00000000
   0.060    99     7     2     0     0     1     0.00000000
   0.060    99     8     2     2     1     1    -0.00000000
   0.060    99     9     2     2     2    -1    -0.00000000
   0.060    99    10     2     2     2     1    -0.00000000
   0.060    99    11     3     3     0     1     0.00000000
   0.060    99    12     3     3     1    -1     0.00000000
   0.060    99    13     3     1     0     1     0.00000000
   0.060    99    14     3     1     1    -1     0.00000000
   0.060    99    15     3     3     1     1     0.00000000
   0.060    99    16     3     3     2    -1     0.00000000
   0.060    99    17     3     1     1     1    -0.00000000
   0.060    99    18     3     3     2     1     0.00000000
   0.060    99    19     3     3     3    -1    -0.00000000
   0.060    99    20     3     3     3     1    -0.00000000
   0.060    99    21     4     4     0     1    -0.00000000
   0.060    99    22     4     4     1    -1     0.00000000
   0.060    99    23     4     2     0     1     0.00000000
   0.060    99    24     4     2     1    -1     0.00000000
   0.060    99    25     4     0     0     1    -0.00000000
   0.060    99    26     4     4     1     1     0.00000000
   0.060    99    27     4     4     2    -1     0.00000000
   0.060    99    28     4     2     1     1    -0.00000000
   0.060    99    29     4     2     2    -1     0.00000000
   0.060    99    30     4     4     2     1    -0.00000000
   0.060    99    31     4     4     3    -1    -0.00000000
   0.060    99    32     4     2     2     1     0.00000000
   0.060    99    33     4     4     3     1    -0.00000000
   0.060    99    34     4     4     4    -1    -0.00000000
   0.060    99    35     4     4     4     1    -0.00000000
   0.060    99    36     5     5     0     1     0.00000000
   0.060    99    37     5     5     1    -1    -0.00000000
   0.060    99    38     5     3     0     1     0.00000000
   0.060    99    39     5     3     1    -1    -0.00000000
   0.060    99    40     5     1     0     1     0.00000000
   0.060    99    41     5     1     1    -1    -0.00000000
   0.060    99    42     5     5     1     1    -0.00000000
   0.060    99    43     5     5     2    -1     0.00000000
   0.060    99    44     5     3     1     1    -0.00000000
   0.060    99    45     5     3     2    -1     0.00000000
   0.060    99    46     5     1     1     1    -0.00000000
   0.060    99    47     5     5     2     1    -0.00000000
   0.060    99    48     5     5     3    -1    -0.00000000
   0.060    99    49     5     3     2     1    -0.00000000
   0.060    99    50     5     3     3    -1     0.00000000
   0.060    99    51     5     5     3     1    -0.00000000
   0.060    99    52     5     5     4    -1    -0.00000000
   0.060    99    53     5     3     3     1     0.00000000
   0.060    99    54     5     5     4     1    -0.00692545
   0.060    99    55     5     5     5    -1    -0.00608288
   0.060    99    56     5     5     5     1     0.00000000
   0.060    99    57     6     6     0     1    -0.00000000
   0.060    99    58     6     6     1    -1     0.00000000
   0.060    99    59     6     4     0     1     0.00000000
   0.060    99    60     6     4     1    -1     0.00000000
   0.060    99    61     6     2     0     1     0.00000000
   0.060    99    62     6     2     1    -1     0.00000000
   0.060    99    63     6     0     0     1     0.00000000
   0.060    99    64     6     6     1     1    -0.00000000
   0.060    99    65     6     6     2    -1    -0.00000000
   0.060    99    66     6     4     1     1    -0.00000000
   0.060    99    67     6     4     2    -1    -0.00000000
   0.060    99    68     6     2     1     1    -0.00000000
   0.060    99    69     6     2     2    -1     0.00000000
   0.060    99    70     6     6     2     1    -0.00000000
   0.060    99    71     6     6     3    -1    -0.00000000
   0.060    99    72     6     4     2     1     0.00000000
   0.060    99    73     6     4     3    -1     0.00000000
   0.060    99    74     6     2     2     1    -0.00000000
   0.060    99    75     6     6     3     1     0.00000000
   0.060    99    76     6     6     4    -1    -0.00000000
   0.060    99    77     6     4     3     1     0.00000000
   0.060    99    78     6     4     4    -1    -0.00000000
   0.060    99    79     6     6     4     1    -0.00000000
   0.060    99    80     6     6     5    -1     0.00000000
   0.060    99    81     6     4     4     1     0.00000000
   0.060    99    82     6     6     5     1    -0.00000000
   0.060    99    83     6     6     6    -1     0.00000000
   0.060    99    84     6     6     6     1    -0.00000000
   0.060    99    85     7     7     0     1    -0.00000000
   0.060    99    86     7     7     1    -1     0.00000000
   0.060    99    87     7     5     0     1    -0.00000000
   0.060    99    88     7     5     1    -1     0.00000000
   0.060    99    89     7     3     0     1    -0.00000000
   0.060    99    90     7     3     1    -1     0.00000000
   0.060    99    91     7     1     0     1     0.00000000
   0.060    99    92     7     1     1    -1    -0.00000000
   0.060    99    93     7     7     1     1     0.00000000
   0.060    99    94     7     7     2    -1    -0.00000000
   0.060    99    95     7     5     1     1     0.00000000
   0.060    99    96     7     5     2    -1    -0.00000000
   0.060    99    97     7     3     1     1     0.00000000
   0.060    99    98     7     3     2    -1     0.00000000
   0.060    99    99     7     1     1     1    -0.00000000
   0.060    99   100     7     7     2     1     0.00000000
   0.060    99   101     7     7     3    -1    -0.00000000
   0.060    99   102     7     5     2     1     0.00000000
   0.060    99   103     7     5     3    -1    -0.00000000
   0.060    99   104     7     3     2     1     0.00000000
   0.060    99   105     7     3     3    -1     0.00000000
   0.060    99   106     7     7     3     1    -0.00000000
   0.060    99   107     7     7     4    -1    -0.00000000
   0.060    99   108     7     5     3     1     0.00000000
   0.060    99   109     7     5     4    -1    -0.00000000
   0.060    99   110     7     3     3     1     0.00000000
   0.060    99   111     7     7     4     1     0.00022942
   0.060    99   112     7     7     5    -1    -0.00000114
   0.060    99   113     7     5     4     1    -0.96391851
   0.060    99   114     7     5     5    -1    -0.26603776
   0.060    99   115     7     7     5     1     0.00000000
   0.060    99   116     7     7     6    -1     0.00000000
   0.060    99   117     7     5     5     1     0.00000000
   0.060    99   118     7     7     6     1     0.00000000
   0.060    99   119     7     7     7    -1     0.00000000
   0.060    99   120     7     7     7     1     0.00000000
   0.060   100     1     0     0     0     1     0.00000000
   0.060   100     2     1     1     0     1     0.00000000
   0.060   100     3     1     1     1    -1     0.00000000
   0.060   100     4     1     1     1     1    -0.00000000
   0.060   100     5     2     2     0     1    -0.00000000
   0.060   100     6     2     2     1    -1     0.00000000
   0.060   100     7     2     0     0     1     0.00000000
   0.060   100     8     2     2     1     1    -0.00000000
   0.060   100     9     2     2     2    -1    -0.00000000
   0.060   100    10     2     2     2     1    -0.00000000
   0.060   100    11     3     3     0     1     0.00000000
   0.060   100    12     3     3     1    -1     0.00000000
   0.060   100    13     3     1     0     1    -0.00000000
   0.060   100    14     3     1     1    -1     0.00000000
   0.060   100    15     3     3     1     1     0.00000000
   0.060   100    16     3     3     2    -1    -0.00000000
   0.060   100    17     3     1     1     1    -0.00000000
   0.060   100    18     3     3     2     1    -0.00005109
   0.060   100    19     3     3     3    -1     0.00005117
   0.060   100    20     3     3     3     1    -0.00000000
   0.060   100    21     4     4     0     1    -0.00000000
   0.060   100    22     4     4     1    -1     0.00000000
   0.060   100    23     4     2     0     1     0.00000000
   0.060   100    24     4     2     1    -1     0.00000000
   0.060   100    25     4     0     0     1    -0.00000000
   0.060   100    26     4     4     1     1     0.00000000
   0.060   100    27     4     4     2    -1    -0.00000000
   0.060   100    28     4     2     1     1     0.00000000
   0.060   100    29     4     2     2    -1     0.00000000
   0.060   100    30     4     4     2     1    -0.00000000
   0.060   100    31     4     4     3    -1    -0.00000000
   0.060   100    32     4     2     2     1     0.00000000
   0.060   100    33     4     4     3     1    -0.00000000
   0.060   100    34     4     4     4    -1    -0.00000000
   0.060   100    35     4     4     4     1     0.00000000
   0.060   100    36     5     5     0     1     0.00000000
   0.060   100    37     5     5     1    -1    -0.00000000
   0.060   100    38     5     3     0     1    -0.00000000
   0.060   100    39     5     3     1    -1    -0.00000000
   0.060   100    40     5     1     0     1    -0.00000000
   0.060   100    41     5     1     1    -1    -0.00000000
   0.060   100    42     5     5     1     1    -0.00000000
   0.060   100    43     5     5     2    -1     0.00000000
   0.060   100    44     5     3     1     1    -0.00000000
   0.060   100    45     5     3     2    -1    -0.00000000
   0.060   100    46     5     1     1     1     0.00000000
   0.060   100    47     5     5     2     1     0.00873296
   0.060   100    48     5     5     3    -1    -0.01191690
   0.060   100    49     5     3     2     1     0.00001492
   0.060   100    50     5     3     3    -1     0.00000759
   0.060   100    51     5     5     3     1    -0.00000000
   0.060   100    52     5     5     4    -1     0.00000000
   0.060   100    53     5     3     3     1    -0.00000000
   0.060   100    54     5     5     4     1     0.00000000
   0.060   100    55     5     5     5    -1    -0.00000000
   0.060   100    56     5     5     5     1     0.00000000
   0.060   100    57     6     6     0     1     0.00000000
   0.060   100    58     6     6     1    -1     0.00000000
   0.060   100    59     6     4     0     1    -0.00000000
   0.060   100    60     6     4     1    -1     0.00000000
   0.060   100    61     6     2     0     1    -0.00000000
   0.060   100    62     6     2     1    -1     0.00000000
   0.060   100    63     6     0     0     1    -0.00000000
   0.060   100    64     6     6     1     1    -0.00000000
   0.060   100    65     6     6     2    -1    -0.00000000
   0.060   100    66     6     4     1     1     0.00000000
   0.060   100    67     6     4     2    -1     0.00000000
   0.060   100    68     6     2     1     1    -0.00000000
   0.060   100    69     6     2     2    -1    -0.00000000
   0.060   100    70     6     6     2     1    -0.00000000
   0.060   100    71     6     6     3    -1     0.00000000
   0.060   100    72     6     4     2     1    -0.00000000
   0.060   100    73     6     4     3    -1     0.00000000
   0.060   100    74     6     2     2     1    -0.00000000
   0.060   100    75     6     6     3     1     0.00000000
   0.060   100    76     6     6     4    -1    -0.00000000
   0.060   100    77     6     4     3     1    -0.00000000
   0.060   100    78     6     4     4    -1     0.00000000
   0.060   100    79     6     6     4     1    -0.00000000
   0.060   100    80     6     6     5    -1    -0.00000000
   0.060   100    81     6     4     4     1    -0.00000000
   0.060   100    82     6     6     5     1    -0.00000000
   0.060   100    83     6     6     6    -1     0.00000000
   0.060   100    84     6     6     6     1    -0.00000000
   0.060   100    85     7     7     0     1    -0.00000000
   0.060   100    86     7     7     1    -1     0.00000000
   0.060   100    87     7     5     0     1    -0.00000000
   0.060   100    88     7     5     1    -1    -0.00000000
   0.060   100    89     7     3     0     1     0.00000000
   0.060   100    90     7     3     1    -1     0.00000000
   0.060   100    91     7     1     0     1     0.00000000
   0.060   100    92     7     1     1    -1    -0.00000000
   0.060   100    93     7     7     1     1     0.00000000
   0.060   100    94     7     7     2    -1    -0.00000000
   0.060   100    95     7     5     1     1    -0.00000000
   0.060   100    96     7     5     2    -1    -0.00000000
   0.060   100    97     7     3     1     1    -0.00000000
   0.060   100    98     7     3     2    -1     0.00000000
   0.060   100    99     7     1     1     1    -0.00000000
   0.060   100   100     7     7     2     1    -0.56554878
   0.060   100   101     7     7     3    -1     0.82458194
   0.060   100   102     7     5     2     1    -0.00065838
   0.060   100   103     7     5     3    -1    -0.00061403
   0.060   100   104     7     3     2     1     0.00031004
   0.060   100   105     7     3     3    -1    -0.00012308
   0.060   100   106     7     7     3     1     0.00000000
   0.060   100   107     7     7     4    -1    -0.00000000
   0.060   100   108     7     5     3     1     0.00000000
   0.060   100   109     7     5     4    -1     0.00000000
   0.060   100   110     7     3     3     1     0.00000000
   0.060   100   111     7     7     4     1    -0.00000000
   0.060   100   112     7     7     5    -1    -0.00000000
   0.060   100   113     7     5     4     1    -0.00000000
   0.060   100   114     7     5     5    -1     0.00000000
   0.060   100   115     7     7     5     1     0.00000000
   0.060   100   116     7     7     6    -1     0.00000000
   0.060   100   117     7     5     5     1     0.00000000
   0.060   100   118     7     7     6     1     0.00000000
   0.060   100   119     7     7     7    -1     0.00000000
   0.060   100   120     7     7     7     1     0.00000000
   0.060   101     1     0     0     0     1     0.00000000
   0.060   101     2     1     1     0     1     0.00000000
   0.060   101     3     1     1     1    -1    -0.00000000
   0.060   101     4     1     1     1     1    -0.00000000
   0.060   101     5     2     2     0     1     0.00000000
   0.060   101     6     2     2     1    -1     0.00000000
   0.060   101     7     2     0     0     1    -0.00000000
   0.060   101     8     2     2     1     1    -0.00000000
   0.060   101     9     2     2     2    -1     0.00000000
   0.060   101    10     2     2     2     1     0.00000000
   0.060   101    11     3     3     0     1     0.00000000
   0.060   101    12     3     3     1    -1     0.00000000
   0.060   101    13     3     1     0     1    -0.00000000
   0.060   101    14     3     1     1    -1    -0.00000000
   0.060   101    15     3     3     1     1     0.00000000
   0.060   101    16     3     3     2    -1    -0.00000000
   0.060   101    17     3     1     1     1    -0.00000000
   0.060   101    18     3     3     2     1    -0.00000000
   0.060   101    19     3     3     3    -1    -0.00000000
   0.060   101    20     3     3     3     1    -0.00002410
   0.060   101    21     4     4     0     1    -0.00000000
   0.060   101    22     4     4     1    -1     0.00000000
   0.060   101    23     4     2     0     1    -0.00000000
   0.060   101    24     4     2     1    -1     0.00000000
   0.060   101    25     4     0     0     1     0.00000000
   0.060   101    26     4     4     1     1     0.00000000
   0.060   101    27     4     4     2    -1    -0.00000000
   0.060   101    28     4     2     1     1    -0.00000000
   0.060   101    29     4     2     2    -1    -0.00000000
   0.060   101    30     4     4     2     1     0.00000000
   0.060   101    31     4     4     3    -1     0.00000000
   0.060   101    32     4     2     2     1    -0.00000000
   0.060   101    33     4     4     3     1    -0.00000000
   0.060   101    34     4     4     4    -1    -0.00000000
   0.060   101    35     4     4     4     1    -0.00000000
   0.060   101    36     5     5     0     1     0.00000000
   0.060   101    37     5     5     1    -1     0.00000000
   0.060   101    38     5     3     0     1     0.00000000
   0.060   101    39     5     3     1    -1    -0.00000000
   0.060   101    40     5     1     0     1     0.00000000
   0.060   101    41     5     1     1    -1     0.00000000
   0.060   101    42     5     5     1     1     0.00000000
   0.060   101    43     5     5     2    -1    -0.00000000
   0.060   101    44     5     3     1     1    -0.00000000
   0.060   101    45     5     3     2    -1     0.00000000
   0.060   101    46     5     1     1     1     0.00000000
   0.060   101    47     5     5     2     1     0.00000000
   0.060   101    48     5     5     3    -1    -0.00000000
   0.060   101    49     5     3     2     1     0.00000000
   0.060   101    50     5     3     3    -1    -0.00000000
   0.060   101    51     5     5     3     1     0.00647356
   0.060   101    52     5     5     4    -1    -0.00993331
   0.060   101    53     5     3     3     1     0.00001596
   0.060   101    54     5     5     4     1     0.00000000
   0.060   101    55     5     5     5    -1    -0.00000000
   0.060   101    56     5     5     5     1     0.00000000
   0.060   101    57     6     6     0     1    -0.00000000
   0.060   101    58     6     6     1    -1     0.00000000
   0.060   101    59     6     4     0     1    -0.00000000
   0.060   101    60     6     4     1    -1     0.00000000
   0.060   101    61     6     2     0     1    -0.00000000
   0.060   101    62     6     2     1    -1    -0.00000000
   0.060   101    63     6     0     0     1    -0.00000000
   0.060   101    64     6     6     1     1     0.00000000
   0.060   101    65     6     6     2    -1    -0.00000000
   0.060   101    66     6     4     1     1     0.00000000
   0.060   101    67     6     4     2    -1    -0.00000000
   0.060   101    68     6     2     1     1    -0.00000000
   0.060   101    69     6     2     2    -1    -0.00000000
   0.060   101    70     6     6     2     1     0.00000000
   0.060   101    71     6     6     3    -1     0.00000000
   0.060   101    72     6     4     2     1    -0.00000000
   0.060   101    73     6     4     3    -1    -0.00000000
   0.060   101    74     6     2     2     1     0.00000000
   0.060   101    75     6     6     3     1    -0.00000000
   0.060   101    76     6     6     4    -1    -0.00000000
   0.060   101    77     6     4     3     1     0.00000000
   0.060   101    78     6     4     4    -1     0.00000000
   0.060   101    79     6     6     4     1     0.00000000
   0.060   101    80     6     6     5    -1     0.00000000
   0.060   101    81     6     4     4     1    -0.00000000
   0.060   101    82     6     6     5     1    -0.00000000
   0.060   101    83     6     6     6    -1     0.00000000
   0.060   101    84     6     6     6     1     0.00000000
   0.060   101    85     7     7     0     1    -0.00000000
   0.060   101    86     7     7     1    -1    -0.00000000
   0.060   101    87     7     5     0     1    -0.00000000
   0.060   101    88     7     5     1    -1     0.00000000
   0.060   101    89     7     3     0     1     0.00000000
   0.060   101    90     7     3     1    -1     0.00000000
   0.060   101    91     7     1     0     1    -0.00000000
   0.060   101    92     7     1     1    -1     0.00000000
   0.060   101    93     7     7     1     1    -0.00000000
   0.060   101    94     7     7     2    -1     0.00000000
   0.060   101    95     7     5     1     1     0.00000000
   0.060   101    96     7     5     2    -1     0.00000000
   0.060   101    97     7     3     1     1    -0.00000000
   0.060   101    98     7     3     2    -1    -0.00000000
   0.060   101    99     7     1     1     1     0.00000000
   0.060   101   100     7     7     2     1    -0.00000000
   0.060   101   101     7     7     3    -1     0.00000000
   0.060   101   102     7     5     2     1    -0.00000000
   0.060   101   103     7     5     3    -1     0.00000000
   0.060   101   104     7     3     2     1    -0.00000000
   0.060   101   105     7     3     3    -1    -0.00000000
   0.060   101   106     7     7     3     1    -0.50033392
   0.060   101   107     7     7     4    -1     0.86575099
   0.060   101   108     7     5     3     1    -0.00076396
   0.060   101   109     7     5     4    -1    -0.00001582
   0.060   101   110     7     3     3     1     0.00015720
   0.060   101   111     7     7     4     1     0.00000000
   0.060   101   112     7     7     5    -1     0.00000000
   0.060   101   113     7     5     4     1    -0.00000000
   0.060   101   114     7     5     5    -1     0.00000000
   0.060   101   115     7     7     5     1     0.00000000
   0.060   101   116     7     7     6    -1     0.00000000
   0.060   101   117     7     5     5     1     0.00000000
   0.060   101   118     7     7     6     1     0.00000000
   0.060   101   119     7     7     7    -1     0.00000000
   0.060   101   120     7     7     7     1     0.00000000
   0.060   102     1     0     0     0     1     0.00000000
   0.060   102     2     1     1     0     1     0.00000000
   0.060   102     3     1     1     1    -1     0.00000000
   0.060   102     4     1     1     1     1     0.00000000
   0.060   102     5     2     2     0     1     0.00000000
   0.060   102     6     2     2     1    -1     0.00000000
   0.060   102     7     2     0     0     1     0.00000000
   0.060   102     8     2     2     1     1     0.00000000
   0.060   102     9     2     2     2    -1     0.00000000
   0.060   102    10     2     2     2     1     0.00000000
   0.060   102    11     3     3     0     1     0.00000000
   0.060   102    12     3     3     1    -1     0.00000000
   0.060   102    13     3     1     0     1     0.00000000
   0.060   102    14     3     1     1    -1     0.00000000
   0.060   102    15     3     3     1     1     0.00000000
   0.060   102    16     3     3     2    -1     0.00000000
   0.060   102    17     3     1     1     1     0.00000000
   0.060   102    18     3     3     2     1     0.00000000
   0.060   102    19     3     3     3    -1     0.00000000
   0.060   102    20     3     3     3     1     0.00000000
   0.060   102    21     4     4     0     1     0.00000000
   0.060   102    22     4     4     1    -1     0.00000000
   0.060   102    23     4     2     0     1     0.00000000
   0.060   102    24     4     2     1    -1     0.00000000
   0.060   102    25     4     0     0     1     0.00000000
   0.060   102    26     4     4     1     1     0.00000000
   0.060   102    27     4     4     2    -1     0.00000000
   0.060   102    28     4     2     1     1     0.00000000
   0.060   102    29     4     2     2    -1     0.00000000
   0.060   102    30     4     4     2     1     0.00000000
   0.060   102    31     4     4     3    -1     0.00000000
   0.060   102    32     4     2     2     1     0.00000000
   0.060   102    33     4     4     3     1     0.00000000
   0.060   102    34     4     4     4    -1     0.00000000
   0.060   102    35     4     4     4     1     0.00000000
   0.060   102    36     5     5     0     1     0.00000000
   0.060   102    37     5     5     1    -1     0.00000000
   0.060   102    38     5     3     0     1     0.00000000
   0.060   102    39     5     3     1    -1     0.00000000
   0.060   102    40     5     1     0     1     0.00000000
   0.060   102    41     5     1     1    -1     0.00000000
   0.060   102    42     5     5     1     1     0.00000000
   0.060   102    43     5     5     2    -1     0.00000000
   0.060   102    44     5     3     1     1     0.00000000
   0.060   102    45     5     3     2    -1     0.00000000
   0.060   102    46     5     1     1     1     0.00000000
   0.060   102    47     5     5     2     1     0.00000000
   0.060   102    48     5     5     3    -1     0.00000000
   0.060   102    49     5     3     2     1     0.00000000
   0.060   102    50     5     3     3    -1     0.00000000
   0.060   102    51     5     5     3     1     0.00000000
   0.060   102    52     5     5     4    -1     0.00000000
   0.060   102    53     5     3     3     1     0.00000000
   0.060   102    54     5     5     4     1     0.00000000
   0.060   102    55     5     5     5    -1     0.00000000
   0.060   102    56     5     5     5     1     0.01860185
   0.060   102    57     6     6     0     1     0.00000000
   0.060   102    58     6     6     1    -1     0.00000000
   0.060   102    59     6     4     0     1     0.00000000
   0.060   102    60     6     4     1    -1     0.00000000
   0.060   102    61     6     2     0     1     0.00000000
   0.060   102    62     6     2     1    -1     0.00000000
   0.060   102    63     6     0     0     1     0.00000000
   0.060   102    64     6     6     1     1     0.00000000
   0.060   102    65     6     6     2    -1     0.00000000
   0.060   102    66     6     4     1     1     0.00000000
   0.060   102    67     6     4     2    -1     0.00000000
   0.060   102    68     6     2     1     1     0.00000000
   0.060   102    69     6     2     2    -1     0.00000000
   0.060   102    70     6     6     2     1     0.00000000
   0.060   102    71     6     6     3    -1     0.00000000
   0.060   102    72     6     4     2     1     0.00000000
   0.060   102    73     6     4     3    -1     0.00000000
   0.060   102    74     6     2     2     1     0.00000000
   0.060   102    75     6     6     3     1     0.00000000
   0.060   102    76     6     6     4    -1     0.00000000
   0.060   102    77     6     4     3     1     0.00000000
   0.060   102    78     6     4     4    -1     0.00000000
   0.060   102    79     6     6     4     1     0.00000000
   0.060   102    80     6     6     5    -1     0.00000000
   0.060   102    81     6     4     4     1     0.00000000
   0.060   102    82     6     6     5     1     0.00000000
   0.060   102    83     6     6     6    -1     0.00000000
   0.060   102    84     6     6     6     1     0.00000000
   0.060   102    85     7     7     0     1     0.00000000
   0.060   102    86     7     7     1    -1     0.00000000
   0.060   102    87     7     5     0     1     0.00000000
   0.060   102    88     7     5     1    -1     0.00000000
   0.060   102    89     7     3     0     1     0.00000000
   0.060   102    90     7     3     1    -1     0.00000000
   0.060   102    91     7     1     0     1     0.00000000
   0.060   102    92     7     1     1    -1     0.00000000
   0.060   102    93     7     7     1     1     0.00000000
   0.060   102    94     7     7     2    -1     0.00000000
   0.060   102    95     7     5     1     1     0.00000000
   0.060   102    96     7     5     2    -1     0.00000000
   0.060   102    97     7     3     1     1     0.00000000
   0.060   102    98     7     3     2    -1     0.00000000
   0.060   102    99     7     1     1     1     0.00000000
   0.060   102   100     7     7     2     1     0.00000000
   0.060   102   101     7     7     3    -1     0.00000000
   0.060   102   102     7     5     2     1     0.00000000
   0.060   102   103     7     5     3    -1     0.00000000
   0.060   102   104     7     3     2     1     0.00000000
   0.060   102   105     7     3     3    -1     0.00000000
   0.060   102   106     7     7     3     1     0.00000000
   0.060   102   107     7     7     4    -1     0.00000000
   0.060   102   108     7     5     3     1     0.00000000
   0.060   102   109     7     5     4    -1     0.00000000
   0.060   102   110     7     3     3     1     0.00000000
   0.060   102   111     7     7     4     1     0.00000000
   0.060   102   112     7     7     5    -1     0.00000000
   0.060   102   113     7     5     4     1     0.00000000
   0.060   102   114     7     5     5    -1     0.00000000
   0.060   102   115     7     7     5     1     0.00008758
   0.060   102   116     7     7     6    -1    -0.00103863
   0.060   102   117     7     5     5     1     0.99982643
   0.060   102   118     7     7     6     1     0.00000000
   0.060   102   119     7     7     7    -1     0.00000000
   0.060   102   120     7     7     7     1     0.00000000
   0.060   103     1     0     0     0     1     0.00000000
   0.060   103     2     1     1     0     1     0.00000000
   0.060   103     3     1     1     1    -1     0.00000000
   0.060   103     4     1     1     1     1    -0.00000000
   0.060   103     5     2     2     0     1    -0.00000000
   0.060   103     6     2     2     1    -1    -0.00000000
   0.060   103     7     2     0     0     1     0.00000000
   0.060   103     8     2     2     1     1    -0.00000000
   0.060   103     9     2     2     2    -1    -0.00000000
   0.060   103    10     2     2     2     1     0.00000000
   0.060   103    11     3     3     0     1     0.00000000
   0.060   103    12     3     3     1    -1     0.00000000
   0.060   103    13     3     1     0     1    -0.00000000
   0.060   103    14     3     1     1    -1     0.00000000
   0.060   103    15     3     3     1     1    -0.00000000
   0.060   103    16     3     3     2    -1    -0.00000000
   0.060   103    17     3     1     1     1     0.00000000
   0.060   103    18     3     3     2     1     0.00000000
   0.060   103    19     3     3     3    -1    -0.00000000
   0.060   103    20     3     3     3     1    -0.00000000
   0.060   103    21     4     4     0     1    -0.00000000
   0.060   103    22     4     4     1    -1    -0.00000000
   0.060   103    23     4     2     0     1     0.00000000
   0.060   103    24     4     2     1    -1     0.00000000
   0.060   103    25     4     0     0     1    -0.00000000
   0.060   103    26     4     4     1     1    -0.00000000
   0.060   103    27     4     4     2    -1     0.00000000
   0.060   103    28     4     2     1     1    -0.00000000
   0.060   103    29     4     2     2    -1     0.00000000
   0.060   103    30     4     4     2     1     0.00000000
   0.060   103    31     4     4     3    -1    -0.00000000
   0.060   103    32     4     2     2     1     0.00000000
   0.060   103    33     4     4     3     1    -0.00000000
   0.060   103    34     4     4     4    -1    -0.00000000
   0.060   103    35     4     4     4     1    -0.00000000
   0.060   103    36     5     5     0     1     0.00000000
   0.060   103    37     5     5     1    -1     0.00000000
   0.060   103    38     5     3     0     1    -0.00000000
   0.060   103    39     5     3     1    -1     0.00000000
   0.060   103    40     5     1     0     1    -0.00000000
   0.060   103    41     5     1     1    -1    -0.00000000
   0.060   103    42     5     5     1     1    -0.00000000
   0.060   103    43     5     5     2    -1     0.00000000
   0.060   103    44     5     3     1     1    -0.00000000
   0.060   103    45     5     3     2    -1     0.00000000
   0.060   103    46     5     1     1     1    -0.00000000
   0.060   103    47     5     5     2     1    -0.00000000
   0.060   103    48     5     5     3    -1     0.00000000
   0.060   103    49     5     3     2     1     0.00000000
   0.060   103    50     5     3     3    -1    -0.00000000
   0.060   103    51     5     5     3     1    -0.00000000
   0.060   103    52     5     5     4    -1    -0.00000000
   0.060   103    53     5     3     3     1    -0.00000000
   0.060   103    54     5     5     4     1     0.00406902
   0.060   103    55     5     5     5    -1    -0.00665968
   0.060   103    56     5     5     5     1     0.00000000
   0.060   103    57     6     6     0     1    -0.00000000
   0.060   103    58     6     6     1    -1    -0.00000000
   0.060   103    59     6     4     0     1     0.00000000
   0.060   103    60     6     4     1    -1     0.00000000
   0.060   103    61     6     2     0     1     0.00000000
   0.060   103    62     6     2     1    -1    -0.00000000
   0.060   103    63     6     0     0     1     0.00000000
   0.060   103    64     6     6     1     1    -0.00000000
   0.060   103    65     6     6     2    -1     0.00000000
   0.060   103    66     6     4     1     1    -0.00000000
   0.060   103    67     6     4     2    -1    -0.00000000
   0.060   103    68     6     2     1     1    -0.00000000
   0.060   103    69     6     2     2    -1    -0.00000000
   0.060   103    70     6     6     2     1    -0.00000000
   0.060   103    71     6     6     3    -1     0.00000000
   0.060   103    72     6     4     2     1    -0.00000000
   0.060   103    73     6     4     3    -1    -0.00000000
   0.060   103    74     6     2     2     1    -0.00000000
   0.060   103    75     6     6     3     1    -0.00000000
   0.060   103    76     6     6     4    -1     0.00000000
   0.060   103    77     6     4     3     1    -0.00000000
   0.060   103    78     6     4     4    -1     0.00000000
   0.060   103    79     6     6     4     1     0.00000000
   0.060   103    80     6     6     5    -1     0.00000000
   0.060   103    81     6     4     4     1     0.00000000
   0.060   103    82     6     6     5     1     0.00000000
   0.060   103    83     6     6     6    -1    -0.00000000
   0.060   103    84     6     6     6     1     0.00000000
   0.060   103    85     7     7     0     1     0.00000000
   0.060   103    86     7     7     1    -1    -0.00000000
   0.060   103    87     7     5     0     1     0.00000000
   0.060   103    88     7     5     1    -1    -0.00000000
   0.060   103    89     7     3     0     1     0.00000000
   0.060   103    90     7     3     1    -1     0.00000000
   0.060   103    91     7     1     0     1     0.00000000
   0.060   103    92     7     1     1    -1    -0.00000000
   0.060   103    93     7     7     1     1     0.00000000
   0.060   103    94     7     7     2    -1    -0.00000000
   0.060   103    95     7     5     1     1     0.00000000
   0.060   103    96     7     5     2    -1    -0.00000000
   0.060   103    97     7     3     1     1     0.00000000
   0.060   103    98     7     3     2    -1    -0.00000000
   0.060   103    99     7     1     1     1    -0.00000000
   0.060   103   100     7     7     2     1     0.00000000
   0.060   103   101     7     7     3    -1    -0.00000000
   0.060   103   102     7     5     2     1    -0.00000000
   0.060   103   103     7     5     3    -1     0.00000000
   0.060   103   104     7     3     2     1     0.00000000
   0.060   103   105     7     3     3    -1    -0.00000000
   0.060   103   106     7     7     3     1    -0.00000000
   0.060   103   107     7     7     4    -1    -0.00000000
   0.060   103   108     7     5     3     1     0.00000000
   0.060   103   109     7     5     4    -1     0.00000000
   0.060   103   110     7     3     3     1    -0.00000000
   0.060   103   111     7     7     4     1    -0.42797238
   0.060   103   112     7     7     5    -1     0.90375796
   0.060   103   113     7     5     4     1    -0.00022045
   0.060   103   114     7     5     5    -1     0.00047218
   0.060   103   115     7     7     5     1     0.00000000
   0.060   103   116     7     7     6    -1     0.00000000
   0.060   103   117     7     5     5     1     0.00000000
   0.060   103   118     7     7     6     1     0.00000000
   0.060   103   119     7     7     7    -1     0.00000000
   0.060   103   120     7     7     7     1     0.00000000
   0.060   104     1     0     0     0     1     0.00000000
   0.060   104     2     1     1     0     1     0.00000000
   0.060   104     3     1     1     1    -1     0.00000000
   0.060   104     4     1     1     1     1     0.00000000
   0.060   104     5     2     2     0     1     0.00000000
   0.060   104     6     2     2     1    -1     0.00000000
   0.060   104     7     2     0     0     1     0.00000000
   0.060   104     8     2     2     1     1     0.00000000
   0.060   104     9     2     2     2    -1     0.00000000
   0.060   104    10     2     2     2     1     0.00000000
   0.060   104    11     3     3     0     1     0.00000000
   0.060   104    12     3     3     1    -1     0.00000000
   0.060   104    13     3     1     0     1     0.00000000
   0.060   104    14     3     1     1    -1     0.00000000
   0.060   104    15     3     3     1     1     0.00000000
   0.060   104    16     3     3     2    -1     0.00000000
   0.060   104    17     3     1     1     1     0.00000000
   0.060   104    18     3     3     2     1     0.00000000
   0.060   104    19     3     3     3    -1     0.00000000
   0.060   104    20     3     3     3     1     0.00000000
   0.060   104    21     4     4     0     1     0.00000000
   0.060   104    22     4     4     1    -1     0.00000000
   0.060   104    23     4     2     0     1     0.00000000
   0.060   104    24     4     2     1    -1     0.00000000
   0.060   104    25     4     0     0     1     0.00000000
   0.060   104    26     4     4     1     1     0.00000000
   0.060   104    27     4     4     2    -1     0.00000000
   0.060   104    28     4     2     1     1     0.00000000
   0.060   104    29     4     2     2    -1     0.00000000
   0.060   104    30     4     4     2     1     0.00000000
   0.060   104    31     4     4     3    -1     0.00000000
   0.060   104    32     4     2     2     1     0.00000000
   0.060   104    33     4     4     3     1     0.00000000
   0.060   104    34     4     4     4    -1     0.00000000
   0.060   104    35     4     4     4     1     0.00000000
   0.060   104    36     5     5     0     1     0.00000000
   0.060   104    37     5     5     1    -1     0.00000000
   0.060   104    38     5     3     0     1     0.00000000
   0.060   104    39     5     3     1    -1     0.00000000
   0.060   104    40     5     1     0     1     0.00000000
   0.060   104    41     5     1     1    -1     0.00000000
   0.060   104    42     5     5     1     1     0.00000000
   0.060   104    43     5     5     2    -1     0.00000000
   0.060   104    44     5     3     1     1     0.00000000
   0.060   104    45     5     3     2    -1     0.00000000
   0.060   104    46     5     1     1     1     0.00000000
   0.060   104    47     5     5     2     1     0.00000000
   0.060   104    48     5     5     3    -1     0.00000000
   0.060   104    49     5     3     2     1     0.00000000
   0.060   104    50     5     3     3    -1     0.00000000
   0.060   104    51     5     5     3     1     0.00000000
   0.060   104    52     5     5     4    -1     0.00000000
   0.060   104    53     5     3     3     1     0.00000000
   0.060   104    54     5     5     4     1     0.00000000
   0.060   104    55     5     5     5    -1     0.00000000
   0.060   104    56     5     5     5     1    -0.00180480
   0.060   104    57     6     6     0     1     0.00000000
   0.060   104    58     6     6     1    -1     0.00000000
   0.060   104    59     6     4     0     1     0.00000000
   0.060   104    60     6     4     1    -1     0.00000000
   0.060   104    61     6     2     0     1     0.00000000
   0.060   104    62     6     2     1    -1     0.00000000
   0.060   104    63     6     0     0     1     0.00000000
   0.060   104    64     6     6     1     1     0.00000000
   0.060   104    65     6     6     2    -1     0.00000000
   0.060   104    66     6     4     1     1     0.00000000
   0.060   104    67     6     4     2    -1     0.00000000
   0.060   104    68     6     2     1     1     0.00000000
   0.060   104    69     6     2     2    -1     0.00000000
   0.060   104    70     6     6     2     1     0.00000000
   0.060   104    71     6     6     3    -1     0.00000000
   0.060   104    72     6     4     2     1     0.00000000
   0.060   104    73     6     4     3    -1     0.00000000
   0.060   104    74     6     2     2     1     0.00000000
   0.060   104    75     6     6     3     1     0.00000000
   0.060   104    76     6     6     4    -1     0.00000000
   0.060   104    77     6     4     3     1     0.00000000
   0.060   104    78     6     4     4    -1     0.00000000
   0.060   104    79     6     6     4     1     0.00000000
   0.060   104    80     6     6     5    -1     0.00000000
   0.060   104    81     6     4     4     1     0.00000000
   0.060   104    82     6     6     5     1     0.00000000
   0.060   104    83     6     6     6    -1     0.00000000
   0.060   104    84     6     6     6     1     0.00000000
   0.060   104    85     7     7     0     1     0.00000000
   0.060   104    86     7     7     1    -1     0.00000000
   0.060   104    87     7     5     0     1     0.00000000
   0.060   104    88     7     5     1    -1     0.00000000
   0.060   104    89     7     3     0     1     0.00000000
   0.060   104    90     7     3     1    -1     0.00000000
   0.060   104    91     7     1     0     1     0.00000000
   0.060   104    92     7     1     1    -1     0.00000000
   0.060   104    93     7     7     1     1     0.00000000
   0.060   104    94     7     7     2    -1     0.00000000
   0.060   104    95     7     5     1     1     0.00000000
   0.060   104    96     7     5     2    -1     0.00000000
   0.060   104    97     7     3     1     1     0.00000000
   0.060   104    98     7     3     2    -1     0.00000000
   0.060   104    99     7     1     1     1     0.00000000
   0.060   104   100     7     7     2     1     0.00000000
   0.060   104   101     7     7     3    -1     0.00000000
   0.060   104   102     7     5     2     1     0.00000000
   0.060   104   103     7     5     3    -1     0.00000000
   0.060   104   104     7     3     2     1     0.00000000
   0.060   104   105     7     3     3    -1     0.00000000
   0.060   104   106     7     7     3     1     0.00000000
   0.060   104   107     7     7     4    -1     0.00000000
   0.060   104   108     7     5     3     1     0.00000000
   0.060   104   109     7     5     4    -1     0.00000000
   0.060   104   110     7     3     3     1     0.00000000
   0.060   104   111     7     7     4     1     0.00000000
   0.060   104   112     7     7     5    -1     0.00000000
   0.060   104   113     7     5     4     1     0.00000000
   0.060   104   114     7     5     5    -1     0.00000000
   0.060   104   115     7     7     5     1     0.34468861
   0.060   104   116     7     7     6    -1    -0.93871484
   0.060   104   117     7     5     5     1    -0.00097177
   0.060   104   118     7     7     6     1     0.00000000
   0.060   104   119     7     7     7    -1     0.00000000
   0.060   104   120     7     7     7     1     0.00000000
   0.060   105     1     0     0     0     1     0.00000000
   0.060   105     2     1     1     0     1     0.00000000
   0.060   105     3     1     1     1    -1     0.00000000
   0.060   105     4     1     1     1     1     0.00000000
   0.060   105     5     2     2     0     1     0.00000000
   0.060   105     6     2     2     1    -1     0.00000000
   0.060   105     7     2     0     0     1     0.00000000
   0.060   105     8     2     2     1     1     0.00000000
   0.060   105     9     2     2     2    -1     0.00000000
   0.060   105    10     2     2     2     1     0.00000000
   0.060   105    11     3     3     0     1     0.00000000
   0.060   105    12     3     3     1    -1     0.00000000
   0.060   105    13     3     1     0     1     0.00000000
   0.060   105    14     3     1     1    -1     0.00000000
   0.060   105    15     3     3     1     1     0.00000000
   0.060   105    16     3     3     2    -1     0.00000000
   0.060   105    17     3     1     1     1     0.00000000
   0.060   105    18     3     3     2     1     0.00000000
   0.060   105    19     3     3     3    -1     0.00000000
   0.060   105    20     3     3     3     1     0.00000000
   0.060   105    21     4     4     0     1     0.00000000
   0.060   105    22     4     4     1    -1     0.00000000
   0.060   105    23     4     2     0     1     0.00000000
   0.060   105    24     4     2     1    -1     0.00000000
   0.060   105    25     4     0     0     1     0.00000000
   0.060   105    26     4     4     1     1     0.00000000
   0.060   105    27     4     4     2    -1     0.00000000
   0.060   105    28     4     2     1     1     0.00000000
   0.060   105    29     4     2     2    -1     0.00000000
   0.060   105    30     4     4     2     1     0.00000000
   0.060   105    31     4     4     3    -1     0.00000000
   0.060   105    32     4     2     2     1     0.00000000
   0.060   105    33     4     4     3     1     0.00000000
   0.060   105    34     4     4     4    -1     0.00000000
   0.060   105    35     4     4     4     1     0.00000000
   0.060   105    36     5     5     0     1     0.00000000
   0.060   105    37     5     5     1    -1     0.00000000
   0.060   105    38     5     3     0     1     0.00000000
   0.060   105    39     5     3     1    -1     0.00000000
   0.060   105    40     5     1     0     1     0.00000000
   0.060   105    41     5     1     1    -1     0.00000000
   0.060   105    42     5     5     1     1     0.00000000
   0.060   105    43     5     5     2    -1     0.00000000
   0.060   105    44     5     3     1     1     0.00000000
   0.060   105    45     5     3     2    -1     0.00000000
   0.060   105    46     5     1     1     1     0.00000000
   0.060   105    47     5     5     2     1     0.00000000
   0.060   105    48     5     5     3    -1     0.00000000
   0.060   105    49     5     3     2     1     0.00000000
   0.060   105    50     5     3     3    -1     0.00000000
   0.060   105    51     5     5     3     1     0.00000000
   0.060   105    52     5     5     4    -1     0.00000000
   0.060   105    53     5     3     3     1     0.00000000
   0.060   105    54     5     5     4     1     0.00000000
   0.060   105    55     5     5     5    -1     0.00000000
   0.060   105    56     5     5     5     1     0.00000000
   0.060   105    57     6     6     0     1     0.00000000
   0.060   105    58     6     6     1    -1     0.00000000
   0.060   105    59     6     4     0     1     0.00000000
   0.060   105    60     6     4     1    -1     0.00000000
   0.060   105    61     6     2     0     1     0.00000000
   0.060   105    62     6     2     1    -1     0.00000000
   0.060   105    63     6     0     0     1     0.00000000
   0.060   105    64     6     6     1     1     0.00000000
   0.060   105    65     6     6     2    -1     0.00000000
   0.060   105    66     6     4     1     1     0.00000000
   0.060   105    67     6     4     2    -1     0.00000000
   0.060   105    68     6     2     1     1     0.00000000
   0.060   105    69     6     2     2    -1     0.00000000
   0.060   105    70     6     6     2     1     0.00000000
   0.060   105    71     6     6     3    -1     0.00000000
   0.060   105    72     6     4     2     1     0.00000000
   0.060   105    73     6     4     3    -1     0.00000000
   0.060   105    74     6     2     2     1     0.00000000
   0.060   105    75     6     6     3     1     0.00000000
   0.060   105    76     6     6     4    -1     0.00000000
   0.060   105    77     6     4     3     1     0.00000000
   0.060   105    78     6     4     4    -1     0.00000000
   0.060   105    79     6     6     4     1     0.00000000
   0.060   105    80     6     6     5    -1     0.00000000
   0.060   105    81     6     4     4     1     0.00000000
   0.060   105    82     6     6     5     1     0.00000000
   0.060   105    83     6     6     6    -1     0.00000000
   0.060   105    84     6     6     6     1     0.00000000
   0.060   105    85     7     7     0     1     0.00000000
   0.060   105    86     7     7     1    -1     0.00000000
   0.060   105    87     7     5     0     1     0.00000000
   0.060   105    88     7     5     1    -1     0.00000000
   0.060   105    89     7     3     0     1     0.00000000
   0.060   105    90     7     3     1    -1     0.00000000
   0.060   105    91     7     1     0     1     0.00000000
   0.060   105    92     7     1     1    -1     0.00000000
   0.060   105    93     7     7     1     1     0.00000000
   0.060   105    94     7     7     2    -1     0.00000000
   0.060   105    95     7     5     1     1     0.00000000
   0.060   105    96     7     5     2    -1     0.00000000
   0.060   105    97     7     3     1     1     0.00000000
   0.060   105    98     7     3     2    -1     0.00000000
   0.060   105    99     7     1     1     1     0.00000000
   0.060   105   100     7     7     2     1     0.00000000
   0.060   105   101     7     7     3    -1     0.00000000
   0.060   105   102     7     5     2     1     0.00000000
   0.060   105   103     7     5     3    -1     0.00000000
   0.060   105   104     7     3     2     1     0.00000000
   0.060   105   105     7     3     3    -1     0.00000000
   0.060   105   106     7     7     3     1     0.00000000
   0.060   105   107     7     7     4    -1     0.00000000
   0.060   105   108     7     5     3     1     0.00000000
   0.060   105   109     7     5     4    -1     0.00000000
   0.060   105   110     7     3     3     1     0.00000000
   0.060   105   111     7     7     4     1     0.00000000
   0.060   105   112     7     7     5    -1     0.00000000
   0.060   105   113     7     5     4     1     0.00000000
   0.060   105   114     7     5     5    -1     0.00000000
   0.060   105   115     7     7     5     1     0.00000000
   0.060   105   116     7     7     6    -1     0.00000000
   0.060   105   117     7     5     5     1     0.00000000
   0.060   105   118     7     7     6     1    -0.24013453
   0.060   105   119     7     7     7    -1     0.97073962
   0.060   105   120     7     7     7     1     0.00000000
   0.060   106     1     0     0     0     1     0.00000000
   0.060   106     2     1     1     0     1    -0.00000307
   0.060   106     3     1     1     1    -1    -0.00000053
   0.060   106     4     1     1     1     1    -0.00000000
   0.060   106     5     2     2     0     1    -0.00000000
   0.060   106     6     2     2     1    -1    -0.00000000
   0.060   106     7     2     0     0     1    -0.00000000
   0.060   106     8     2     2     1     1     0.00000000
   0.060   106     9     2     2     2    -1     0.00000000
   0.060   106    10     2     2     2     1     0.00000000
   0.060   106    11     3     3     0     1     0.00027131
   0.060   106    12     3     3     1    -1     0.00014887
   0.060   106    13     3     1     0     1     0.00045543
   0.060   106    14     3     1     1    -1    -0.00004857
   0.060   106    15     3     3     1     1    -0.00000000
   0.060   106    16     3     3     2    -1    -0.00000000
   0.060   106    17     3     1     1     1    -0.00000000
   0.060   106    18     3     3     2     1     0.00000000
   0.060   106    19     3     3     3    -1    -0.00000000
   0.060   106    20     3     3     3     1    -0.00000000
   0.060   106    21     4     4     0     1    -0.00000000
   0.060   106    22     4     4     1    -1     0.00000000
   0.060   106    23     4     2     0     1    -0.00000000
   0.060   106    24     4     2     1    -1     0.00000000
   0.060   106    25     4     0     0     1    -0.00000000
   0.060   106    26     4     4     1     1     0.00000000
   0.060   106    27     4     4     2    -1    -0.00000000
   0.060   106    28     4     2     1     1     0.00000000
   0.060   106    29     4     2     2    -1     0.00000000
   0.060   106    30     4     4     2     1     0.00000000
   0.060   106    31     4     4     3    -1    -0.00000000
   0.060   106    32     4     2     2     1    -0.00000000
   0.060   106    33     4     4     3     1    -0.00000000
   0.060   106    34     4     4     4    -1     0.00000000
   0.060   106    35     4     4     4     1     0.00000000
   0.060   106    36     5     5     0     1    -0.00672568
   0.060   106    37     5     5     1    -1    -0.00500280
   0.060   106    38     5     3     0     1    -0.01377088
   0.060   106    39     5     3     1    -1    -0.00802248
   0.060   106    40     5     1     0     1    -0.02581385
   0.060   106    41     5     1     1    -1    -0.01910513
   0.060   106    42     5     5     1     1     0.00000000
   0.060   106    43     5     5     2    -1     0.00000000
   0.060   106    44     5     3     1     1     0.00000000
   0.060   106    45     5     3     2    -1     0.00000000
   0.060   106    46     5     1     1     1     0.00000000
   0.060   106    47     5     5     2     1    -0.00000000
   0.060   106    48     5     5     3    -1     0.00000000
   0.060   106    49     5     3     2     1     0.00000000
   0.060   106    50     5     3     3    -1     0.00000000
   0.060   106    51     5     5     3     1     0.00000000
   0.060   106    52     5     5     4    -1    -0.00000000
   0.060   106    53     5     3     3     1    -0.00000000
   0.060   106    54     5     5     4     1     0.00000000
   0.060   106    55     5     5     5    -1    -0.00000000
   0.060   106    56     5     5     5     1     0.00000000
   0.060   106    57     6     6     0     1    -0.00000000
   0.060   106    58     6     6     1    -1     0.00000000
   0.060   106    59     6     4     0     1    -0.00000000
   0.060   106    60     6     4     1    -1     0.00000000
   0.060   106    61     6     2     0     1     0.00000000
   0.060   106    62     6     2     1    -1    -0.00000000
   0.060   106    63     6     0     0     1     0.00000000
   0.060   106    64     6     6     1     1    -0.00000000
   0.060   106    65     6     6     2    -1     0.00000000
   0.060   106    66     6     4     1     1    -0.00000000
   0.060   106    67     6     4     2    -1     0.00000000
   0.060   106    68     6     2     1     1    -0.00000000
   0.060   106    69     6     2     2    -1     0.00000000
   0.060   106    70     6     6     2     1     0.00000000
   0.060   106    71     6     6     3    -1    -0.00000000
   0.060   106    72     6     4     2     1     0.00000000
   0.060   106    73     6     4     3    -1    -0.00000000
   0.060   106    74     6     2     2     1    -0.00000000
   0.060   106    75     6     6     3     1     0.00000000
   0.060   106    76     6     6     4    -1     0.00000000
   0.060   106    77     6     4     3     1    -0.00000000
   0.060   106    78     6     4     4    -1    -0.00000000
   0.060   106    79     6     6     4     1     0.00000000
   0.060   106    80     6     6     5    -1    -0.00000000
   0.060   106    81     6     4     4     1    -0.00000000
   0.060   106    82     6     6     5     1     0.00000000
   0.060   106    83     6     6     6    -1    -0.00000000
   0.060   106    84     6     6     6     1    -0.00000000
   0.060   106    85     7     7     0     1     0.00022237
   0.060   106    86     7     7     1    -1     0.00008712
   0.060   106    87     7     5     0     1    -0.00002985
   0.060   106    88     7     5     1    -1     0.00305174
   0.060   106    89     7     3     0     1     0.77504535
   0.060   106    90     7     3     1    -1     0.63078461
   0.060   106    91     7     1     0     1    -0.00707529
   0.060   106    92     7     1     1    -1    -0.00034892
   0.060   106    93     7     7     1     1    -0.00000000
   0.060   106    94     7     7     2    -1     0.00000000
   0.060   106    95     7     5     1     1    -0.00000000
   0.060   106    96     7     5     2    -1     0.00000000
   0.060   106    97     7     3     1     1    -0.00000000
   0.060   106    98     7     3     2    -1    -0.00000000
   0.060   106    99     7     1     1     1     0.00000000
   0.060   106   100     7     7     2     1     0.00000000
   0.060   106   101     7     7     3    -1    -0.00000000
   0.060   106   102     7     5     2     1     0.00000000
   0.060   106   103     7     5     3    -1    -0.00000000
   0.060   106   104     7     3     2     1    -0.00000000
   0.060   106   105     7     3     3    -1    -0.00000000
   0.060   106   106     7     7     3     1    -0.00000000
   0.060   106   107     7     7     4    -1    -0.00000000
   0.060   106   108     7     5     3     1     0.00000000
   0.060   106   109     7     5     4    -1     0.00000000
   0.060   106   110     7     3     3     1     0.00000000
   0.060   106   111     7     7     4     1    -0.00000000
   0.060   106   112     7     7     5    -1     0.00000000
   0.060   106   113     7     5     4     1    -0.00000000
   0.060   106   114     7     5     5    -1     0.00000000
   0.060   106   115     7     7     5     1     0.00000000
   0.060   106   116     7     7     6    -1     0.00000000
   0.060   106   117     7     5     5     1     0.00000000
   0.060   106   118     7     7     6     1     0.00000000
   0.060   106   119     7     7     7    -1     0.00000000
   0.060   106   120     7     7     7     1     0.00000000
   0.060   107     1     0     0     0     1    -0.00000000
   0.060   107     2     1     1     0     1    -0.00000000
   0.060   107     3     1     1     1    -1    -0.00000000
   0.060   107     4     1     1     1     1     0.00000077
   0.060   107     5     2     2     0     1    -0.00000000
   0.060   107     6     2     2     1    -1     0.00000000
   0.060   107     7     2     0     0     1     0.00000000
   0.060   107     8     2     2     1     1     0.00000000
   0.060   107     9     2     2     2    -1    -0.00000000
   0.060   107    10     2     2     2     1     0.00000000
   0.060   107    11     3     3     0     1    -0.00000000
   0.060   107    12     3     3     1    -1    -0.00000000
   0.060   107    13     3     1     0     1     0.00000000
   0.060   107    14     3     1     1    -1    -0.00000000
   0.060   107    15     3     3     1     1    -0.00022187
   0.060   107    16     3     3     2    -1    -0.00000568
   0.060   107    17     3     1     1     1     0.00004108
   0.060   107    18     3     3     2     1     0.00000000
   0.060   107    19     3     3     3    -1    -0.00000000
   0.060   107    20     3     3     3     1    -0.00000000
   0.060   107    21     4     4     0     1     0.00000000
   0.060   107    22     4     4     1    -1     0.00000000
   0.060   107    23     4     2     0     1    -0.00000000
   0.060   107    24     4     2     1    -1     0.00000000
   0.060   107    25     4     0     0     1     0.00000000
   0.060   107    26     4     4     1     1     0.00000000
   0.060   107    27     4     4     2    -1    -0.00000000
   0.060   107    28     4     2     1     1     0.00000000
   0.060   107    29     4     2     2    -1     0.00000000
   0.060   107    30     4     4     2     1     0.00000000
   0.060   107    31     4     4     3    -1    -0.00000000
   0.060   107    32     4     2     2     1    -0.00000000
   0.060   107    33     4     4     3     1    -0.00000000
   0.060   107    34     4     4     4    -1     0.00000000
   0.060   107    35     4     4     4     1     0.00000000
   0.060   107    36     5     5     0     1     0.00000000
   0.060   107    37     5     5     1    -1    -0.00000000
   0.060   107    38     5     3     0     1     0.00000000
   0.060   107    39     5     3     1    -1    -0.00000000
   0.060   107    40     5     1     0     1     0.00000000
   0.060   107    41     5     1     1    -1     0.00000000
   0.060   107    42     5     5     1     1     0.00734665
   0.060   107    43     5     5     2    -1     0.00279792
   0.060   107    44     5     3     1     1     0.01217528
   0.060   107    45     5     3     2    -1    -0.00100155
   0.060   107    46     5     1     1     1     0.02618353
   0.060   107    47     5     5     2     1    -0.00000000
   0.060   107    48     5     5     3    -1     0.00000000
   0.060   107    49     5     3     2     1    -0.00000000
   0.060   107    50     5     3     3    -1     0.00000000
   0.060   107    51     5     5     3     1     0.00000000
   0.060   107    52     5     5     4    -1    -0.00000000
   0.060   107    53     5     3     3     1     0.00000000
   0.060   107    54     5     5     4     1    -0.00000000
   0.060   107    55     5     5     5    -1     0.00000000
   0.060   107    56     5     5     5     1     0.00000000
   0.060   107    57     6     6     0     1    -0.00000000
   0.060   107    58     6     6     1    -1     0.00000000
   0.060   107    59     6     4     0     1     0.00000000
   0.060   107    60     6     4     1    -1     0.00000000
   0.060   107    61     6     2     0     1    -0.00000000
   0.060   107    62     6     2     1    -1     0.00000000
   0.060   107    63     6     0     0     1     0.00000000
   0.060   107    64     6     6     1     1     0.00000000
   0.060   107    65     6     6     2    -1    -0.00000000
   0.060   107    66     6     4     1     1     0.00000000
   0.060   107    67     6     4     2    -1     0.00000000
   0.060   107    68     6     2     1     1    -0.00000000
   0.060   107    69     6     2     2    -1    -0.00000000
   0.060   107    70     6     6     2     1    -0.00000000
   0.060   107    71     6     6     3    -1    -0.00000000
   0.060   107    72     6     4     2     1     0.00000000
   0.060   107    73     6     4     3    -1    -0.00000000
   0.060   107    74     6     2     2     1    -0.00000000
   0.060   107    75     6     6     3     1     0.00000000
   0.060   107    76     6     6     4    -1    -0.00000000
   0.060   107    77     6     4     3     1     0.00000000
   0.060   107    78     6     4     4    -1     0.00000000
   0.060   107    79     6     6     4     1    -0.00000000
   0.060   107    80     6     6     5    -1     0.00000000
   0.060   107    81     6     4     4     1     0.00000000
   0.060   107    82     6     6     5     1    -0.00000000
   0.060   107    83     6     6     6    -1     0.00000000
   0.060   107    84     6     6     6     1    -0.00000000
   0.060   107    85     7     7     0     1     0.00000000
   0.060   107    86     7     7     1    -1    -0.00000000
   0.060   107    87     7     5     0     1    -0.00000000
   0.060   107    88     7     5     1    -1     0.00000000
   0.060   107    89     7     3     0     1    -0.00000000
   0.060   107    90     7     3     1    -1    -0.00000000
   0.060   107    91     7     1     0     1    -0.00000000
   0.060   107    92     7     1     1    -1    -0.00000000
   0.060   107    93     7     7     1     1    -0.00027766
   0.060   107    94     7     7     2    -1     0.00004342
   0.060   107    95     7     5     1     1     0.00213057
   0.060   107    96     7     5     2    -1    -0.00505175
   0.060   107    97     7     3     1     1    -0.88398612
   0.060   107    98     7     3     2    -1    -0.46651995
   0.060   107    99     7     1     1     1    -0.00092706
   0.060   107   100     7     7     2     1     0.00000000
   0.060   107   101     7     7     3    -1    -0.00000000
   0.060   107   102     7     5     2     1     0.00000000
   0.060   107   103     7     5     3    -1    -0.00000000
   0.060   107   104     7     3     2     1     0.00000000
   0.060   107   105     7     3     3    -1     0.00000000
   0.060   107   106     7     7     3     1     0.00000000
   0.060   107   107     7     7     4    -1    -0.00000000
   0.060   107   108     7     5     3     1    -0.00000000
   0.060   107   109     7     5     4    -1    -0.00000000
   0.060   107   110     7     3     3     1    -0.00000000
   0.060   107   111     7     7     4     1    -0.00000000
   0.060   107   112     7     7     5    -1    -0.00000000
   0.060   107   113     7     5     4     1    -0.00000000
   0.060   107   114     7     5     5    -1    -0.00000000
   0.060   107   115     7     7     5     1     0.00000000
   0.060   107   116     7     7     6    -1     0.00000000
   0.060   107   117     7     5     5     1     0.00000000
   0.060   107   118     7     7     6     1     0.00000000
   0.060   107   119     7     7     7    -1     0.00000000
   0.060   107   120     7     7     7     1     0.00000000
   0.060   108     1     0     0     0     1    -0.00000000
   0.060   108     2     1     1     0     1     0.00000148
   0.060   108     3     1     1     1    -1    -0.00000005
   0.060   108     4     1     1     1     1    -0.00000000
   0.060   108     5     2     2     0     1     0.00000000
   0.060   108     6     2     2     1    -1    -0.00000000
   0.060   108     7     2     0     0     1    -0.00000000
   0.060   108     8     2     2     1     1    -0.00000000
   0.060   108     9     2     2     2    -1    -0.00000000
   0.060   108    10     2     2     2     1    -0.00000000
   0.060   108    11     3     3     0     1    -0.00016411
   0.060   108    12     3     3     1    -1     0.00014590
   0.060   108    13     3     1     0     1    -0.00019699
   0.060   108    14     3     1     1    -1     0.00018416
   0.060   108    15     3     3     1     1     0.00000000
   0.060   108    16     3     3     2    -1    -0.00000000
   0.060   108    17     3     1     1     1     0.00000000
   0.060   108    18     3     3     2     1    -0.00000000
   0.060   108    19     3     3     3    -1     0.00000000
   0.060   108    20     3     3     3     1     0.00000000
   0.060   108    21     4     4     0     1    -0.00000000
   0.060   108    22     4     4     1    -1     0.00000000
   0.060   108    23     4     2     0     1     0.00000000
   0.060   108    24     4     2     1    -1     0.00000000
   0.060   108    25     4     0     0     1    -0.00000000
   0.060   108    26     4     4     1     1    -0.00000000
   0.060   108    27     4     4     2    -1     0.00000000
   0.060   108    28     4     2     1     1     0.00000000
   0.060   108    29     4     2     2    -1     0.00000000
   0.060   108    30     4     4     2     1    -0.00000000
   0.060   108    31     4     4     3    -1     0.00000000
   0.060   108    32     4     2     2     1    -0.00000000
   0.060   108    33     4     4     3     1    -0.00000000
   0.060   108    34     4     4     4    -1    -0.00000000
   0.060   108    35     4     4     4     1     0.00000000
   0.060   108    36     5     5     0     1     0.00838892
   0.060   108    37     5     5     1    -1    -0.00855405
   0.060   108    38     5     3     0     1     0.01780611
   0.060   108    39     5     3     1    -1    -0.01923689
   0.060   108    40     5     1     0     1    -0.00012437
   0.060   108    41     5     1     1    -1     0.00012426
   0.060   108    42     5     5     1     1    -0.00000000
   0.060   108    43     5     5     2    -1     0.00000000
   0.060   108    44     5     3     1     1    -0.00000000
   0.060   108    45     5     3     2    -1    -0.00000000
   0.060   108    46     5     1     1     1     0.00000000
   0.060   108    47     5     5     2     1     0.00000000
   0.060   108    48     5     5     3    -1    -0.00000000
   0.060   108    49     5     3     2     1    -0.00000000
   0.060   108    50     5     3     3    -1     0.00000000
   0.060   108    51     5     5     3     1    -0.00000000
   0.060   108    52     5     5     4    -1    -0.00000000
   0.060   108    53     5     3     3     1     0.00000000
   0.060   108    54     5     5     4     1     0.00000000
   0.060   108    55     5     5     5    -1    -0.00000000
   0.060   108    56     5     5     5     1     0.00000000
   0.060   108    57     6     6     0     1     0.00000000
   0.060   108    58     6     6     1    -1     0.00000000
   0.060   108    59     6     4     0     1    -0.00000000
   0.060   108    60     6     4     1    -1     0.00000000
   0.060   108    61     6     2     0     1     0.00000000
   0.060   108    62     6     2     1    -1    -0.00000000
   0.060   108    63     6     0     0     1    -0.00000000
   0.060   108    64     6     6     1     1     0.00000000
   0.060   108    65     6     6     2    -1    -0.00000000
   0.060   108    66     6     4     1     1    -0.00000000
   0.060   108    67     6     4     2    -1    -0.00000000
   0.060   108    68     6     2     1     1    -0.00000000
   0.060   108    69     6     2     2    -1     0.00000000
   0.060   108    70     6     6     2     1     0.00000000
   0.060   108    71     6     6     3    -1    -0.00000000
   0.060   108    72     6     4     2     1    -0.00000000
   0.060   108    73     6     4     3    -1     0.00000000
   0.060   108    74     6     2     2     1    -0.00000000
   0.060   108    75     6     6     3     1    -0.00000000
   0.060   108    76     6     6     4    -1     0.00000000
   0.060   108    77     6     4     3     1    -0.00000000
   0.060   108    78     6     4     4    -1    -0.00000000
   0.060   108    79     6     6     4     1     0.00000000
   0.060   108    80     6     6     5    -1    -0.00000000
   0.060   108    81     6     4     4     1    -0.00000000
   0.060   108    82     6     6     5     1    -0.00000000
   0.060   108    83     6     6     6    -1     0.00000000
   0.060   108    84     6     6     6     1    -0.00000000
   0.060   108    85     7     7     0     1    -0.00056494
   0.060   108    86     7     7     1    -1     0.00059084
   0.060   108    87     7     5     0     1    -0.66817635
   0.060   108    88     7     5     1    -1     0.74342385
   0.060   108    89     7     3     0     1     0.00079381
   0.060   108    90     7     3     1    -1    -0.00440570
   0.060   108    91     7     1     0     1     0.00301182
   0.060   108    92     7     1     1    -1    -0.00086116
   0.060   108    93     7     7     1     1     0.00000000
   0.060   108    94     7     7     2    -1    -0.00000000
   0.060   108    95     7     5     1     1    -0.00000000
   0.060   108    96     7     5     2    -1     0.00000000
   0.060   108    97     7     3     1     1     0.00000000
   0.060   108    98     7     3     2    -1     0.00000000
   0.060   108    99     7     1     1     1     0.00000000
   0.060   108   100     7     7     2     1    -0.00000000
   0.060   108   101     7     7     3    -1     0.00000000
   0.060   108   102     7     5     2     1     0.00000000
   0.060   108   103     7     5     3    -1     0.00000000
   0.060   108   104     7     3     2     1     0.00000000
   0.060   108   105     7     3     3    -1     0.00000000
   0.060   108   106     7     7     3     1    -0.00000000
   0.060   108   107     7     7     4    -1    -0.00000000
   0.060   108   108     7     5     3     1    -0.00000000
   0.060   108   109     7     5     4    -1    -0.00000000
   0.060   108   110     7     3     3     1     0.00000000
   0.060   108   111     7     7     4     1     0.00000000
   0.060   108   112     7     7     5    -1     0.00000000
   0.060   108   113     7     5     4     1     0.00000000
   0.060   108   114     7     5     5    -1     0.00000000
   0.060   108   115     7     7     5     1     0.00000000
   0.060   108   116     7     7     6    -1     0.00000000
   0.060   108   117     7     5     5     1     0.00000000
   0.060   108   118     7     7     6     1     0.00000000
   0.060   108   119     7     7     7    -1     0.00000000
   0.060   108   120     7     7     7     1     0.00000000
   0.060   109     1     0     0     0     1    -0.00000000
   0.060   109     2     1     1     0     1     0.00000000
   0.060   109     3     1     1     1    -1     0.00000000
   0.060   109     4     1     1     1     1     0.00000000
   0.060   109     5     2     2     0     1    -0.00000000
   0.060   109     6     2     2     1    -1    -0.00000000
   0.060   109     7     2     0     0     1     0.00000000
   0.060   109     8     2     2     1     1    -0.00000000
   0.060   109     9     2     2     2    -1     0.00000000
   0.060   109    10     2     2     2     1     0.00000000
   0.060   109    11     3     3     0     1     0.00000000
   0.060   109    12     3     3     1    -1    -0.00000000
   0.060   109    13     3     1     0     1    -0.00000000
   0.060   109    14     3     1     1    -1    -0.00000000
   0.060   109    15     3     3     1     1     0.00000000
   0.060   109    16     3     3     2    -1     0.00000000
   0.060   109    17     3     1     1     1    -0.00000000
   0.060   109    18     3     3     2     1    -0.00003159
   0.060   109    19     3     3     3    -1    -0.00006237
   0.060   109    20     3     3     3     1    -0.00000000
   0.060   109    21     4     4     0     1    -0.00000000
   0.060   109    22     4     4     1    -1    -0.00000000
   0.060   109    23     4     2     0     1    -0.00000000
   0.060   109    24     4     2     1    -1    -0.00000000
   0.060   109    25     4     0     0     1    -0.00000000
   0.060   109    26     4     4     1     1    -0.00000000
   0.060   109    27     4     4     2    -1    -0.00000000
   0.060   109    28     4     2     1     1     0.00000000
   0.060   109    29     4     2     2    -1    -0.00000000
   0.060   109    30     4     4     2     1    -0.00000000
   0.060   109    31     4     4     3    -1    -0.00000000
   0.060   109    32     4     2     2     1    -0.00000000
   0.060   109    33     4     4     3     1     0.00000000
   0.060   109    34     4     4     4    -1     0.00000000
   0.060   109    35     4     4     4     1     0.00000000
   0.060   109    36     5     5     0     1     0.00000000
   0.060   109    37     5     5     1    -1    -0.00000000
   0.060   109    38     5     3     0     1     0.00000000
   0.060   109    39     5     3     1    -1    -0.00000000
   0.060   109    40     5     1     0     1     0.00000000
   0.060   109    41     5     1     1    -1     0.00000000
   0.060   109    42     5     5     1     1     0.00000000
   0.060   109    43     5     5     2    -1     0.00000000
   0.060   109    44     5     3     1     1     0.00000000
   0.060   109    45     5     3     2    -1     0.00000000
   0.060   109    46     5     1     1     1     0.00000000
   0.060   109    47     5     5     2     1     0.00659837
   0.060   109    48     5     5     3    -1     0.00079162
   0.060   109    49     5     3     2     1     0.00043991
   0.060   109    50     5     3     3    -1    -0.00775927
   0.060   109    51     5     5     3     1     0.00000000
   0.060   109    52     5     5     4    -1     0.00000000
   0.060   109    53     5     3     3     1     0.00000000
   0.060   109    54     5     5     4     1    -0.00000000
   0.060   109    55     5     5     5    -1     0.00000000
   0.060   109    56     5     5     5     1     0.00000000
   0.060   109    57     6     6     0     1    -0.00000000
   0.060   109    58     6     6     1    -1    -0.00000000
   0.060   109    59     6     4     0     1     0.00000000
   0.060   109    60     6     4     1    -1    -0.00000000
   0.060   109    61     6     2     0     1     0.00000000
   0.060   109    62     6     2     1    -1     0.00000000
   0.060   109    63     6     0     0     1    -0.00000000
   0.060   109    64     6     6     1     1    -0.00000000
   0.060   109    65     6     6     2    -1    -0.00000000
   0.060   109    66     6     4     1     1    -0.00000000
   0.060   109    67     6     4     2    -1    -0.00000000
   0.060   109    68     6     2     1     1    -0.00000000
   0.060   109    69     6     2     2    -1    -0.00000000
   0.060   109    70     6     6     2     1     0.00000000
   0.060   109    71     6     6     3    -1    -0.00000000
   0.060   109    72     6     4     2     1     0.00000000
   0.060   109    73     6     4     3    -1    -0.00000000
   0.060   109    74     6     2     2     1    -0.00000000
   0.060   109    75     6     6     3     1     0.00000000
   0.060   109    76     6     6     4    -1    -0.00000000
   0.060   109    77     6     4     3     1     0.00000000
   0.060   109    78     6     4     4    -1     0.00000000
   0.060   109    79     6     6     4     1    -0.00000000
   0.060   109    80     6     6     5    -1     0.00000000
   0.060   109    81     6     4     4     1     0.00000000
   0.060   109    82     6     6     5     1     0.00000000
   0.060   109    83     6     6     6    -1    -0.00000000
   0.060   109    84     6     6     6     1     0.00000000
   0.060   109    85     7     7     0     1     0.00000000
   0.060   109    86     7     7     1    -1     0.00000000
   0.060   109    87     7     5     0     1    -0.00000000
   0.060   109    88     7     5     1    -1     0.00000000
   0.060   109    89     7     3     0     1    -0.00000000
   0.060   109    90     7     3     1    -1    -0.00000000
   0.060   109    91     7     1     0     1    -0.00000000
   0.060   109    92     7     1     1    -1     0.00000000
   0.060   109    93     7     7     1     1    -0.00000000
   0.060   109    94     7     7     2    -1     0.00000000
   0.060   109    95     7     5     1     1     0.00000000
   0.060   109    96     7     5     2    -1    -0.00000000
   0.060   109    97     7     3     1     1    -0.00000000
   0.060   109    98     7     3     2    -1    -0.00000000
   0.060   109    99     7     1     1     1     0.00000000
   0.060   109   100     7     7     2     1    -0.00022983
   0.060   109   101     7     7     3    -1     0.00009908
   0.060   109   102     7     5     2     1     0.00193668
   0.060   109   103     7     5     3    -1    -0.00345590
   0.060   109   104     7     3     2     1    -0.95648361
   0.060   109   105     7     3     3    -1    -0.29157978
   0.060   109   106     7     7     3     1     0.00000000
   0.060   109   107     7     7     4    -1    -0.00000000
   0.060   109   108     7     5     3     1    -0.00000000
   0.060   109   109     7     5     4    -1     0.00000000
   0.060   109   110     7     3     3     1    -0.00000000
   0.060   109   111     7     7     4     1     0.00000000
   0.060   109   112     7     7     5    -1     0.00000000
   0.060   109   113     7     5     4     1    -0.00000000
   0.060   109   114     7     5     5    -1    -0.00000000
   0.060   109   115     7     7     5     1     0.00000000
   0.060   109   116     7     7     6    -1     0.00000000
   0.060   109   117     7     5     5     1     0.00000000
   0.060   109   118     7     7     6     1     0.00000000
   0.060   109   119     7     7     7    -1     0.00000000
   0.060   109   120     7     7     7     1     0.00000000
   0.060   110     1     0     0     0     1    -0.00000000
   0.060   110     2     1     1     0     1    -0.00000000
   0.060   110     3     1     1     1    -1    -0.00000000
   0.060   110     4     1     1     1     1    -0.00000002
   0.060   110     5     2     2     0     1     0.00000000
   0.060   110     6     2     2     1    -1    -0.00000000
   0.060   110     7     2     0     0     1    -0.00000000
   0.060   110     8     2     2     1     1     0.00000000
   0.060   110     9     2     2     2    -1    -0.00000000
   0.060   110    10     2     2     2     1     0.00000000
   0.060   110    11     3     3     0     1    -0.00000000
   0.060   110    12     3     3     1    -1    -0.00000000
   0.060   110    13     3     1     0     1     0.00000000
   0.060   110    14     3     1     1    -1     0.00000000
   0.060   110    15     3     3     1     1     0.00010368
   0.060   110    16     3     3     2    -1    -0.00003831
   0.060   110    17     3     1     1     1     0.00013046
   0.060   110    18     3     3     2     1    -0.00000000
   0.060   110    19     3     3     3    -1    -0.00000000
   0.060   110    20     3     3     3     1    -0.00000000
   0.060   110    21     4     4     0     1     0.00000000
   0.060   110    22     4     4     1    -1    -0.00000000
   0.060   110    23     4     2     0     1    -0.00000000
   0.060   110    24     4     2     1    -1    -0.00000000
   0.060   110    25     4     0     0     1     0.00000000
   0.060   110    26     4     4     1     1    -0.00000000
   0.060   110    27     4     4     2    -1    -0.00000000
   0.060   110    28     4     2     1     1    -0.00000000
   0.060   110    29     4     2     2    -1    -0.00000000
   0.060   110    30     4     4     2     1     0.00000000
   0.060   110    31     4     4     3    -1    -0.00000000
   0.060   110    32     4     2     2     1    -0.00000000
   0.060   110    33     4     4     3     1     0.00000000
   0.060   110    34     4     4     4    -1    -0.00000000
   0.060   110    35     4     4     4     1     0.00000000
   0.060   110    36     5     5     0     1     0.00000000
   0.060   110    37     5     5     1    -1    -0.00000000
   0.060   110    38     5     3     0     1     0.00000000
   0.060   110    39     5     3     1    -1    -0.00000000
   0.060   110    40     5     1     0     1     0.00000000
   0.060   110    41     5     1     1    -1    -0.00000000
   0.060   110    42     5     5     1     1    -0.00640766
   0.060   110    43     5     5     2    -1     0.00636838
   0.060   110    44     5     3     1     1    -0.01453678
   0.060   110    45     5     3     2    -1     0.01812420
   0.060   110    46     5     1     1     1    -0.00013604
   0.060   110    47     5     5     2     1     0.00000000
   0.060   110    48     5     5     3    -1     0.00000000
   0.060   110    49     5     3     2     1     0.00000000
   0.060   110    50     5     3     3    -1     0.00000000
   0.060   110    51     5     5     3     1     0.00000000
   0.060   110    52     5     5     4    -1    -0.00000000
   0.060   110    53     5     3     3     1    -0.00000000
   0.060   110    54     5     5     4     1    -0.00000000
   0.060   110    55     5     5     5    -1     0.00000000
   0.060   110    56     5     5     5     1     0.00000000
   0.060   110    57     6     6     0     1     0.00000000
   0.060   110    58     6     6     1    -1    -0.00000000
   0.060   110    59     6     4     0     1     0.00000000
   0.060   110    60     6     4     1    -1    -0.00000000
   0.060   110    61     6     2     0     1     0.00000000
   0.060   110    62     6     2     1    -1    -0.00000000
   0.060   110    63     6     0     0     1     0.00000000
   0.060   110    64     6     6     1     1     0.00000000
   0.060   110    65     6     6     2    -1    -0.00000000
   0.060   110    66     6     4     1     1     0.00000000
   0.060   110    67     6     4     2    -1     0.00000000
   0.060   110    68     6     2     1     1    -0.00000000
   0.060   110    69     6     2     2    -1    -0.00000000
   0.060   110    70     6     6     2     1    -0.00000000
   0.060   110    71     6     6     3    -1    -0.00000000
   0.060   110    72     6     4     2     1     0.00000000
   0.060   110    73     6     4     3    -1    -0.00000000
   0.060   110    74     6     2     2     1    -0.00000000
   0.060   110    75     6     6     3     1     0.00000000
   0.060   110    76     6     6     4    -1    -0.00000000
   0.060   110    77     6     4     3     1     0.00000000
   0.060   110    78     6     4     4    -1    -0.00000000
   0.060   110    79     6     6     4     1    -0.00000000
   0.060   110    80     6     6     5    -1     0.00000000
   0.060   110    81     6     4     4     1     0.00000000
   0.060   110    82     6     6     5     1    -0.00000000
   0.060   110    83     6     6     6    -1    -0.00000000
   0.060   110    84     6     6     6     1    -0.00000000
   0.060   110    85     7     7     0     1     0.00000000
   0.060   110    86     7     7     1    -1     0.00000000
   0.060   110    87     7     5     0     1    -0.00000000
   0.060   110    88     7     5     1    -1     0.00000000
   0.060   110    89     7     3     0     1    -0.00000000
   0.060   110    90     7     3     1    -1     0.00000000
   0.060   110    91     7     1     0     1    -0.00000000
   0.060   110    92     7     1     1    -1    -0.00000000
   0.060   110    93     7     7     1     1     0.00037944
   0.060   110    94     7     7     2    -1    -0.00042291
   0.060   110    95     7     5     1     1     0.58496189
   0.060   110    96     7     5     2    -1    -0.81065936
   0.060   110    97     7     3     1     1     0.00400847
   0.060   110    98     7     3     2    -1     0.00336805
   0.060   110    99     7     1     1     1    -0.00133794
   0.060   110   100     7     7     2     1     0.00000000
   0.060   110   101     7     7     3    -1     0.00000000
   0.060   110   102     7     5     2     1    -0.00000000
   0.060   110   103     7     5     3    -1     0.00000000
   0.060   110   104     7     3     2     1     0.00000000
   0.060   110   105     7     3     3    -1     0.00000000
   0.060   110   106     7     7     3     1     0.00000000
   0.060   110   107     7     7     4    -1    -0.00000000
   0.060   110   108     7     5     3     1     0.00000000
   0.060   110   109     7     5     4    -1     0.00000000
   0.060   110   110     7     3     3     1     0.00000000
   0.060   110   111     7     7     4     1    -0.00000000
   0.060   110   112     7     7     5    -1    -0.00000000
   0.060   110   113     7     5     4     1     0.00000000
   0.060   110   114     7     5     5    -1     0.00000000
   0.060   110   115     7     7     5     1     0.00000000
   0.060   110   116     7     7     6    -1     0.00000000
   0.060   110   117     7     5     5     1     0.00000000
   0.060   110   118     7     7     6     1     0.00000000
   0.060   110   119     7     7     7    -1     0.00000000
   0.060   110   120     7     7     7     1     0.00000000
   0.060   111     1     0     0     0     1     0.00000000
   0.060   111     2     1     1     0     1    -0.00000000
   0.060   111     3     1     1     1    -1    -0.00000000
   0.060   111     4     1     1     1     1     0.00000000
   0.060   111     5     2     2     0     1     0.00000000
   0.060   111     6     2     2     1    -1     0.00000000
   0.060   111     7     2     0     0     1    -0.00000000
   0.060   111     8     2     2     1     1     0.00000000
   0.060   111     9     2     2     2    -1    -0.00000000
   0.060   111    10     2     2     2     1     0.00000000
   0.060   111    11     3     3     0     1    -0.00000000
   0.060   111    12     3     3     1    -1    -0.00000000
   0.060   111    13     3     1     0     1    -0.00000000
   0.060   111    14     3     1     1    -1     0.00000000
   0.060   111    15     3     3     1     1     0.00000000
   0.060   111    16     3     3     2    -1    -0.00000000
   0.060   111    17     3     1     1     1     0.00000000
   0.060   111    18     3     3     2     1     0.00001335
   0.060   111    19     3     3     3    -1     0.00009762
   0.060   111    20     3     3     3     1    -0.00000000
   0.060   111    21     4     4     0     1     0.00000000
   0.060   111    22     4     4     1    -1     0.00000000
   0.060   111    23     4     2     0     1    -0.00000000
   0.060   111    24     4     2     1    -1     0.00000000
   0.060   111    25     4     0     0     1     0.00000000
   0.060   111    26     4     4     1     1     0.00000000
   0.060   111    27     4     4     2    -1    -0.00000000
   0.060   111    28     4     2     1     1     0.00000000
   0.060   111    29     4     2     2    -1     0.00000000
   0.060   111    30     4     4     2     1     0.00000000
   0.060   111    31     4     4     3    -1     0.00000000
   0.060   111    32     4     2     2     1    -0.00000000
   0.060   111    33     4     4     3     1    -0.00000000
   0.060   111    34     4     4     4    -1     0.00000000
   0.060   111    35     4     4     4     1     0.00000000
   0.060   111    36     5     5     0     1    -0.00000000
   0.060   111    37     5     5     1    -1     0.00000000
   0.060   111    38     5     3     0     1     0.00000000
   0.060   111    39     5     3     1    -1    -0.00000000
   0.060   111    40     5     1     0     1     0.00000000
   0.060   111    41     5     1     1    -1     0.00000000
   0.060   111    42     5     5     1     1    -0.00000000
   0.060   111    43     5     5     2    -1     0.00000000
   0.060   111    44     5     3     1     1    -0.00000000
   0.060   111    45     5     3     2    -1     0.00000000
   0.060   111    46     5     1     1     1    -0.00000000
   0.060   111    47     5     5     2     1    -0.00326404
   0.060   111    48     5     5     3    -1     0.00139020
   0.060   111    49     5     3     2     1    -0.00985091
   0.060   111    50     5     3     3    -1     0.01342742
   0.060   111    51     5     5     3     1     0.00000000
   0.060   111    52     5     5     4    -1     0.00000000
   0.060   111    53     5     3     3     1     0.00000000
   0.060   111    54     5     5     4     1     0.00000000
   0.060   111    55     5     5     5    -1    -0.00000000
   0.060   111    56     5     5     5     1     0.00000000
   0.060   111    57     6     6     0     1     0.00000000
   0.060   111    58     6     6     1    -1     0.00000000
   0.060   111    59     6     4     0     1     0.00000000
   0.060   111    60     6     4     1    -1     0.00000000
   0.060   111    61     6     2     0     1     0.00000000
   0.060   111    62     6     2     1    -1     0.00000000
   0.060   111    63     6     0     0     1     0.00000000
   0.060   111    64     6     6     1     1     0.00000000
   0.060   111    65     6     6     2    -1    -0.00000000
   0.060   111    66     6     4     1     1     0.00000000
   0.060   111    67     6     4     2    -1     0.00000000
   0.060   111    68     6     2     1     1    -0.00000000
   0.060   111    69     6     2     2    -1    -0.00000000
   0.060   111    70     6     6     2     1     0.00000000
   0.060   111    71     6     6     3    -1     0.00000000
   0.060   111    72     6     4     2     1    -0.00000000
   0.060   111    73     6     4     3    -1    -0.00000000
   0.060   111    74     6     2     2     1     0.00000000
   0.060   111    75     6     6     3     1     0.00000000
   0.060   111    76     6     6     4    -1    -0.00000000
   0.060   111    77     6     4     3     1    -0.00000000
   0.060   111    78     6     4     4    -1     0.00000000
   0.060   111    79     6     6     4     1    -0.00000000
   0.060   111    80     6     6     5    -1     0.00000000
   0.060   111    81     6     4     4     1     0.00000000
   0.060   111    82     6     6     5     1     0.00000000
   0.060   111    83     6     6     6    -1    -0.00000000
   0.060   111    84     6     6     6     1     0.00000000
   0.060   111    85     7     7     0     1     0.00000000
   0.060   111    86     7     7     1    -1    -0.00000000
   0.060   111    87     7     5     0     1    -0.00000000
   0.060   111    88     7     5     1    -1     0.00000000
   0.060   111    89     7     3     0     1    -0.00000000
   0.060   111    90     7     3     1    -1    -0.00000000
   0.060   111    91     7     1     0     1    -0.00000000
   0.060   111    92     7     1     1    -1     0.00000000
   0.060   111    93     7     7     1     1    -0.00000000
   0.060   111    94     7     7     2    -1     0.00000000
   0.060   111    95     7     5     1     1     0.00000000
   0.060   111    96     7     5     2    -1    -0.00000000
   0.060   111    97     7     3     1     1     0.00000000
   0.060   111    98     7     3     2    -1     0.00000000
   0.060   111    99     7     1     1     1    -0.00000000
   0.060   111   100     7     7     2     1     0.00012981
   0.060   111   101     7     7     3    -1    -0.00011175
   0.060   111   102     7     5     2     1     0.49315464
   0.060   111   103     7     5     3    -1    -0.86976541
   0.060   111   104     7     3     2     1     0.00407626
   0.060   111   105     7     3     3    -1    -0.00022971
   0.060   111   106     7     7     3     1    -0.00000000
   0.060   111   107     7     7     4    -1     0.00000000
   0.060   111   108     7     5     3     1    -0.00000000
   0.060   111   109     7     5     4    -1     0.00000000
   0.060   111   110     7     3     3     1    -0.00000000
   0.060   111   111     7     7     4     1    -0.00000000
   0.060   111   112     7     7     5    -1     0.00000000
   0.060   111   113     7     5     4     1     0.00000000
   0.060   111   114     7     5     5    -1     0.00000000
   0.060   111   115     7     7     5     1     0.00000000
   0.060   111   116     7     7     6    -1     0.00000000
   0.060   111   117     7     5     5     1     0.00000000
   0.060   111   118     7     7     6     1     0.00000000
   0.060   111   119     7     7     7    -1     0.00000000
   0.060   111   120     7     7     7     1     0.00000000
   0.060   112     1     0     0     0     1     0.00000000
   0.060   112     2     1     1     0     1    -0.00000000
   0.060   112     3     1     1     1    -1    -0.00000000
   0.060   112     4     1     1     1     1    -0.00000000
   0.060   112     5     2     2     0     1     0.00000000
   0.060   112     6     2     2     1    -1    -0.00000000
   0.060   112     7     2     0     0     1    -0.00000000
   0.060   112     8     2     2     1     1     0.00000000
   0.060   112     9     2     2     2    -1     0.00000000
   0.060   112    10     2     2     2     1    -0.00000000
   0.060   112    11     3     3     0     1    -0.00000000
   0.060   112    12     3     3     1    -1     0.00000000
   0.060   112    13     3     1     0     1    -0.00000000
   0.060   112    14     3     1     1    -1     0.00000000
   0.060   112    15     3     3     1     1     0.00000000
   0.060   112    16     3     3     2    -1     0.00000000
   0.060   112    17     3     1     1     1     0.00000000
   0.060   112    18     3     3     2     1     0.00000000
   0.060   112    19     3     3     3    -1    -0.00000000
   0.060   112    20     3     3     3     1     0.00016527
   0.060   112    21     4     4     0     1     0.00000000
   0.060   112    22     4     4     1    -1     0.00000000
   0.060   112    23     4     2     0     1    -0.00000000
   0.060   112    24     4     2     1    -1    -0.00000000
   0.060   112    25     4     0     0     1    -0.00000000
   0.060   112    26     4     4     1     1     0.00000000
   0.060   112    27     4     4     2    -1     0.00000000
   0.060   112    28     4     2     1     1     0.00000000
   0.060   112    29     4     2     2    -1    -0.00000000
   0.060   112    30     4     4     2     1    -0.00000000
   0.060   112    31     4     4     3    -1    -0.00000000
   0.060   112    32     4     2     2     1     0.00000000
   0.060   112    33     4     4     3     1    -0.00000000
   0.060   112    34     4     4     4    -1     0.00000000
   0.060   112    35     4     4     4     1     0.00000000
   0.060   112    36     5     5     0     1     0.00000000
   0.060   112    37     5     5     1    -1     0.00000000
   0.060   112    38     5     3     0     1     0.00000000
   0.060   112    39     5     3     1    -1     0.00000000
   0.060   112    40     5     1     0     1    -0.00000000
   0.060   112    41     5     1     1    -1     0.00000000
   0.060   112    42     5     5     1     1     0.00000000
   0.060   112    43     5     5     2    -1    -0.00000000
   0.060   112    44     5     3     1     1    -0.00000000
   0.060   112    45     5     3     2    -1     0.00000000
   0.060   112    46     5     1     1     1     0.00000000
   0.060   112    47     5     5     2     1    -0.00000000
   0.060   112    48     5     5     3    -1    -0.00000000
   0.060   112    49     5     3     2     1    -0.00000000
   0.060   112    50     5     3     3    -1     0.00000000
   0.060   112    51     5     5     3     1    -0.00448003
   0.060   112    52     5     5     4    -1     0.00035906
   0.060   112    53     5     3     3     1     0.02142293
   0.060   112    54     5     5     4     1     0.00000000
   0.060   112    55     5     5     5    -1    -0.00000000
   0.060   112    56     5     5     5     1     0.00000000
   0.060   112    57     6     6     0     1     0.00000000
   0.060   112    58     6     6     1    -1     0.00000000
   0.060   112    59     6     4     0     1     0.00000000
   0.060   112    60     6     4     1    -1    -0.00000000
   0.060   112    61     6     2     0     1     0.00000000
   0.060   112    62     6     2     1    -1     0.00000000
   0.060   112    63     6     0     0     1     0.00000000
   0.060   112    64     6     6     1     1     0.00000000
   0.060   112    65     6     6     2    -1     0.00000000
   0.060   112    66     6     4     1     1     0.00000000
   0.060   112    67     6     4     2    -1    -0.00000000
   0.060   112    68     6     2     1     1     0.00000000
   0.060   112    69     6     2     2    -1     0.00000000
   0.060   112    70     6     6     2     1    -0.00000000
   0.060   112    71     6     6     3    -1    -0.00000000
   0.060   112    72     6     4     2     1     0.00000000
   0.060   112    73     6     4     3    -1     0.00000000
   0.060   112    74     6     2     2     1    -0.00000000
   0.060   112    75     6     6     3     1     0.00000000
   0.060   112    76     6     6     4    -1     0.00000000
   0.060   112    77     6     4     3     1     0.00000000
   0.060   112    78     6     4     4    -1    -0.00000000
   0.060   112    79     6     6     4     1     0.00000000
   0.060   112    80     6     6     5    -1     0.00000000
   0.060   112    81     6     4     4     1    -0.00000000
   0.060   112    82     6     6     5     1     0.00000000
   0.060   112    83     6     6     6    -1    -0.00000000
   0.060   112    84     6     6     6     1     0.00000000
   0.060   112    85     7     7     0     1    -0.00000000
   0.060   112    86     7     7     1    -1    -0.00000000
   0.060   112    87     7     5     0     1     0.00000000
   0.060   112    88     7     5     1    -1     0.00000000
   0.060   112    89     7     3     0     1     0.00000000
   0.060   112    90     7     3     1    -1     0.00000000
   0.060   112    91     7     1     0     1     0.00000000
   0.060   112    92     7     1     1    -1     0.00000000
   0.060   112    93     7     7     1     1    -0.00000000
   0.060   112    94     7     7     2    -1     0.00000000
   0.060   112    95     7     5     1     1     0.00000000
   0.060   112    96     7     5     2    -1    -0.00000000
   0.060   112    97     7     3     1     1    -0.00000000
   0.060   112    98     7     3     2    -1     0.00000000
   0.060   112    99     7     1     1     1     0.00000000
   0.060   112   100     7     7     2     1    -0.00000000
   0.060   112   101     7     7     3    -1     0.00000000
   0.060   112   102     7     5     2     1     0.00000000
   0.060   112   103     7     5     3    -1    -0.00000000
   0.060   112   104     7     3     2     1    -0.00000000
   0.060   112   105     7     3     3    -1     0.00000000
   0.060   112   106     7     7     3     1     0.00012128
   0.060   112   107     7     7     4    -1    -0.00007103
   0.060   112   108     7     5     3     1     0.00382898
   0.060   112   109     7     5     4    -1    -0.01119921
   0.060   112   110     7     3     3     1     0.99969032
   0.060   112   111     7     7     4     1    -0.00000000
   0.060   112   112     7     7     5    -1     0.00000000
   0.060   112   113     7     5     4     1     0.00000000
   0.060   112   114     7     5     5    -1     0.00000000
   0.060   112   115     7     7     5     1     0.00000000
   0.060   112   116     7     7     6    -1     0.00000000
   0.060   112   117     7     5     5     1     0.00000000
   0.060   112   118     7     7     6     1     0.00000000
   0.060   112   119     7     7     7    -1     0.00000000
   0.060   112   120     7     7     7     1     0.00000000
   0.060   113     1     0     0     0     1     0.00000000
   0.060   113     2     1     1     0     1     0.00000000
   0.060   113     3     1     1     1    -1     0.00000000
   0.060   113     4     1     1     1     1     0.00000000
   0.060   113     5     2     2     0     1     0.00000000
   0.060   113     6     2     2     1    -1     0.00000000
   0.060   113     7     2     0     0     1    -0.00000000
   0.060   113     8     2     2     1     1    -0.00000000
   0.060   113     9     2     2     2    -1    -0.00000000
   0.060   113    10     2     2     2     1    -0.00000000
   0.060   113    11     3     3     0     1    -0.00000000
   0.060   113    12     3     3     1    -1     0.00000000
   0.060   113    13     3     1     0     1    -0.00000000
   0.060   113    14     3     1     1    -1    -0.00000000
   0.060   113    15     3     3     1     1    -0.00000000
   0.060   113    16     3     3     2    -1    -0.00000000
   0.060   113    17     3     1     1     1     0.00000000
   0.060   113    18     3     3     2     1    -0.00000000
   0.060   113    19     3     3     3    -1     0.00000000
   0.060   113    20     3     3     3     1    -0.00003538
   0.060   113    21     4     4     0     1     0.00000000
   0.060   113    22     4     4     1    -1     0.00000000
   0.060   113    23     4     2     0     1    -0.00000000
   0.060   113    24     4     2     1    -1    -0.00000000
   0.060   113    25     4     0     0     1    -0.00000000
   0.060   113    26     4     4     1     1     0.00000000
   0.060   113    27     4     4     2    -1    -0.00000000
   0.060   113    28     4     2     1     1    -0.00000000
   0.060   113    29     4     2     2    -1     0.00000000
   0.060   113    30     4     4     2     1    -0.00000000
   0.060   113    31     4     4     3    -1    -0.00000000
   0.060   113    32     4     2     2     1     0.00000000
   0.060   113    33     4     4     3     1     0.00000000
   0.060   113    34     4     4     4    -1    -0.00000000
   0.060   113    35     4     4     4     1     0.00000000
   0.060   113    36     5     5     0     1     0.00000000
   0.060   113    37     5     5     1    -1     0.00000000
   0.060   113    38     5     3     0     1     0.00000000
   0.060   113    39     5     3     1    -1     0.00000000
   0.060   113    40     5     1     0     1     0.00000000
   0.060   113    41     5     1     1    -1     0.00000000
   0.060   113    42     5     5     1     1     0.00000000
   0.060   113    43     5     5     2    -1    -0.00000000
   0.060   113    44     5     3     1     1    -0.00000000
   0.060   113    45     5     3     2    -1     0.00000000
   0.060   113    46     5     1     1     1     0.00000000
   0.060   113    47     5     5     2     1    -0.00000000
   0.060   113    48     5     5     3    -1     0.00000000
   0.060   113    49     5     3     2     1    -0.00000000
   0.060   113    50     5     3     3    -1     0.00000000
   0.060   113    51     5     5     3     1     0.00020422
   0.060   113    52     5     5     4    -1    -0.00665085
   0.060   113    53     5     3     3     1    -0.00496384
   0.060   113    54     5     5     4     1     0.00000000
   0.060   113    55     5     5     5    -1     0.00000000
   0.060   113    56     5     5     5     1     0.00000000
   0.060   113    57     6     6     0     1     0.00000000
   0.060   113    58     6     6     1    -1     0.00000000
   0.060   113    59     6     4     0     1     0.00000000
   0.060   113    60     6     4     1    -1    -0.00000000
   0.060   113    61     6     2     0     1     0.00000000
   0.060   113    62     6     2     1    -1     0.00000000
   0.060   113    63     6     0     0     1     0.00000000
   0.060   113    64     6     6     1     1     0.00000000
   0.060   113    65     6     6     2    -1     0.00000000
   0.060   113    66     6     4     1     1    -0.00000000
   0.060   113    67     6     4     2    -1     0.00000000
   0.060   113    68     6     2     1     1    -0.00000000
   0.060   113    69     6     2     2    -1    -0.00000000
   0.060   113    70     6     6     2     1    -0.00000000
   0.060   113    71     6     6     3    -1    -0.00000000
   0.060   113    72     6     4     2     1     0.00000000
   0.060   113    73     6     4     3    -1     0.00000000
   0.060   113    74     6     2     2     1    -0.00000000
   0.060   113    75     6     6     3     1    -0.00000000
   0.060   113    76     6     6     4    -1     0.00000000
   0.060   113    77     6     4     3     1    -0.00000000
   0.060   113    78     6     4     4    -1    -0.00000000
   0.060   113    79     6     6     4     1     0.00000000
   0.060   113    80     6     6     5    -1     0.00000000
   0.060   113    81     6     4     4     1    -0.00000000
   0.060   113    82     6     6     5     1     0.00000000
   0.060   113    83     6     6     6    -1    -0.00000000
   0.060   113    84     6     6     6     1     0.00000000
   0.060   113    85     7     7     0     1    -0.00000000
   0.060   113    86     7     7     1    -1    -0.00000000
   0.060   113    87     7     5     0     1     0.00000000
   0.060   113    88     7     5     1    -1     0.00000000
   0.060   113    89     7     3     0     1     0.00000000
   0.060   113    90     7     3     1    -1     0.00000000
   0.060   113    91     7     1     0     1     0.00000000
   0.060   113    92     7     1     1    -1     0.00000000
   0.060   113    93     7     7     1     1    -0.00000000
   0.060   113    94     7     7     2    -1     0.00000000
   0.060   113    95     7     5     1     1     0.00000000
   0.060   113    96     7     5     2    -1    -0.00000000
   0.060   113    97     7     3     1     1    -0.00000000
   0.060   113    98     7     3     2    -1     0.00000000
   0.060   113    99     7     1     1     1     0.00000000
   0.060   113   100     7     7     2     1    -0.00000000
   0.060   113   101     7     7     3    -1     0.00000000
   0.060   113   102     7     5     2     1     0.00000000
   0.060   113   103     7     5     3    -1    -0.00000000
   0.060   113   104     7     3     2     1    -0.00000000
   0.060   113   105     7     3     3    -1    -0.00000000
   0.060   113   106     7     7     3     1    -0.00007061
   0.060   113   107     7     7     4    -1     0.00021095
   0.060   113   108     7     5     3     1     0.39006648
   0.060   113   109     7     5     4    -1    -0.92067493
   0.060   113   110     7     3     3     1    -0.01169834
   0.060   113   111     7     7     4     1    -0.00000000
   0.060   113   112     7     7     5    -1     0.00000000
   0.060   113   113     7     5     4     1     0.00000000
   0.060   113   114     7     5     5    -1     0.00000000
   0.060   113   115     7     7     5     1     0.00000000
   0.060   113   116     7     7     6    -1     0.00000000
   0.060   113   117     7     5     5     1     0.00000000
   0.060   113   118     7     7     6     1     0.00000000
   0.060   113   119     7     7     7    -1     0.00000000
   0.060   113   120     7     7     7     1     0.00000000
   0.060   114     1     0     0     0     1    -0.00000000
   0.060   114     2     1     1     0     1    -0.00000302
   0.060   114     3     1     1     1    -1     0.00000019
   0.060   114     4     1     1     1     1    -0.00000000
   0.060   114     5     2     2     0     1    -0.00000000
   0.060   114     6     2     2     1    -1    -0.00000000
   0.060   114     7     2     0     0     1     0.00000000
   0.060   114     8     2     2     1     1    -0.00000000
   0.060   114     9     2     2     2    -1     0.00000000
   0.060   114    10     2     2     2     1    -0.00000000
   0.060   114    11     3     3     0     1     0.00025326
   0.060   114    12     3     3     1    -1    -0.00002087
   0.060   114    13     3     1     0     1     0.00048942
   0.060   114    14     3     1     1    -1     0.00004140
   0.060   114    15     3     3     1     1     0.00000000
   0.060   114    16     3     3     2    -1    -0.00000000
   0.060   114    17     3     1     1     1    -0.00000000
   0.060   114    18     3     3     2     1     0.00000000
   0.060   114    19     3     3     3    -1    -0.00000000
   0.060   114    20     3     3     3     1     0.00000000
   0.060   114    21     4     4     0     1    -0.00000000
   0.060   114    22     4     4     1    -1    -0.00000000
   0.060   114    23     4     2     0     1    -0.00000000
   0.060   114    24     4     2     1    -1    -0.00000000
   0.060   114    25     4     0     0     1    -0.00000000
   0.060   114    26     4     4     1     1     0.00000000
   0.060   114    27     4     4     2    -1     0.00000000
   0.060   114    28     4     2     1     1    -0.00000000
   0.060   114    29     4     2     2    -1    -0.00000000
   0.060   114    30     4     4     2     1     0.00000000
   0.060   114    31     4     4     3    -1    -0.00000000
   0.060   114    32     4     2     2     1    -0.00000000
   0.060   114    33     4     4     3     1    -0.00000000
   0.060   114    34     4     4     4    -1     0.00000000
   0.060   114    35     4     4     4     1    -0.00000000
   0.060   114    36     5     5     0     1     0.00006363
   0.060   114    37     5     5     1    -1    -0.00016002
   0.060   114    38     5     3     0     1    -0.01702364
   0.060   114    39     5     3     1    -1    -0.00262431
   0.060   114    40     5     1     0     1    -0.02895233
   0.060   114    41     5     1     1    -1     0.00485663
   0.060   114    42     5     5     1     1    -0.00000000
   0.060   114    43     5     5     2    -1     0.00000000
   0.060   114    44     5     3     1     1    -0.00000000
   0.060   114    45     5     3     2    -1    -0.00000000
   0.060   114    46     5     1     1     1    -0.00000000
   0.060   114    47     5     5     2     1    -0.00000000
   0.060   114    48     5     5     3    -1     0.00000000
   0.060   114    49     5     3     2     1     0.00000000
   0.060   114    50     5     3     3    -1    -0.00000000
   0.060   114    51     5     5     3     1     0.00000000
   0.060   114    52     5     5     4    -1    -0.00000000
   0.060   114    53     5     3     3     1     0.00000000
   0.060   114    54     5     5     4     1    -0.00000000
   0.060   114    55     5     5     5    -1     0.00000000
   0.060   114    56     5     5     5     1     0.00000000
   0.060   114    57     6     6     0     1    -0.00000000
   0.060   114    58     6     6     1    -1    -0.00000000
   0.060   114    59     6     4     0     1    -0.00000000
   0.060   114    60     6     4     1    -1     0.00000000
   0.060   114    61     6     2     0     1     0.00000000
   0.060   114    62     6     2     1    -1    -0.00000000
   0.060   114    63     6     0     0     1     0.00000000
   0.060   114    64     6     6     1     1    -0.00000000
   0.060   114    65     6     6     2    -1     0.00000000
   0.060   114    66     6     4     1     1     0.00000000
   0.060   114    67     6     4     2    -1     0.00000000
   0.060   114    68     6     2     1     1    -0.00000000
   0.060   114    69     6     2     2    -1    -0.00000000
   0.060   114    70     6     6     2     1    -0.00000000
   0.060   114    71     6     6     3    -1    -0.00000000
   0.060   114    72     6     4     2     1     0.00000000
   0.060   114    73     6     4     3    -1    -0.00000000
   0.060   114    74     6     2     2     1    -0.00000000
   0.060   114    75     6     6     3     1    -0.00000000
   0.060   114    76     6     6     4    -1     0.00000000
   0.060   114    77     6     4     3     1    -0.00000000
   0.060   114    78     6     4     4    -1     0.00000000
   0.060   114    79     6     6     4     1    -0.00000000
   0.060   114    80     6     6     5    -1     0.00000000
   0.060   114    81     6     4     4     1    -0.00000000
   0.060   114    82     6     6     5     1     0.00000000
   0.060   114    83     6     6     6    -1    -0.00000000
   0.060   114    84     6     6     6     1     0.00000000
   0.060   114    85     7     7     0     1    -0.00000419
   0.060   114    86     7     7     1    -1     0.00000639
   0.060   114    87     7     5     0     1     0.00225645
   0.060   114    88     7     5     1    -1    -0.00113661
   0.060   114    89     7     3     0     1    -0.00855249
   0.060   114    90     7     3     1    -1     0.02005398
   0.060   114    91     7     1     0     1     0.96678981
   0.060   114    92     7     1     1    -1     0.25234288
   0.060   114    93     7     7     1     1    -0.00000000
   0.060   114    94     7     7     2    -1     0.00000000
   0.060   114    95     7     5     1     1     0.00000000
   0.060   114    96     7     5     2    -1    -0.00000000
   0.060   114    97     7     3     1     1    -0.00000000
   0.060   114    98     7     3     2    -1     0.00000000
   0.060   114    99     7     1     1     1     0.00000000
   0.060   114   100     7     7     2     1     0.00000000
   0.060   114   101     7     7     3    -1    -0.00000000
   0.060   114   102     7     5     2     1     0.00000000
   0.060   114   103     7     5     3    -1    -0.00000000
   0.060   114   104     7     3     2     1    -0.00000000
   0.060   114   105     7     3     3    -1    -0.00000000
   0.060   114   106     7     7     3     1    -0.00000000
   0.060   114   107     7     7     4    -1     0.00000000
   0.060   114   108     7     5     3     1     0.00000000
   0.060   114   109     7     5     4    -1     0.00000000
   0.060   114   110     7     3     3     1    -0.00000000
   0.060   114   111     7     7     4     1    -0.00000000
   0.060   114   112     7     7     5    -1    -0.00000000
   0.060   114   113     7     5     4     1     0.00000000
   0.060   114   114     7     5     5    -1     0.00000000
   0.060   114   115     7     7     5     1     0.00000000
   0.060   114   116     7     7     6    -1     0.00000000
   0.060   114   117     7     5     5     1     0.00000000
   0.060   114   118     7     7     6     1     0.00000000
   0.060   114   119     7     7     7    -1     0.00000000
   0.060   114   120     7     7     7     1     0.00000000
   0.060   115     1     0     0     0     1    -0.00000000
   0.060   115     2     1     1     0     1    -0.00000000
   0.060   115     3     1     1     1    -1     0.00000000
   0.060   115     4     1     1     1     1     0.00000000
   0.060   115     5     2     2     0     1    -0.00000000
   0.060   115     6     2     2     1    -1    -0.00000000
   0.060   115     7     2     0     0     1    -0.00000000
   0.060   115     8     2     2     1     1    -0.00000000
   0.060   115     9     2     2     2    -1    -0.00000000
   0.060   115    10     2     2     2     1     0.00000000
   0.060   115    11     3     3     0     1    -0.00000000
   0.060   115    12     3     3     1    -1    -0.00000000
   0.060   115    13     3     1     0     1    -0.00000000
   0.060   115    14     3     1     1    -1    -0.00000000
   0.060   115    15     3     3     1     1     0.00000000
   0.060   115    16     3     3     2    -1     0.00000000
   0.060   115    17     3     1     1     1    -0.00000000
   0.060   115    18     3     3     2     1    -0.00000000
   0.060   115    19     3     3     3    -1    -0.00000000
   0.060   115    20     3     3     3     1     0.00000000
   0.060   115    21     4     4     0     1    -0.00000000
   0.060   115    22     4     4     1    -1    -0.00000000
   0.060   115    23     4     2     0     1    -0.00000000
   0.060   115    24     4     2     1    -1    -0.00000000
   0.060   115    25     4     0     0     1    -0.00000000
   0.060   115    26     4     4     1     1    -0.00000000
   0.060   115    27     4     4     2    -1    -0.00000000
   0.060   115    28     4     2     1     1    -0.00000000
   0.060   115    29     4     2     2    -1     0.00000000
   0.060   115    30     4     4     2     1     0.00000000
   0.060   115    31     4     4     3    -1     0.00000000
   0.060   115    32     4     2     2     1    -0.00000000
   0.060   115    33     4     4     3     1     0.00000000
   0.060   115    34     4     4     4    -1     0.00000000
   0.060   115    35     4     4     4     1     0.00000000
   0.060   115    36     5     5     0     1     0.00000000
   0.060   115    37     5     5     1    -1    -0.00000000
   0.060   115    38     5     3     0     1     0.00000000
   0.060   115    39     5     3     1    -1    -0.00000000
   0.060   115    40     5     1     0     1     0.00000000
   0.060   115    41     5     1     1    -1     0.00000000
   0.060   115    42     5     5     1     1     0.00000000
   0.060   115    43     5     5     2    -1     0.00000000
   0.060   115    44     5     3     1     1    -0.00000000
   0.060   115    45     5     3     2    -1    -0.00000000
   0.060   115    46     5     1     1     1     0.00000000
   0.060   115    47     5     5     2     1    -0.00000000
   0.060   115    48     5     5     3    -1    -0.00000000
   0.060   115    49     5     3     2     1     0.00000000
   0.060   115    50     5     3     3    -1     0.00000000
   0.060   115    51     5     5     3     1    -0.00000000
   0.060   115    52     5     5     4    -1    -0.00000000
   0.060   115    53     5     3     3     1    -0.00000000
   0.060   115    54     5     5     4     1     0.00262445
   0.060   115    55     5     5     5    -1    -0.01776268
   0.060   115    56     5     5     5     1     0.00000000
   0.060   115    57     6     6     0     1    -0.00000000
   0.060   115    58     6     6     1    -1    -0.00000000
   0.060   115    59     6     4     0     1    -0.00000000
   0.060   115    60     6     4     1    -1     0.00000000
   0.060   115    61     6     2     0     1    -0.00000000
   0.060   115    62     6     2     1    -1    -0.00000000
   0.060   115    63     6     0     0     1    -0.00000000
   0.060   115    64     6     6     1     1    -0.00000000
   0.060   115    65     6     6     2    -1    -0.00000000
   0.060   115    66     6     4     1     1    -0.00000000
   0.060   115    67     6     4     2    -1    -0.00000000
   0.060   115    68     6     2     1     1    -0.00000000
   0.060   115    69     6     2     2    -1    -0.00000000
   0.060   115    70     6     6     2     1     0.00000000
   0.060   115    71     6     6     3    -1     0.00000000
   0.060   115    72     6     4     2     1    -0.00000000
   0.060   115    73     6     4     3    -1    -0.00000000
   0.060   115    74     6     2     2     1     0.00000000
   0.060   115    75     6     6     3     1    -0.00000000
   0.060   115    76     6     6     4    -1    -0.00000000
   0.060   115    77     6     4     3     1    -0.00000000
   0.060   115    78     6     4     4    -1    -0.00000000
   0.060   115    79     6     6     4     1     0.00000000
   0.060   115    80     6     6     5    -1     0.00000000
   0.060   115    81     6     4     4     1    -0.00000000
   0.060   115    82     6     6     5     1     0.00000000
   0.060   115    83     6     6     6    -1    -0.00000000
   0.060   115    84     6     6     6     1    -0.00000000
   0.060   115    85     7     7     0     1     0.00000000
   0.060   115    86     7     7     1    -1    -0.00000000
   0.060   115    87     7     5     0     1    -0.00000000
   0.060   115    88     7     5     1    -1    -0.00000000
   0.060   115    89     7     3     0     1     0.00000000
   0.060   115    90     7     3     1    -1     0.00000000
   0.060   115    91     7     1     0     1     0.00000000
   0.060   115    92     7     1     1    -1    -0.00000000
   0.060   115    93     7     7     1     1     0.00000000
   0.060   115    94     7     7     2    -1     0.00000000
   0.060   115    95     7     5     1     1     0.00000000
   0.060   115    96     7     5     2    -1     0.00000000
   0.060   115    97     7     3     1     1     0.00000000
   0.060   115    98     7     3     2    -1     0.00000000
   0.060   115    99     7     1     1     1    -0.00000000
   0.060   115   100     7     7     2     1    -0.00000000
   0.060   115   101     7     7     3    -1    -0.00000000
   0.060   115   102     7     5     2     1    -0.00000000
   0.060   115   103     7     5     3    -1     0.00000000
   0.060   115   104     7     3     2     1    -0.00000000
   0.060   115   105     7     3     3    -1    -0.00000000
   0.060   115   106     7     7     3     1    -0.00000000
   0.060   115   107     7     7     4    -1    -0.00000000
   0.060   115   108     7     5     3     1     0.00000000
   0.060   115   109     7     5     4    -1    -0.00000000
   0.060   115   110     7     3     3     1    -0.00000000
   0.060   115   111     7     7     4     1    -0.00013438
   0.060   115   112     7     7     5    -1     0.00036210
   0.060   115   113     7     5     4     1     0.26609277
   0.060   115   114     7     5     5    -1    -0.96378010
   0.060   115   115     7     7     5     1     0.00000000
   0.060   115   116     7     7     6    -1     0.00000000
   0.060   115   117     7     5     5     1     0.00000000
   0.060   115   118     7     7     6     1     0.00000000
   0.060   115   119     7     7     7    -1     0.00000000
   0.060   115   120     7     7     7     1     0.00000000
   0.060   116     1     0     0     0     1     0.00000000
   0.060   116     2     1     1     0     1     0.00000210
   0.060   116     3     1     1     1    -1    -0.00000061
   0.060   116     4     1     1     1     1    -0.00000000
   0.060   116     5     2     2     0     1    -0.00000000
   0.060   116     6     2     2     1    -1    -0.00000000
   0.060   116     7     2     0     0     1    -0.00000000
   0.060   116     8     2     2     1     1     0.00000000
   0.060   116     9     2     2     2    -1     0.00000000
   0.060   116    10     2     2     2     1    -0.00000000
   0.060   116    11     3     3     0     1    -0.00020854
   0.060   116    12     3     3     1    -1     0.00018511
   0.060   116    13     3     1     0     1    -0.00031942
   0.060   116    14     3     1     1    -1    -0.00001957
   0.060   116    15     3     3     1     1     0.00000000
   0.060   116    16     3     3     2    -1     0.00000000
   0.060   116    17     3     1     1     1     0.00000000
   0.060   116    18     3     3     2     1     0.00000000
   0.060   116    19     3     3     3    -1    -0.00000000
   0.060   116    20     3     3     3     1    -0.00000000
   0.060   116    21     4     4     0     1    -0.00000000
   0.060   116    22     4     4     1    -1     0.00000000
   0.060   116    23     4     2     0     1    -0.00000000
   0.060   116    24     4     2     1    -1     0.00000000
   0.060   116    25     4     0     0     1    -0.00000000
   0.060   116    26     4     4     1     1     0.00000000
   0.060   116    27     4     4     2    -1     0.00000000
   0.060   116    28     4     2     1     1    -0.00000000
   0.060   116    29     4     2     2    -1    -0.00000000
   0.060   116    30     4     4     2     1    -0.00000000
   0.060   116    31     4     4     3    -1    -0.00000000
   0.060   116    32     4     2     2     1    -0.00000000
   0.060   116    33     4     4     3     1     0.00000000
   0.060   116    34     4     4     4    -1    -0.00000000
   0.060   116    35     4     4     4     1    -0.00000000
   0.060   116    36     5     5     0     1     0.00589434
   0.060   116    37     5     5     1    -1    -0.00679967
   0.060   116    38     5     3     0     1     0.01122783
   0.060   116    39     5     3     1    -1    -0.01040023
   0.060   116    40     5     1     0     1     0.01934996
   0.060   116    41     5     1     1    -1    -0.02099172
   0.060   116    42     5     5     1     1     0.00000000
   0.060   116    43     5     5     2    -1    -0.00000000
   0.060   116    44     5     3     1     1    -0.00000000
   0.060   116    45     5     3     2    -1     0.00000000
   0.060   116    46     5     1     1     1    -0.00000000
   0.060   116    47     5     5     2     1     0.00000000
   0.060   116    48     5     5     3    -1    -0.00000000
   0.060   116    49     5     3     2     1     0.00000000
   0.060   116    50     5     3     3    -1     0.00000000
   0.060   116    51     5     5     3     1     0.00000000
   0.060   116    52     5     5     4    -1    -0.00000000
   0.060   116    53     5     3     3     1    -0.00000000
   0.060   116    54     5     5     4     1     0.00000000
   0.060   116    55     5     5     5    -1    -0.00000000
   0.060   116    56     5     5     5     1     0.00000000
   0.060   116    57     6     6     0     1    -0.00000000
   0.060   116    58     6     6     1    -1     0.00000000
   0.060   116    59     6     4     0     1    -0.00000000
   0.060   116    60     6     4     1    -1     0.00000000
   0.060   116    61     6     2     0     1     0.00000000
   0.060   116    62     6     2     1    -1    -0.00000000
   0.060   116    63     6     0     0     1     0.00000000
   0.060   116    64     6     6     1     1    -0.00000000
   0.060   116    65     6     6     2    -1     0.00000000
   0.060   116    66     6     4     1     1     0.00000000
   0.060   116    67     6     4     2    -1    -0.00000000
   0.060   116    68     6     2     1     1     0.00000000
   0.060   116    69     6     2     2    -1    -0.00000000
   0.060   116    70     6     6     2     1     0.00000000
   0.060   116    71     6     6     3    -1    -0.00000000
   0.060   116    72     6     4     2     1     0.00000000
   0.060   116    73     6     4     3    -1    -0.00000000
   0.060   116    74     6     2     2     1     0.00000000
   0.060   116    75     6     6     3     1    -0.00000000
   0.060   116    76     6     6     4    -1     0.00000000
   0.060   116    77     6     4     3     1     0.00000000
   0.060   116    78     6     4     4    -1    -0.00000000
   0.060   116    79     6     6     4     1    -0.00000000
   0.060   116    80     6     6     5    -1    -0.00000000
   0.060   116    81     6     4     4     1     0.00000000
   0.060   116    82     6     6     5     1    -0.00000000
   0.060   116    83     6     6     6    -1     0.00000000
   0.060   116    84     6     6     6     1     0.00000000
   0.060   116    85     7     7     0     1    -0.00025346
   0.060   116    86     7     7     1    -1     0.00027864
   0.060   116    87     7     5     0     1    -0.00240004
   0.060   116    88     7     5     1    -1     0.00250452
   0.060   116    89     7     3     0     1    -0.63072036
   0.060   116    90     7     3     1    -1     0.77501234
   0.060   116    91     7     1     0     1    -0.01933866
   0.060   116    92     7     1     1    -1    -0.00557519
   0.060   116    93     7     7     1     1     0.00000000
   0.060   116    94     7     7     2    -1    -0.00000000
   0.060   116    95     7     5     1     1    -0.00000000
   0.060   116    96     7     5     2    -1     0.00000000
   0.060   116    97     7     3     1     1     0.00000000
   0.060   116    98     7     3     2    -1    -0.00000000
   0.060   116    99     7     1     1     1    -0.00000000
   0.060   116   100     7     7     2     1    -0.00000000
   0.060   116   101     7     7     3    -1    -0.00000000
   0.060   116   102     7     5     2     1     0.00000000
   0.060   116   103     7     5     3    -1    -0.00000000
   0.060   116   104     7     3     2     1     0.00000000
   0.060   116   105     7     3     3    -1     0.00000000
   0.060   116   106     7     7     3     1     0.00000000
   0.060   116   107     7     7     4    -1     0.00000000
   0.060   116   108     7     5     3     1    -0.00000000
   0.060   116   109     7     5     4    -1    -0.00000000
   0.060   116   110     7     3     3     1     0.00000000
   0.060   116   111     7     7     4     1    -0.00000000
   0.060   116   112     7     7     5    -1    -0.00000000
   0.060   116   113     7     5     4     1     0.00000000
   0.060   116   114     7     5     5    -1     0.00000000
   0.060   116   115     7     7     5     1     0.00000000
   0.060   116   116     7     7     6    -1     0.00000000
   0.060   116   117     7     5     5     1     0.00000000
   0.060   116   118     7     7     6     1     0.00000000
   0.060   116   119     7     7     7    -1     0.00000000
   0.060   116   120     7     7     7     1     0.00000000
   0.060   117     1     0     0     0     1     0.00000000
   0.060   117     2     1     1     0     1     0.00000000
   0.060   117     3     1     1     1    -1     0.00000000
   0.060   117     4     1     1     1     1     0.00000029
   0.060   117     5     2     2     0     1    -0.00000000
   0.060   117     6     2     2     1    -1    -0.00000000
   0.060   117     7     2     0     0     1     0.00000000
   0.060   117     8     2     2     1     1    -0.00000000
   0.060   117     9     2     2     2    -1    -0.00000000
   0.060   117    10     2     2     2     1     0.00000000
   0.060   117    11     3     3     0     1    -0.00000000
   0.060   117    12     3     3     1    -1     0.00000000
   0.060   117    13     3     1     0     1    -0.00000000
   0.060   117    14     3     1     1    -1    -0.00000000
   0.060   117    15     3     3     1     1    -0.00009363
   0.060   117    16     3     3     2    -1     0.00003482
   0.060   117    17     3     1     1     1     0.00001334
   0.060   117    18     3     3     2     1    -0.00000000
   0.060   117    19     3     3     3    -1    -0.00000000
   0.060   117    20     3     3     3     1    -0.00000000
   0.060   117    21     4     4     0     1     0.00000000
   0.060   117    22     4     4     1    -1    -0.00000000
   0.060   117    23     4     2     0     1     0.00000000
   0.060   117    24     4     2     1    -1     0.00000000
   0.060   117    25     4     0     0     1    -0.00000000
   0.060   117    26     4     4     1     1     0.00000000
   0.060   117    27     4     4     2    -1    -0.00000000
   0.060   117    28     4     2     1     1     0.00000000
   0.060   117    29     4     2     2    -1     0.00000000
   0.060   117    30     4     4     2     1     0.00000000
   0.060   117    31     4     4     3    -1     0.00000000
   0.060   117    32     4     2     2     1    -0.00000000
   0.060   117    33     4     4     3     1     0.00000000
   0.060   117    34     4     4     4    -1    -0.00000000
   0.060   117    35     4     4     4     1    -0.00000000
   0.060   117    36     5     5     0     1     0.00000000
   0.060   117    37     5     5     1    -1    -0.00000000
   0.060   117    38     5     3     0     1     0.00000000
   0.060   117    39     5     3     1    -1    -0.00000000
   0.060   117    40     5     1     0     1     0.00000000
   0.060   117    41     5     1     1    -1    -0.00000000
   0.060   117    42     5     5     1     1     0.00410413
   0.060   117    43     5     5     2    -1    -0.00632305
   0.060   117    44     5     3     1     1     0.00544482
   0.060   117    45     5     3     2    -1    -0.00041836
   0.060   117    46     5     1     1     1     0.01109294
   0.060   117    47     5     5     2     1     0.00000000
   0.060   117    48     5     5     3    -1     0.00000000
   0.060   117    49     5     3     2     1    -0.00000000
   0.060   117    50     5     3     3    -1     0.00000000
   0.060   117    51     5     5     3     1     0.00000000
   0.060   117    52     5     5     4    -1     0.00000000
   0.060   117    53     5     3     3     1     0.00000000
   0.060   117    54     5     5     4     1    -0.00000000
   0.060   117    55     5     5     5    -1     0.00000000
   0.060   117    56     5     5     5     1     0.00000000
   0.060   117    57     6     6     0     1    -0.00000000
   0.060   117    58     6     6     1    -1    -0.00000000
   0.060   117    59     6     4     0     1     0.00000000
   0.060   117    60     6     4     1    -1    -0.00000000
   0.060   117    61     6     2     0     1     0.00000000
   0.060   117    62     6     2     1    -1     0.00000000
   0.060   117    63     6     0     0     1     0.00000000
   0.060   117    64     6     6     1     1    -0.00000000
   0.060   117    65     6     6     2    -1    -0.00000000
   0.060   117    66     6     4     1     1     0.00000000
   0.060   117    67     6     4     2    -1     0.00000000
   0.060   117    68     6     2     1     1     0.00000000
   0.060   117    69     6     2     2    -1    -0.00000000
   0.060   117    70     6     6     2     1     0.00000000
   0.060   117    71     6     6     3    -1     0.00000000
   0.060   117    72     6     4     2     1    -0.00000000
   0.060   117    73     6     4     3    -1    -0.00000000
   0.060   117    74     6     2     2     1    -0.00000000
   0.060   117    75     6     6     3     1    -0.00000000
   0.060   117    76     6     6     4    -1     0.00000000
   0.060   117    77     6     4     3     1     0.00000000
   0.060   117    78     6     4     4    -1    -0.00000000
   0.060   117    79     6     6     4     1     0.00000000
   0.060   117    80     6     6     5    -1    -0.00000000
   0.060   117    81     6     4     4     1    -0.00000000
   0.060   117    82     6     6     5     1    -0.00000000
   0.060   117    83     6     6     6    -1     0.00000000
   0.060   117    84     6     6     6     1     0.00000000
   0.060   117    85     7     7     0     1    -0.00000000
   0.060   117    86     7     7     1    -1     0.00000000
   0.060   117    87     7     5     0     1    -0.00000000
   0.060   117    88     7     5     1    -1     0.00000000
   0.060   117    89     7     3     0     1    -0.00000000
   0.060   117    90     7     3     1    -1     0.00000000
   0.060   117    91     7     1     0     1    -0.00000000
   0.060   117    92     7     1     1    -1    -0.00000000
   0.060   117    93     7     7     1     1    -0.00016590
   0.060   117    94     7     7     2    -1     0.00022101
   0.060   117    95     7     5     1     1    -0.00075929
   0.060   117    96     7     5     2    -1     0.00063705
   0.060   117    97     7     3     1     1    -0.46635604
   0.060   117    98     7     3     2    -1     0.88446656
   0.060   117    99     7     1     1     1    -0.00449074
   0.060   117   100     7     7     2     1    -0.00000000
   0.060   117   101     7     7     3    -1    -0.00000000
   0.060   117   102     7     5     2     1    -0.00000000
   0.060   117   103     7     5     3    -1     0.00000000
   0.060   117   104     7     3     2     1     0.00000000
   0.060   117   105     7     3     3    -1     0.00000000
   0.060   117   106     7     7     3     1    -0.00000000
   0.060   117   107     7     7     4    -1    -0.00000000
   0.060   117   108     7     5     3     1     0.00000000
   0.060   117   109     7     5     4    -1     0.00000000
   0.060   117   110     7     3     3     1     0.00000000
   0.060   117   111     7     7     4     1    -0.00000000
   0.060   117   112     7     7     5    -1     0.00000000
   0.060   117   113     7     5     4     1     0.00000000
   0.060   117   114     7     5     5    -1     0.00000000
   0.060   117   115     7     7     5     1     0.00000000
   0.060   117   116     7     7     6    -1     0.00000000
   0.060   117   117     7     5     5     1     0.00000000
   0.060   117   118     7     7     6     1     0.00000000
   0.060   117   119     7     7     7    -1     0.00000000
   0.060   117   120     7     7     7     1     0.00000000
   0.060   118     1     0     0     0     1     0.00000000
   0.060   118     2     1     1     0     1     0.00000000
   0.060   118     3     1     1     1    -1    -0.00000000
   0.060   118     4     1     1     1     1    -0.00000042
   0.060   118     5     2     2     0     1     0.00000000
   0.060   118     6     2     2     1    -1     0.00000000
   0.060   118     7     2     0     0     1     0.00000000
   0.060   118     8     2     2     1     1     0.00000000
   0.060   118     9     2     2     2    -1     0.00000000
   0.060   118    10     2     2     2     1     0.00000000
   0.060   118    11     3     3     0     1    -0.00000000
   0.060   118    12     3     3     1    -1    -0.00000000
   0.060   118    13     3     1     0     1     0.00000000
   0.060   118    14     3     1     1    -1     0.00000000
   0.060   118    15     3     3     1     1     0.00000874
   0.060   118    16     3     3     2    -1    -0.00000044
   0.060   118    17     3     1     1     1    -0.00018751
   0.060   118    18     3     3     2     1     0.00000000
   0.060   118    19     3     3     3    -1    -0.00000000
   0.060   118    20     3     3     3     1    -0.00000000
   0.060   118    21     4     4     0     1     0.00000000
   0.060   118    22     4     4     1    -1     0.00000000
   0.060   118    23     4     2     0     1     0.00000000
   0.060   118    24     4     2     1    -1    -0.00000000
   0.060   118    25     4     0     0     1    -0.00000000
   0.060   118    26     4     4     1     1     0.00000000
   0.060   118    27     4     4     2    -1     0.00000000
   0.060   118    28     4     2     1     1     0.00000000
   0.060   118    29     4     2     2    -1    -0.00000000
   0.060   118    30     4     4     2     1     0.00000000
   0.060   118    31     4     4     3    -1     0.00000000
   0.060   118    32     4     2     2     1    -0.00000000
   0.060   118    33     4     4     3     1    -0.00000000
   0.060   118    34     4     4     4    -1     0.00000000
   0.060   118    35     4     4     4     1     0.00000000
   0.060   118    36     5     5     0     1    -0.00000000
   0.060   118    37     5     5     1    -1     0.00000000
   0.060   118    38     5     3     0     1    -0.00000000
   0.060   118    39     5     3     1    -1    -0.00000000
   0.060   118    40     5     1     0     1    -0.00000000
   0.060   118    41     5     1     1    -1     0.00000000
   0.060   118    42     5     5     1     1    -0.00001264
   0.060   118    43     5     5     2    -1     0.00002105
   0.060   118    44     5     3     1     1     0.01341476
   0.060   118    45     5     3     2    -1    -0.00099697
   0.060   118    46     5     1     1     1    -0.01458825
   0.060   118    47     5     5     2     1    -0.00000000
   0.060   118    48     5     5     3    -1     0.00000000
   0.060   118    49     5     3     2     1     0.00000000
   0.060   118    50     5     3     3    -1    -0.00000000
   0.060   118    51     5     5     3     1     0.00000000
   0.060   118    52     5     5     4    -1    -0.00000000
   0.060   118    53     5     3     3     1    -0.00000000
   0.060   118    54     5     5     4     1     0.00000000
   0.060   118    55     5     5     5    -1     0.00000000
   0.060   118    56     5     5     5     1     0.00000000
   0.060   118    57     6     6     0     1     0.00000000
   0.060   118    58     6     6     1    -1     0.00000000
   0.060   118    59     6     4     0     1    -0.00000000
   0.060   118    60     6     4     1    -1    -0.00000000
   0.060   118    61     6     2     0     1     0.00000000
   0.060   118    62     6     2     1    -1     0.00000000
   0.060   118    63     6     0     0     1     0.00000000
   0.060   118    64     6     6     1     1     0.00000000
   0.060   118    65     6     6     2    -1     0.00000000
   0.060   118    66     6     4     1     1     0.00000000
   0.060   118    67     6     4     2    -1    -0.00000000
   0.060   118    68     6     2     1     1     0.00000000
   0.060   118    69     6     2     2    -1     0.00000000
   0.060   118    70     6     6     2     1     0.00000000
   0.060   118    71     6     6     3    -1     0.00000000
   0.060   118    72     6     4     2     1    -0.00000000
   0.060   118    73     6     4     3    -1    -0.00000000
   0.060   118    74     6     2     2     1     0.00000000
   0.060   118    75     6     6     3     1     0.00000000
   0.060   118    76     6     6     4    -1    -0.00000000
   0.060   118    77     6     4     3     1    -0.00000000
   0.060   118    78     6     4     4    -1     0.00000000
   0.060   118    79     6     6     4     1    -0.00000000
   0.060   118    80     6     6     5    -1     0.00000000
   0.060   118    81     6     4     4     1     0.00000000
   0.060   118    82     6     6     5     1     0.00000000
   0.060   118    83     6     6     6    -1    -0.00000000
   0.060   118    84     6     6     6     1    -0.00000000
   0.060   118    85     7     7     0     1    -0.00000000
   0.060   118    86     7     7     1    -1    -0.00000000
   0.060   118    87     7     5     0     1    -0.00000000
   0.060   118    88     7     5     1    -1     0.00000000
   0.060   118    89     7     3     0     1     0.00000000
   0.060   118    90     7     3     1    -1    -0.00000000
   0.060   118    91     7     1     0     1     0.00000000
   0.060   118    92     7     1     1    -1     0.00000000
   0.060   118    93     7     7     1     1     0.00000050
   0.060   118    94     7     7     2    -1    -0.00000069
   0.060   118    95     7     5     1     1    -0.00108084
   0.060   118    96     7     5     2    -1     0.00060844
   0.060   118    97     7     3     1     1     0.00267787
   0.060   118    98     7     3     2    -1    -0.00356556
   0.060   118    99     7     1     1     1    -0.99979237
   0.060   118   100     7     7     2     1     0.00000000
   0.060   118   101     7     7     3    -1    -0.00000000
   0.060   118   102     7     5     2     1    -0.00000000
   0.060   118   103     7     5     3    -1     0.00000000
   0.060   118   104     7     3     2     1    -0.00000000
   0.060   118   105     7     3     3    -1     0.00000000
   0.060   118   106     7     7     3     1    -0.00000000
   0.060   118   107     7     7     4    -1     0.00000000
   0.060   118   108     7     5     3     1     0.00000000
   0.060   118   109     7     5     4    -1    -0.00000000
   0.060   118   110     7     3     3     1     0.00000000
   0.060   118   111     7     7     4     1     0.00000000
   0.060   118   112     7     7     5    -1    -0.00000000
   0.060   118   113     7     5     4     1     0.00000000
   0.060   118   114     7     5     5    -1     0.00000000
   0.060   118   115     7     7     5     1     0.00000000
   0.060   118   116     7     7     6    -1     0.00000000
   0.060   118   117     7     5     5     1     0.00000000
   0.060   118   118     7     7     6     1     0.00000000
   0.060   118   119     7     7     7    -1     0.00000000
   0.060   118   120     7     7     7     1     0.00000000
   0.060   119     1     0     0     0     1    -0.00000000
   0.060   119     2     1     1     0     1    -0.00000000
   0.060   119     3     1     1     1    -1     0.00000000
   0.060   119     4     1     1     1     1    -0.00000000
   0.060   119     5     2     2     0     1    -0.00000000
   0.060   119     6     2     2     1    -1    -0.00000000
   0.060   119     7     2     0     0     1    -0.00000000
   0.060   119     8     2     2     1     1    -0.00000000
   0.060   119     9     2     2     2    -1    -0.00000000
   0.060   119    10     2     2     2     1    -0.00000000
   0.060   119    11     3     3     0     1     0.00000000
   0.060   119    12     3     3     1    -1     0.00000000
   0.060   119    13     3     1     0     1    -0.00000000
   0.060   119    14     3     1     1    -1    -0.00000000
   0.060   119    15     3     3     1     1     0.00000000
   0.060   119    16     3     3     2    -1     0.00000000
   0.060   119    17     3     1     1     1     0.00000000
   0.060   119    18     3     3     2     1     0.00001396
   0.060   119    19     3     3     3    -1    -0.00015568
   0.060   119    20     3     3     3     1    -0.00000000
   0.060   119    21     4     4     0     1    -0.00000000
   0.060   119    22     4     4     1    -1     0.00000000
   0.060   119    23     4     2     0     1    -0.00000000
   0.060   119    24     4     2     1    -1    -0.00000000
   0.060   119    25     4     0     0     1    -0.00000000
   0.060   119    26     4     4     1     1     0.00000000
   0.060   119    27     4     4     2    -1     0.00000000
   0.060   119    28     4     2     1     1     0.00000000
   0.060   119    29     4     2     2    -1    -0.00000000
   0.060   119    30     4     4     2     1     0.00000000
   0.060   119    31     4     4     3    -1     0.00000000
   0.060   119    32     4     2     2     1    -0.00000000
   0.060   119    33     4     4     3     1     0.00000000
   0.060   119    34     4     4     4    -1    -0.00000000
   0.060   119    35     4     4     4     1    -0.00000000
   0.060   119    36     5     5     0     1     0.00000000
   0.060   119    37     5     5     1    -1    -0.00000000
   0.060   119    38     5     3     0     1    -0.00000000
   0.060   119    39     5     3     1    -1     0.00000000
   0.060   119    40     5     1     0     1    -0.00000000
   0.060   119    41     5     1     1    -1    -0.00000000
   0.060   119    42     5     5     1     1     0.00000000
   0.060   119    43     5     5     2    -1    -0.00000000
   0.060   119    44     5     3     1     1     0.00000000
   0.060   119    45     5     3     2    -1    -0.00000000
   0.060   119    46     5     1     1     1    -0.00000000
   0.060   119    47     5     5     2     1    -0.00210077
   0.060   119    48     5     5     3    -1     0.00438927
   0.060   119    49     5     3     2     1     0.00102427
   0.060   119    50     5     3     3    -1    -0.02024491
   0.060   119    51     5     5     3     1    -0.00000000
   0.060   119    52     5     5     4    -1    -0.00000000
   0.060   119    53     5     3     3     1    -0.00000000
   0.060   119    54     5     5     4     1    -0.00000000
   0.060   119    55     5     5     5    -1     0.00000000
   0.060   119    56     5     5     5     1     0.00000000
   0.060   119    57     6     6     0     1     0.00000000
   0.060   119    58     6     6     1    -1    -0.00000000
   0.060   119    59     6     4     0     1    -0.00000000
   0.060   119    60     6     4     1    -1     0.00000000
   0.060   119    61     6     2     0     1    -0.00000000
   0.060   119    62     6     2     1    -1     0.00000000
   0.060   119    63     6     0     0     1     0.00000000
   0.060   119    64     6     6     1     1     0.00000000
   0.060   119    65     6     6     2    -1     0.00000000
   0.060   119    66     6     4     1     1    -0.00000000
   0.060   119    67     6     4     2    -1     0.00000000
   0.060   119    68     6     2     1     1     0.00000000
   0.060   119    69     6     2     2    -1    -0.00000000
   0.060   119    70     6     6     2     1     0.00000000
   0.060   119    71     6     6     3    -1     0.00000000
   0.060   119    72     6     4     2     1    -0.00000000
   0.060   119    73     6     4     3    -1    -0.00000000
   0.060   119    74     6     2     2     1     0.00000000
   0.060   119    75     6     6     3     1    -0.00000000
   0.060   119    76     6     6     4    -1     0.00000000
   0.060   119    77     6     4     3     1     0.00000000
   0.060   119    78     6     4     4    -1    -0.00000000
   0.060   119    79     6     6     4     1     0.00000000
   0.060   119    80     6     6     5    -1    -0.00000000
   0.060   119    81     6     4     4     1    -0.00000000
   0.060   119    82     6     6     5     1    -0.00000000
   0.060   119    83     6     6     6    -1     0.00000000
   0.060   119    84     6     6     6     1     0.00000000
   0.060   119    85     7     7     0     1     0.00000000
   0.060   119    86     7     7     1    -1     0.00000000
   0.060   119    87     7     5     0     1     0.00000000
   0.060   119    88     7     5     1    -1    -0.00000000
   0.060   119    89     7     3     0     1    -0.00000000
   0.060   119    90     7     3     1    -1     0.00000000
   0.060   119    91     7     1     0     1     0.00000000
   0.060   119    92     7     1     1    -1    -0.00000000
   0.060   119    93     7     7     1     1    -0.00000000
   0.060   119    94     7     7     2    -1     0.00000000
   0.060   119    95     7     5     1     1    -0.00000000
   0.060   119    96     7     5     2    -1     0.00000000
   0.060   119    97     7     3     1     1    -0.00000000
   0.060   119    98     7     3     2    -1     0.00000000
   0.060   119    99     7     1     1     1    -0.00000000
   0.060   119   100     7     7     2     1     0.00007171
   0.060   119   101     7     7     3    -1    -0.00011681
   0.060   119   102     7     5     2     1    -0.00034272
   0.060   119   103     7     5     3    -1     0.00111595
   0.060   119   104     7     3     2     1     0.29167017
   0.060   119   105     7     3     3    -1    -0.95629102
   0.060   119   106     7     7     3     1     0.00000000
   0.060   119   107     7     7     4    -1    -0.00000000
   0.060   119   108     7     5     3     1    -0.00000000
   0.060   119   109     7     5     4    -1     0.00000000
   0.060   119   110     7     3     3     1     0.00000000
   0.060   119   111     7     7     4     1     0.00000000
   0.060   119   112     7     7     5    -1    -0.00000000
   0.060   119   113     7     5     4     1    -0.00000000
   0.060   119   114     7     5     5    -1    -0.00000000
   0.060   119   115     7     7     5     1     0.00000000
   0.060   119   116     7     7     6    -1     0.00000000
   0.060   119   117     7     5     5     1     0.00000000
   0.060   119   118     7     7     6     1     0.00000000
   0.060   119   119     7     7     7    -1     0.00000000
   0.060   119   120     7     7     7     1     0.00000000
   0.060   120     1     0     0     0     1    -0.00000000
   0.060   120     2     1     1     0     1    -0.00000066
   0.060   120     3     1     1     1    -1    -0.00000038
   0.060   120     4     1     1     1     1    -0.00000000
   0.060   120     5     2     2     0     1     0.00000000
   0.060   120     6     2     2     1    -1     0.00000000
   0.060   120     7     2     0     0     1    -0.00000000
   0.060   120     8     2     2     1     1     0.00000000
   0.060   120     9     2     2     2    -1    -0.00000000
   0.060   120    10     2     2     2     1     0.00000000
   0.060   120    11     3     3     0     1     0.00005728
   0.060   120    12     3     3     1    -1     0.00000343
   0.060   120    13     3     1     0     1     0.00011349
   0.060   120    14     3     1     1    -1    -0.00018236
   0.060   120    15     3     3     1     1     0.00000000
   0.060   120    16     3     3     2    -1     0.00000000
   0.060   120    17     3     1     1     1    -0.00000000
   0.060   120    18     3     3     2     1     0.00000000
   0.060   120    19     3     3     3    -1     0.00000000
   0.060   120    20     3     3     3     1    -0.00000000
   0.060   120    21     4     4     0     1     0.00000000
   0.060   120    22     4     4     1    -1     0.00000000
   0.060   120    23     4     2     0     1    -0.00000000
   0.060   120    24     4     2     1    -1     0.00000000
   0.060   120    25     4     0     0     1     0.00000000
   0.060   120    26     4     4     1     1     0.00000000
   0.060   120    27     4     4     2    -1    -0.00000000
   0.060   120    28     4     2     1     1     0.00000000
   0.060   120    29     4     2     2    -1     0.00000000
   0.060   120    30     4     4     2     1    -0.00000000
   0.060   120    31     4     4     3    -1     0.00000000
   0.060   120    32     4     2     2     1     0.00000000
   0.060   120    33     4     4     3     1     0.00000000
   0.060   120    34     4     4     4    -1    -0.00000000
   0.060   120    35     4     4     4     1    -0.00000000
   0.060   120    36     5     5     0     1    -0.00001612
   0.060   120    37     5     5     1    -1     0.00000846
   0.060   120    38     5     3     0     1    -0.00495284
   0.060   120    39     5     3     1    -1     0.01320314
   0.060   120    40     5     1     0     1    -0.00619965
   0.060   120    41     5     1     1    -1    -0.01372023
   0.060   120    42     5     5     1     1     0.00000000
   0.060   120    43     5     5     2    -1     0.00000000
   0.060   120    44     5     3     1     1     0.00000000
   0.060   120    45     5     3     2    -1     0.00000000
   0.060   120    46     5     1     1     1    -0.00000000
   0.060   120    47     5     5     2     1     0.00000000
   0.060   120    48     5     5     3    -1    -0.00000000
   0.060   120    49     5     3     2     1    -0.00000000
   0.060   120    50     5     3     3    -1     0.00000000
   0.060   120    51     5     5     3     1    -0.00000000
   0.060   120    52     5     5     4    -1     0.00000000
   0.060   120    53     5     3     3     1    -0.00000000
   0.060   120    54     5     5     4     1     0.00000000
   0.060   120    55     5     5     5    -1    -0.00000000
   0.060   120    56     5     5     5     1     0.00000000
   0.060   120    57     6     6     0     1    -0.00000000
   0.060   120    58     6     6     1    -1    -0.00000000
   0.060   120    59     6     4     0     1    -0.00000000
   0.060   120    60     6     4     1    -1     0.00000000
   0.060   120    61     6     2     0     1     0.00000000
   0.060   120    62     6     2     1    -1    -0.00000000
   0.060   120    63     6     0     0     1     0.00000000
   0.060   120    64     6     6     1     1    -0.00000000
   0.060   120    65     6     6     2    -1     0.00000000
   0.060   120    66     6     4     1     1     0.00000000
   0.060   120    67     6     4     2    -1    -0.00000000
   0.060   120    68     6     2     1     1    -0.00000000
   0.060   120    69     6     2     2    -1     0.00000000
   0.060   120    70     6     6     2     1    -0.00000000
   0.060   120    71     6     6     3    -1     0.00000000
   0.060   120    72     6     4     2     1    -0.00000000
   0.060   120    73     6     4     3    -1     0.00000000
   0.060   120    74     6     2     2     1     0.00000000
   0.060   120    75     6     6     3     1    -0.00000000
   0.060   120    76     6     6     4    -1     0.00000000
   0.060   120    77     6     4     3     1    -0.00000000
   0.060   120    78     6     4     4    -1     0.00000000
   0.060   120    79     6     6     4     1     0.00000000
   0.060   120    80     6     6     5    -1    -0.00000000
   0.060   120    81     6     4     4     1    -0.00000000
   0.060   120    82     6     6     5     1    -0.00000000
   0.060   120    83     6     6     6    -1    -0.00000000
   0.060   120    84     6     6     6     1    -0.00000000
   0.060   120    85     7     7     0     1     0.00000046
   0.060   120    86     7     7     1    -1    -0.00000033
   0.060   120    87     7     5     0     1     0.00067497
   0.060   120    88     7     5     1    -1    -0.00107383
   0.060   120    89     7     3     0     1     0.00113371
   0.060   120    90     7     3     1    -1     0.00029781
   0.060   120    91     7     1     0     1     0.25233950
   0.060   120    92     7     1     1    -1    -0.96741729
   0.060   120    93     7     7     1     1    -0.00000000
   0.060   120    94     7     7     2    -1     0.00000000
   0.060   120    95     7     5     1     1    -0.00000000
   0.060   120    96     7     5     2    -1     0.00000000
   0.060   120    97     7     3     1     1    -0.00000000
   0.060   120    98     7     3     2    -1     0.00000000
   0.060   120    99     7     1     1     1    -0.00000000
   0.060   120   100     7     7     2     1     0.00000000
   0.060   120   101     7     7     3    -1    -0.00000000
   0.060   120   102     7     5     2     1     0.00000000
   0.060   120   103     7     5     3    -1    -0.00000000
   0.060   120   104     7     3     2     1    -0.00000000
   0.060   120   105     7     3     3    -1    -0.00000000
   0.060   120   106     7     7     3     1    -0.00000000
   0.060   120   107     7     7     4    -1     0.00000000
   0.060   120   108     7     5     3     1    -0.00000000
   0.060   120   109     7     5     4    -1    -0.00000000
   0.060   120   110     7     3     3     1     0.00000000
   0.060   120   111     7     7     4     1     0.00000000
   0.060   120   112     7     7     5    -1    -0.00000000
   0.060   120   113     7     5     4     1     0.00000000
   0.060   120   114     7     5     5    -1     0.00000000
   0.060   120   115     7     7     5     1     0.00000000
   0.060   120   116     7     7     6    -1     0.00000000
   0.060   120   117     7     5     5     1     0.00000000
   0.060   120   118     7     7     6     1     0.00000000
   0.060   120   119     7     7     7    -1     0.00000000
   0.060   120   120     7     7     7     1     0.00000000
