# delta state basis N l Lambda Sigma2 coeff
   0.020     1     1     0     0     0     1     0.99999431
   0.020     1     2     1     1     0     1     0.00000000
   0.020     1     3     1     1     1    -1    -0.00000000
   0.020     1     4     1     1     1     1    -0.00000000
   0.020     1     5     2     2     0     1     0.00336787
   0.020     1     6     2     2     1    -1     0.00020185
   0.020     1     7     2     0     0     1     0.00000004
   0.020     1     8     2     2     1     1    -0.00000000
   0.020     1     9     2     2     2    -1    -0.00000000
   0.020     1    10     2     2     2     1     0.00000000
   0.020     1    11     3     3     0     1     0.00000000
   0.020     1    12     3     3     1    -1     0.00000000
   0.020     1    13     3     1     0     1     0.00000000
   0.020     1    14     3     1     1    -1    -0.00000000
   0.020     1    15     3     3     1     1     0.00000000
   0.020     1    16     3     3     2    -1     0.00000000
   0.020     1    17     3     1     1     1     0.00000000
   0.020     1    18     3     3     2     1    -0.00000000
   0.020     1    19     3     3     3    -1    -0.00000000
   0.020     1    20     3     3     3     1    -0.00000000
   0.020     1    21     4     4     0     1     0.00000737
   0.020     1    22     4     4     1    -1     0.00000085
   0.020     1    23     4     2     0     1     0.00000626
   0.020     1    24     4     2     1    -1     0.00000038
   0.020     1    25     4     0     0     1     0.00000710
   0.020     1    26     4     4     1     1    -0.00000000
   0.020     1    27     4     4     2    -1    -0.00000000
   0.020     1    28     4     2     1     1    -0.00000000
   0.020     1    29     4     2     2    -1     0.00000000
   0.020     1    30     4     4     2     1     0.00000000
   0.020     1    31     4     4     3    -1     0.00000000
   0.020     1    32     4     2     2     1    -0.00000000
   0.020     1    33     4     4     3     1    -0.00000000
   0.020     1    34     4     4     4    -1    -0.00000000
   0.020     1    35     4     4     4     1    -0.00000000
   0.020     1    36     5     5     0     1    -0.00000000
   0.020     1    37     5     5     1    -1    -0.00000000
   0.020     1    38     5     3     0     1    -0.00000000
   0.020     1    39     5     3     1    -1    -0.00000000
   0.020     1    40     5     1     0     1    -0.00000000
   0.020     1    41     5     1     1    -1    -0.00000000
   0.020     1    42     5     5     1     1    -0.00000000
   0.020     1    43     5     5     2    -1     0.00000000
   0.020     1    44     5     3     1     1    -0.00000000
   0.020     1    45     5     3     2    -1     0.00000000
   0.020     1    46     5     1     1     1     0.00000000
   0.020     1    47     5     5     2     1     0.00000000
   0.020     1    48     5     5     3    -1    -0.00000000
   0.020     1    49     5     3     2     1    -0.00000000
   0.020     1    50     5     3     3    -1     0.00000000
   0.020     1    51     5     5     3     1    -0.00000000
   0.020     1    52     5     5     4    -1    -0.00000000
   0.020     1    53     5     3     3     1    -0.00000000
   0.020     1    54     5     5     4     1     0.00000000
   0.020     1    55     5     5     5    -1     0.00000000
   0.020     1    56     5     5     5     1     0.00000000
   0.020     1    57     6     6     0     1     0.00000001
   0.020     1    58     6     6     1    -1     0.00000000
   0.020     1    59     6     4     0     1     0.00000003
   0.020     1    60     6     4     1    -1     0.00000000
   0.020     1    61     6     2     0     1     0.00000005
   0.020     1    62     6     2     1    -1     0.00000000
   0.020     1    63     6     0     0     1     0.00000002
   0.020     1    64     6     6     1     1     0.00000000
   0.020     1    65     6     6     2    -1    -0.00000000
   0.020     1    66     6     4     1     1    -0.00000000
   0.020     1    67     6     4     2    -1     0.00000000
   0.020     1    68     6     2     1     1    -0.00000000
   0.020     1    69     6     2     2    -1     0.00000000
   0.020     1    70     6     6     2     1     0.00000000
   0.020     1    71     6     6     3    -1    -0.00000000
   0.020     1    72     6     4     2     1    -0.00000000
   0.020     1    73     6     4     3    -1    -0.00000000
   0.020     1    74     6     2     2     1    -0.00000000
   0.020     1    75     6     6     3     1    -0.00000000
   0.020     1    76     6     6     4    -1    -0.00000000
   0.020     1    77     6     4     3     1    -0.00000000
   0.020     1    78     6     4     4    -1     0.00000000
   0.020     1    79     6     6     4     1    -0.00000000
   0.020     1    80     6     6     5    -1    -0.00000000
   0.020     1    81     6     4     4     1     0.00000000
   0.020     1    82     6     6     5     1     0.00000000
   0.020     1    83     6     6     6    -1     0.00000000
   0.020     1    84     6     6     6     1    -0.00000000
   0.020     1    85     7     7     0     1     0.00000000
   0.020     1    86     7     7     1    -1    -0.00000000
   0.020     1    87     7     5     0     1     0.00000000
   0.020     1    88     7     5     1    -1    -0.00000000
   0.020     1    89     7     3     0     1    -0.00000000
   0.020     1    90     7     3     1    -1     0.00000000
   0.020     1    91     7     1     0     1     0.00000000
   0.020     1    92     7     1     1    -1    -0.00000000
   0.020     1    93     7     7     1     1    -0.00000000
   0.020     1    94     7     7     2    -1     0.00000000
   0.020     1    95     7     5     1     1    -0.00000000
   0.020     1    96     7     5     2    -1    -0.00000000
   0.020     1    97     7     3     1     1     0.00000000
   0.020     1    98     7     3     2    -1    -0.00000000
   0.020     1    99     7     1     1     1     0.00000000
   0.020     1   100     7     7     2     1     0.00000000
   0.020     1   101     7     7     3    -1     0.00000000
   0.020     1   102     7     5     2     1     0.00000000
   0.020     1   103     7     5     3    -1     0.00000000
   0.020     1   104     7     3     2     1    -0.00000000
   0.020     1   105     7     3     3    -1     0.00000000
   0.020     1   106     7     7     3     1    -0.00000000
   0.020     1   107     7     7     4    -1     0.00000000
   0.020     1   108     7     5     3     1     0.00000000
   0.020     1   109     7     5     4    -1    -0.00000000
   0.020     1   110     7     3     3     1    -0.00000000
   0.020     1   111     7     7     4     1    -0.00000000
   0.020     1   112     7     7     5    -1    -0.00000000
   0.020     1   113     7     5     4     1     0.00000000
   0.020     1   114     7     5     5    -1     0.00000000
   0.020     1   115     7     7     5     1     0.00000000
   0.020     1   116     7     7     6    -1     0.00000000
   0.020     1   117     7     5     5     1    -0.00000000
   0.020     1   118     7     7     6     1     0.00000000
   0.020     1   119     7     7     7    -1     0.00000000
   0.020     1   120     7     7     7     1     0.00000000
   0.020     2     1     0     0     0     1     0.00000000
   0.020     2     2     1     1     0     1    -0.84963051
   0.020     2     3     1     1     1    -1    -0.52735129
   0.020     2     4     1     1     1     1     0.00000000
   0.020     2     5     2     2     0     1     0.00000000
   0.020     2     6     2     2     1    -1     0.00000000
   0.020     2     7     2     0     0     1    -0.00000000
   0.020     2     8     2     2     1     1     0.00000000
   0.020     2     9     2     2     2    -1     0.00000000
   0.020     2    10     2     2     2     1     0.00000000
   0.020     2    11     3     3     0     1    -0.00339336
   0.020     2    12     3     3     1    -1    -0.00189395
   0.020     2    13     3     1     0     1    -0.00355190
   0.020     2    14     3     1     1    -1     0.00094623
   0.020     2    15     3     3     1     1    -0.00000000
   0.020     2    16     3     3     2    -1     0.00000000
   0.020     2    17     3     1     1     1     0.00000000
   0.020     2    18     3     3     2     1    -0.00000000
   0.020     2    19     3     3     3    -1     0.00000000
   0.020     2    20     3     3     3     1    -0.00000000
   0.020     2    21     4     4     0     1     0.00000000
   0.020     2    22     4     4     1    -1    -0.00000000
   0.020     2    23     4     2     0     1    -0.00000000
   0.020     2    24     4     2     1    -1    -0.00000000
   0.020     2    25     4     0     0     1     0.00000000
   0.020     2    26     4     4     1     1     0.00000000
   0.020     2    27     4     4     2    -1    -0.00000000
   0.020     2    28     4     2     1     1     0.00000000
   0.020     2    29     4     2     2    -1    -0.00000000
   0.020     2    30     4     4     2     1     0.00000000
   0.020     2    31     4     4     3    -1     0.00000000
   0.020     2    32     4     2     2     1     0.00000000
   0.020     2    33     4     4     3     1    -0.00000000
   0.020     2    34     4     4     4    -1     0.00000000
   0.020     2    35     4     4     4     1     0.00000000
   0.020     2    36     5     5     0     1    -0.00000890
   0.020     2    37     5     5     1    -1    -0.00000514
   0.020     2    38     5     3     0     1    -0.00001968
   0.020     2    39     5     3     1    -1    -0.00000095
   0.020     2    40     5     1     0     1    -0.00001900
   0.020     2    41     5     1     1    -1    -0.00000477
   0.020     2    42     5     5     1     1     0.00000000
   0.020     2    43     5     5     2    -1    -0.00000000
   0.020     2    44     5     3     1     1    -0.00000000
   0.020     2    45     5     3     2    -1    -0.00000000
   0.020     2    46     5     1     1     1    -0.00000000
   0.020     2    47     5     5     2     1     0.00000000
   0.020     2    48     5     5     3    -1    -0.00000000
   0.020     2    49     5     3     2     1     0.00000000
   0.020     2    50     5     3     3    -1    -0.00000000
   0.020     2    51     5     5     3     1     0.00000000
   0.020     2    52     5     5     4    -1     0.00000000
   0.020     2    53     5     3     3     1    -0.00000000
   0.020     2    54     5     5     4     1     0.00000000
   0.020     2    55     5     5     5    -1     0.00000000
   0.020     2    56     5     5     5     1    -0.00000000
   0.020     2    57     6     6     0     1    -0.00000000
   0.020     2    58     6     6     1    -1    -0.00000000
   0.020     2    59     6     4     0     1     0.00000000
   0.020     2    60     6     4     1    -1     0.00000000
   0.020     2    61     6     2     0     1     0.00000000
   0.020     2    62     6     2     1    -1    -0.00000000
   0.020     2    63     6     0     0     1    -0.00000000
   0.020     2    64     6     6     1     1     0.00000000
   0.020     2    65     6     6     2    -1     0.00000000
   0.020     2    66     6     4     1     1    -0.00000000
   0.020     2    67     6     4     2    -1    -0.00000000
   0.020     2    68     6     2     1     1     0.00000000
   0.020     2    69     6     2     2    -1     0.00000000
   0.020     2    70     6     6     2     1     0.00000000
   0.020     2    71     6     6     3    -1     0.00000000
   0.020     2    72     6     4     2     1     0.00000000
   0.020     2    73     6     4     3    -1    -0.00000000
   0.020     2    74     6     2     2     1     0.00000000
   0.020     2    75     6     6     3     1    -0.00000000
   0.020     2    76     6     6     4    -1     0.00000000
   0.020     2    77     6     4     3     1     0.00000000
   0.020     2    78     6     4     4    -1    -0.00000000
   0.020     2    79     6     6     4     1     0.00000000
   0.020     2    80     6     6     5    -1     0.00000000
   0.020     2    81     6     4     4     1    -0.00000000
   0.020     2    82     6     6     5     1     0.00000000
   0.020     2    83     6     6     6    -1     0.00000000
   0.020     2    84     6     6     6     1     0.00000000
   0.020     2    85     7     7     0     1    -0.00000002
   0.020     2    86     7     7     1    -1    -0.00000001
   0.020     2    87     7     5     0     1    -0.00000007
   0.020     2    88     7     5     1    -1    -0.00000001
   0.020     2    89     7     3     0     1    -0.00000012
   0.020     2    90     7     3     1    -1    -0.00000002
   0.020     2    91     7     1     0     1    -0.00000010
   0.020     2    92     7     1     1    -1     0.00000000
   0.020     2    93     7     7     1     1    -0.00000000
   0.020     2    94     7     7     2    -1     0.00000000
   0.020     2    95     7     5     1     1    -0.00000000
   0.020     2    96     7     5     2    -1    -0.00000000
   0.020     2    97     7     3     1     1    -0.00000000
   0.020     2    98     7     3     2    -1     0.00000000
   0.020     2    99     7     1     1     1     0.00000000
   0.020     2   100     7     7     2     1     0.00000000
   0.020     2   101     7     7     3    -1     0.00000000
   0.020     2   102     7     5     2     1    -0.00000000
   0.020     2   103     7     5     3    -1    -0.00000000
   0.020     2   104     7     3     2     1     0.00000000
   0.020     2   105     7     3     3    -1     0.00000000
   0.020     2   106     7     7     3     1    -0.00000000
   0.020     2   107     7     7     4    -1    -0.00000000
   0.020     2   108     7     5     3     1     0.00000000
   0.020     2   109     7     5     4    -1     0.00000000
   0.020     2   110     7     3     3     1     0.00000000
   0.020     2   111     7     7     4     1    -0.00000000
   0.020     2   112     7     7     5    -1     0.00000000
   0.020     2   113     7     5     4     1    -0.00000000
   0.020     2   114     7     5     5    -1     0.00000000
   0.020     2   115     7     7     5     1    -0.00000000
   0.020     2   116     7     7     6    -1     0.00000000
   0.020     2   117     7     5     5     1     0.00000000
   0.020     2   118     7     7     6     1     0.00000000
   0.020     2   119     7     7     7    -1     0.00000000
   0.020     2   120     7     7     7     1     0.00000000
   0.020     3     1     0     0     0     1    -0.00000000
   0.020     3     2     1     1     0     1    -0.00000000
   0.020     3     3     1     1     1    -1    -0.00000000
   0.020     3     4     1     1     1     1    -0.99999250
   0.020     3     5     2     2     0     1    -0.00000000
   0.020     3     6     2     2     1    -1    -0.00000000
   0.020     3     7     2     0     0     1    -0.00000000
   0.020     3     8     2     2     1     1     0.00000000
   0.020     3     9     2     2     2    -1     0.00000000
   0.020     3    10     2     2     2     1     0.00000000
   0.020     3    11     3     3     0     1    -0.00000000
   0.020     3    12     3     3     1    -1    -0.00000000
   0.020     3    13     3     1     0     1    -0.00000000
   0.020     3    14     3     1     1    -1     0.00000000
   0.020     3    15     3     3     1     1    -0.00321670
   0.020     3    16     3     3     2    -1    -0.00026305
   0.020     3    17     3     1     1     1     0.00213973
   0.020     3    18     3     3     2     1    -0.00000000
   0.020     3    19     3     3     3    -1     0.00000000
   0.020     3    20     3     3     3     1     0.00000000
   0.020     3    21     4     4     0     1    -0.00000000
   0.020     3    22     4     4     1    -1    -0.00000000
   0.020     3    23     4     2     0     1    -0.00000000
   0.020     3    24     4     2     1    -1    -0.00000000
   0.020     3    25     4     0     0     1    -0.00000000
   0.020     3    26     4     4     1     1     0.00000000
   0.020     3    27     4     4     2    -1    -0.00000000
   0.020     3    28     4     2     1     1     0.00000000
   0.020     3    29     4     2     2    -1    -0.00000000
   0.020     3    30     4     4     2     1     0.00000000
   0.020     3    31     4     4     3    -1     0.00000000
   0.020     3    32     4     2     2     1    -0.00000000
   0.020     3    33     4     4     3     1    -0.00000000
   0.020     3    34     4     4     4    -1    -0.00000000
   0.020     3    35     4     4     4     1     0.00000000
   0.020     3    36     5     5     0     1     0.00000000
   0.020     3    37     5     5     1    -1     0.00000000
   0.020     3    38     5     3     0     1    -0.00000000
   0.020     3    39     5     3     1    -1     0.00000000
   0.020     3    40     5     1     0     1    -0.00000000
   0.020     3    41     5     1     1    -1    -0.00000000
   0.020     3    42     5     5     1     1    -0.00000786
   0.020     3    43     5     5     2    -1    -0.00000111
   0.020     3    44     5     3     1     1     0.00000151
   0.020     3    45     5     3     2    -1     0.00000006
   0.020     3    46     5     1     1     1    -0.00000871
   0.020     3    47     5     5     2     1    -0.00000000
   0.020     3    48     5     5     3    -1    -0.00000000
   0.020     3    49     5     3     2     1    -0.00000000
   0.020     3    50     5     3     3    -1     0.00000000
   0.020     3    51     5     5     3     1    -0.00000000
   0.020     3    52     5     5     4    -1     0.00000000
   0.020     3    53     5     3     3     1     0.00000000
   0.020     3    54     5     5     4     1     0.00000000
   0.020     3    55     5     5     5    -1     0.00000000
   0.020     3    56     5     5     5     1    -0.00000000
   0.020     3    57     6     6     0     1    -0.00000000
   0.020     3    58     6     6     1    -1    -0.00000000
   0.020     3    59     6     4     0     1     0.00000000
   0.020     3    60     6     4     1    -1     0.00000000
   0.020     3    61     6     2     0     1     0.00000000
   0.020     3    62     6     2     1    -1    -0.00000000
   0.020     3    63     6     0     0     1    -0.00000000
   0.020     3    64     6     6     1     1     0.00000000
   0.020     3    65     6     6     2    -1     0.00000000
   0.020     3    66     6     4     1     1    -0.00000000
   0.020     3    67     6     4     2    -1    -0.00000000
   0.020     3    68     6     2     1     1     0.00000000
   0.020     3    69     6     2     2    -1     0.00000000
   0.020     3    70     6     6     2     1    -0.00000000
   0.020     3    71     6     6     3    -1     0.00000000
   0.020     3    72     6     4     2     1     0.00000000
   0.020     3    73     6     4     3    -1    -0.00000000
   0.020     3    74     6     2     2     1     0.00000000
   0.020     3    75     6     6     3     1     0.00000000
   0.020     3    76     6     6     4    -1    -0.00000000
   0.020     3    77     6     4     3     1    -0.00000000
   0.020     3    78     6     4     4    -1     0.00000000
   0.020     3    79     6     6     4     1    -0.00000000
   0.020     3    80     6     6     5    -1    -0.00000000
   0.020     3    81     6     4     4     1    -0.00000000
   0.020     3    82     6     6     5     1    -0.00000000
   0.020     3    83     6     6     6    -1     0.00000000
   0.020     3    84     6     6     6     1    -0.00000000
   0.020     3    85     7     7     0     1    -0.00000000
   0.020     3    86     7     7     1    -1     0.00000000
   0.020     3    87     7     5     0     1    -0.00000000
   0.020     3    88     7     5     1    -1     0.00000000
   0.020     3    89     7     3     0     1    -0.00000000
   0.020     3    90     7     3     1    -1    -0.00000000
   0.020     3    91     7     1     0     1     0.00000000
   0.020     3    92     7     1     1    -1    -0.00000000
   0.020     3    93     7     7     1     1    -0.00000002
   0.020     3    94     7     7     2    -1    -0.00000000
   0.020     3    95     7     5     1     1    -0.00000001
   0.020     3    96     7     5     2    -1    -0.00000000
   0.020     3    97     7     3     1     1    -0.00000003
   0.020     3    98     7     3     2    -1    -0.00000000
   0.020     3    99     7     1     1     1     0.00000002
   0.020     3   100     7     7     2     1    -0.00000000
   0.020     3   101     7     7     3    -1     0.00000000
   0.020     3   102     7     5     2     1    -0.00000000
   0.020     3   103     7     5     3    -1    -0.00000000
   0.020     3   104     7     3     2     1    -0.00000000
   0.020     3   105     7     3     3    -1     0.00000000
   0.020     3   106     7     7     3     1    -0.00000000
   0.020     3   107     7     7     4    -1     0.00000000
   0.020     3   108     7     5     3     1     0.00000000
   0.020     3   109     7     5     4    -1    -0.00000000
   0.020     3   110     7     3     3     1    -0.00000000
   0.020     3   111     7     7     4     1     0.00000000
   0.020     3   112     7     7     5    -1    -0.00000000
   0.020     3   113     7     5     4     1     0.00000000
   0.020     3   114     7     5     5    -1     0.00000000
   0.020     3   115     7     7     5     1    -0.00000000
   0.020     3   116     7     7     6    -1    -0.00000000
   0.020     3   117     7     5     5     1     0.00000000
   0.020     3   118     7     7     6     1     0.00000000
   0.020     3   119     7     7     7    -1     0.00000000
   0.020     3   120     7     7     7     1     0.00000000
   0.020     4     1     0     0     0     1    -0.00000000
   0.020     4     2     1     1     0     1     0.52734616
   0.020     4     3     1     1     1    -1    -0.84963854
   0.020     4     4     1     1     1     1    -0.00000000
   0.020     4     5     2     2     0     1    -0.00000000
   0.020     4     6     2     2     1    -1    -0.00000000
   0.020     4     7     2     0     0     1    -0.00000000
   0.020     4     8     2     2     1     1     0.00000000
   0.020     4     9     2     2     2    -1     0.00000000
   0.020     4    10     2     2     2     1    -0.00000000
   0.020     4    11     3     3     0     1     0.00191509
   0.020     4    12     3     3     1    -1    -0.00259002
   0.020     4    13     3     1     0     1     0.00249112
   0.020     4    14     3     1     1    -1     0.00195086
   0.020     4    15     3     3     1     1     0.00000000
   0.020     4    16     3     3     2    -1     0.00000000
   0.020     4    17     3     1     1     1     0.00000000
   0.020     4    18     3     3     2     1     0.00000000
   0.020     4    19     3     3     3    -1    -0.00000000
   0.020     4    20     3     3     3     1     0.00000000
   0.020     4    21     4     4     0     1    -0.00000000
   0.020     4    22     4     4     1    -1    -0.00000000
   0.020     4    23     4     2     0     1    -0.00000000
   0.020     4    24     4     2     1    -1    -0.00000000
   0.020     4    25     4     0     0     1    -0.00000000
   0.020     4    26     4     4     1     1    -0.00000000
   0.020     4    27     4     4     2    -1     0.00000000
   0.020     4    28     4     2     1     1    -0.00000000
   0.020     4    29     4     2     2    -1    -0.00000000
   0.020     4    30     4     4     2     1    -0.00000000
   0.020     4    31     4     4     3    -1    -0.00000000
   0.020     4    32     4     2     2     1    -0.00000000
   0.020     4    33     4     4     3     1    -0.00000000
   0.020     4    34     4     4     4    -1     0.00000000
   0.020     4    35     4     4     4     1     0.00000000
   0.020     4    36     5     5     0     1     0.00000451
   0.020     4    37     5     5     1    -1    -0.00000596
   0.020     4    38     5     3     0     1     0.00001353
   0.020     4    39     5     3     1    -1     0.00000256
   0.020     4    40     5     1     0     1     0.00001278
   0.020     4    41     5     1     1    -1    -0.00000727
   0.020     4    42     5     5     1     1    -0.00000000
   0.020     4    43     5     5     2    -1    -0.00000000
   0.020     4    44     5     3     1     1     0.00000000
   0.020     4    45     5     3     2    -1     0.00000000
   0.020     4    46     5     1     1     1    -0.00000000
   0.020     4    47     5     5     2     1    -0.00000000
   0.020     4    48     5     5     3    -1     0.00000000
   0.020     4    49     5     3     2     1     0.00000000
   0.020     4    50     5     3     3    -1     0.00000000
   0.020     4    51     5     5     3     1     0.00000000
   0.020     4    52     5     5     4    -1    -0.00000000
   0.020     4    53     5     3     3     1    -0.00000000
   0.020     4    54     5     5     4     1    -0.00000000
   0.020     4    55     5     5     5    -1     0.00000000
   0.020     4    56     5     5     5     1    -0.00000000
   0.020     4    57     6     6     0     1    -0.00000000
   0.020     4    58     6     6     1    -1    -0.00000000
   0.020     4    59     6     4     0     1    -0.00000000
   0.020     4    60     6     4     1    -1    -0.00000000
   0.020     4    61     6     2     0     1    -0.00000000
   0.020     4    62     6     2     1    -1     0.00000000
   0.020     4    63     6     0     0     1     0.00000000
   0.020     4    64     6     6     1     1    -0.00000000
   0.020     4    65     6     6     2    -1    -0.00000000
   0.020     4    66     6     4     1     1     0.00000000
   0.020     4    67     6     4     2    -1     0.00000000
   0.020     4    68     6     2     1     1    -0.00000000
   0.020     4    69     6     2     2    -1     0.00000000
   0.020     4    70     6     6     2     1    -0.00000000
   0.020     4    71     6     6     3    -1    -0.00000000
   0.020     4    72     6     4     2     1    -0.00000000
   0.020     4    73     6     4     3    -1    -0.00000000
   0.020     4    74     6     2     2     1    -0.00000000
   0.020     4    75     6     6     3     1    -0.00000000
   0.020     4    76     6     6     4    -1     0.00000000
   0.020     4    77     6     4     3     1     0.00000000
   0.020     4    78     6     4     4    -1    -0.00000000
   0.020     4    79     6     6     4     1     0.00000000
   0.020     4    80     6     6     5    -1    -0.00000000
   0.020     4    81     6     4     4     1    -0.00000000
   0.020     4    82     6     6     5     1     0.00000000
   0.020     4    83     6     6     6    -1    -0.00000000
   0.020     4    84     6     6     6     1     0.00000000
   0.020     4    85     7     7     0     1     0.00000001
   0.020     4    86     7     7     1    -1    -0.00000001
   0.020     4    87     7     5     0     1     0.00000005
   0.020     4    88     7     5     1    -1     0.00000000
   0.020     4    89     7     3     0     1     0.00000008
   0.020     4    90     7     3     1    -1    -0.00000002
   0.020     4    91     7     1     0     1     0.00000007
   0.020     4    92     7     1     1    -1     0.00000002
   0.020     4    93     7     7     1     1    -0.00000000
   0.020     4    94     7     7     2    -1    -0.00000000
   0.020     4    95     7     5     1     1     0.00000000
   0.020     4    96     7     5     2    -1    -0.00000000
   0.020     4    97     7     3     1     1    -0.00000000
   0.020     4    98     7     3     2    -1     0.00000000
   0.020     4    99     7     1     1     1    -0.00000000
   0.020     4   100     7     7     2     1    -0.00000000
   0.020     4   101     7     7     3    -1    -0.00000000
   0.020     4   102     7     5     2     1     0.00000000
   0.020     4   103     7     5     3    -1    -0.00000000
   0.020     4   104     7     3     2     1    -0.00000000
   0.020     4   105     7     3     3    -1     0.00000000
   0.020     4   106     7     7     3     1     0.00000000
   0.020     4   107     7     7     4    -1    -0.00000000
   0.020     4   108     7     5     3     1    -0.00000000
   0.020     4   109     7     5     4    -1     0.00000000
   0.020     4   110     7     3     3     1     0.00000000
   0.020     4   111     7     7     4     1    -0.00000000
   0.020     4   112     7     7     5    -1     0.00000000
   0.020     4   113     7     5     4     1    -0.00000000
   0.020     4   114     7     5     5    -1    -0.00000000
   0.020     4   115     7     7     5     1     0.00000000
   0.020     4   116     7     7     6    -1    -0.00000000
   0.020     4   117     7     5     5     1     0.00000000
   0.020     4   118     7     7     6     1    -0.00000000
   0.020     4   119     7     7     7    -1    -0.00000000
   0.020     4   120     7     7     7     1    -0.00000000
   0.020     5     1     0     0     0     1    -0.00276195
   0.020     5     2     1     1     0     1    -0.00000000
   0.020     5     3     1     1     1    -1    -0.00000000
   0.020     5     4     1     1     1     1    -0.00000000
   0.020     5     5     2     2     0     1     0.78276826
   0.020     5     6     2     2     1    -1     0.62226984
   0.020     5     7     2     0     0     1     0.00036221
   0.020     5     8     2     2     1     1     0.00000000
   0.020     5     9     2     2     2    -1    -0.00000000
   0.020     5    10     2     2     2     1     0.00000000
   0.020     5    11     3     3     0     1    -0.00000000
   0.020     5    12     3     3     1    -1    -0.00000000
   0.020     5    13     3     1     0     1     0.00000000
   0.020     5    14     3     1     1    -1    -0.00000000
   0.020     5    15     3     3     1     1     0.00000000
   0.020     5    16     3     3     2    -1    -0.00000000
   0.020     5    17     3     1     1     1    -0.00000000
   0.020     5    18     3     3     2     1    -0.00000000
   0.020     5    19     3     3     3    -1     0.00000000
   0.020     5    20     3     3     3     1    -0.00000000
   0.020     5    21     4     4     0     1     0.00407855
   0.020     5    22     4     4     1    -1     0.00310793
   0.020     5    23     4     2     0     1     0.00293666
   0.020     5    24     4     2     1    -1     0.00127876
   0.020     5    25     4     0     0     1     0.00312727
   0.020     5    26     4     4     1     1    -0.00000000
   0.020     5    27     4     4     2    -1     0.00000000
   0.020     5    28     4     2     1     1    -0.00000000
   0.020     5    29     4     2     2    -1     0.00000000
   0.020     5    30     4     4     2     1     0.00000000
   0.020     5    31     4     4     3    -1    -0.00000000
   0.020     5    32     4     2     2     1    -0.00000000
   0.020     5    33     4     4     3     1    -0.00000000
   0.020     5    34     4     4     4    -1     0.00000000
   0.020     5    35     4     4     4     1     0.00000000
   0.020     5    36     5     5     0     1     0.00000000
   0.020     5    37     5     5     1    -1     0.00000000
   0.020     5    38     5     3     0     1    -0.00000000
   0.020     5    39     5     3     1    -1    -0.00000000
   0.020     5    40     5     1     0     1     0.00000000
   0.020     5    41     5     1     1    -1     0.00000000
   0.020     5    42     5     5     1     1    -0.00000000
   0.020     5    43     5     5     2    -1    -0.00000000
   0.020     5    44     5     3     1     1     0.00000000
   0.020     5    45     5     3     2    -1     0.00000000
   0.020     5    46     5     1     1     1    -0.00000000
   0.020     5    47     5     5     2     1    -0.00000000
   0.020     5    48     5     5     3    -1     0.00000000
   0.020     5    49     5     3     2     1     0.00000000
   0.020     5    50     5     3     3    -1    -0.00000000
   0.020     5    51     5     5     3     1     0.00000000
   0.020     5    52     5     5     4    -1    -0.00000000
   0.020     5    53     5     3     3     1    -0.00000000
   0.020     5    54     5     5     4     1    -0.00000000
   0.020     5    55     5     5     5    -1    -0.00000000
   0.020     5    56     5     5     5     1    -0.00000000
   0.020     5    57     6     6     0     1     0.00001282
   0.020     5    58     6     6     1    -1     0.00000985
   0.020     5    59     6     4     0     1     0.00002170
   0.020     5    60     6     4     1    -1     0.00001178
   0.020     5    61     6     2     0     1     0.00003206
   0.020     5    62     6     2     1    -1     0.00000791
   0.020     5    63     6     0     0     1     0.00001043
   0.020     5    64     6     6     1     1    -0.00000000
   0.020     5    65     6     6     2    -1    -0.00000000
   0.020     5    66     6     4     1     1    -0.00000000
   0.020     5    67     6     4     2    -1     0.00000000
   0.020     5    68     6     2     1     1    -0.00000000
   0.020     5    69     6     2     2    -1     0.00000000
   0.020     5    70     6     6     2     1    -0.00000000
   0.020     5    71     6     6     3    -1     0.00000000
   0.020     5    72     6     4     2     1    -0.00000000
   0.020     5    73     6     4     3    -1     0.00000000
   0.020     5    74     6     2     2     1     0.00000000
   0.020     5    75     6     6     3     1     0.00000000
   0.020     5    76     6     6     4    -1    -0.00000000
   0.020     5    77     6     4     3     1     0.00000000
   0.020     5    78     6     4     4    -1     0.00000000
   0.020     5    79     6     6     4     1    -0.00000000
   0.020     5    80     6     6     5    -1    -0.00000000
   0.020     5    81     6     4     4     1     0.00000000
   0.020     5    82     6     6     5     1     0.00000000
   0.020     5    83     6     6     6    -1     0.00000000
   0.020     5    84     6     6     6     1     0.00000000
   0.020     5    85     7     7     0     1    -0.00000000
   0.020     5    86     7     7     1    -1    -0.00000000
   0.020     5    87     7     5     0     1    -0.00000000
   0.020     5    88     7     5     1    -1    -0.00000000
   0.020     5    89     7     3     0     1    -0.00000000
   0.020     5    90     7     3     1    -1     0.00000000
   0.020     5    91     7     1     0     1     0.00000000
   0.020     5    92     7     1     1    -1    -0.00000000
   0.020     5    93     7     7     1     1    -0.00000000
   0.020     5    94     7     7     2    -1    -0.00000000
   0.020     5    95     7     5     1     1     0.00000000
   0.020     5    96     7     5     2    -1     0.00000000
   0.020     5    97     7     3     1     1     0.00000000
   0.020     5    98     7     3     2    -1     0.00000000
   0.020     5    99     7     1     1     1     0.00000000
   0.020     5   100     7     7     2     1    -0.00000000
   0.020     5   101     7     7     3    -1    -0.00000000
   0.020     5   102     7     5     2     1     0.00000000
   0.020     5   103     7     5     3    -1     0.00000000
   0.020     5   104     7     3     2     1    -0.00000000
   0.020     5   105     7     3     3    -1    -0.00000000
   0.020     5   106     7     7     3     1     0.00000000
   0.020     5   107     7     7     4    -1     0.00000000
   0.020     5   108     7     5     3     1     0.00000000
   0.020     5   109     7     5     4    -1     0.00000000
   0.020     5   110     7     3     3     1     0.00000000
   0.020     5   111     7     7     4     1     0.00000000
   0.020     5   112     7     7     5    -1     0.00000000
   0.020     5   113     7     5     4     1     0.00000000
   0.020     5   114     7     5     5    -1     0.00000000
   0.020     5   115     7     7     5     1    -0.00000000
   0.020     5   116     7     7     6    -1    -0.00000000
   0.020     5   117     7     5     5     1     0.00000000
   0.020     5   118     7     7     6     1     0.00000000
   0.020     5   119     7     7     7    -1     0.00000000
   0.020     5   120     7     7     7     1     0.00000000
   0.020     6     1     0     0     0     1    -0.00000000
   0.020     6     2     1     1     0     1    -0.00000000
   0.020     6     3     1     1     1    -1    -0.00000000
   0.020     6     4     1     1     1     1     0.00000000
   0.020     6     5     2     2     0     1    -0.00000000
   0.020     6     6     2     2     1    -1    -0.00000000
   0.020     6     7     2     0     0     1    -0.00000000
   0.020     6     8     2     2     1     1    -0.90763366
   0.020     6     9     2     2     2    -1    -0.41973308
   0.020     6    10     2     2     2     1     0.00000000
   0.020     6    11     3     3     0     1     0.00000000
   0.020     6    12     3     3     1    -1     0.00000000
   0.020     6    13     3     1     0     1     0.00000000
   0.020     6    14     3     1     1    -1    -0.00000000
   0.020     6    15     3     3     1     1    -0.00000000
   0.020     6    16     3     3     2    -1     0.00000000
   0.020     6    17     3     1     1     1    -0.00000000
   0.020     6    18     3     3     2     1    -0.00000000
   0.020     6    19     3     3     3    -1     0.00000000
   0.020     6    20     3     3     3     1     0.00000000
   0.020     6    21     4     4     0     1     0.00000000
   0.020     6    22     4     4     1    -1     0.00000000
   0.020     6    23     4     2     0     1    -0.00000000
   0.020     6    24     4     2     1    -1     0.00000000
   0.020     6    25     4     0     0     1    -0.00000000
   0.020     6    26     4     4     1     1    -0.00423072
   0.020     6    27     4     4     2    -1    -0.00170419
   0.020     6    28     4     2     1     1    -0.00162459
   0.020     6    29     4     2     2    -1     0.00135420
   0.020     6    30     4     4     2     1     0.00000000
   0.020     6    31     4     4     3    -1     0.00000000
   0.020     6    32     4     2     2     1    -0.00000000
   0.020     6    33     4     4     3     1    -0.00000000
   0.020     6    34     4     4     4    -1    -0.00000000
   0.020     6    35     4     4     4     1     0.00000000
   0.020     6    36     5     5     0     1    -0.00000000
   0.020     6    37     5     5     1    -1     0.00000000
   0.020     6    38     5     3     0     1    -0.00000000
   0.020     6    39     5     3     1    -1    -0.00000000
   0.020     6    40     5     1     0     1     0.00000000
   0.020     6    41     5     1     1    -1     0.00000000
   0.020     6    42     5     5     1     1    -0.00000000
   0.020     6    43     5     5     2    -1    -0.00000000
   0.020     6    44     5     3     1     1     0.00000000
   0.020     6    45     5     3     2    -1    -0.00000000
   0.020     6    46     5     1     1     1     0.00000000
   0.020     6    47     5     5     2     1     0.00000000
   0.020     6    48     5     5     3    -1     0.00000000
   0.020     6    49     5     3     2     1    -0.00000000
   0.020     6    50     5     3     3    -1    -0.00000000
   0.020     6    51     5     5     3     1    -0.00000000
   0.020     6    52     5     5     4    -1    -0.00000000
   0.020     6    53     5     3     3     1    -0.00000000
   0.020     6    54     5     5     4     1    -0.00000000
   0.020     6    55     5     5     5    -1    -0.00000000
   0.020     6    56     5     5     5     1     0.00000000
   0.020     6    57     6     6     0     1     0.00000000
   0.020     6    58     6     6     1    -1    -0.00000000
   0.020     6    59     6     4     0     1    -0.00000000
   0.020     6    60     6     4     1    -1     0.00000000
   0.020     6    61     6     2     0     1    -0.00000000
   0.020     6    62     6     2     1    -1     0.00000000
   0.020     6    63     6     0     0     1     0.00000000
   0.020     6    64     6     6     1     1    -0.00001260
   0.020     6    65     6     6     2    -1    -0.00000536
   0.020     6    66     6     4     1     1    -0.00001417
   0.020     6    67     6     4     2    -1     0.00000115
   0.020     6    68     6     2     1     1    -0.00000968
   0.020     6    69     6     2     2    -1    -0.00000595
   0.020     6    70     6     6     2     1     0.00000000
   0.020     6    71     6     6     3    -1    -0.00000000
   0.020     6    72     6     4     2     1     0.00000000
   0.020     6    73     6     4     3    -1    -0.00000000
   0.020     6    74     6     2     2     1     0.00000000
   0.020     6    75     6     6     3     1     0.00000000
   0.020     6    76     6     6     4    -1    -0.00000000
   0.020     6    77     6     4     3     1     0.00000000
   0.020     6    78     6     4     4    -1     0.00000000
   0.020     6    79     6     6     4     1    -0.00000000
   0.020     6    80     6     6     5    -1    -0.00000000
   0.020     6    81     6     4     4     1     0.00000000
   0.020     6    82     6     6     5     1    -0.00000000
   0.020     6    83     6     6     6    -1    -0.00000000
   0.020     6    84     6     6     6     1     0.00000000
   0.020     6    85     7     7     0     1    -0.00000000
   0.020     6    86     7     7     1    -1     0.00000000
   0.020     6    87     7     5     0     1     0.00000000
   0.020     6    88     7     5     1    -1     0.00000000
   0.020     6    89     7     3     0     1    -0.00000000
   0.020     6    90     7     3     1    -1     0.00000000
   0.020     6    91     7     1     0     1     0.00000000
   0.020     6    92     7     1     1    -1    -0.00000000
   0.020     6    93     7     7     1     1     0.00000000
   0.020     6    94     7     7     2    -1    -0.00000000
   0.020     6    95     7     5     1     1    -0.00000000
   0.020     6    96     7     5     2    -1     0.00000000
   0.020     6    97     7     3     1     1    -0.00000000
   0.020     6    98     7     3     2    -1    -0.00000000
   0.020     6    99     7     1     1     1    -0.00000000
   0.020     6   100     7     7     2     1    -0.00000000
   0.020     6   101     7     7     3    -1     0.00000000
   0.020     6   102     7     5     2     1     0.00000000
   0.020     6   103     7     5     3    -1    -0.00000000
   0.020     6   104     7     3     2     1    -0.00000000
   0.020     6   105     7     3     3    -1    -0.00000000
   0.020     6   106     7     7     3     1    -0.00000000
   0.020     6   107     7     7     4    -1    -0.00000000
   0.020     6   108     7     5     3     1     0.00000000
   0.020     6   109     7     5     4    -1     0.00000000
   0.020     6   110     7     3     3     1    -0.00000000
   0.020     6   111     7     7     4     1     0.00000000
   0.020     6   112     7     7     5    -1    -0.00000000
   0.020     6   113     7     5     4     1     0.00000000
   0.020     6   114     7     5     5    -1     0.00000000
   0.020     6   115     7     7     5     1    -0.00000000
   0.020     6   116     7     7     6    -1    -0.00000000
   0.020     6   117     7     5     5     1    -0.00000000
   0.020     6   118     7     7     6     1     0.00000000
   0.020     6   119     7     7     7    -1     0.00000000
   0.020     6   120     7     7     7     1     0.00000000
   0.020     7     1     0     0     0     1     0.00000000
   0.020     7     2     1     1     0     1     0.00000000
   0.020     7     3     1     1     1    -1     0.00000000
   0.020     7     4     1     1     1     1    -0.00000000
   0.020     7     5     2     2     0     1    -0.00000000
   0.020     7     6     2     2     1    -1    -0.00000000
   0.020     7     7     2     0     0     1    -0.00000000
   0.020     7     8     2     2     1     1     0.00000000
   0.020     7     9     2     2     2    -1     0.00000000
   0.020     7    10     2     2     2     1     0.99998733
   0.020     7    11     3     3     0     1    -0.00000000
   0.020     7    12     3     3     1    -1    -0.00000000
   0.020     7    13     3     1     0     1    -0.00000000
   0.020     7    14     3     1     1    -1    -0.00000000
   0.020     7    15     3     3     1     1    -0.00000000
   0.020     7    16     3     3     2    -1    -0.00000000
   0.020     7    17     3     1     1     1    -0.00000000
   0.020     7    18     3     3     2     1     0.00000000
   0.020     7    19     3     3     3    -1    -0.00000000
   0.020     7    20     3     3     3     1    -0.00000000
   0.020     7    21     4     4     0     1     0.00000000
   0.020     7    22     4     4     1    -1    -0.00000000
   0.020     7    23     4     2     0     1    -0.00000000
   0.020     7    24     4     2     1    -1    -0.00000000
   0.020     7    25     4     0     0     1     0.00000000
   0.020     7    26     4     4     1     1     0.00000000
   0.020     7    27     4     4     2    -1    -0.00000000
   0.020     7    28     4     2     1     1     0.00000000
   0.020     7    29     4     2     2    -1     0.00000000
   0.020     7    30     4     4     2     1     0.00327786
   0.020     7    31     4     4     3    -1     0.00034191
   0.020     7    32     4     2     2     1    -0.00380551
   0.020     7    33     4     4     3     1     0.00000000
   0.020     7    34     4     4     4    -1     0.00000000
   0.020     7    35     4     4     4     1    -0.00000000
   0.020     7    36     5     5     0     1    -0.00000000
   0.020     7    37     5     5     1    -1    -0.00000000
   0.020     7    38     5     3     0     1    -0.00000000
   0.020     7    39     5     3     1    -1    -0.00000000
   0.020     7    40     5     1     0     1    -0.00000000
   0.020     7    41     5     1     1    -1    -0.00000000
   0.020     7    42     5     5     1     1     0.00000000
   0.020     7    43     5     5     2    -1    -0.00000000
   0.020     7    44     5     3     1     1    -0.00000000
   0.020     7    45     5     3     2    -1     0.00000000
   0.020     7    46     5     1     1     1    -0.00000000
   0.020     7    47     5     5     2     1     0.00000000
   0.020     7    48     5     5     3    -1    -0.00000000
   0.020     7    49     5     3     2     1     0.00000000
   0.020     7    50     5     3     3    -1     0.00000000
   0.020     7    51     5     5     3     1     0.00000000
   0.020     7    52     5     5     4    -1    -0.00000000
   0.020     7    53     5     3     3     1    -0.00000000
   0.020     7    54     5     5     4     1    -0.00000000
   0.020     7    55     5     5     5    -1    -0.00000000
   0.020     7    56     5     5     5     1     0.00000000
   0.020     7    57     6     6     0     1     0.00000000
   0.020     7    58     6     6     1    -1    -0.00000000
   0.020     7    59     6     4     0     1    -0.00000000
   0.020     7    60     6     4     1    -1    -0.00000000
   0.020     7    61     6     2     0     1     0.00000000
   0.020     7    62     6     2     1    -1     0.00000000
   0.020     7    63     6     0     0     1    -0.00000000
   0.020     7    64     6     6     1     1     0.00000000
   0.020     7    65     6     6     2    -1     0.00000000
   0.020     7    66     6     4     1     1    -0.00000000
   0.020     7    67     6     4     2    -1    -0.00000000
   0.020     7    68     6     2     1     1     0.00000000
   0.020     7    69     6     2     2    -1    -0.00000000
   0.020     7    70     6     6     2     1     0.00000866
   0.020     7    71     6     6     3    -1     0.00000145
   0.020     7    72     6     4     2     1    -0.00000724
   0.020     7    73     6     4     3    -1    -0.00000061
   0.020     7    74     6     2     2     1     0.00001515
   0.020     7    75     6     6     3     1     0.00000000
   0.020     7    76     6     6     4    -1     0.00000000
   0.020     7    77     6     4     3     1     0.00000000
   0.020     7    78     6     4     4    -1    -0.00000000
   0.020     7    79     6     6     4     1     0.00000000
   0.020     7    80     6     6     5    -1    -0.00000000
   0.020     7    81     6     4     4     1     0.00000000
   0.020     7    82     6     6     5     1    -0.00000000
   0.020     7    83     6     6     6    -1     0.00000000
   0.020     7    84     6     6     6     1     0.00000000
   0.020     7    85     7     7     0     1    -0.00000000
   0.020     7    86     7     7     1    -1     0.00000000
   0.020     7    87     7     5     0     1     0.00000000
   0.020     7    88     7     5     1    -1    -0.00000000
   0.020     7    89     7     3     0     1     0.00000000
   0.020     7    90     7     3     1    -1    -0.00000000
   0.020     7    91     7     1     0     1    -0.00000000
   0.020     7    92     7     1     1    -1     0.00000000
   0.020     7    93     7     7     1     1    -0.00000000
   0.020     7    94     7     7     2    -1     0.00000000
   0.020     7    95     7     5     1     1     0.00000000
   0.020     7    96     7     5     2    -1    -0.00000000
   0.020     7    97     7     3     1     1     0.00000000
   0.020     7    98     7     3     2    -1     0.00000000
   0.020     7    99     7     1     1     1    -0.00000000
   0.020     7   100     7     7     2     1    -0.00000000
   0.020     7   101     7     7     3    -1     0.00000000
   0.020     7   102     7     5     2     1    -0.00000000
   0.020     7   103     7     5     3    -1    -0.00000000
   0.020     7   104     7     3     2     1    -0.00000000
   0.020     7   105     7     3     3    -1    -0.00000000
   0.020     7   106     7     7     3     1    -0.00000000
   0.020     7   107     7     7     4    -1    -0.00000000
   0.020     7   108     7     5     3     1     0.00000000
   0.020     7   109     7     5     4    -1     0.00000000
   0.020     7   110     7     3     3     1     0.00000000
   0.020     7   111     7     7     4     1    -0.00000000
   0.020     7   112     7     7     5    -1    -0.00000000
   0.020     7   113     7     5     4     1    -0.00000000
   0.020     7   114     7     5     5    -1    -0.00000000
   0.020     7   115     7     7     5     1     0.00000000
   0.020     7   116     7     7     6    -1    -0.00000000
   0.020     7   117     7     5     5     1    -0.00000000
   0.020     7   118     7     7     6     1     0.00000000
   0.020     7   119     7     7     7    -1     0.00000000
   0.020     7   120     7     7     7     1     0.00000000
   0.020     8     1     0     0     0     1    -0.00000054
   0.020     8     2     1     1     0     1     0.00000000
   0.020     8     3     1     1     1    -1     0.00000000
   0.020     8     4     1     1     1     1    -0.00000000
   0.020     8     5     2     2     0     1     0.00016112
   0.020     8     6     2     2     1    -1     0.00041545
   0.020     8     7     2     0     0     1    -0.99997211
   0.020     8     8     2     2     1     1    -0.00000000
   0.020     8     9     2     2     2    -1     0.00000000
   0.020     8    10     2     2     2     1    -0.00000000
   0.020     8    11     3     3     0     1     0.00000000
   0.020     8    12     3     3     1    -1    -0.00000000
   0.020     8    13     3     1     0     1    -0.00000000
   0.020     8    14     3     1     1    -1    -0.00000000
   0.020     8    15     3     3     1     1     0.00000000
   0.020     8    16     3     3     2    -1     0.00000000
   0.020     8    17     3     1     1     1    -0.00000000
   0.020     8    18     3     3     2     1     0.00000000
   0.020     8    19     3     3     3    -1     0.00000000
   0.020     8    20     3     3     3     1     0.00000000
   0.020     8    21     4     4     0     1     0.00000082
   0.020     8    22     4     4     1    -1     0.00000193
   0.020     8    23     4     2     0     1    -0.00743939
   0.020     8    24     4     2     1    -1    -0.00047759
   0.020     8    25     4     0     0     1     0.00000046
   0.020     8    26     4     4     1     1     0.00000000
   0.020     8    27     4     4     2    -1     0.00000000
   0.020     8    28     4     2     1     1     0.00000000
   0.020     8    29     4     2     2    -1     0.00000000
   0.020     8    30     4     4     2     1    -0.00000000
   0.020     8    31     4     4     3    -1     0.00000000
   0.020     8    32     4     2     2     1    -0.00000000
   0.020     8    33     4     4     3     1    -0.00000000
   0.020     8    34     4     4     4    -1    -0.00000000
   0.020     8    35     4     4     4     1    -0.00000000
   0.020     8    36     5     5     0     1    -0.00000000
   0.020     8    37     5     5     1    -1    -0.00000000
   0.020     8    38     5     3     0     1    -0.00000000
   0.020     8    39     5     3     1    -1     0.00000000
   0.020     8    40     5     1     0     1    -0.00000000
   0.020     8    41     5     1     1    -1     0.00000000
   0.020     8    42     5     5     1     1     0.00000000
   0.020     8    43     5     5     2    -1    -0.00000000
   0.020     8    44     5     3     1     1    -0.00000000
   0.020     8    45     5     3     2    -1    -0.00000000
   0.020     8    46     5     1     1     1     0.00000000
   0.020     8    47     5     5     2     1    -0.00000000
   0.020     8    48     5     5     3    -1     0.00000000
   0.020     8    49     5     3     2     1     0.00000000
   0.020     8    50     5     3     3    -1     0.00000000
   0.020     8    51     5     5     3     1    -0.00000000
   0.020     8    52     5     5     4    -1    -0.00000000
   0.020     8    53     5     3     3     1     0.00000000
   0.020     8    54     5     5     4     1    -0.00000000
   0.020     8    55     5     5     5    -1    -0.00000000
   0.020     8    56     5     5     5     1    -0.00000000
   0.020     8    57     6     6     0     1     0.00000000
   0.020     8    58     6     6     1    -1     0.00000001
   0.020     8    59     6     4     0     1    -0.00003122
   0.020     8    60     6     4     1    -1    -0.00000374
   0.020     8    61     6     2     0     1    -0.00002220
   0.020     8    62     6     2     1    -1    -0.00000139
   0.020     8    63     6     0     0     1    -0.00002716
   0.020     8    64     6     6     1     1     0.00000000
   0.020     8    65     6     6     2    -1    -0.00000000
   0.020     8    66     6     4     1     1     0.00000000
   0.020     8    67     6     4     2    -1    -0.00000000
   0.020     8    68     6     2     1     1    -0.00000000
   0.020     8    69     6     2     2    -1    -0.00000000
   0.020     8    70     6     6     2     1     0.00000000
   0.020     8    71     6     6     3    -1    -0.00000000
   0.020     8    72     6     4     2     1    -0.00000000
   0.020     8    73     6     4     3    -1    -0.00000000
   0.020     8    74     6     2     2     1     0.00000000
   0.020     8    75     6     6     3     1    -0.00000000
   0.020     8    76     6     6     4    -1     0.00000000
   0.020     8    77     6     4     3     1     0.00000000
   0.020     8    78     6     4     4    -1    -0.00000000
   0.020     8    79     6     6     4     1    -0.00000000
   0.020     8    80     6     6     5    -1    -0.00000000
   0.020     8    81     6     4     4     1    -0.00000000
   0.020     8    82     6     6     5     1     0.00000000
   0.020     8    83     6     6     6    -1    -0.00000000
   0.020     8    84     6     6     6     1     0.00000000
   0.020     8    85     7     7     0     1     0.00000000
   0.020     8    86     7     7     1    -1     0.00000000
   0.020     8    87     7     5     0     1    -0.00000000
   0.020     8    88     7     5     1    -1     0.00000000
   0.020     8    89     7     3     0     1     0.00000000
   0.020     8    90     7     3     1    -1    -0.00000000
   0.020     8    91     7     1     0     1     0.00000000
   0.020     8    92     7     1     1    -1    -0.00000000
   0.020     8    93     7     7     1     1    -0.00000000
   0.020     8    94     7     7     2    -1     0.00000000
   0.020     8    95     7     5     1     1    -0.00000000
   0.020     8    96     7     5     2    -1     0.00000000
   0.020     8    97     7     3     1     1    -0.00000000
   0.020     8    98     7     3     2    -1    -0.00000000
   0.020     8    99     7     1     1     1    -0.00000000
   0.020     8   100     7     7     2     1     0.00000000
   0.020     8   101     7     7     3    -1     0.00000000
   0.020     8   102     7     5     2     1     0.00000000
   0.020     8   103     7     5     3    -1     0.00000000
   0.020     8   104     7     3     2     1     0.00000000
   0.020     8   105     7     3     3    -1     0.00000000
   0.020     8   106     7     7     3     1    -0.00000000
   0.020     8   107     7     7     4    -1    -0.00000000
   0.020     8   108     7     5     3     1     0.00000000
   0.020     8   109     7     5     4    -1     0.00000000
   0.020     8   110     7     3     3     1    -0.00000000
   0.020     8   111     7     7     4     1    -0.00000000
   0.020     8   112     7     7     5    -1    -0.00000000
   0.020     8   113     7     5     4     1    -0.00000000
   0.020     8   114     7     5     5    -1     0.00000000
   0.020     8   115     7     7     5     1     0.00000000
   0.020     8   116     7     7     6    -1    -0.00000000
   0.020     8   117     7     5     5     1     0.00000000
   0.020     8   118     7     7     6     1     0.00000000
   0.020     8   119     7     7     7    -1     0.00000000
   0.020     8   120     7     7     7     1     0.00000000
   0.020     9     1     0     0     0     1     0.00193774
   0.020     9     2     1     1     0     1     0.00000000
   0.020     9     3     1     1     1    -1     0.00000000
   0.020     9     4     1     1     1     1    -0.00000000
   0.020     9     5     2     2     0     1    -0.62225789
   0.020     9     6     2     2     1    -1     0.78278703
   0.020     9     7     2     0     0     1     0.00024289
   0.020     9     8     2     2     1     1    -0.00000000
   0.020     9     9     2     2     2    -1     0.00000000
   0.020     9    10     2     2     2     1     0.00000000
   0.020     9    11     3     3     0     1    -0.00000000
   0.020     9    12     3     3     1    -1     0.00000000
   0.020     9    13     3     1     0     1    -0.00000000
   0.020     9    14     3     1     1    -1     0.00000000
   0.020     9    15     3     3     1     1     0.00000000
   0.020     9    16     3     3     2    -1    -0.00000000
   0.020     9    17     3     1     1     1     0.00000000
   0.020     9    18     3     3     2     1    -0.00000000
   0.020     9    19     3     3     3    -1     0.00000000
   0.020     9    20     3     3     3     1     0.00000000
   0.020     9    21     4     4     0     1    -0.00289284
   0.020     9    22     4     4     1    -1     0.00334761
   0.020     9    23     4     2     0     1    -0.00250050
   0.020     9    24     4     2     1    -1     0.00140778
   0.020     9    25     4     0     0     1    -0.00282218
   0.020     9    26     4     4     1     1     0.00000000
   0.020     9    27     4     4     2    -1    -0.00000000
   0.020     9    28     4     2     1     1     0.00000000
   0.020     9    29     4     2     2    -1     0.00000000
   0.020     9    30     4     4     2     1     0.00000000
   0.020     9    31     4     4     3    -1    -0.00000000
   0.020     9    32     4     2     2     1     0.00000000
   0.020     9    33     4     4     3     1     0.00000000
   0.020     9    34     4     4     4    -1    -0.00000000
   0.020     9    35     4     4     4     1     0.00000000
   0.020     9    36     5     5     0     1    -0.00000000
   0.020     9    37     5     5     1    -1    -0.00000000
   0.020     9    38     5     3     0     1    -0.00000000
   0.020     9    39     5     3     1    -1    -0.00000000
   0.020     9    40     5     1     0     1    -0.00000000
   0.020     9    41     5     1     1    -1    -0.00000000
   0.020     9    42     5     5     1     1    -0.00000000
   0.020     9    43     5     5     2    -1     0.00000000
   0.020     9    44     5     3     1     1    -0.00000000
   0.020     9    45     5     3     2    -1    -0.00000000
   0.020     9    46     5     1     1     1    -0.00000000
   0.020     9    47     5     5     2     1     0.00000000
   0.020     9    48     5     5     3    -1    -0.00000000
   0.020     9    49     5     3     2     1    -0.00000000
   0.020     9    50     5     3     3    -1     0.00000000
   0.020     9    51     5     5     3     1     0.00000000
   0.020     9    52     5     5     4    -1     0.00000000
   0.020     9    53     5     3     3     1     0.00000000
   0.020     9    54     5     5     4     1    -0.00000000
   0.020     9    55     5     5     5    -1     0.00000000
   0.020     9    56     5     5     5     1     0.00000000
   0.020     9    57     6     6     0     1    -0.00000808
   0.020     9    58     6     6     1    -1     0.00000911
   0.020     9    59     6     4     0     1    -0.00001706
   0.020     9    60     6     4     1    -1     0.00001110
   0.020     9    61     6     2     0     1    -0.00002842
   0.020     9    62     6     2     1    -1     0.00000709
   0.020     9    63     6     0     0     1    -0.00000946
   0.020     9    64     6     6     1     1     0.00000000
   0.020     9    65     6     6     2    -1     0.00000000
   0.020     9    66     6     4     1     1     0.00000000
   0.020     9    67     6     4     2    -1    -0.00000000
   0.020     9    68     6     2     1     1    -0.00000000
   0.020     9    69     6     2     2    -1     0.00000000
   0.020     9    70     6     6     2     1     0.00000000
   0.020     9    71     6     6     3    -1    -0.00000000
   0.020     9    72     6     4     2     1     0.00000000
   0.020     9    73     6     4     3    -1     0.00000000
   0.020     9    74     6     2     2     1     0.00000000
   0.020     9    75     6     6     3     1    -0.00000000
   0.020     9    76     6     6     4    -1    -0.00000000
   0.020     9    77     6     4     3     1    -0.00000000
   0.020     9    78     6     4     4    -1    -0.00000000
   0.020     9    79     6     6     4     1     0.00000000
   0.020     9    80     6     6     5    -1     0.00000000
   0.020     9    81     6     4     4     1    -0.00000000
   0.020     9    82     6     6     5     1    -0.00000000
   0.020     9    83     6     6     6    -1     0.00000000
   0.020     9    84     6     6     6     1     0.00000000
   0.020     9    85     7     7     0     1    -0.00000000
   0.020     9    86     7     7     1    -1    -0.00000000
   0.020     9    87     7     5     0     1     0.00000000
   0.020     9    88     7     5     1    -1     0.00000000
   0.020     9    89     7     3     0     1    -0.00000000
   0.020     9    90     7     3     1    -1     0.00000000
   0.020     9    91     7     1     0     1     0.00000000
   0.020     9    92     7     1     1    -1     0.00000000
   0.020     9    93     7     7     1     1    -0.00000000
   0.020     9    94     7     7     2    -1    -0.00000000
   0.020     9    95     7     5     1     1     0.00000000
   0.020     9    96     7     5     2    -1    -0.00000000
   0.020     9    97     7     3     1     1     0.00000000
   0.020     9    98     7     3     2    -1     0.00000000
   0.020     9    99     7     1     1     1     0.00000000
   0.020     9   100     7     7     2     1     0.00000000
   0.020     9   101     7     7     3    -1    -0.00000000
   0.020     9   102     7     5     2     1     0.00000000
   0.020     9   103     7     5     3    -1     0.00000000
   0.020     9   104     7     3     2     1    -0.00000000
   0.020     9   105     7     3     3    -1    -0.00000000
   0.020     9   106     7     7     3     1    -0.00000000
   0.020     9   107     7     7     4    -1    -0.00000000
   0.020     9   108     7     5     3     1    -0.00000000
   0.020     9   109     7     5     4    -1     0.00000000
   0.020     9   110     7     3     3     1    -0.00000000
   0.020     9   111     7     7     4     1     0.00000000
   0.020     9   112     7     7     5    -1     0.00000000
   0.020     9   113     7     5     4     1    -0.00000000
   0.020     9   114     7     5     5    -1    -0.00000000
   0.020     9   115     7     7     5     1    -0.00000000
   0.020     9   116     7     7     6    -1    -0.00000000
   0.020     9   117     7     5     5     1    -0.00000000
   0.020     9   118     7     7     6     1     0.00000000
   0.020     9   119     7     7     7    -1     0.00000000
   0.020     9   120     7     7     7     1     0.00000000
   0.020    10     1     0     0     0     1     0.00000000
   0.020    10     2     1     1     0     1     0.00000000
   0.020    10     3     1     1     1    -1    -0.00000000
   0.020    10     4     1     1     1     1    -0.00000000
   0.020    10     5     2     2     0     1    -0.00000000
   0.020    10     6     2     2     1    -1     0.00000000
   0.020    10     7     2     0     0     1     0.00000000
   0.020    10     8     2     2     1     1    -0.41973336
   0.020    10     9     2     2     2    -1     0.90763363
   0.020    10    10     2     2     2     1    -0.00000000
   0.020    10    11     3     3     0     1     0.00000000
   0.020    10    12     3     3     1    -1    -0.00000000
   0.020    10    13     3     1     0     1    -0.00000000
   0.020    10    14     3     1     1    -1    -0.00000000
   0.020    10    15     3     3     1     1     0.00000000
   0.020    10    16     3     3     2    -1    -0.00000000
   0.020    10    17     3     1     1     1    -0.00000000
   0.020    10    18     3     3     2     1     0.00000000
   0.020    10    19     3     3     3    -1    -0.00000000
   0.020    10    20     3     3     3     1    -0.00000000
   0.020    10    21     4     4     0     1     0.00000000
   0.020    10    22     4     4     1    -1     0.00000000
   0.020    10    23     4     2     0     1     0.00000000
   0.020    10    24     4     2     1    -1     0.00000000
   0.020    10    25     4     0     0     1     0.00000000
   0.020    10    26     4     4     1     1    -0.00177354
   0.020    10    27     4     4     2    -1     0.00277506
   0.020    10    28     4     2     1     1    -0.00112826
   0.020    10    29     4     2     2    -1    -0.00360328
   0.020    10    30     4     4     2     1     0.00000000
   0.020    10    31     4     4     3    -1     0.00000000
   0.020    10    32     4     2     2     1    -0.00000000
   0.020    10    33     4     4     3     1    -0.00000000
   0.020    10    34     4     4     4    -1    -0.00000000
   0.020    10    35     4     4     4     1    -0.00000000
   0.020    10    36     5     5     0     1     0.00000000
   0.020    10    37     5     5     1    -1     0.00000000
   0.020    10    38     5     3     0     1     0.00000000
   0.020    10    39     5     3     1    -1    -0.00000000
   0.020    10    40     5     1     0     1     0.00000000
   0.020    10    41     5     1     1    -1     0.00000000
   0.020    10    42     5     5     1     1     0.00000000
   0.020    10    43     5     5     2    -1     0.00000000
   0.020    10    44     5     3     1     1     0.00000000
   0.020    10    45     5     3     2    -1     0.00000000
   0.020    10    46     5     1     1     1    -0.00000000
   0.020    10    47     5     5     2     1    -0.00000000
   0.020    10    48     5     5     3    -1    -0.00000000
   0.020    10    49     5     3     2     1    -0.00000000
   0.020    10    50     5     3     3    -1    -0.00000000
   0.020    10    51     5     5     3     1    -0.00000000
   0.020    10    52     5     5     4    -1    -0.00000000
   0.020    10    53     5     3     3     1    -0.00000000
   0.020    10    54     5     5     4     1     0.00000000
   0.020    10    55     5     5     5    -1     0.00000000
   0.020    10    56     5     5     5     1    -0.00000000
   0.020    10    57     6     6     0     1    -0.00000000
   0.020    10    58     6     6     1    -1     0.00000000
   0.020    10    59     6     4     0     1     0.00000000
   0.020    10    60     6     4     1    -1    -0.00000000
   0.020    10    61     6     2     0     1     0.00000000
   0.020    10    62     6     2     1    -1     0.00000000
   0.020    10    63     6     0     0     1    -0.00000000
   0.020    10    64     6     6     1     1    -0.00000476
   0.020    10    65     6     6     2    -1     0.00000682
   0.020    10    66     6     4     1     1    -0.00000874
   0.020    10    67     6     4     2    -1    -0.00000775
   0.020    10    68     6     2     1     1    -0.00000460
   0.020    10    69     6     2     2    -1     0.00001400
   0.020    10    70     6     6     2     1    -0.00000000
   0.020    10    71     6     6     3    -1    -0.00000000
   0.020    10    72     6     4     2     1    -0.00000000
   0.020    10    73     6     4     3    -1    -0.00000000
   0.020    10    74     6     2     2     1     0.00000000
   0.020    10    75     6     6     3     1    -0.00000000
   0.020    10    76     6     6     4    -1    -0.00000000
   0.020    10    77     6     4     3     1     0.00000000
   0.020    10    78     6     4     4    -1    -0.00000000
   0.020    10    79     6     6     4     1     0.00000000
   0.020    10    80     6     6     5    -1     0.00000000
   0.020    10    81     6     4     4     1     0.00000000
   0.020    10    82     6     6     5     1    -0.00000000
   0.020    10    83     6     6     6    -1     0.00000000
   0.020    10    84     6     6     6     1    -0.00000000
   0.020    10    85     7     7     0     1     0.00000000
   0.020    10    86     7     7     1    -1     0.00000000
   0.020    10    87     7     5     0     1     0.00000000
   0.020    10    88     7     5     1    -1    -0.00000000
   0.020    10    89     7     3     0     1    -0.00000000
   0.020    10    90     7     3     1    -1     0.00000000
   0.020    10    91     7     1     0     1    -0.00000000
   0.020    10    92     7     1     1    -1     0.00000000
   0.020    10    93     7     7     1     1    -0.00000000
   0.020    10    94     7     7     2    -1    -0.00000000
   0.020    10    95     7     5     1     1     0.00000000
   0.020    10    96     7     5     2    -1     0.00000000
   0.020    10    97     7     3     1     1     0.00000000
   0.020    10    98     7     3     2    -1     0.00000000
   0.020    10    99     7     1     1     1     0.00000000
   0.020    10   100     7     7     2     1     0.00000000
   0.020    10   101     7     7     3    -1    -0.00000000
   0.020    10   102     7     5     2     1     0.00000000
   0.020    10   103     7     5     3    -1     0.00000000
   0.020    10   104     7     3     2     1     0.00000000
   0.020    10   105     7     3     3    -1     0.00000000
   0.020    10   106     7     7     3     1     0.00000000
   0.020    10   107     7     7     4    -1     0.00000000
   0.020    10   108     7     5     3     1     0.00000000
   0.020    10   109     7     5     4    -1     0.00000000
   0.020    10   110     7     3     3     1    -0.00000000
   0.020    10   111     7     7     4     1     0.00000000
   0.020    10   112     7     7     5    -1     0.00000000
   0.020    10   113     7     5     4     1     0.00000000
   0.020    10   114     7     5     5    -1     0.00000000
   0.020    10   115     7     7     5     1     0.00000000
   0.020    10   116     7     7     6    -1     0.00000000
   0.020    10   117     7     5     5     1    -0.00000000
   0.020    10   118     7     7     6     1     0.00000000
   0.020    10   119     7     7     7    -1     0.00000000
   0.020    10   120     7     7     7     1     0.00000000
   0.020    11     1     0     0     0     1    -0.00000000
   0.020    11     2     1     1     0     1     0.00311642
   0.020    11     3     1     1     1    -1     0.00220385
   0.020    11     4     1     1     1     1     0.00000000
   0.020    11     5     2     2     0     1    -0.00000000
   0.020    11     6     2     2     1    -1    -0.00000000
   0.020    11     7     2     0     0     1    -0.00000000
   0.020    11     8     2     2     1     1    -0.00000000
   0.020    11     9     2     2     2    -1    -0.00000000
   0.020    11    10     2     2     2     1    -0.00000000
   0.020    11    11     3     3     0     1    -0.75960031
   0.020    11    12     3     3     1    -1    -0.65033694
   0.020    11    13     3     1     0     1    -0.00017204
   0.020    11    14     3     1     1    -1    -0.00007753
   0.020    11    15     3     3     1     1    -0.00000000
   0.020    11    16     3     3     2    -1     0.00000000
   0.020    11    17     3     1     1     1     0.00000000
   0.020    11    18     3     3     2     1    -0.00000000
   0.020    11    19     3     3     3    -1    -0.00000000
   0.020    11    20     3     3     3     1     0.00000000
   0.020    11    21     4     4     0     1    -0.00000000
   0.020    11    22     4     4     1    -1     0.00000000
   0.020    11    23     4     2     0     1    -0.00000000
   0.020    11    24     4     2     1    -1     0.00000000
   0.020    11    25     4     0     0     1    -0.00000000
   0.020    11    26     4     4     1     1    -0.00000000
   0.020    11    27     4     4     2    -1    -0.00000000
   0.020    11    28     4     2     1     1    -0.00000000
   0.020    11    29     4     2     2    -1     0.00000000
   0.020    11    30     4     4     2     1    -0.00000000
   0.020    11    31     4     4     3    -1    -0.00000000
   0.020    11    32     4     2     2     1     0.00000000
   0.020    11    33     4     4     3     1    -0.00000000
   0.020    11    34     4     4     4    -1    -0.00000000
   0.020    11    35     4     4     4     1    -0.00000000
   0.020    11    36     5     5     0     1    -0.00440721
   0.020    11    37     5     5     1    -1    -0.00369424
   0.020    11    38     5     3     0     1    -0.00291711
   0.020    11    39     5     3     1    -1    -0.00195835
   0.020    11    40     5     1     0     1    -0.00250586
   0.020    11    41     5     1     1    -1    -0.00171464
   0.020    11    42     5     5     1     1     0.00000000
   0.020    11    43     5     5     2    -1     0.00000000
   0.020    11    44     5     3     1     1     0.00000000
   0.020    11    45     5     3     2    -1     0.00000000
   0.020    11    46     5     1     1     1     0.00000000
   0.020    11    47     5     5     2     1    -0.00000000
   0.020    11    48     5     5     3    -1    -0.00000000
   0.020    11    49     5     3     2     1     0.00000000
   0.020    11    50     5     3     3    -1     0.00000000
   0.020    11    51     5     5     3     1    -0.00000000
   0.020    11    52     5     5     4    -1    -0.00000000
   0.020    11    53     5     3     3     1     0.00000000
   0.020    11    54     5     5     4     1     0.00000000
   0.020    11    55     5     5     5    -1    -0.00000000
   0.020    11    56     5     5     5     1    -0.00000000
   0.020    11    57     6     6     0     1     0.00000000
   0.020    11    58     6     6     1    -1    -0.00000000
   0.020    11    59     6     4     0     1    -0.00000000
   0.020    11    60     6     4     1    -1    -0.00000000
   0.020    11    61     6     2     0     1    -0.00000000
   0.020    11    62     6     2     1    -1     0.00000000
   0.020    11    63     6     0     0     1     0.00000000
   0.020    11    64     6     6     1     1    -0.00000000
   0.020    11    65     6     6     2    -1    -0.00000000
   0.020    11    66     6     4     1     1    -0.00000000
   0.020    11    67     6     4     2    -1    -0.00000000
   0.020    11    68     6     2     1     1    -0.00000000
   0.020    11    69     6     2     2    -1    -0.00000000
   0.020    11    70     6     6     2     1     0.00000000
   0.020    11    71     6     6     3    -1     0.00000000
   0.020    11    72     6     4     2     1     0.00000000
   0.020    11    73     6     4     3    -1    -0.00000000
   0.020    11    74     6     2     2     1     0.00000000
   0.020    11    75     6     6     3     1    -0.00000000
   0.020    11    76     6     6     4    -1    -0.00000000
   0.020    11    77     6     4     3     1     0.00000000
   0.020    11    78     6     4     4    -1     0.00000000
   0.020    11    79     6     6     4     1    -0.00000000
   0.020    11    80     6     6     5    -1     0.00000000
   0.020    11    81     6     4     4     1    -0.00000000
   0.020    11    82     6     6     5     1     0.00000000
   0.020    11    83     6     6     6    -1     0.00000000
   0.020    11    84     6     6     6     1    -0.00000000
   0.020    11    85     7     7     0     1    -0.00001475
   0.020    11    86     7     7     1    -1    -0.00001240
   0.020    11    87     7     5     0     1    -0.00002382
   0.020    11    88     7     5     1    -1    -0.00001708
   0.020    11    89     7     3     0     1    -0.00002868
   0.020    11    90     7     3     1    -1    -0.00001792
   0.020    11    91     7     1     0     1    -0.00002019
   0.020    11    92     7     1     1    -1    -0.00000117
   0.020    11    93     7     7     1     1    -0.00000000
   0.020    11    94     7     7     2    -1     0.00000000
   0.020    11    95     7     5     1     1    -0.00000000
   0.020    11    96     7     5     2    -1     0.00000000
   0.020    11    97     7     3     1     1     0.00000000
   0.020    11    98     7     3     2    -1     0.00000000
   0.020    11    99     7     1     1     1     0.00000000
   0.020    11   100     7     7     2     1     0.00000000
   0.020    11   101     7     7     3    -1     0.00000000
   0.020    11   102     7     5     2     1    -0.00000000
   0.020    11   103     7     5     3    -1    -0.00000000
   0.020    11   104     7     3     2     1     0.00000000
   0.020    11   105     7     3     3    -1     0.00000000
   0.020    11   106     7     7     3     1     0.00000000
   0.020    11   107     7     7     4    -1    -0.00000000
   0.020    11   108     7     5     3     1     0.00000000
   0.020    11   109     7     5     4    -1     0.00000000
   0.020    11   110     7     3     3     1    -0.00000000
   0.020    11   111     7     7     4     1     0.00000000
   0.020    11   112     7     7     5    -1     0.00000000
   0.020    11   113     7     5     4     1     0.00000000
   0.020    11   114     7     5     5    -1    -0.00000000
   0.020    11   115     7     7     5     1     0.00000000
   0.020    11   116     7     7     6    -1    -0.00000000
   0.020    11   117     7     5     5     1    -0.00000000
   0.020    11   118     7     7     6     1     0.00000000
   0.020    11   119     7     7     7    -1     0.00000000
   0.020    11   120     7     7     7     1     0.00000000
   0.020    12     1     0     0     0     1    -0.00000000
   0.020    12     2     1     1     0     1    -0.00000000
   0.020    12     3     1     1     1    -1    -0.00000000
   0.020    12     4     1     1     1     1    -0.00288161
   0.020    12     5     2     2     0     1    -0.00000000
   0.020    12     6     2     2     1    -1    -0.00000000
   0.020    12     7     2     0     0     1    -0.00000000
   0.020    12     8     2     2     1     1    -0.00000000
   0.020    12     9     2     2     2    -1    -0.00000000
   0.020    12    10     2     2     2     1     0.00000000
   0.020    12    11     3     3     0     1    -0.00000000
   0.020    12    12     3     3     1    -1    -0.00000000
   0.020    12    13     3     1     0     1    -0.00000000
   0.020    12    14     3     1     1    -1    -0.00000000
   0.020    12    15     3     3     1     1     0.85320638
   0.020    12    16     3     3     2    -1     0.52152801
   0.020    12    17     3     1     1     1     0.00007715
   0.020    12    18     3     3     2     1    -0.00000000
   0.020    12    19     3     3     3    -1     0.00000000
   0.020    12    20     3     3     3     1     0.00000000
   0.020    12    21     4     4     0     1    -0.00000000
   0.020    12    22     4     4     1    -1    -0.00000000
   0.020    12    23     4     2     0     1    -0.00000000
   0.020    12    24     4     2     1    -1    -0.00000000
   0.020    12    25     4     0     0     1    -0.00000000
   0.020    12    26     4     4     1     1    -0.00000000
   0.020    12    27     4     4     2    -1    -0.00000000
   0.020    12    28     4     2     1     1    -0.00000000
   0.020    12    29     4     2     2    -1     0.00000000
   0.020    12    30     4     4     2     1     0.00000000
   0.020    12    31     4     4     3    -1     0.00000000
   0.020    12    32     4     2     2     1    -0.00000000
   0.020    12    33     4     4     3     1     0.00000000
   0.020    12    34     4     4     4    -1     0.00000000
   0.020    12    35     4     4     4     1    -0.00000000
   0.020    12    36     5     5     0     1    -0.00000000
   0.020    12    37     5     5     1    -1     0.00000000
   0.020    12    38     5     3     0     1    -0.00000000
   0.020    12    39     5     3     1    -1    -0.00000000
   0.020    12    40     5     1     0     1    -0.00000000
   0.020    12    41     5     1     1    -1     0.00000000
   0.020    12    42     5     5     1     1     0.00461678
   0.020    12    43     5     5     2    -1     0.00263877
   0.020    12    44     5     3     1     1     0.00238980
   0.020    12    45     5     3     2    -1     0.00017187
   0.020    12    46     5     1     1     1     0.00225186
   0.020    12    47     5     5     2     1     0.00000000
   0.020    12    48     5     5     3    -1     0.00000000
   0.020    12    49     5     3     2     1     0.00000000
   0.020    12    50     5     3     3    -1    -0.00000000
   0.020    12    51     5     5     3     1     0.00000000
   0.020    12    52     5     5     4    -1     0.00000000
   0.020    12    53     5     3     3     1     0.00000000
   0.020    12    54     5     5     4     1     0.00000000
   0.020    12    55     5     5     5    -1     0.00000000
   0.020    12    56     5     5     5     1    -0.00000000
   0.020    12    57     6     6     0     1    -0.00000000
   0.020    12    58     6     6     1    -1    -0.00000000
   0.020    12    59     6     4     0     1    -0.00000000
   0.020    12    60     6     4     1    -1    -0.00000000
   0.020    12    61     6     2     0     1    -0.00000000
   0.020    12    62     6     2     1    -1    -0.00000000
   0.020    12    63     6     0     0     1    -0.00000000
   0.020    12    64     6     6     1     1     0.00000000
   0.020    12    65     6     6     2    -1     0.00000000
   0.020    12    66     6     4     1     1     0.00000000
   0.020    12    67     6     4     2    -1     0.00000000
   0.020    12    68     6     2     1     1    -0.00000000
   0.020    12    69     6     2     2    -1     0.00000000
   0.020    12    70     6     6     2     1     0.00000000
   0.020    12    71     6     6     3    -1     0.00000000
   0.020    12    72     6     4     2     1    -0.00000000
   0.020    12    73     6     4     3    -1    -0.00000000
   0.020    12    74     6     2     2     1    -0.00000000
   0.020    12    75     6     6     3     1    -0.00000000
   0.020    12    76     6     6     4    -1     0.00000000
   0.020    12    77     6     4     3     1     0.00000000
   0.020    12    78     6     4     4    -1    -0.00000000
   0.020    12    79     6     6     4     1     0.00000000
   0.020    12    80     6     6     5    -1     0.00000000
   0.020    12    81     6     4     4     1     0.00000000
   0.020    12    82     6     6     5     1     0.00000000
   0.020    12    83     6     6     6    -1     0.00000000
   0.020    12    84     6     6     6     1     0.00000000
   0.020    12    85     7     7     0     1     0.00000000
   0.020    12    86     7     7     1    -1    -0.00000000
   0.020    12    87     7     5     0     1     0.00000000
   0.020    12    88     7     5     1    -1     0.00000000
   0.020    12    89     7     3     0     1     0.00000000
   0.020    12    90     7     3     1    -1    -0.00000000
   0.020    12    91     7     1     0     1     0.00000000
   0.020    12    92     7     1     1    -1     0.00000000
   0.020    12    93     7     7     1     1     0.00001484
   0.020    12    94     7     7     2    -1     0.00000862
   0.020    12    95     7     5     1     1     0.00001991
   0.020    12    96     7     5     2    -1     0.00000551
   0.020    12    97     7     3     1     1     0.00002192
   0.020    12    98     7     3     2    -1     0.00000437
   0.020    12    99     7     1     1     1     0.00000069
   0.020    12   100     7     7     2     1     0.00000000
   0.020    12   101     7     7     3    -1    -0.00000000
   0.020    12   102     7     5     2     1    -0.00000000
   0.020    12   103     7     5     3    -1     0.00000000
   0.020    12   104     7     3     2     1    -0.00000000
   0.020    12   105     7     3     3    -1    -0.00000000
   0.020    12   106     7     7     3     1    -0.00000000
   0.020    12   107     7     7     4    -1     0.00000000
   0.020    12   108     7     5     3     1    -0.00000000
   0.020    12   109     7     5     4    -1    -0.00000000
   0.020    12   110     7     3     3     1    -0.00000000
   0.020    12   111     7     7     4     1    -0.00000000
   0.020    12   112     7     7     5    -1    -0.00000000
   0.020    12   113     7     5     4     1    -0.00000000
   0.020    12   114     7     5     5    -1     0.00000000
   0.020    12   115     7     7     5     1    -0.00000000
   0.020    12   116     7     7     6    -1    -0.00000000
   0.020    12   117     7     5     5     1     0.00000000
   0.020    12   118     7     7     6     1     0.00000000
   0.020    12   119     7     7     7    -1     0.00000000
   0.020    12   120     7     7     7     1     0.00000000
   0.020    13     1     0     0     0     1     0.00000000
   0.020    13     2     1     1     0     1     0.00000000
   0.020    13     3     1     1     1    -1    -0.00000000
   0.020    13     4     1     1     1     1     0.00000000
   0.020    13     5     2     2     0     1     0.00000000
   0.020    13     6     2     2     1    -1    -0.00000000
   0.020    13     7     2     0     0     1    -0.00000000
   0.020    13     8     2     2     1     1    -0.00000000
   0.020    13     9     2     2     2    -1    -0.00000000
   0.020    13    10     2     2     2     1     0.00000000
   0.020    13    11     3     3     0     1     0.00000000
   0.020    13    12     3     3     1    -1    -0.00000000
   0.020    13    13     3     1     0     1     0.00000000
   0.020    13    14     3     1     1    -1     0.00000000
   0.020    13    15     3     3     1     1     0.00000000
   0.020    13    16     3     3     2    -1    -0.00000000
   0.020    13    17     3     1     1     1    -0.00000000
   0.020    13    18     3     3     2     1    -0.93288753
   0.020    13    19     3     3     3    -1    -0.36013746
   0.020    13    20     3     3     3     1     0.00000000
   0.020    13    21     4     4     0     1    -0.00000000
   0.020    13    22     4     4     1    -1    -0.00000000
   0.020    13    23     4     2     0     1    -0.00000000
   0.020    13    24     4     2     1    -1    -0.00000000
   0.020    13    25     4     0     0     1    -0.00000000
   0.020    13    26     4     4     1     1    -0.00000000
   0.020    13    27     4     4     2    -1    -0.00000000
   0.020    13    28     4     2     1     1    -0.00000000
   0.020    13    29     4     2     2    -1     0.00000000
   0.020    13    30     4     4     2     1     0.00000000
   0.020    13    31     4     4     3    -1     0.00000000
   0.020    13    32     4     2     2     1    -0.00000000
   0.020    13    33     4     4     3     1     0.00000000
   0.020    13    34     4     4     4    -1     0.00000000
   0.020    13    35     4     4     4     1    -0.00000000
   0.020    13    36     5     5     0     1    -0.00000000
   0.020    13    37     5     5     1    -1     0.00000000
   0.020    13    38     5     3     0     1    -0.00000000
   0.020    13    39     5     3     1    -1    -0.00000000
   0.020    13    40     5     1     0     1    -0.00000000
   0.020    13    41     5     1     1    -1    -0.00000000
   0.020    13    42     5     5     1     1     0.00000000
   0.020    13    43     5     5     2    -1     0.00000000
   0.020    13    44     5     3     1     1     0.00000000
   0.020    13    45     5     3     2    -1    -0.00000000
   0.020    13    46     5     1     1     1    -0.00000000
   0.020    13    47     5     5     2     1    -0.00418755
   0.020    13    48     5     5     3    -1    -0.00143498
   0.020    13    49     5     3     2     1     0.00009260
   0.020    13    50     5     3     3    -1     0.00150322
   0.020    13    51     5     5     3     1     0.00000000
   0.020    13    52     5     5     4    -1     0.00000000
   0.020    13    53     5     3     3     1     0.00000000
   0.020    13    54     5     5     4     1     0.00000000
   0.020    13    55     5     5     5    -1    -0.00000000
   0.020    13    56     5     5     5     1     0.00000000
   0.020    13    57     6     6     0     1    -0.00000000
   0.020    13    58     6     6     1    -1     0.00000000
   0.020    13    59     6     4     0     1    -0.00000000
   0.020    13    60     6     4     1    -1    -0.00000000
   0.020    13    61     6     2     0     1    -0.00000000
   0.020    13    62     6     2     1    -1    -0.00000000
   0.020    13    63     6     0     0     1     0.00000000
   0.020    13    64     6     6     1     1    -0.00000000
   0.020    13    65     6     6     2    -1     0.00000000
   0.020    13    66     6     4     1     1    -0.00000000
   0.020    13    67     6     4     2    -1     0.00000000
   0.020    13    68     6     2     1     1    -0.00000000
   0.020    13    69     6     2     2    -1    -0.00000000
   0.020    13    70     6     6     2     1     0.00000000
   0.020    13    71     6     6     3    -1     0.00000000
   0.020    13    72     6     4     2     1    -0.00000000
   0.020    13    73     6     4     3    -1    -0.00000000
   0.020    13    74     6     2     2     1    -0.00000000
   0.020    13    75     6     6     3     1    -0.00000000
   0.020    13    76     6     6     4    -1     0.00000000
   0.020    13    77     6     4     3     1     0.00000000
   0.020    13    78     6     4     4    -1    -0.00000000
   0.020    13    79     6     6     4     1     0.00000000
   0.020    13    80     6     6     5    -1     0.00000000
   0.020    13    81     6     4     4     1     0.00000000
   0.020    13    82     6     6     5     1     0.00000000
   0.020    13    83     6     6     6    -1     0.00000000
   0.020    13    84     6     6     6     1    -0.00000000
   0.020    13    85     7     7     0     1     0.00000000
   0.020    13    86     7     7     1    -1     0.00000000
   0.020    13    87     7     5     0     1     0.00000000
   0.020    13    88     7     5     1    -1    -0.00000000
   0.020    13    89     7     3     0     1     0.00000000
   0.020    13    90     7     3     1    -1    -0.00000000
   0.020    13    91     7     1     0     1     0.00000000
   0.020    13    92     7     1     1    -1     0.00000000
   0.020    13    93     7     7     1     1     0.00000000
   0.020    13    94     7     7     2    -1     0.00000000
   0.020    13    95     7     5     1     1    -0.00000000
   0.020    13    96     7     5     2    -1    -0.00000000
   0.020    13    97     7     3     1     1     0.00000000
   0.020    13    98     7     3     2    -1    -0.00000000
   0.020    13    99     7     1     1     1     0.00000000
   0.020    13   100     7     7     2     1    -0.00001235
   0.020    13   101     7     7     3    -1    -0.00000454
   0.020    13   102     7     5     2     1    -0.00000552
   0.020    13   103     7     5     3    -1     0.00000255
   0.020    13   104     7     3     2     1    -0.00000613
   0.020    13   105     7     3     3    -1    -0.00000658
   0.020    13   106     7     7     3     1     0.00000000
   0.020    13   107     7     7     4    -1    -0.00000000
   0.020    13   108     7     5     3     1    -0.00000000
   0.020    13   109     7     5     4    -1    -0.00000000
   0.020    13   110     7     3     3     1     0.00000000
   0.020    13   111     7     7     4     1     0.00000000
   0.020    13   112     7     7     5    -1    -0.00000000
   0.020    13   113     7     5     4     1    -0.00000000
   0.020    13   114     7     5     5    -1    -0.00000000
   0.020    13   115     7     7     5     1    -0.00000000
   0.020    13   116     7     7     6    -1    -0.00000000
   0.020    13   117     7     5     5     1    -0.00000000
   0.020    13   118     7     7     6     1     0.00000000
   0.020    13   119     7     7     7    -1     0.00000000
   0.020    13   120     7     7     7     1     0.00000000
   0.020    14     1     0     0     0     1    -0.00000000
   0.020    14     2     1     1     0     1     0.00000000
   0.020    14     3     1     1     1    -1     0.00000000
   0.020    14     4     1     1     1     1    -0.00000000
   0.020    14     5     2     2     0     1    -0.00000000
   0.020    14     6     2     2     1    -1    -0.00000000
   0.020    14     7     2     0     0     1    -0.00000000
   0.020    14     8     2     2     1     1     0.00000000
   0.020    14     9     2     2     2    -1     0.00000000
   0.020    14    10     2     2     2     1    -0.00000000
   0.020    14    11     3     3     0     1     0.00000000
   0.020    14    12     3     3     1    -1     0.00000000
   0.020    14    13     3     1     0     1     0.00000000
   0.020    14    14     3     1     1    -1    -0.00000000
   0.020    14    15     3     3     1     1    -0.00000000
   0.020    14    16     3     3     2    -1    -0.00000000
   0.020    14    17     3     1     1     1     0.00000000
   0.020    14    18     3     3     2     1    -0.00000000
   0.020    14    19     3     3     3    -1    -0.00000000
   0.020    14    20     3     3     3     1    -0.99998379
   0.020    14    21     4     4     0     1    -0.00000000
   0.020    14    22     4     4     1    -1    -0.00000000
   0.020    14    23     4     2     0     1    -0.00000000
   0.020    14    24     4     2     1    -1    -0.00000000
   0.020    14    25     4     0     0     1    -0.00000000
   0.020    14    26     4     4     1     1     0.00000000
   0.020    14    27     4     4     2    -1     0.00000000
   0.020    14    28     4     2     1     1     0.00000000
   0.020    14    29     4     2     2    -1     0.00000000
   0.020    14    30     4     4     2     1    -0.00000000
   0.020    14    31     4     4     3    -1    -0.00000000
   0.020    14    32     4     2     2     1     0.00000000
   0.020    14    33     4     4     3     1     0.00000000
   0.020    14    34     4     4     4    -1     0.00000000
   0.020    14    35     4     4     4     1     0.00000000
   0.020    14    36     5     5     0     1     0.00000000
   0.020    14    37     5     5     1    -1     0.00000000
   0.020    14    38     5     3     0     1     0.00000000
   0.020    14    39     5     3     1    -1     0.00000000
   0.020    14    40     5     1     0     1    -0.00000000
   0.020    14    41     5     1     1    -1     0.00000000
   0.020    14    42     5     5     1     1    -0.00000000
   0.020    14    43     5     5     2    -1     0.00000000
   0.020    14    44     5     3     1     1     0.00000000
   0.020    14    45     5     3     2    -1    -0.00000000
   0.020    14    46     5     1     1     1    -0.00000000
   0.020    14    47     5     5     2     1     0.00000000
   0.020    14    48     5     5     3    -1     0.00000000
   0.020    14    49     5     3     2     1     0.00000000
   0.020    14    50     5     3     3    -1    -0.00000000
   0.020    14    51     5     5     3     1    -0.00298477
   0.020    14    52     5     5     4    -1    -0.00033705
   0.020    14    53     5     3     3     1     0.00483721
   0.020    14    54     5     5     4     1     0.00000000
   0.020    14    55     5     5     5    -1    -0.00000000
   0.020    14    56     5     5     5     1    -0.00000000
   0.020    14    57     6     6     0     1    -0.00000000
   0.020    14    58     6     6     1    -1    -0.00000000
   0.020    14    59     6     4     0     1    -0.00000000
   0.020    14    60     6     4     1    -1    -0.00000000
   0.020    14    61     6     2     0     1    -0.00000000
   0.020    14    62     6     2     1    -1    -0.00000000
   0.020    14    63     6     0     0     1    -0.00000000
   0.020    14    64     6     6     1     1    -0.00000000
   0.020    14    65     6     6     2    -1     0.00000000
   0.020    14    66     6     4     1     1     0.00000000
   0.020    14    67     6     4     2    -1     0.00000000
   0.020    14    68     6     2     1     1    -0.00000000
   0.020    14    69     6     2     2    -1    -0.00000000
   0.020    14    70     6     6     2     1    -0.00000000
   0.020    14    71     6     6     3    -1     0.00000000
   0.020    14    72     6     4     2     1     0.00000000
   0.020    14    73     6     4     3    -1     0.00000000
   0.020    14    74     6     2     2     1     0.00000000
   0.020    14    75     6     6     3     1     0.00000000
   0.020    14    76     6     6     4    -1     0.00000000
   0.020    14    77     6     4     3     1     0.00000000
   0.020    14    78     6     4     4    -1    -0.00000000
   0.020    14    79     6     6     4     1     0.00000000
   0.020    14    80     6     6     5    -1     0.00000000
   0.020    14    81     6     4     4     1    -0.00000000
   0.020    14    82     6     6     5     1    -0.00000000
   0.020    14    83     6     6     6    -1    -0.00000000
   0.020    14    84     6     6     6     1     0.00000000
   0.020    14    85     7     7     0     1     0.00000000
   0.020    14    86     7     7     1    -1     0.00000000
   0.020    14    87     7     5     0     1    -0.00000000
   0.020    14    88     7     5     1    -1    -0.00000000
   0.020    14    89     7     3     0     1    -0.00000000
   0.020    14    90     7     3     1    -1    -0.00000000
   0.020    14    91     7     1     0     1     0.00000000
   0.020    14    92     7     1     1    -1    -0.00000000
   0.020    14    93     7     7     1     1     0.00000000
   0.020    14    94     7     7     2    -1     0.00000000
   0.020    14    95     7     5     1     1    -0.00000000
   0.020    14    96     7     5     2    -1     0.00000000
   0.020    14    97     7     3     1     1     0.00000000
   0.020    14    98     7     3     2    -1    -0.00000000
   0.020    14    99     7     1     1     1    -0.00000000
   0.020    14   100     7     7     2     1     0.00000000
   0.020    14   101     7     7     3    -1     0.00000000
   0.020    14   102     7     5     2     1     0.00000000
   0.020    14   103     7     5     3    -1    -0.00000000
   0.020    14   104     7     3     2     1     0.00000000
   0.020    14   105     7     3     3    -1    -0.00000000
   0.020    14   106     7     7     3     1    -0.00000759
   0.020    14   107     7     7     4    -1    -0.00000132
   0.020    14   108     7     5     3     1     0.00001062
   0.020    14   109     7     5     4    -1     0.00000101
   0.020    14   110     7     3     3     1    -0.00002072
   0.020    14   111     7     7     4     1     0.00000000
   0.020    14   112     7     7     5    -1     0.00000000
   0.020    14   113     7     5     4     1    -0.00000000
   0.020    14   114     7     5     5    -1    -0.00000000
   0.020    14   115     7     7     5     1    -0.00000000
   0.020    14   116     7     7     6    -1     0.00000000
   0.020    14   117     7     5     5     1     0.00000000
   0.020    14   118     7     7     6     1    -0.00000000
   0.020    14   119     7     7     7    -1    -0.00000000
   0.020    14   120     7     7     7     1    -0.00000000
   0.020    15     1     0     0     0     1    -0.00000000
   0.020    15     2     1     1     0     1     0.00388662
   0.020    15     3     1     1     1    -1    -0.00127026
   0.020    15     4     1     1     1     1    -0.00000000
   0.020    15     5     2     2     0     1     0.00000000
   0.020    15     6     2     2     1    -1    -0.00000000
   0.020    15     7     2     0     0     1     0.00000000
   0.020    15     8     2     2     1     1    -0.00000000
   0.020    15     9     2     2     2    -1    -0.00000000
   0.020    15    10     2     2     2     1    -0.00000000
   0.020    15    11     3     3     0     1    -0.00009057
   0.020    15    12     3     3     1    -1     0.00047035
   0.020    15    13     3     1     0     1    -0.87170772
   0.020    15    14     3     1     1    -1    -0.48990781
   0.020    15    15     3     3     1     1     0.00000000
   0.020    15    16     3     3     2    -1    -0.00000000
   0.020    15    17     3     1     1     1     0.00000000
   0.020    15    18     3     3     2     1    -0.00000000
   0.020    15    19     3     3     3    -1     0.00000000
   0.020    15    20     3     3     3     1     0.00000000
   0.020    15    21     4     4     0     1    -0.00000000
   0.020    15    22     4     4     1    -1     0.00000000
   0.020    15    23     4     2     0     1     0.00000000
   0.020    15    24     4     2     1    -1     0.00000000
   0.020    15    25     4     0     0     1    -0.00000000
   0.020    15    26     4     4     1     1    -0.00000000
   0.020    15    27     4     4     2    -1    -0.00000000
   0.020    15    28     4     2     1     1    -0.00000000
   0.020    15    29     4     2     2    -1     0.00000000
   0.020    15    30     4     4     2     1     0.00000000
   0.020    15    31     4     4     3    -1    -0.00000000
   0.020    15    32     4     2     2     1     0.00000000
   0.020    15    33     4     4     3     1    -0.00000000
   0.020    15    34     4     4     4    -1    -0.00000000
   0.020    15    35     4     4     4     1     0.00000000
   0.020    15    36     5     5     0     1    -0.00000055
   0.020    15    37     5     5     1    -1     0.00000236
   0.020    15    38     5     3     0     1    -0.00691099
   0.020    15    39     5     3     1    -1    -0.00356524
   0.020    15    40     5     1     0     1    -0.00604233
   0.020    15    41     5     1     1    -1     0.00142928
   0.020    15    42     5     5     1     1    -0.00000000
   0.020    15    43     5     5     2    -1    -0.00000000
   0.020    15    44     5     3     1     1    -0.00000000
   0.020    15    45     5     3     2    -1    -0.00000000
   0.020    15    46     5     1     1     1    -0.00000000
   0.020    15    47     5     5     2     1     0.00000000
   0.020    15    48     5     5     3    -1     0.00000000
   0.020    15    49     5     3     2     1    -0.00000000
   0.020    15    50     5     3     3    -1    -0.00000000
   0.020    15    51     5     5     3     1    -0.00000000
   0.020    15    52     5     5     4    -1     0.00000000
   0.020    15    53     5     3     3     1     0.00000000
   0.020    15    54     5     5     4     1     0.00000000
   0.020    15    55     5     5     5    -1    -0.00000000
   0.020    15    56     5     5     5     1    -0.00000000
   0.020    15    57     6     6     0     1     0.00000000
   0.020    15    58     6     6     1    -1    -0.00000000
   0.020    15    59     6     4     0     1    -0.00000000
   0.020    15    60     6     4     1    -1    -0.00000000
   0.020    15    61     6     2     0     1    -0.00000000
   0.020    15    62     6     2     1    -1     0.00000000
   0.020    15    63     6     0     0     1    -0.00000000
   0.020    15    64     6     6     1     1     0.00000000
   0.020    15    65     6     6     2    -1    -0.00000000
   0.020    15    66     6     4     1     1    -0.00000000
   0.020    15    67     6     4     2    -1    -0.00000000
   0.020    15    68     6     2     1     1    -0.00000000
   0.020    15    69     6     2     2    -1    -0.00000000
   0.020    15    70     6     6     2     1    -0.00000000
   0.020    15    71     6     6     3    -1    -0.00000000
   0.020    15    72     6     4     2     1     0.00000000
   0.020    15    73     6     4     3    -1    -0.00000000
   0.020    15    74     6     2     2     1    -0.00000000
   0.020    15    75     6     6     3     1     0.00000000
   0.020    15    76     6     6     4    -1    -0.00000000
   0.020    15    77     6     4     3     1     0.00000000
   0.020    15    78     6     4     4    -1     0.00000000
   0.020    15    79     6     6     4     1    -0.00000000
   0.020    15    80     6     6     5    -1     0.00000000
   0.020    15    81     6     4     4     1    -0.00000000
   0.020    15    82     6     6     5     1     0.00000000
   0.020    15    83     6     6     6    -1    -0.00000000
   0.020    15    84     6     6     6     1     0.00000000
   0.020    15    85     7     7     0     1    -0.00000000
   0.020    15    86     7     7     1    -1     0.00000001
   0.020    15    87     7     5     0     1    -0.00003290
   0.020    15    88     7     5     1    -1    -0.00001773
   0.020    15    89     7     3     0     1    -0.00005214
   0.020    15    90     7     3     1    -1    -0.00000460
   0.020    15    91     7     1     0     1    -0.00005182
   0.020    15    92     7     1     1    -1    -0.00001331
   0.020    15    93     7     7     1     1     0.00000000
   0.020    15    94     7     7     2    -1    -0.00000000
   0.020    15    95     7     5     1     1    -0.00000000
   0.020    15    96     7     5     2    -1    -0.00000000
   0.020    15    97     7     3     1     1    -0.00000000
   0.020    15    98     7     3     2    -1    -0.00000000
   0.020    15    99     7     1     1     1    -0.00000000
   0.020    15   100     7     7     2     1    -0.00000000
   0.020    15   101     7     7     3    -1     0.00000000
   0.020    15   102     7     5     2     1     0.00000000
   0.020    15   103     7     5     3    -1     0.00000000
   0.020    15   104     7     3     2     1    -0.00000000
   0.020    15   105     7     3     3    -1    -0.00000000
   0.020    15   106     7     7     3     1     0.00000000
   0.020    15   107     7     7     4    -1     0.00000000
   0.020    15   108     7     5     3     1    -0.00000000
   0.020    15   109     7     5     4    -1    -0.00000000
   0.020    15   110     7     3     3     1    -0.00000000
   0.020    15   111     7     7     4     1    -0.00000000
   0.020    15   112     7     7     5    -1    -0.00000000
   0.020    15   113     7     5     4     1    -0.00000000
   0.020    15   114     7     5     5    -1    -0.00000000
   0.020    15   115     7     7     5     1     0.00000000
   0.020    15   116     7     7     6    -1     0.00000000
   0.020    15   117     7     5     5     1     0.00000000
   0.020    15   118     7     7     6     1     0.00000000
   0.020    15   119     7     7     7    -1     0.00000000
   0.020    15   120     7     7     7     1     0.00000000
   0.020    16     1     0     0     0     1     0.00000000
   0.020    16     2     1     1     0     1    -0.00000000
   0.020    16     3     1     1     1    -1    -0.00000000
   0.020    16     4     1     1     1     1    -0.00213960
   0.020    16     5     2     2     0     1    -0.00000000
   0.020    16     6     2     2     1    -1    -0.00000000
   0.020    16     7     2     0     0     1     0.00000000
   0.020    16     8     2     2     1     1     0.00000000
   0.020    16     9     2     2     2    -1     0.00000000
   0.020    16    10     2     2     2     1    -0.00000000
   0.020    16    11     3     3     0     1    -0.00000000
   0.020    16    12     3     3     1    -1    -0.00000000
   0.020    16    13     3     1     0     1    -0.00000000
   0.020    16    14     3     1     1    -1     0.00000000
   0.020    16    15     3     3     1     1    -0.00005694
   0.020    16    16     3     3     2    -1     0.00024371
   0.020    16    17     3     1     1     1    -0.99997049
   0.020    16    18     3     3     2     1    -0.00000000
   0.020    16    19     3     3     3    -1     0.00000000
   0.020    16    20     3     3     3     1    -0.00000000
   0.020    16    21     4     4     0     1    -0.00000000
   0.020    16    22     4     4     1    -1    -0.00000000
   0.020    16    23     4     2     0     1    -0.00000000
   0.020    16    24     4     2     1    -1    -0.00000000
   0.020    16    25     4     0     0     1    -0.00000000
   0.020    16    26     4     4     1     1     0.00000000
   0.020    16    27     4     4     2    -1    -0.00000000
   0.020    16    28     4     2     1     1     0.00000000
   0.020    16    29     4     2     2    -1     0.00000000
   0.020    16    30     4     4     2     1    -0.00000000
   0.020    16    31     4     4     3    -1    -0.00000000
   0.020    16    32     4     2     2     1     0.00000000
   0.020    16    33     4     4     3     1    -0.00000000
   0.020    16    34     4     4     4    -1    -0.00000000
   0.020    16    35     4     4     4     1     0.00000000
   0.020    16    36     5     5     0     1    -0.00000000
   0.020    16    37     5     5     1    -1    -0.00000000
   0.020    16    38     5     3     0     1     0.00000000
   0.020    16    39     5     3     1    -1    -0.00000000
   0.020    16    40     5     1     0     1     0.00000000
   0.020    16    41     5     1     1    -1    -0.00000000
   0.020    16    42     5     5     1     1    -0.00000031
   0.020    16    43     5     5     2    -1     0.00000102
   0.020    16    44     5     3     1     1    -0.00644912
   0.020    16    45     5     3     2    -1    -0.00053579
   0.020    16    46     5     1     1     1     0.00353529
   0.020    16    47     5     5     2     1    -0.00000000
   0.020    16    48     5     5     3    -1    -0.00000000
   0.020    16    49     5     3     2     1     0.00000000
   0.020    16    50     5     3     3    -1    -0.00000000
   0.020    16    51     5     5     3     1     0.00000000
   0.020    16    52     5     5     4    -1     0.00000000
   0.020    16    53     5     3     3     1    -0.00000000
   0.020    16    54     5     5     4     1    -0.00000000
   0.020    16    55     5     5     5    -1     0.00000000
   0.020    16    56     5     5     5     1    -0.00000000
   0.020    16    57     6     6     0     1    -0.00000000
   0.020    16    58     6     6     1    -1    -0.00000000
   0.020    16    59     6     4     0     1    -0.00000000
   0.020    16    60     6     4     1    -1    -0.00000000
   0.020    16    61     6     2     0     1    -0.00000000
   0.020    16    62     6     2     1    -1    -0.00000000
   0.020    16    63     6     0     0     1    -0.00000000
   0.020    16    64     6     6     1     1     0.00000000
   0.020    16    65     6     6     2    -1    -0.00000000
   0.020    16    66     6     4     1     1     0.00000000
   0.020    16    67     6     4     2    -1     0.00000000
   0.020    16    68     6     2     1     1     0.00000000
   0.020    16    69     6     2     2    -1    -0.00000000
   0.020    16    70     6     6     2     1    -0.00000000
   0.020    16    71     6     6     3    -1    -0.00000000
   0.020    16    72     6     4     2     1     0.00000000
   0.020    16    73     6     4     3    -1     0.00000000
   0.020    16    74     6     2     2     1    -0.00000000
   0.020    16    75     6     6     3     1     0.00000000
   0.020    16    76     6     6     4    -1    -0.00000000
   0.020    16    77     6     4     3     1    -0.00000000
   0.020    16    78     6     4     4    -1     0.00000000
   0.020    16    79     6     6     4     1     0.00000000
   0.020    16    80     6     6     5    -1    -0.00000000
   0.020    16    81     6     4     4     1    -0.00000000
   0.020    16    82     6     6     5     1    -0.00000000
   0.020    16    83     6     6     6    -1    -0.00000000
   0.020    16    84     6     6     6     1     0.00000000
   0.020    16    85     7     7     0     1    -0.00000000
   0.020    16    86     7     7     1    -1    -0.00000000
   0.020    16    87     7     5     0     1    -0.00000000
   0.020    16    88     7     5     1    -1     0.00000000
   0.020    16    89     7     3     0     1    -0.00000000
   0.020    16    90     7     3     1    -1    -0.00000000
   0.020    16    91     7     1     0     1    -0.00000000
   0.020    16    92     7     1     1    -1    -0.00000000
   0.020    16    93     7     7     1     1    -0.00000000
   0.020    16    94     7     7     2    -1     0.00000000
   0.020    16    95     7     5     1     1    -0.00002880
   0.020    16    96     7     5     2    -1    -0.00000403
   0.020    16    97     7     3     1     1    -0.00000026
   0.020    16    98     7     3     2    -1    -0.00000001
   0.020    16    99     7     1     1     1    -0.00002551
   0.020    16   100     7     7     2     1    -0.00000000
   0.020    16   101     7     7     3    -1     0.00000000
   0.020    16   102     7     5     2     1    -0.00000000
   0.020    16   103     7     5     3    -1     0.00000000
   0.020    16   104     7     3     2     1     0.00000000
   0.020    16   105     7     3     3    -1    -0.00000000
   0.020    16   106     7     7     3     1     0.00000000
   0.020    16   107     7     7     4    -1    -0.00000000
   0.020    16   108     7     5     3     1     0.00000000
   0.020    16   109     7     5     4    -1     0.00000000
   0.020    16   110     7     3     3     1     0.00000000
   0.020    16   111     7     7     4     1    -0.00000000
   0.020    16   112     7     7     5    -1     0.00000000
   0.020    16   113     7     5     4     1     0.00000000
   0.020    16   114     7     5     5    -1     0.00000000
   0.020    16   115     7     7     5     1     0.00000000
   0.020    16   116     7     7     6    -1    -0.00000000
   0.020    16   117     7     5     5     1     0.00000000
   0.020    16   118     7     7     6     1     0.00000000
   0.020    16   119     7     7     7    -1     0.00000000
   0.020    16   120     7     7     7     1     0.00000000
   0.020    17     1     0     0     0     1     0.00000000
   0.020    17     2     1     1     0     1     0.00234624
   0.020    17     3     1     1     1    -1    -0.00232339
   0.020    17     4     1     1     1     1    -0.00000000
   0.020    17     5     2     2     0     1     0.00000000
   0.020    17     6     2     2     1    -1    -0.00000000
   0.020    17     7     2     0     0     1    -0.00000000
   0.020    17     8     2     2     1     1    -0.00000000
   0.020    17     9     2     2     2    -1     0.00000000
   0.020    17    10     2     2     2     1    -0.00000000
   0.020    17    11     3     3     0     1    -0.65033378
   0.020    17    12     3     3     1    -1     0.75961020
   0.020    17    13     3     1     0     1     0.00017869
   0.020    17    14     3     1     1    -1     0.00061335
   0.020    17    15     3     3     1     1     0.00000000
   0.020    17    16     3     3     2    -1     0.00000000
   0.020    17    17     3     1     1     1     0.00000000
   0.020    17    18     3     3     2     1    -0.00000000
   0.020    17    19     3     3     3    -1    -0.00000000
   0.020    17    20     3     3     3     1     0.00000000
   0.020    17    21     4     4     0     1     0.00000000
   0.020    17    22     4     4     1    -1    -0.00000000
   0.020    17    23     4     2     0     1    -0.00000000
   0.020    17    24     4     2     1    -1    -0.00000000
   0.020    17    25     4     0     0     1     0.00000000
   0.020    17    26     4     4     1     1    -0.00000000
   0.020    17    27     4     4     2    -1    -0.00000000
   0.020    17    28     4     2     1     1    -0.00000000
   0.020    17    29     4     2     2    -1    -0.00000000
   0.020    17    30     4     4     2     1    -0.00000000
   0.020    17    31     4     4     3    -1     0.00000000
   0.020    17    32     4     2     2     1     0.00000000
   0.020    17    33     4     4     3     1    -0.00000000
   0.020    17    34     4     4     4    -1     0.00000000
   0.020    17    35     4     4     4     1     0.00000000
   0.020    17    36     5     5     0     1    -0.00334864
   0.020    17    37     5     5     1    -1     0.00372460
   0.020    17    38     5     3     0     1    -0.00261737
   0.020    17    39     5     3     1    -1     0.00215541
   0.020    17    40     5     1     0     1    -0.00239800
   0.020    17    41     5     1     1    -1     0.00216007
   0.020    17    42     5     5     1     1    -0.00000000
   0.020    17    43     5     5     2    -1    -0.00000000
   0.020    17    44     5     3     1     1     0.00000000
   0.020    17    45     5     3     2    -1    -0.00000000
   0.020    17    46     5     1     1     1    -0.00000000
   0.020    17    47     5     5     2     1     0.00000000
   0.020    17    48     5     5     3    -1     0.00000000
   0.020    17    49     5     3     2     1     0.00000000
   0.020    17    50     5     3     3    -1    -0.00000000
   0.020    17    51     5     5     3     1    -0.00000000
   0.020    17    52     5     5     4    -1    -0.00000000
   0.020    17    53     5     3     3     1    -0.00000000
   0.020    17    54     5     5     4     1     0.00000000
   0.020    17    55     5     5     5    -1    -0.00000000
   0.020    17    56     5     5     5     1     0.00000000
   0.020    17    57     6     6     0     1     0.00000000
   0.020    17    58     6     6     1    -1    -0.00000000
   0.020    17    59     6     4     0     1    -0.00000000
   0.020    17    60     6     4     1    -1    -0.00000000
   0.020    17    61     6     2     0     1     0.00000000
   0.020    17    62     6     2     1    -1     0.00000000
   0.020    17    63     6     0     0     1    -0.00000000
   0.020    17    64     6     6     1     1     0.00000000
   0.020    17    65     6     6     2    -1     0.00000000
   0.020    17    66     6     4     1     1    -0.00000000
   0.020    17    67     6     4     2    -1    -0.00000000
   0.020    17    68     6     2     1     1    -0.00000000
   0.020    17    69     6     2     2    -1     0.00000000
   0.020    17    70     6     6     2     1     0.00000000
   0.020    17    71     6     6     3    -1     0.00000000
   0.020    17    72     6     4     2     1    -0.00000000
   0.020    17    73     6     4     3    -1     0.00000000
   0.020    17    74     6     2     2     1     0.00000000
   0.020    17    75     6     6     3     1    -0.00000000
   0.020    17    76     6     6     4    -1     0.00000000
   0.020    17    77     6     4     3     1    -0.00000000
   0.020    17    78     6     4     4    -1    -0.00000000
   0.020    17    79     6     6     4     1     0.00000000
   0.020    17    80     6     6     5    -1     0.00000000
   0.020    17    81     6     4     4     1     0.00000000
   0.020    17    82     6     6     5     1    -0.00000000
   0.020    17    83     6     6     6    -1    -0.00000000
   0.020    17    84     6     6     6     1     0.00000000
   0.020    17    85     7     7     0     1    -0.00000994
   0.020    17    86     7     7     1    -1     0.00001083
   0.020    17    87     7     5     0     1    -0.00001947
   0.020    17    88     7     5     1    -1     0.00001631
   0.020    17    89     7     3     0     1    -0.00002612
   0.020    17    90     7     3     1    -1     0.00001944
   0.020    17    91     7     1     0     1    -0.00002046
   0.020    17    92     7     1     1    -1    -0.00000001
   0.020    17    93     7     7     1     1    -0.00000000
   0.020    17    94     7     7     2    -1    -0.00000000
   0.020    17    95     7     5     1     1    -0.00000000
   0.020    17    96     7     5     2    -1     0.00000000
   0.020    17    97     7     3     1     1     0.00000000
   0.020    17    98     7     3     2    -1     0.00000000
   0.020    17    99     7     1     1     1     0.00000000
   0.020    17   100     7     7     2     1     0.00000000
   0.020    17   101     7     7     3    -1     0.00000000
   0.020    17   102     7     5     2     1     0.00000000
   0.020    17   103     7     5     3    -1     0.00000000
   0.020    17   104     7     3     2     1     0.00000000
   0.020    17   105     7     3     3    -1    -0.00000000
   0.020    17   106     7     7     3     1     0.00000000
   0.020    17   107     7     7     4    -1     0.00000000
   0.020    17   108     7     5     3     1    -0.00000000
   0.020    17   109     7     5     4    -1    -0.00000000
   0.020    17   110     7     3     3     1     0.00000000
   0.020    17   111     7     7     4     1    -0.00000000
   0.020    17   112     7     7     5    -1    -0.00000000
   0.020    17   113     7     5     4     1    -0.00000000
   0.020    17   114     7     5     5    -1     0.00000000
   0.020    17   115     7     7     5     1    -0.00000000
   0.020    17   116     7     7     6    -1    -0.00000000
   0.020    17   117     7     5     5     1    -0.00000000
   0.020    17   118     7     7     6     1     0.00000000
   0.020    17   119     7     7     7    -1     0.00000000
   0.020    17   120     7     7     7     1     0.00000000
   0.020    18     1     0     0     0     1    -0.00000000
   0.020    18     2     1     1     0     1     0.00000000
   0.020    18     3     1     1     1    -1     0.00000000
   0.020    18     4     1     1     1     1     0.00145369
   0.020    18     5     2     2     0     1     0.00000000
   0.020    18     6     2     2     1    -1    -0.00000000
   0.020    18     7     2     0     0     1     0.00000000
   0.020    18     8     2     2     1     1     0.00000000
   0.020    18     9     2     2     2    -1     0.00000000
   0.020    18    10     2     2     2     1    -0.00000000
   0.020    18    11     3     3     0     1     0.00000000
   0.020    18    12     3     3     1    -1     0.00000000
   0.020    18    13     3     1     0     1     0.00000000
   0.020    18    14     3     1     1    -1    -0.00000000
   0.020    18    15     3     3     1     1    -0.52152095
   0.020    18    16     3     3     2    -1     0.85322274
   0.020    18    17     3     1     1     1     0.00024029
   0.020    18    18     3     3     2     1     0.00000000
   0.020    18    19     3     3     3    -1    -0.00000000
   0.020    18    20     3     3     3     1     0.00000000
   0.020    18    21     4     4     0     1     0.00000000
   0.020    18    22     4     4     1    -1     0.00000000
   0.020    18    23     4     2     0     1     0.00000000
   0.020    18    24     4     2     1    -1    -0.00000000
   0.020    18    25     4     0     0     1     0.00000000
   0.020    18    26     4     4     1     1     0.00000000
   0.020    18    27     4     4     2    -1     0.00000000
   0.020    18    28     4     2     1     1     0.00000000
   0.020    18    29     4     2     2    -1    -0.00000000
   0.020    18    30     4     4     2     1    -0.00000000
   0.020    18    31     4     4     3    -1    -0.00000000
   0.020    18    32     4     2     2     1     0.00000000
   0.020    18    33     4     4     3     1     0.00000000
   0.020    18    34     4     4     4    -1     0.00000000
   0.020    18    35     4     4     4     1     0.00000000
   0.020    18    36     5     5     0     1     0.00000000
   0.020    18    37     5     5     1    -1     0.00000000
   0.020    18    38     5     3     0     1     0.00000000
   0.020    18    39     5     3     1    -1    -0.00000000
   0.020    18    40     5     1     0     1     0.00000000
   0.020    18    41     5     1     1    -1    -0.00000000
   0.020    18    42     5     5     1     1    -0.00254206
   0.020    18    43     5     5     2    -1     0.00351924
   0.020    18    44     5     3     1     1    -0.00177296
   0.020    18    45     5     3     2    -1    -0.00015203
   0.020    18    46     5     1     1     1    -0.00163015
   0.020    18    47     5     5     2     1    -0.00000000
   0.020    18    48     5     5     3    -1    -0.00000000
   0.020    18    49     5     3     2     1    -0.00000000
   0.020    18    50     5     3     3    -1    -0.00000000
   0.020    18    51     5     5     3     1    -0.00000000
   0.020    18    52     5     5     4    -1    -0.00000000
   0.020    18    53     5     3     3     1     0.00000000
   0.020    18    54     5     5     4     1     0.00000000
   0.020    18    55     5     5     5    -1     0.00000000
   0.020    18    56     5     5     5     1     0.00000000
   0.020    18    57     6     6     0     1     0.00000000
   0.020    18    58     6     6     1    -1     0.00000000
   0.020    18    59     6     4     0     1     0.00000000
   0.020    18    60     6     4     1    -1    -0.00000000
   0.020    18    61     6     2     0     1     0.00000000
   0.020    18    62     6     2     1    -1    -0.00000000
   0.020    18    63     6     0     0     1     0.00000000
   0.020    18    64     6     6     1     1     0.00000000
   0.020    18    65     6     6     2    -1     0.00000000
   0.020    18    66     6     4     1     1     0.00000000
   0.020    18    67     6     4     2    -1    -0.00000000
   0.020    18    68     6     2     1     1     0.00000000
   0.020    18    69     6     2     2    -1     0.00000000
   0.020    18    70     6     6     2     1    -0.00000000
   0.020    18    71     6     6     3    -1    -0.00000000
   0.020    18    72     6     4     2     1     0.00000000
   0.020    18    73     6     4     3    -1     0.00000000
   0.020    18    74     6     2     2     1    -0.00000000
   0.020    18    75     6     6     3     1    -0.00000000
   0.020    18    76     6     6     4    -1     0.00000000
   0.020    18    77     6     4     3     1     0.00000000
   0.020    18    78     6     4     4    -1    -0.00000000
   0.020    18    79     6     6     4     1    -0.00000000
   0.020    18    80     6     6     5    -1    -0.00000000
   0.020    18    81     6     4     4     1    -0.00000000
   0.020    18    82     6     6     5     1    -0.00000000
   0.020    18    83     6     6     6    -1     0.00000000
   0.020    18    84     6     6     6     1    -0.00000000
   0.020    18    85     7     7     0     1     0.00000000
   0.020    18    86     7     7     1    -1    -0.00000000
   0.020    18    87     7     5     0     1    -0.00000000
   0.020    18    88     7     5     1    -1     0.00000000
   0.020    18    89     7     3     0     1     0.00000000
   0.020    18    90     7     3     1    -1    -0.00000000
   0.020    18    91     7     1     0     1    -0.00000000
   0.020    18    92     7     1     1    -1    -0.00000000
   0.020    18    93     7     7     1     1    -0.00000734
   0.020    18    94     7     7     2    -1     0.00000952
   0.020    18    95     7     5     1     1    -0.00001365
   0.020    18    96     7     5     2    -1     0.00000369
   0.020    18    97     7     3     1     1    -0.00001569
   0.020    18    98     7     3     2    -1     0.00000452
   0.020    18    99     7     1     1     1    -0.00000066
   0.020    18   100     7     7     2     1     0.00000000
   0.020    18   101     7     7     3    -1    -0.00000000
   0.020    18   102     7     5     2     1     0.00000000
   0.020    18   103     7     5     3    -1     0.00000000
   0.020    18   104     7     3     2     1    -0.00000000
   0.020    18   105     7     3     3    -1    -0.00000000
   0.020    18   106     7     7     3     1     0.00000000
   0.020    18   107     7     7     4    -1    -0.00000000
   0.020    18   108     7     5     3     1     0.00000000
   0.020    18   109     7     5     4    -1    -0.00000000
   0.020    18   110     7     3     3     1    -0.00000000
   0.020    18   111     7     7     4     1    -0.00000000
   0.020    18   112     7     7     5    -1    -0.00000000
   0.020    18   113     7     5     4     1    -0.00000000
   0.020    18   114     7     5     5    -1    -0.00000000
   0.020    18   115     7     7     5     1    -0.00000000
   0.020    18   116     7     7     6    -1    -0.00000000
   0.020    18   117     7     5     5     1     0.00000000
   0.020    18   118     7     7     6     1     0.00000000
   0.020    18   119     7     7     7    -1     0.00000000
   0.020    18   120     7     7     7     1     0.00000000
   0.020    19     1     0     0     0     1     0.00000000
   0.020    19     2     1     1     0     1     0.00000000
   0.020    19     3     1     1     1    -1     0.00000000
   0.020    19     4     1     1     1     1    -0.00000000
   0.020    19     5     2     2     0     1     0.00000000
   0.020    19     6     2     2     1    -1     0.00000000
   0.020    19     7     2     0     0     1    -0.00000000
   0.020    19     8     2     2     1     1    -0.00000000
   0.020    19     9     2     2     2    -1    -0.00000000
   0.020    19    10     2     2     2     1    -0.00000000
   0.020    19    11     3     3     0     1     0.00000000
   0.020    19    12     3     3     1    -1     0.00000000
   0.020    19    13     3     1     0     1     0.00000000
   0.020    19    14     3     1     1    -1    -0.00000000
   0.020    19    15     3     3     1     1     0.00000000
   0.020    19    16     3     3     2    -1     0.00000000
   0.020    19    17     3     1     1     1    -0.00000000
   0.020    19    18     3     3     2     1     0.36014017
   0.020    19    19     3     3     3    -1    -0.93288183
   0.020    19    20     3     3     3     1     0.00000000
   0.020    19    21     4     4     0     1     0.00000000
   0.020    19    22     4     4     1    -1     0.00000000
   0.020    19    23     4     2     0     1     0.00000000
   0.020    19    24     4     2     1    -1     0.00000000
   0.020    19    25     4     0     0     1     0.00000000
   0.020    19    26     4     4     1     1    -0.00000000
   0.020    19    27     4     4     2    -1    -0.00000000
   0.020    19    28     4     2     1     1    -0.00000000
   0.020    19    29     4     2     2    -1     0.00000000
   0.020    19    30     4     4     2     1    -0.00000000
   0.020    19    31     4     4     3    -1    -0.00000000
   0.020    19    32     4     2     2     1     0.00000000
   0.020    19    33     4     4     3     1     0.00000000
   0.020    19    34     4     4     4    -1     0.00000000
   0.020    19    35     4     4     4     1     0.00000000
   0.020    19    36     5     5     0     1     0.00000000
   0.020    19    37     5     5     1    -1     0.00000000
   0.020    19    38     5     3     0     1    -0.00000000
   0.020    19    39     5     3     1    -1    -0.00000000
   0.020    19    40     5     1     0     1     0.00000000
   0.020    19    41     5     1     1    -1     0.00000000
   0.020    19    42     5     5     1     1     0.00000000
   0.020    19    43     5     5     2    -1     0.00000000
   0.020    19    44     5     3     1     1     0.00000000
   0.020    19    45     5     3     2    -1     0.00000000
   0.020    19    46     5     1     1     1     0.00000000
   0.020    19    47     5     5     2     1     0.00146783
   0.020    19    48     5     5     3    -1    -0.00258349
   0.020    19    49     5     3     2     1     0.00035074
   0.020    19    50     5     3     3    -1     0.00464740
   0.020    19    51     5     5     3     1    -0.00000000
   0.020    19    52     5     5     4    -1    -0.00000000
   0.020    19    53     5     3     3     1     0.00000000
   0.020    19    54     5     5     4     1    -0.00000000
   0.020    19    55     5     5     5    -1    -0.00000000
   0.020    19    56     5     5     5     1     0.00000000
   0.020    19    57     6     6     0     1     0.00000000
   0.020    19    58     6     6     1    -1     0.00000000
   0.020    19    59     6     4     0     1     0.00000000
   0.020    19    60     6     4     1    -1     0.00000000
   0.020    19    61     6     2     0     1     0.00000000
   0.020    19    62     6     2     1    -1     0.00000000
   0.020    19    63     6     0     0     1     0.00000000
   0.020    19    64     6     6     1     1    -0.00000000
   0.020    19    65     6     6     2    -1    -0.00000000
   0.020    19    66     6     4     1     1    -0.00000000
   0.020    19    67     6     4     2    -1     0.00000000
   0.020    19    68     6     2     1     1    -0.00000000
   0.020    19    69     6     2     2    -1    -0.00000000
   0.020    19    70     6     6     2     1    -0.00000000
   0.020    19    71     6     6     3    -1    -0.00000000
   0.020    19    72     6     4     2     1     0.00000000
   0.020    19    73     6     4     3    -1     0.00000000
   0.020    19    74     6     2     2     1    -0.00000000
   0.020    19    75     6     6     3     1    -0.00000000
   0.020    19    76     6     6     4    -1     0.00000000
   0.020    19    77     6     4     3     1     0.00000000
   0.020    19    78     6     4     4    -1    -0.00000000
   0.020    19    79     6     6     4     1    -0.00000000
   0.020    19    80     6     6     5    -1    -0.00000000
   0.020    19    81     6     4     4     1    -0.00000000
   0.020    19    82     6     6     5     1    -0.00000000
   0.020    19    83     6     6     6    -1    -0.00000000
   0.020    19    84     6     6     6     1     0.00000000
   0.020    19    85     7     7     0     1     0.00000000
   0.020    19    86     7     7     1    -1     0.00000000
   0.020    19    87     7     5     0     1     0.00000000
   0.020    19    88     7     5     1    -1    -0.00000000
   0.020    19    89     7     3     0     1     0.00000000
   0.020    19    90     7     3     1    -1    -0.00000000
   0.020    19    91     7     1     0     1     0.00000000
   0.020    19    92     7     1     1    -1     0.00000000
   0.020    19    93     7     7     1     1    -0.00000000
   0.020    19    94     7     7     2    -1    -0.00000000
   0.020    19    95     7     5     1     1     0.00000000
   0.020    19    96     7     5     2    -1    -0.00000000
   0.020    19    97     7     3     1     1    -0.00000000
   0.020    19    98     7     3     2    -1     0.00000000
   0.020    19    99     7     1     1     1     0.00000000
   0.020    19   100     7     7     2     1     0.00000391
   0.020    19   101     7     7     3    -1    -0.00000609
   0.020    19   102     7     5     2     1     0.00000448
   0.020    19   103     7     5     3    -1     0.00001066
   0.020    19   104     7     3     2     1     0.00000162
   0.020    19   105     7     3     3    -1    -0.00001982
   0.020    19   106     7     7     3     1     0.00000000
   0.020    19   107     7     7     4    -1     0.00000000
   0.020    19   108     7     5     3     1     0.00000000
   0.020    19   109     7     5     4    -1     0.00000000
   0.020    19   110     7     3     3     1    -0.00000000
   0.020    19   111     7     7     4     1     0.00000000
   0.020    19   112     7     7     5    -1     0.00000000
   0.020    19   113     7     5     4     1     0.00000000
   0.020    19   114     7     5     5    -1     0.00000000
   0.020    19   115     7     7     5     1    -0.00000000
   0.020    19   116     7     7     6    -1    -0.00000000
   0.020    19   117     7     5     5     1    -0.00000000
   0.020    19   118     7     7     6     1     0.00000000
   0.020    19   119     7     7     7    -1     0.00000000
   0.020    19   120     7     7     7     1     0.00000000
   0.020    20     1     0     0     0     1     0.00000000
   0.020    20     2     1     1     0     1     0.00192496
   0.020    20     3     1     1     1    -1     0.00176171
   0.020    20     4     1     1     1     1     0.00000000
   0.020    20     5     2     2     0     1     0.00000000
   0.020    20     6     2     2     1    -1     0.00000000
   0.020    20     7     2     0     0     1    -0.00000000
   0.020    20     8     2     2     1     1    -0.00000000
   0.020    20     9     2     2     2    -1     0.00000000
   0.020    20    10     2     2     2     1     0.00000000
   0.020    20    11     3     3     0     1     0.00033752
   0.020    20    12     3     3     1    -1    -0.00033028
   0.020    20    13     3     1     0     1    -0.48989315
   0.020    20    14     3     1     1    -1     0.87174030
   0.020    20    15     3     3     1     1    -0.00000000
   0.020    20    16     3     3     2    -1    -0.00000000
   0.020    20    17     3     1     1     1    -0.00000000
   0.020    20    18     3     3     2     1     0.00000000
   0.020    20    19     3     3     3    -1    -0.00000000
   0.020    20    20     3     3     3     1     0.00000000
   0.020    20    21     4     4     0     1     0.00000000
   0.020    20    22     4     4     1    -1     0.00000000
   0.020    20    23     4     2     0     1     0.00000000
   0.020    20    24     4     2     1    -1     0.00000000
   0.020    20    25     4     0     0     1     0.00000000
   0.020    20    26     4     4     1     1    -0.00000000
   0.020    20    27     4     4     2    -1    -0.00000000
   0.020    20    28     4     2     1     1    -0.00000000
   0.020    20    29     4     2     2    -1    -0.00000000
   0.020    20    30     4     4     2     1     0.00000000
   0.020    20    31     4     4     3    -1     0.00000000
   0.020    20    32     4     2     2     1    -0.00000000
   0.020    20    33     4     4     3     1    -0.00000000
   0.020    20    34     4     4     4    -1    -0.00000000
   0.020    20    35     4     4     4     1    -0.00000000
   0.020    20    36     5     5     0     1     0.00000166
   0.020    20    37     5     5     1    -1    -0.00000157
   0.020    20    38     5     3     0     1    -0.00349748
   0.020    20    39     5     3     1    -1     0.00535186
   0.020    20    40     5     1     0     1    -0.00385344
   0.020    20    41     5     1     1    -1    -0.00328508
   0.020    20    42     5     5     1     1     0.00000000
   0.020    20    43     5     5     2    -1     0.00000000
   0.020    20    44     5     3     1     1     0.00000000
   0.020    20    45     5     3     2    -1     0.00000000
   0.020    20    46     5     1     1     1     0.00000000
   0.020    20    47     5     5     2     1    -0.00000000
   0.020    20    48     5     5     3    -1     0.00000000
   0.020    20    49     5     3     2     1    -0.00000000
   0.020    20    50     5     3     3    -1     0.00000000
   0.020    20    51     5     5     3     1     0.00000000
   0.020    20    52     5     5     4    -1     0.00000000
   0.020    20    53     5     3     3     1     0.00000000
   0.020    20    54     5     5     4     1    -0.00000000
   0.020    20    55     5     5     5    -1     0.00000000
   0.020    20    56     5     5     5     1    -0.00000000
   0.020    20    57     6     6     0     1     0.00000000
   0.020    20    58     6     6     1    -1    -0.00000000
   0.020    20    59     6     4     0     1     0.00000000
   0.020    20    60     6     4     1    -1     0.00000000
   0.020    20    61     6     2     0     1     0.00000000
   0.020    20    62     6     2     1    -1    -0.00000000
   0.020    20    63     6     0     0     1     0.00000000
   0.020    20    64     6     6     1     1    -0.00000000
   0.020    20    65     6     6     2    -1    -0.00000000
   0.020    20    66     6     4     1     1    -0.00000000
   0.020    20    67     6     4     2    -1    -0.00000000
   0.020    20    68     6     2     1     1     0.00000000
   0.020    20    69     6     2     2    -1    -0.00000000
   0.020    20    70     6     6     2     1    -0.00000000
   0.020    20    71     6     6     3    -1     0.00000000
   0.020    20    72     6     4     2     1    -0.00000000
   0.020    20    73     6     4     3    -1    -0.00000000
   0.020    20    74     6     2     2     1     0.00000000
   0.020    20    75     6     6     3     1    -0.00000000
   0.020    20    76     6     6     4    -1    -0.00000000
   0.020    20    77     6     4     3     1     0.00000000
   0.020    20    78     6     4     4    -1    -0.00000000
   0.020    20    79     6     6     4     1    -0.00000000
   0.020    20    80     6     6     5    -1    -0.00000000
   0.020    20    81     6     4     4     1     0.00000000
   0.020    20    82     6     6     5     1    -0.00000000
   0.020    20    83     6     6     6    -1     0.00000000
   0.020    20    84     6     6     6     1    -0.00000000
   0.020    20    85     7     7     0     1     0.00000001
   0.020    20    86     7     7     1    -1    -0.00000000
   0.020    20    87     7     5     0     1    -0.00001485
   0.020    20    88     7     5     1    -1     0.00002270
   0.020    20    89     7     3     0     1    -0.00003181
   0.020    20    90     7     3     1    -1    -0.00000276
   0.020    20    91     7     1     0     1    -0.00003088
   0.020    20    92     7     1     1    -1     0.00002170
   0.020    20    93     7     7     1     1     0.00000000
   0.020    20    94     7     7     2    -1    -0.00000000
   0.020    20    95     7     5     1     1     0.00000000
   0.020    20    96     7     5     2    -1     0.00000000
   0.020    20    97     7     3     1     1     0.00000000
   0.020    20    98     7     3     2    -1     0.00000000
   0.020    20    99     7     1     1     1     0.00000000
   0.020    20   100     7     7     2     1    -0.00000000
   0.020    20   101     7     7     3    -1     0.00000000
   0.020    20   102     7     5     2     1    -0.00000000
   0.020    20   103     7     5     3    -1     0.00000000
   0.020    20   104     7     3     2     1    -0.00000000
   0.020    20   105     7     3     3    -1    -0.00000000
   0.020    20   106     7     7     3     1     0.00000000
   0.020    20   107     7     7     4    -1     0.00000000
   0.020    20   108     7     5     3     1    -0.00000000
   0.020    20   109     7     5     4    -1    -0.00000000
   0.020    20   110     7     3     3     1    -0.00000000
   0.020    20   111     7     7     4     1     0.00000000
   0.020    20   112     7     7     5    -1     0.00000000
   0.020    20   113     7     5     4     1     0.00000000
   0.020    20   114     7     5     5    -1    -0.00000000
   0.020    20   115     7     7     5     1     0.00000000
   0.020    20   116     7     7     6    -1     0.00000000
   0.020    20   117     7     5     5     1     0.00000000
   0.020    20   118     7     7     6     1     0.00000000
   0.020    20   119     7     7     7    -1     0.00000000
   0.020    20   120     7     7     7     1     0.00000000
   0.020    21     1     0     0     0     1     0.00000793
   0.020    21     2     1     1     0     1     0.00000000
   0.020    21     3     1     1     1    -1    -0.00000000
   0.020    21     4     1     1     1     1     0.00000000
   0.020    21     5     2     2     0     1    -0.00396493
   0.020    21     6     2     2     1    -1    -0.00323014
   0.020    21     7     2     0     0     1    -0.00000101
   0.020    21     8     2     2     1     1    -0.00000000
   0.020    21     9     2     2     2    -1    -0.00000000
   0.020    21    10     2     2     2     1     0.00000000
   0.020    21    11     3     3     0     1    -0.00000000
   0.020    21    12     3     3     1    -1    -0.00000000
   0.020    21    13     3     1     0     1     0.00000000
   0.020    21    14     3     1     1    -1    -0.00000000
   0.020    21    15     3     3     1     1    -0.00000000
   0.020    21    16     3     3     2    -1     0.00000000
   0.020    21    17     3     1     1     1    -0.00000000
   0.020    21    18     3     3     2     1    -0.00000000
   0.020    21    19     3     3     3    -1     0.00000000
   0.020    21    20     3     3     3     1    -0.00000000
   0.020    21    21     4     4     0     1     0.74742632
   0.020    21    22     4     4     1    -1     0.66427695
   0.020    21    23     4     2     0     1     0.00009893
   0.020    21    24     4     2     1    -1     0.00007400
   0.020    21    25     4     0     0     1     0.00001721
   0.020    21    26     4     4     1     1     0.00000000
   0.020    21    27     4     4     2    -1     0.00000000
   0.020    21    28     4     2     1     1    -0.00000000
   0.020    21    29     4     2     2    -1     0.00000000
   0.020    21    30     4     4     2     1     0.00000000
   0.020    21    31     4     4     3    -1    -0.00000000
   0.020    21    32     4     2     2     1     0.00000000
   0.020    21    33     4     4     3     1    -0.00000000
   0.020    21    34     4     4     4    -1     0.00000000
   0.020    21    35     4     4     4     1     0.00000000
   0.020    21    36     5     5     0     1     0.00000000
   0.020    21    37     5     5     1    -1     0.00000000
   0.020    21    38     5     3     0     1    -0.00000000
   0.020    21    39     5     3     1    -1     0.00000000
   0.020    21    40     5     1     0     1     0.00000000
   0.020    21    41     5     1     1    -1    -0.00000000
   0.020    21    42     5     5     1     1     0.00000000
   0.020    21    43     5     5     2    -1    -0.00000000
   0.020    21    44     5     3     1     1    -0.00000000
   0.020    21    45     5     3     2    -1     0.00000000
   0.020    21    46     5     1     1     1    -0.00000000
   0.020    21    47     5     5     2     1     0.00000000
   0.020    21    48     5     5     3    -1    -0.00000000
   0.020    21    49     5     3     2     1    -0.00000000
   0.020    21    50     5     3     3    -1    -0.00000000
   0.020    21    51     5     5     3     1    -0.00000000
   0.020    21    52     5     5     4    -1     0.00000000
   0.020    21    53     5     3     3     1    -0.00000000
   0.020    21    54     5     5     4     1     0.00000000
   0.020    21    55     5     5     5    -1    -0.00000000
   0.020    21    56     5     5     5     1    -0.00000000
   0.020    21    57     6     6     0     1     0.00480926
   0.020    21    58     6     6     1    -1     0.00422574
   0.020    21    59     6     4     0     1     0.00300889
   0.020    21    60     6     4     1    -1     0.00234187
   0.020    21    61     6     2     0     1     0.00224641
   0.020    21    62     6     2     1    -1     0.00181359
   0.020    21    63     6     0     0     1     0.00000054
   0.020    21    64     6     6     1     1     0.00000000
   0.020    21    65     6     6     2    -1     0.00000000
   0.020    21    66     6     4     1     1     0.00000000
   0.020    21    67     6     4     2    -1     0.00000000
   0.020    21    68     6     2     1     1     0.00000000
   0.020    21    69     6     2     2    -1     0.00000000
   0.020    21    70     6     6     2     1    -0.00000000
   0.020    21    71     6     6     3    -1     0.00000000
   0.020    21    72     6     4     2     1     0.00000000
   0.020    21    73     6     4     3    -1    -0.00000000
   0.020    21    74     6     2     2     1    -0.00000000
   0.020    21    75     6     6     3     1     0.00000000
   0.020    21    76     6     6     4    -1     0.00000000
   0.020    21    77     6     4     3     1     0.00000000
   0.020    21    78     6     4     4    -1    -0.00000000
   0.020    21    79     6     6     4     1    -0.00000000
   0.020    21    80     6     6     5    -1    -0.00000000
   0.020    21    81     6     4     4     1     0.00000000
   0.020    21    82     6     6     5     1     0.00000000
   0.020    21    83     6     6     6    -1    -0.00000000
   0.020    21    84     6     6     6     1    -0.00000000
   0.020    21    85     7     7     0     1    -0.00000000
   0.020    21    86     7     7     1    -1    -0.00000000
   0.020    21    87     7     5     0     1    -0.00000000
   0.020    21    88     7     5     1    -1     0.00000000
   0.020    21    89     7     3     0     1    -0.00000000
   0.020    21    90     7     3     1    -1    -0.00000000
   0.020    21    91     7     1     0     1     0.00000000
   0.020    21    92     7     1     1    -1     0.00000000
   0.020    21    93     7     7     1     1    -0.00000000
   0.020    21    94     7     7     2    -1    -0.00000000
   0.020    21    95     7     5     1     1     0.00000000
   0.020    21    96     7     5     2    -1     0.00000000
   0.020    21    97     7     3     1     1     0.00000000
   0.020    21    98     7     3     2    -1    -0.00000000
   0.020    21    99     7     1     1     1     0.00000000
   0.020    21   100     7     7     2     1    -0.00000000
   0.020    21   101     7     7     3    -1    -0.00000000
   0.020    21   102     7     5     2     1    -0.00000000
   0.020    21   103     7     5     3    -1    -0.00000000
   0.020    21   104     7     3     2     1     0.00000000
   0.020    21   105     7     3     3    -1     0.00000000
   0.020    21   106     7     7     3     1     0.00000000
   0.020    21   107     7     7     4    -1     0.00000000
   0.020    21   108     7     5     3     1    -0.00000000
   0.020    21   109     7     5     4    -1    -0.00000000
   0.020    21   110     7     3     3     1     0.00000000
   0.020    21   111     7     7     4     1    -0.00000000
   0.020    21   112     7     7     5    -1    -0.00000000
   0.020    21   113     7     5     4     1    -0.00000000
   0.020    21   114     7     5     5    -1     0.00000000
   0.020    21   115     7     7     5     1     0.00000000
   0.020    21   116     7     7     6    -1     0.00000000
   0.020    21   117     7     5     5     1     0.00000000
   0.020    21   118     7     7     6     1     0.00000000
   0.020    21   119     7     7     7    -1     0.00000000
   0.020    21   120     7     7     7     1     0.00000000
   0.020    22     1     0     0     0     1     0.00000000
   0.020    22     2     1     1     0     1     0.00000000
   0.020    22     3     1     1     1    -1     0.00000000
   0.020    22     4     1     1     1     1     0.00000000
   0.020    22     5     2     2     0     1    -0.00000000
   0.020    22     6     2     2     1    -1    -0.00000000
   0.020    22     7     2     0     0     1    -0.00000000
   0.020    22     8     2     2     1     1     0.00398464
   0.020    22     9     2     2     2    -1     0.00197980
   0.020    22    10     2     2     2     1    -0.00000000
   0.020    22    11     3     3     0     1     0.00000000
   0.020    22    12     3     3     1    -1     0.00000000
   0.020    22    13     3     1     0     1    -0.00000000
   0.020    22    14     3     1     1    -1    -0.00000000
   0.020    22    15     3     3     1     1    -0.00000000
   0.020    22    16     3     3     2    -1    -0.00000000
   0.020    22    17     3     1     1     1     0.00000000
   0.020    22    18     3     3     2     1     0.00000000
   0.020    22    19     3     3     3    -1    -0.00000000
   0.020    22    20     3     3     3     1     0.00000000
   0.020    22    21     4     4     0     1     0.00000000
   0.020    22    22     4     4     1    -1     0.00000000
   0.020    22    23     4     2     0     1    -0.00000000
   0.020    22    24     4     2     1    -1    -0.00000000
   0.020    22    25     4     0     0     1    -0.00000000
   0.020    22    26     4     4     1     1    -0.82159546
   0.020    22    27     4     4     2    -1    -0.57000830
   0.020    22    28     4     2     1     1    -0.00008250
   0.020    22    29     4     2     2    -1    -0.00003077
   0.020    22    30     4     4     2     1     0.00000000
   0.020    22    31     4     4     3    -1    -0.00000000
   0.020    22    32     4     2     2     1    -0.00000000
   0.020    22    33     4     4     3     1     0.00000000
   0.020    22    34     4     4     4    -1    -0.00000000
   0.020    22    35     4     4     4     1    -0.00000000
   0.020    22    36     5     5     0     1     0.00000000
   0.020    22    37     5     5     1    -1    -0.00000000
   0.020    22    38     5     3     0     1    -0.00000000
   0.020    22    39     5     3     1    -1    -0.00000000
   0.020    22    40     5     1     0     1    -0.00000000
   0.020    22    41     5     1     1    -1    -0.00000000
   0.020    22    42     5     5     1     1     0.00000000
   0.020    22    43     5     5     2    -1     0.00000000
   0.020    22    44     5     3     1     1    -0.00000000
   0.020    22    45     5     3     2    -1     0.00000000
   0.020    22    46     5     1     1     1    -0.00000000
   0.020    22    47     5     5     2     1    -0.00000000
   0.020    22    48     5     5     3    -1    -0.00000000
   0.020    22    49     5     3     2     1    -0.00000000
   0.020    22    50     5     3     3    -1    -0.00000000
   0.020    22    51     5     5     3     1    -0.00000000
   0.020    22    52     5     5     4    -1     0.00000000
   0.020    22    53     5     3     3     1    -0.00000000
   0.020    22    54     5     5     4     1    -0.00000000
   0.020    22    55     5     5     5    -1     0.00000000
   0.020    22    56     5     5     5     1    -0.00000000
   0.020    22    57     6     6     0     1     0.00000000
   0.020    22    58     6     6     1    -1     0.00000000
   0.020    22    59     6     4     0     1     0.00000000
   0.020    22    60     6     4     1    -1     0.00000000
   0.020    22    61     6     2     0     1     0.00000000
   0.020    22    62     6     2     1    -1     0.00000000
   0.020    22    63     6     0     0     1     0.00000000
   0.020    22    64     6     6     1     1    -0.00503468
   0.020    22    65     6     6     2    -1    -0.00337131
   0.020    22    66     6     4     1     1    -0.00275388
   0.020    22    67     6     4     2    -1    -0.00105778
   0.020    22    68     6     2     1     1    -0.00224407
   0.020    22    69     6     2     2    -1    -0.00108519
   0.020    22    70     6     6     2     1    -0.00000000
   0.020    22    71     6     6     3    -1     0.00000000
   0.020    22    72     6     4     2     1     0.00000000
   0.020    22    73     6     4     3    -1     0.00000000
   0.020    22    74     6     2     2     1     0.00000000
   0.020    22    75     6     6     3     1     0.00000000
   0.020    22    76     6     6     4    -1     0.00000000
   0.020    22    77     6     4     3     1     0.00000000
   0.020    22    78     6     4     4    -1     0.00000000
   0.020    22    79     6     6     4     1     0.00000000
   0.020    22    80     6     6     5    -1    -0.00000000
   0.020    22    81     6     4     4     1     0.00000000
   0.020    22    82     6     6     5     1    -0.00000000
   0.020    22    83     6     6     6    -1    -0.00000000
   0.020    22    84     6     6     6     1    -0.00000000
   0.020    22    85     7     7     0     1     0.00000000
   0.020    22    86     7     7     1    -1     0.00000000
   0.020    22    87     7     5     0     1     0.00000000
   0.020    22    88     7     5     1    -1     0.00000000
   0.020    22    89     7     3     0     1     0.00000000
   0.020    22    90     7     3     1    -1     0.00000000
   0.020    22    91     7     1     0     1     0.00000000
   0.020    22    92     7     1     1    -1     0.00000000
   0.020    22    93     7     7     1     1    -0.00000000
   0.020    22    94     7     7     2    -1    -0.00000000
   0.020    22    95     7     5     1     1     0.00000000
   0.020    22    96     7     5     2    -1    -0.00000000
   0.020    22    97     7     3     1     1    -0.00000000
   0.020    22    98     7     3     2    -1     0.00000000
   0.020    22    99     7     1     1     1    -0.00000000
   0.020    22   100     7     7     2     1     0.00000000
   0.020    22   101     7     7     3    -1     0.00000000
   0.020    22   102     7     5     2     1    -0.00000000
   0.020    22   103     7     5     3    -1    -0.00000000
   0.020    22   104     7     3     2     1    -0.00000000
   0.020    22   105     7     3     3    -1     0.00000000
   0.020    22   106     7     7     3     1     0.00000000
   0.020    22   107     7     7     4    -1     0.00000000
   0.020    22   108     7     5     3     1    -0.00000000
   0.020    22   109     7     5     4    -1    -0.00000000
   0.020    22   110     7     3     3     1    -0.00000000
   0.020    22   111     7     7     4     1     0.00000000
   0.020    22   112     7     7     5    -1     0.00000000
   0.020    22   113     7     5     4     1     0.00000000
   0.020    22   114     7     5     5    -1    -0.00000000
   0.020    22   115     7     7     5     1     0.00000000
   0.020    22   116     7     7     6    -1     0.00000000
   0.020    22   117     7     5     5     1     0.00000000
   0.020    22   118     7     7     6     1     0.00000000
   0.020    22   119     7     7     7    -1     0.00000000
   0.020    22   120     7     7     7     1     0.00000000
   0.020    23     1     0     0     0     1     0.00000000
   0.020    23     2     1     1     0     1    -0.00000000
   0.020    23     3     1     1     1    -1     0.00000000
   0.020    23     4     1     1     1     1    -0.00000000
   0.020    23     5     2     2     0     1    -0.00000000
   0.020    23     6     2     2     1    -1    -0.00000000
   0.020    23     7     2     0     0     1     0.00000000
   0.020    23     8     2     2     1     1    -0.00000000
   0.020    23     9     2     2     2    -1     0.00000000
   0.020    23    10     2     2     2     1     0.00306776
   0.020    23    11     3     3     0     1    -0.00000000
   0.020    23    12     3     3     1    -1    -0.00000000
   0.020    23    13     3     1     0     1    -0.00000000
   0.020    23    14     3     1     1    -1    -0.00000000
   0.020    23    15     3     3     1     1     0.00000000
   0.020    23    16     3     3     2    -1    -0.00000000
   0.020    23    17     3     1     1     1     0.00000000
   0.020    23    18     3     3     2     1    -0.00000000
   0.020    23    19     3     3     3    -1     0.00000000
   0.020    23    20     3     3     3     1    -0.00000000
   0.020    23    21     4     4     0     1     0.00000000
   0.020    23    22     4     4     1    -1     0.00000000
   0.020    23    23     4     2     0     1    -0.00000000
   0.020    23    24     4     2     1    -1    -0.00000000
   0.020    23    25     4     0     0     1    -0.00000000
   0.020    23    26     4     4     1     1    -0.00000000
   0.020    23    27     4     4     2    -1    -0.00000000
   0.020    23    28     4     2     1     1     0.00000000
   0.020    23    29     4     2     2    -1    -0.00000000
   0.020    23    30     4     4     2     1    -0.88793795
   0.020    23    31     4     4     3    -1    -0.45991645
   0.020    23    32     4     2     2     1    -0.00003451
   0.020    23    33     4     4     3     1    -0.00000000
   0.020    23    34     4     4     4    -1    -0.00000000
   0.020    23    35     4     4     4     1     0.00000000
   0.020    23    36     5     5     0     1     0.00000000
   0.020    23    37     5     5     1    -1     0.00000000
   0.020    23    38     5     3     0     1     0.00000000
   0.020    23    39     5     3     1    -1     0.00000000
   0.020    23    40     5     1     0     1    -0.00000000
   0.020    23    41     5     1     1    -1    -0.00000000
   0.020    23    42     5     5     1     1    -0.00000000
   0.020    23    43     5     5     2    -1     0.00000000
   0.020    23    44     5     3     1     1    -0.00000000
   0.020    23    45     5     3     2    -1    -0.00000000
   0.020    23    46     5     1     1     1     0.00000000
   0.020    23    47     5     5     2     1     0.00000000
   0.020    23    48     5     5     3    -1    -0.00000000
   0.020    23    49     5     3     2     1     0.00000000
   0.020    23    50     5     3     3    -1     0.00000000
   0.020    23    51     5     5     3     1     0.00000000
   0.020    23    52     5     5     4    -1    -0.00000000
   0.020    23    53     5     3     3     1    -0.00000000
   0.020    23    54     5     5     4     1     0.00000000
   0.020    23    55     5     5     5    -1    -0.00000000
   0.020    23    56     5     5     5     1     0.00000000
   0.020    23    57     6     6     0     1     0.00000000
   0.020    23    58     6     6     1    -1    -0.00000000
   0.020    23    59     6     4     0     1    -0.00000000
   0.020    23    60     6     4     1    -1    -0.00000000
   0.020    23    61     6     2     0     1    -0.00000000
   0.020    23    62     6     2     1    -1     0.00000000
   0.020    23    63     6     0     0     1    -0.00000000
   0.020    23    64     6     6     1     1     0.00000000
   0.020    23    65     6     6     2    -1    -0.00000000
   0.020    23    66     6     4     1     1     0.00000000
   0.020    23    67     6     4     2    -1     0.00000000
   0.020    23    68     6     2     1     1    -0.00000000
   0.020    23    69     6     2     2    -1     0.00000000
   0.020    23    70     6     6     2     1    -0.00482507
   0.020    23    71     6     6     3    -1    -0.00234742
   0.020    23    72     6     4     2     1    -0.00133758
   0.020    23    73     6     4     3    -1     0.00044722
   0.020    23    74     6     2     2     1    -0.00169196
   0.020    23    75     6     6     3     1     0.00000000
   0.020    23    76     6     6     4    -1    -0.00000000
   0.020    23    77     6     4     3     1    -0.00000000
   0.020    23    78     6     4     4    -1     0.00000000
   0.020    23    79     6     6     4     1    -0.00000000
   0.020    23    80     6     6     5    -1     0.00000000
   0.020    23    81     6     4     4     1     0.00000000
   0.020    23    82     6     6     5     1     0.00000000
   0.020    23    83     6     6     6    -1     0.00000000
   0.020    23    84     6     6     6     1    -0.00000000
   0.020    23    85     7     7     0     1     0.00000000
   0.020    23    86     7     7     1    -1     0.00000000
   0.020    23    87     7     5     0     1    -0.00000000
   0.020    23    88     7     5     1    -1    -0.00000000
   0.020    23    89     7     3     0     1    -0.00000000
   0.020    23    90     7     3     1    -1    -0.00000000
   0.020    23    91     7     1     0     1    -0.00000000
   0.020    23    92     7     1     1    -1     0.00000000
   0.020    23    93     7     7     1     1    -0.00000000
   0.020    23    94     7     7     2    -1     0.00000000
   0.020    23    95     7     5     1     1     0.00000000
   0.020    23    96     7     5     2    -1    -0.00000000
   0.020    23    97     7     3     1     1    -0.00000000
   0.020    23    98     7     3     2    -1    -0.00000000
   0.020    23    99     7     1     1     1     0.00000000
   0.020    23   100     7     7     2     1    -0.00000000
   0.020    23   101     7     7     3    -1    -0.00000000
   0.020    23   102     7     5     2     1     0.00000000
   0.020    23   103     7     5     3    -1    -0.00000000
   0.020    23   104     7     3     2     1     0.00000000
   0.020    23   105     7     3     3    -1    -0.00000000
   0.020    23   106     7     7     3     1    -0.00000000
   0.020    23   107     7     7     4    -1    -0.00000000
   0.020    23   108     7     5     3     1    -0.00000000
   0.020    23   109     7     5     4    -1     0.00000000
   0.020    23   110     7     3     3     1     0.00000000
   0.020    23   111     7     7     4     1    -0.00000000
   0.020    23   112     7     7     5    -1    -0.00000000
   0.020    23   113     7     5     4     1    -0.00000000
   0.020    23   114     7     5     5    -1     0.00000000
   0.020    23   115     7     7     5     1    -0.00000000
   0.020    23   116     7     7     6    -1    -0.00000000
   0.020    23   117     7     5     5     1    -0.00000000
   0.020    23   118     7     7     6     1     0.00000000
   0.020    23   119     7     7     7    -1     0.00000000
   0.020    23   120     7     7     7     1     0.00000000
   0.020    24     1     0     0     0     1     0.00000000
   0.020    24     2     1     1     0     1    -0.00000000
   0.020    24     3     1     1     1    -1    -0.00000000
   0.020    24     4     1     1     1     1     0.00000000
   0.020    24     5     2     2     0     1    -0.00000000
   0.020    24     6     2     2     1    -1    -0.00000000
   0.020    24     7     2     0     0     1     0.00000000
   0.020    24     8     2     2     1     1     0.00000000
   0.020    24     9     2     2     2    -1     0.00000000
   0.020    24    10     2     2     2     1    -0.00000000
   0.020    24    11     3     3     0     1     0.00000000
   0.020    24    12     3     3     1    -1    -0.00000000
   0.020    24    13     3     1     0     1    -0.00000000
   0.020    24    14     3     1     1    -1    -0.00000000
   0.020    24    15     3     3     1     1    -0.00000000
   0.020    24    16     3     3     2    -1     0.00000000
   0.020    24    17     3     1     1     1    -0.00000000
   0.020    24    18     3     3     2     1    -0.00000000
   0.020    24    19     3     3     3    -1    -0.00000000
   0.020    24    20     3     3     3     1    -0.00000000
   0.020    24    21     4     4     0     1     0.00000000
   0.020    24    22     4     4     1    -1     0.00000000
   0.020    24    23     4     2     0     1    -0.00000000
   0.020    24    24     4     2     1    -1    -0.00000000
   0.020    24    25     4     0     0     1    -0.00000000
   0.020    24    26     4     4     1     1    -0.00000000
   0.020    24    27     4     4     2    -1    -0.00000000
   0.020    24    28     4     2     1     1     0.00000000
   0.020    24    29     4     2     2    -1    -0.00000000
   0.020    24    30     4     4     2     1     0.00000000
   0.020    24    31     4     4     3    -1     0.00000000
   0.020    24    32     4     2     2     1    -0.00000000
   0.020    24    33     4     4     3     1    -0.94720277
   0.020    24    34     4     4     4    -1    -0.32059924
   0.020    24    35     4     4     4     1    -0.00000000
   0.020    24    36     5     5     0     1    -0.00000000
   0.020    24    37     5     5     1    -1     0.00000000
   0.020    24    38     5     3     0     1     0.00000000
   0.020    24    39     5     3     1    -1     0.00000000
   0.020    24    40     5     1     0     1     0.00000000
   0.020    24    41     5     1     1    -1    -0.00000000
   0.020    24    42     5     5     1     1     0.00000000
   0.020    24    43     5     5     2    -1    -0.00000000
   0.020    24    44     5     3     1     1    -0.00000000
   0.020    24    45     5     3     2    -1     0.00000000
   0.020    24    46     5     1     1     1     0.00000000
   0.020    24    47     5     5     2     1     0.00000000
   0.020    24    48     5     5     3    -1     0.00000000
   0.020    24    49     5     3     2     1    -0.00000000
   0.020    24    50     5     3     3    -1    -0.00000000
   0.020    24    51     5     5     3     1     0.00000000
   0.020    24    52     5     5     4    -1    -0.00000000
   0.020    24    53     5     3     3     1    -0.00000000
   0.020    24    54     5     5     4     1    -0.00000000
   0.020    24    55     5     5     5    -1     0.00000000
   0.020    24    56     5     5     5     1    -0.00000000
   0.020    24    57     6     6     0     1    -0.00000000
   0.020    24    58     6     6     1    -1     0.00000000
   0.020    24    59     6     4     0     1    -0.00000000
   0.020    24    60     6     4     1    -1     0.00000000
   0.020    24    61     6     2     0     1     0.00000000
   0.020    24    62     6     2     1    -1     0.00000000
   0.020    24    63     6     0     0     1    -0.00000000
   0.020    24    64     6     6     1     1     0.00000000
   0.020    24    65     6     6     2    -1     0.00000000
   0.020    24    66     6     4     1     1    -0.00000000
   0.020    24    67     6     4     2    -1     0.00000000
   0.020    24    68     6     2     1     1    -0.00000000
   0.020    24    69     6     2     2    -1     0.00000000
   0.020    24    70     6     6     2     1     0.00000000
   0.020    24    71     6     6     3    -1     0.00000000
   0.020    24    72     6     4     2     1    -0.00000000
   0.020    24    73     6     4     3    -1    -0.00000000
   0.020    24    74     6     2     2     1    -0.00000000
   0.020    24    75     6     6     3     1    -0.00410836
   0.020    24    76     6     6     4    -1    -0.00127815
   0.020    24    77     6     4     3     1     0.00142241
   0.020    24    78     6     4     4    -1     0.00158441
   0.020    24    79     6     6     4     1     0.00000000
   0.020    24    80     6     6     5    -1     0.00000000
   0.020    24    81     6     4     4     1     0.00000000
   0.020    24    82     6     6     5     1    -0.00000000
   0.020    24    83     6     6     6    -1    -0.00000000
   0.020    24    84     6     6     6     1    -0.00000000
   0.020    24    85     7     7     0     1    -0.00000000
   0.020    24    86     7     7     1    -1     0.00000000
   0.020    24    87     7     5     0     1     0.00000000
   0.020    24    88     7     5     1    -1    -0.00000000
   0.020    24    89     7     3     0     1     0.00000000
   0.020    24    90     7     3     1    -1     0.00000000
   0.020    24    91     7     1     0     1     0.00000000
   0.020    24    92     7     1     1    -1    -0.00000000
   0.020    24    93     7     7     1     1     0.00000000
   0.020    24    94     7     7     2    -1    -0.00000000
   0.020    24    95     7     5     1     1    -0.00000000
   0.020    24    96     7     5     2    -1    -0.00000000
   0.020    24    97     7     3     1     1     0.00000000
   0.020    24    98     7     3     2    -1     0.00000000
   0.020    24    99     7     1     1     1     0.00000000
   0.020    24   100     7     7     2     1     0.00000000
   0.020    24   101     7     7     3    -1    -0.00000000
   0.020    24   102     7     5     2     1    -0.00000000
   0.020    24   103     7     5     3    -1     0.00000000
   0.020    24   104     7     3     2     1     0.00000000
   0.020    24   105     7     3     3    -1     0.00000000
   0.020    24   106     7     7     3     1     0.00000000
   0.020    24   107     7     7     4    -1     0.00000000
   0.020    24   108     7     5     3     1     0.00000000
   0.020    24   109     7     5     4    -1     0.00000000
   0.020    24   110     7     3     3     1    -0.00000000
   0.020    24   111     7     7     4     1     0.00000000
   0.020    24   112     7     7     5    -1     0.00000000
   0.020    24   113     7     5     4     1     0.00000000
   0.020    24   114     7     5     5    -1    -0.00000000
   0.020    24   115     7     7     5     1     0.00000000
   0.020    24   116     7     7     6    -1     0.00000000
   0.020    24   117     7     5     5     1     0.00000000
   0.020    24   118     7     7     6     1     0.00000000
   0.020    24   119     7     7     7    -1     0.00000000
   0.020    24   120     7     7     7     1     0.00000000
   0.020    25     1     0     0     0     1    -0.00000000
   0.020    25     2     1     1     0     1    -0.00000000
   0.020    25     3     1     1     1    -1     0.00000000
   0.020    25     4     1     1     1     1    -0.00000000
   0.020    25     5     2     2     0     1     0.00000000
   0.020    25     6     2     2     1    -1    -0.00000000
   0.020    25     7     2     0     0     1    -0.00000000
   0.020    25     8     2     2     1     1    -0.00000000
   0.020    25     9     2     2     2    -1     0.00000000
   0.020    25    10     2     2     2     1     0.00000000
   0.020    25    11     3     3     0     1    -0.00000000
   0.020    25    12     3     3     1    -1    -0.00000000
   0.020    25    13     3     1     0     1     0.00000000
   0.020    25    14     3     1     1    -1     0.00000000
   0.020    25    15     3     3     1     1     0.00000000
   0.020    25    16     3     3     2    -1     0.00000000
   0.020    25    17     3     1     1     1    -0.00000000
   0.020    25    18     3     3     2     1     0.00000000
   0.020    25    19     3     3     3    -1    -0.00000000
   0.020    25    20     3     3     3     1     0.00000000
   0.020    25    21     4     4     0     1    -0.00000000
   0.020    25    22     4     4     1    -1    -0.00000000
   0.020    25    23     4     2     0     1     0.00000000
   0.020    25    24     4     2     1    -1     0.00000000
   0.020    25    25     4     0     0     1     0.00000000
   0.020    25    26     4     4     1     1    -0.00000000
   0.020    25    27     4     4     2    -1     0.00000000
   0.020    25    28     4     2     1     1     0.00000000
   0.020    25    29     4     2     2    -1    -0.00000000
   0.020    25    30     4     4     2     1     0.00000000
   0.020    25    31     4     4     3    -1     0.00000000
   0.020    25    32     4     2     2     1     0.00000000
   0.020    25    33     4     4     3     1    -0.00000000
   0.020    25    34     4     4     4    -1    -0.00000000
   0.020    25    35     4     4     4     1     0.99998003
   0.020    25    36     5     5     0     1     0.00000000
   0.020    25    37     5     5     1    -1     0.00000000
   0.020    25    38     5     3     0     1    -0.00000000
   0.020    25    39     5     3     1    -1     0.00000000
   0.020    25    40     5     1     0     1    -0.00000000
   0.020    25    41     5     1     1    -1     0.00000000
   0.020    25    42     5     5     1     1     0.00000000
   0.020    25    43     5     5     2    -1     0.00000000
   0.020    25    44     5     3     1     1     0.00000000
   0.020    25    45     5     3     2    -1    -0.00000000
   0.020    25    46     5     1     1     1     0.00000000
   0.020    25    47     5     5     2     1    -0.00000000
   0.020    25    48     5     5     3    -1     0.00000000
   0.020    25    49     5     3     2     1    -0.00000000
   0.020    25    50     5     3     3    -1    -0.00000000
   0.020    25    51     5     5     3     1     0.00000000
   0.020    25    52     5     5     4    -1    -0.00000000
   0.020    25    53     5     3     3     1     0.00000000
   0.020    25    54     5     5     4     1     0.00000000
   0.020    25    55     5     5     5    -1    -0.00000000
   0.020    25    56     5     5     5     1     0.00000000
   0.020    25    57     6     6     0     1    -0.00000000
   0.020    25    58     6     6     1    -1     0.00000000
   0.020    25    59     6     4     0     1     0.00000000
   0.020    25    60     6     4     1    -1     0.00000000
   0.020    25    61     6     2     0     1     0.00000000
   0.020    25    62     6     2     1    -1    -0.00000000
   0.020    25    63     6     0     0     1    -0.00000000
   0.020    25    64     6     6     1     1    -0.00000000
   0.020    25    65     6     6     2    -1     0.00000000
   0.020    25    66     6     4     1     1    -0.00000000
   0.020    25    67     6     4     2    -1     0.00000000
   0.020    25    68     6     2     1     1    -0.00000000
   0.020    25    69     6     2     2    -1    -0.00000000
   0.020    25    70     6     6     2     1     0.00000000
   0.020    25    71     6     6     3    -1     0.00000000
   0.020    25    72     6     4     2     1     0.00000000
   0.020    25    73     6     4     3    -1    -0.00000000
   0.020    25    74     6     2     2     1    -0.00000000
   0.020    25    75     6     6     3     1     0.00000000
   0.020    25    76     6     6     4    -1    -0.00000000
   0.020    25    77     6     4     3     1     0.00000000
   0.020    25    78     6     4     4    -1    -0.00000000
   0.020    25    79     6     6     4     1     0.00279608
   0.020    25    80     6     6     5    -1     0.00033652
   0.020    25    81     6     4     4     1    -0.00565709
   0.020    25    82     6     6     5     1     0.00000000
   0.020    25    83     6     6     6    -1     0.00000000
   0.020    25    84     6     6     6     1     0.00000000
   0.020    25    85     7     7     0     1    -0.00000000
   0.020    25    86     7     7     1    -1     0.00000000
   0.020    25    87     7     5     0     1    -0.00000000
   0.020    25    88     7     5     1    -1    -0.00000000
   0.020    25    89     7     3     0     1    -0.00000000
   0.020    25    90     7     3     1    -1     0.00000000
   0.020    25    91     7     1     0     1    -0.00000000
   0.020    25    92     7     1     1    -1     0.00000000
   0.020    25    93     7     7     1     1     0.00000000
   0.020    25    94     7     7     2    -1    -0.00000000
   0.020    25    95     7     5     1     1     0.00000000
   0.020    25    96     7     5     2    -1     0.00000000
   0.020    25    97     7     3     1     1    -0.00000000
   0.020    25    98     7     3     2    -1     0.00000000
   0.020    25    99     7     1     1     1    -0.00000000
   0.020    25   100     7     7     2     1    -0.00000000
   0.020    25   101     7     7     3    -1     0.00000000
   0.020    25   102     7     5     2     1    -0.00000000
   0.020    25   103     7     5     3    -1     0.00000000
   0.020    25   104     7     3     2     1    -0.00000000
   0.020    25   105     7     3     3    -1     0.00000000
   0.020    25   106     7     7     3     1    -0.00000000
   0.020    25   107     7     7     4    -1    -0.00000000
   0.020    25   108     7     5     3     1     0.00000000
   0.020    25   109     7     5     4    -1     0.00000000
   0.020    25   110     7     3     3     1    -0.00000000
   0.020    25   111     7     7     4     1    -0.00000000
   0.020    25   112     7     7     5    -1    -0.00000000
   0.020    25   113     7     5     4     1    -0.00000000
   0.020    25   114     7     5     5    -1     0.00000000
   0.020    25   115     7     7     5     1    -0.00000000
   0.020    25   116     7     7     6    -1    -0.00000000
   0.020    25   117     7     5     5     1    -0.00000000
   0.020    25   118     7     7     6     1     0.00000000
   0.020    25   119     7     7     7    -1     0.00000000
   0.020    25   120     7     7     7     1     0.00000000
   0.020    26     1     0     0     0     1     0.00000554
   0.020    26     2     1     1     0     1     0.00000000
   0.020    26     3     1     1     1    -1     0.00000000
   0.020    26     4     1     1     1     1    -0.00000000
   0.020    26     5     2     2     0     1    -0.00311298
   0.020    26     6     2     2     1    -1    -0.00106329
   0.020    26     7     2     0     0     1    -0.00615281
   0.020    26     8     2     2     1     1     0.00000000
   0.020    26     9     2     2     2    -1    -0.00000000
   0.020    26    10     2     2     2     1    -0.00000000
   0.020    26    11     3     3     0     1    -0.00000000
   0.020    26    12     3     3     1    -1     0.00000000
   0.020    26    13     3     1     0     1     0.00000000
   0.020    26    14     3     1     1    -1     0.00000000
   0.020    26    15     3     3     1     1    -0.00000000
   0.020    26    16     3     3     2    -1     0.00000000
   0.020    26    17     3     1     1     1    -0.00000000
   0.020    26    18     3     3     2     1     0.00000000
   0.020    26    19     3     3     3    -1     0.00000000
   0.020    26    20     3     3     3     1     0.00000000
   0.020    26    21     4     4     0     1     0.00010261
   0.020    26    22     4     4     1    -1    -0.00039679
   0.020    26    23     4     2     0     1     0.78726864
   0.020    26    24     4     2     1    -1     0.61646517
   0.020    26    25     4     0     0     1     0.00024670
   0.020    26    26     4     4     1     1     0.00000000
   0.020    26    27     4     4     2    -1    -0.00000000
   0.020    26    28     4     2     1     1    -0.00000000
   0.020    26    29     4     2     2    -1    -0.00000000
   0.020    26    30     4     4     2     1    -0.00000000
   0.020    26    31     4     4     3    -1     0.00000000
   0.020    26    32     4     2     2     1    -0.00000000
   0.020    26    33     4     4     3     1    -0.00000000
   0.020    26    34     4     4     4    -1     0.00000000
   0.020    26    35     4     4     4     1    -0.00000000
   0.020    26    36     5     5     0     1     0.00000000
   0.020    26    37     5     5     1    -1    -0.00000000
   0.020    26    38     5     3     0     1     0.00000000
   0.020    26    39     5     3     1    -1     0.00000000
   0.020    26    40     5     1     0     1     0.00000000
   0.020    26    41     5     1     1    -1     0.00000000
   0.020    26    42     5     5     1     1     0.00000000
   0.020    26    43     5     5     2    -1    -0.00000000
   0.020    26    44     5     3     1     1     0.00000000
   0.020    26    45     5     3     2    -1    -0.00000000
   0.020    26    46     5     1     1     1    -0.00000000
   0.020    26    47     5     5     2     1    -0.00000000
   0.020    26    48     5     5     3    -1    -0.00000000
   0.020    26    49     5     3     2     1    -0.00000000
   0.020    26    50     5     3     3    -1    -0.00000000
   0.020    26    51     5     5     3     1    -0.00000000
   0.020    26    52     5     5     4    -1    -0.00000000
   0.020    26    53     5     3     3     1    -0.00000000
   0.020    26    54     5     5     4     1     0.00000000
   0.020    26    55     5     5     5    -1     0.00000000
   0.020    26    56     5     5     5     1    -0.00000000
   0.020    26    57     6     6     0     1     0.00000007
   0.020    26    58     6     6     1    -1    -0.00000260
   0.020    26    59     6     4     0     1     0.00718578
   0.020    26    60     6     4     1    -1     0.00539060
   0.020    26    61     6     2     0     1     0.00442114
   0.020    26    62     6     2     1    -1     0.00188653
   0.020    26    63     6     0     0     1     0.00510560
   0.020    26    64     6     6     1     1     0.00000000
   0.020    26    65     6     6     2    -1     0.00000000
   0.020    26    66     6     4     1     1    -0.00000000
   0.020    26    67     6     4     2    -1    -0.00000000
   0.020    26    68     6     2     1     1    -0.00000000
   0.020    26    69     6     2     2    -1    -0.00000000
   0.020    26    70     6     6     2     1     0.00000000
   0.020    26    71     6     6     3    -1    -0.00000000
   0.020    26    72     6     4     2     1    -0.00000000
   0.020    26    73     6     4     3    -1     0.00000000
   0.020    26    74     6     2     2     1     0.00000000
   0.020    26    75     6     6     3     1     0.00000000
   0.020    26    76     6     6     4    -1     0.00000000
   0.020    26    77     6     4     3     1    -0.00000000
   0.020    26    78     6     4     4    -1    -0.00000000
   0.020    26    79     6     6     4     1     0.00000000
   0.020    26    80     6     6     5    -1     0.00000000
   0.020    26    81     6     4     4     1     0.00000000
   0.020    26    82     6     6     5     1    -0.00000000
   0.020    26    83     6     6     6    -1    -0.00000000
   0.020    26    84     6     6     6     1     0.00000000
   0.020    26    85     7     7     0     1    -0.00000000
   0.020    26    86     7     7     1    -1    -0.00000000
   0.020    26    87     7     5     0     1     0.00000000
   0.020    26    88     7     5     1    -1     0.00000000
   0.020    26    89     7     3     0     1     0.00000000
   0.020    26    90     7     3     1    -1     0.00000000
   0.020    26    91     7     1     0     1    -0.00000000
   0.020    26    92     7     1     1    -1    -0.00000000
   0.020    26    93     7     7     1     1    -0.00000000
   0.020    26    94     7     7     2    -1    -0.00000000
   0.020    26    95     7     5     1     1     0.00000000
   0.020    26    96     7     5     2    -1    -0.00000000
   0.020    26    97     7     3     1     1     0.00000000
   0.020    26    98     7     3     2    -1    -0.00000000
   0.020    26    99     7     1     1     1     0.00000000
   0.020    26   100     7     7     2     1     0.00000000
   0.020    26   101     7     7     3    -1     0.00000000
   0.020    26   102     7     5     2     1    -0.00000000
   0.020    26   103     7     5     3    -1    -0.00000000
   0.020    26   104     7     3     2     1    -0.00000000
   0.020    26   105     7     3     3    -1    -0.00000000
   0.020    26   106     7     7     3     1     0.00000000
   0.020    26   107     7     7     4    -1     0.00000000
   0.020    26   108     7     5     3     1    -0.00000000
   0.020    26   109     7     5     4    -1     0.00000000
   0.020    26   110     7     3     3     1    -0.00000000
   0.020    26   111     7     7     4     1    -0.00000000
   0.020    26   112     7     7     5    -1    -0.00000000
   0.020    26   113     7     5     4     1    -0.00000000
   0.020    26   114     7     5     5    -1    -0.00000000
   0.020    26   115     7     7     5     1     0.00000000
   0.020    26   116     7     7     6    -1     0.00000000
   0.020    26   117     7     5     5     1     0.00000000
   0.020    26   118     7     7     6     1     0.00000000
   0.020    26   119     7     7     7    -1     0.00000000
   0.020    26   120     7     7     7     1     0.00000000
   0.020    27     1     0     0     0     1    -0.00000000
   0.020    27     2     1     1     0     1    -0.00000000
   0.020    27     3     1     1     1    -1     0.00000000
   0.020    27     4     1     1     1     1    -0.00000000
   0.020    27     5     2     2     0     1    -0.00000000
   0.020    27     6     2     2     1    -1     0.00000000
   0.020    27     7     2     0     0     1     0.00000000
   0.020    27     8     2     2     1     1     0.00189740
   0.020    27     9     2     2     2    -1    -0.00186991
   0.020    27    10     2     2     2     1     0.00000000
   0.020    27    11     3     3     0     1     0.00000000
   0.020    27    12     3     3     1    -1    -0.00000000
   0.020    27    13     3     1     0     1     0.00000000
   0.020    27    14     3     1     1    -1    -0.00000000
   0.020    27    15     3     3     1     1    -0.00000000
   0.020    27    16     3     3     2    -1    -0.00000000
   0.020    27    17     3     1     1     1    -0.00000000
   0.020    27    18     3     3     2     1    -0.00000000
   0.020    27    19     3     3     3    -1    -0.00000000
   0.020    27    20     3     3     3     1     0.00000000
   0.020    27    21     4     4     0     1     0.00000000
   0.020    27    22     4     4     1    -1    -0.00000000
   0.020    27    23     4     2     0     1    -0.00000000
   0.020    27    24     4     2     1    -1    -0.00000000
   0.020    27    25     4     0     0     1     0.00000000
   0.020    27    26     4     4     1     1    -0.00035585
   0.020    27    27     4     4     2    -1     0.00072137
   0.020    27    28     4     2     1     1    -0.91427611
   0.020    27    29     4     2     2    -1    -0.40499025
   0.020    27    30     4     4     2     1    -0.00000000
   0.020    27    31     4     4     3    -1     0.00000000
   0.020    27    32     4     2     2     1     0.00000000
   0.020    27    33     4     4     3     1     0.00000000
   0.020    27    34     4     4     4    -1     0.00000000
   0.020    27    35     4     4     4     1     0.00000000
   0.020    27    36     5     5     0     1     0.00000000
   0.020    27    37     5     5     1    -1    -0.00000000
   0.020    27    38     5     3     0     1     0.00000000
   0.020    27    39     5     3     1    -1     0.00000000
   0.020    27    40     5     1     0     1     0.00000000
   0.020    27    41     5     1     1    -1    -0.00000000
   0.020    27    42     5     5     1     1     0.00000000
   0.020    27    43     5     5     2    -1    -0.00000000
   0.020    27    44     5     3     1     1     0.00000000
   0.020    27    45     5     3     2    -1     0.00000000
   0.020    27    46     5     1     1     1    -0.00000000
   0.020    27    47     5     5     2     1     0.00000000
   0.020    27    48     5     5     3    -1    -0.00000000
   0.020    27    49     5     3     2     1     0.00000000
   0.020    27    50     5     3     3    -1    -0.00000000
   0.020    27    51     5     5     3     1    -0.00000000
   0.020    27    52     5     5     4    -1    -0.00000000
   0.020    27    53     5     3     3     1    -0.00000000
   0.020    27    54     5     5     4     1     0.00000000
   0.020    27    55     5     5     5    -1     0.00000000
   0.020    27    56     5     5     5     1    -0.00000000
   0.020    27    57     6     6     0     1     0.00000000
   0.020    27    58     6     6     1    -1    -0.00000000
   0.020    27    59     6     4     0     1    -0.00000000
   0.020    27    60     6     4     1    -1    -0.00000000
   0.020    27    61     6     2     0     1    -0.00000000
   0.020    27    62     6     2     1    -1     0.00000000
   0.020    27    63     6     0     0     1    -0.00000000
   0.020    27    64     6     6     1     1    -0.00000159
   0.020    27    65     6     6     2    -1     0.00000375
   0.020    27    66     6     4     1     1    -0.00748955
   0.020    27    67     6     4     2    -1    -0.00288568
   0.020    27    68     6     2     1     1    -0.00246496
   0.020    27    69     6     2     2    -1     0.00196331
   0.020    27    70     6     6     2     1     0.00000000
   0.020    27    71     6     6     3    -1     0.00000000
   0.020    27    72     6     4     2     1    -0.00000000
   0.020    27    73     6     4     3    -1     0.00000000
   0.020    27    74     6     2     2     1     0.00000000
   0.020    27    75     6     6     3     1    -0.00000000
   0.020    27    76     6     6     4    -1    -0.00000000
   0.020    27    77     6     4     3     1     0.00000000
   0.020    27    78     6     4     4    -1    -0.00000000
   0.020    27    79     6     6     4     1     0.00000000
   0.020    27    80     6     6     5    -1     0.00000000
   0.020    27    81     6     4     4     1    -0.00000000
   0.020    27    82     6     6     5     1    -0.00000000
   0.020    27    83     6     6     6    -1     0.00000000
   0.020    27    84     6     6     6     1    -0.00000000
   0.020    27    85     7     7     0     1     0.00000000
   0.020    27    86     7     7     1    -1     0.00000000
   0.020    27    87     7     5     0     1     0.00000000
   0.020    27    88     7     5     1    -1     0.00000000
   0.020    27    89     7     3     0     1     0.00000000
   0.020    27    90     7     3     1    -1     0.00000000
   0.020    27    91     7     1     0     1     0.00000000
   0.020    27    92     7     1     1    -1    -0.00000000
   0.020    27    93     7     7     1     1     0.00000000
   0.020    27    94     7     7     2    -1     0.00000000
   0.020    27    95     7     5     1     1     0.00000000
   0.020    27    96     7     5     2    -1    -0.00000000
   0.020    27    97     7     3     1     1    -0.00000000
   0.020    27    98     7     3     2    -1    -0.00000000
   0.020    27    99     7     1     1     1     0.00000000
   0.020    27   100     7     7     2     1    -0.00000000
   0.020    27   101     7     7     3    -1    -0.00000000
   0.020    27   102     7     5     2     1     0.00000000
   0.020    27   103     7     5     3    -1    -0.00000000
   0.020    27   104     7     3     2     1     0.00000000
   0.020    27   105     7     3     3    -1     0.00000000
   0.020    27   106     7     7     3     1     0.00000000
   0.020    27   107     7     7     4    -1     0.00000000
   0.020    27   108     7     5     3     1    -0.00000000
   0.020    27   109     7     5     4    -1     0.00000000
   0.020    27   110     7     3     3     1    -0.00000000
   0.020    27   111     7     7     4     1    -0.00000000
   0.020    27   112     7     7     5    -1    -0.00000000
   0.020    27   113     7     5     4     1    -0.00000000
   0.020    27   114     7     5     5    -1    -0.00000000
   0.020    27   115     7     7     5     1     0.00000000
   0.020    27   116     7     7     6    -1     0.00000000
   0.020    27   117     7     5     5     1     0.00000000
   0.020    27   118     7     7     6     1     0.00000000
   0.020    27   119     7     7     7    -1     0.00000000
   0.020    27   120     7     7     7     1     0.00000000
   0.020    28     1     0     0     0     1    -0.00000538
   0.020    28     2     1     1     0     1    -0.00000000
   0.020    28     3     1     1     1    -1     0.00000000
   0.020    28     4     1     1     1     1    -0.00000000
   0.020    28     5     2     2     0     1     0.00305525
   0.020    28     6     2     2     1    -1    -0.00322349
   0.020    28     7     2     0     0     1    -0.00000112
   0.020    28     8     2     2     1     1     0.00000000
   0.020    28     9     2     2     2    -1    -0.00000000
   0.020    28    10     2     2     2     1     0.00000000
   0.020    28    11     3     3     0     1     0.00000000
   0.020    28    12     3     3     1    -1    -0.00000000
   0.020    28    13     3     1     0     1     0.00000000
   0.020    28    14     3     1     1    -1     0.00000000
   0.020    28    15     3     3     1     1     0.00000000
   0.020    28    16     3     3     2    -1    -0.00000000
   0.020    28    17     3     1     1     1    -0.00000000
   0.020    28    18     3     3     2     1     0.00000000
   0.020    28    19     3     3     3    -1     0.00000000
   0.020    28    20     3     3     3     1    -0.00000000
   0.020    28    21     4     4     0     1    -0.66427764
   0.020    28    22     4     4     1    -1     0.74743583
   0.020    28    23     4     2     0     1     0.00014639
   0.020    28    24     4     2     1    -1     0.00043387
   0.020    28    25     4     0     0     1    -0.00008440
   0.020    28    26     4     4     1     1    -0.00000000
   0.020    28    27     4     4     2    -1     0.00000000
   0.020    28    28     4     2     1     1    -0.00000000
   0.020    28    29     4     2     2    -1    -0.00000000
   0.020    28    30     4     4     2     1    -0.00000000
   0.020    28    31     4     4     3    -1    -0.00000000
   0.020    28    32     4     2     2     1    -0.00000000
   0.020    28    33     4     4     3     1     0.00000000
   0.020    28    34     4     4     4    -1    -0.00000000
   0.020    28    35     4     4     4     1     0.00000000
   0.020    28    36     5     5     0     1     0.00000000
   0.020    28    37     5     5     1    -1    -0.00000000
   0.020    28    38     5     3     0     1     0.00000000
   0.020    28    39     5     3     1    -1    -0.00000000
   0.020    28    40     5     1     0     1     0.00000000
   0.020    28    41     5     1     1    -1     0.00000000
   0.020    28    42     5     5     1     1    -0.00000000
   0.020    28    43     5     5     2    -1     0.00000000
   0.020    28    44     5     3     1     1    -0.00000000
   0.020    28    45     5     3     2    -1     0.00000000
   0.020    28    46     5     1     1     1    -0.00000000
   0.020    28    47     5     5     2     1    -0.00000000
   0.020    28    48     5     5     3    -1    -0.00000000
   0.020    28    49     5     3     2     1    -0.00000000
   0.020    28    50     5     3     3    -1     0.00000000
   0.020    28    51     5     5     3     1     0.00000000
   0.020    28    52     5     5     4    -1     0.00000000
   0.020    28    53     5     3     3     1     0.00000000
   0.020    28    54     5     5     4     1    -0.00000000
   0.020    28    55     5     5     5    -1    -0.00000000
   0.020    28    56     5     5     5     1     0.00000000
   0.020    28    57     6     6     0     1    -0.00377347
   0.020    28    58     6     6     1    -1     0.00411197
   0.020    28    59     6     4     0     1    -0.00277135
   0.020    28    60     6     4     1    -1     0.00253179
   0.020    28    61     6     2     0     1    -0.00220619
   0.020    28    62     6     2     1    -1     0.00220168
   0.020    28    63     6     0     0     1     0.00000096
   0.020    28    64     6     6     1     1    -0.00000000
   0.020    28    65     6     6     2    -1     0.00000000
   0.020    28    66     6     4     1     1    -0.00000000
   0.020    28    67     6     4     2    -1    -0.00000000
   0.020    28    68     6     2     1     1    -0.00000000
   0.020    28    69     6     2     2    -1     0.00000000
   0.020    28    70     6     6     2     1     0.00000000
   0.020    28    71     6     6     3    -1     0.00000000
   0.020    28    72     6     4     2     1     0.00000000
   0.020    28    73     6     4     3    -1     0.00000000
   0.020    28    74     6     2     2     1    -0.00000000
   0.020    28    75     6     6     3     1    -0.00000000
   0.020    28    76     6     6     4    -1    -0.00000000
   0.020    28    77     6     4     3     1    -0.00000000
   0.020    28    78     6     4     4    -1     0.00000000
   0.020    28    79     6     6     4     1    -0.00000000
   0.020    28    80     6     6     5    -1     0.00000000
   0.020    28    81     6     4     4     1     0.00000000
   0.020    28    82     6     6     5     1    -0.00000000
   0.020    28    83     6     6     6    -1     0.00000000
   0.020    28    84     6     6     6     1    -0.00000000
   0.020    28    85     7     7     0     1     0.00000000
   0.020    28    86     7     7     1    -1     0.00000000
   0.020    28    87     7     5     0     1    -0.00000000
   0.020    28    88     7     5     1    -1     0.00000000
   0.020    28    89     7     3     0     1    -0.00000000
   0.020    28    90     7     3     1    -1    -0.00000000
   0.020    28    91     7     1     0     1     0.00000000
   0.020    28    92     7     1     1    -1    -0.00000000
   0.020    28    93     7     7     1     1    -0.00000000
   0.020    28    94     7     7     2    -1    -0.00000000
   0.020    28    95     7     5     1     1    -0.00000000
   0.020    28    96     7     5     2    -1     0.00000000
   0.020    28    97     7     3     1     1    -0.00000000
   0.020    28    98     7     3     2    -1     0.00000000
   0.020    28    99     7     1     1     1     0.00000000
   0.020    28   100     7     7     2     1     0.00000000
   0.020    28   101     7     7     3    -1     0.00000000
   0.020    28   102     7     5     2     1    -0.00000000
   0.020    28   103     7     5     3    -1    -0.00000000
   0.020    28   104     7     3     2     1    -0.00000000
   0.020    28   105     7     3     3    -1    -0.00000000
   0.020    28   106     7     7     3     1    -0.00000000
   0.020    28   107     7     7     4    -1    -0.00000000
   0.020    28   108     7     5     3     1     0.00000000
   0.020    28   109     7     5     4    -1    -0.00000000
   0.020    28   110     7     3     3     1     0.00000000
   0.020    28   111     7     7     4     1     0.00000000
   0.020    28   112     7     7     5    -1     0.00000000
   0.020    28   113     7     5     4     1     0.00000000
   0.020    28   114     7     5     5    -1     0.00000000
   0.020    28   115     7     7     5     1    -0.00000000
   0.020    28   116     7     7     6    -1    -0.00000000
   0.020    28   117     7     5     5     1    -0.00000000
   0.020    28   118     7     7     6     1     0.00000000
   0.020    28   119     7     7     7    -1     0.00000000
   0.020    28   120     7     7     7     1     0.00000000
   0.020    29     1     0     0     0     1     0.00000000
   0.020    29     2     1     1     0     1     0.00000000
   0.020    29     3     1     1     1    -1    -0.00000000
   0.020    29     4     1     1     1     1    -0.00000000
   0.020    29     5     2     2     0     1     0.00000000
   0.020    29     6     2     2     1    -1     0.00000000
   0.020    29     7     2     0     0     1    -0.00000000
   0.020    29     8     2     2     1     1    -0.00000000
   0.020    29     9     2     2     2    -1     0.00000000
   0.020    29    10     2     2     2     1     0.00380515
   0.020    29    11     3     3     0     1    -0.00000000
   0.020    29    12     3     3     1    -1    -0.00000000
   0.020    29    13     3     1     0     1    -0.00000000
   0.020    29    14     3     1     1    -1     0.00000000
   0.020    29    15     3     3     1     1    -0.00000000
   0.020    29    16     3     3     2    -1     0.00000000
   0.020    29    17     3     1     1     1     0.00000000
   0.020    29    18     3     3     2     1    -0.00000000
   0.020    29    19     3     3     3    -1     0.00000000
   0.020    29    20     3     3     3     1    -0.00000000
   0.020    29    21     4     4     0     1    -0.00000000
   0.020    29    22     4     4     1    -1    -0.00000000
   0.020    29    23     4     2     0     1     0.00000000
   0.020    29    24     4     2     1    -1     0.00000000
   0.020    29    25     4     0     0     1     0.00000000
   0.020    29    26     4     4     1     1     0.00000000
   0.020    29    27     4     4     2    -1     0.00000000
   0.020    29    28     4     2     1     1     0.00000000
   0.020    29    29     4     2     2    -1    -0.00000000
   0.020    29    30     4     4     2     1     0.00015141
   0.020    29    31     4     4     3    -1    -0.00033734
   0.020    29    32     4     2     2     1     0.99995956
   0.020    29    33     4     4     3     1    -0.00000000
   0.020    29    34     4     4     4    -1     0.00000000
   0.020    29    35     4     4     4     1    -0.00000000
   0.020    29    36     5     5     0     1    -0.00000000
   0.020    29    37     5     5     1    -1     0.00000000
   0.020    29    38     5     3     0     1    -0.00000000
   0.020    29    39     5     3     1    -1    -0.00000000
   0.020    29    40     5     1     0     1     0.00000000
   0.020    29    41     5     1     1    -1     0.00000000
   0.020    29    42     5     5     1     1    -0.00000000
   0.020    29    43     5     5     2    -1     0.00000000
   0.020    29    44     5     3     1     1    -0.00000000
   0.020    29    45     5     3     2    -1    -0.00000000
   0.020    29    46     5     1     1     1     0.00000000
   0.020    29    47     5     5     2     1     0.00000000
   0.020    29    48     5     5     3    -1    -0.00000000
   0.020    29    49     5     3     2     1     0.00000000
   0.020    29    50     5     3     3    -1     0.00000000
   0.020    29    51     5     5     3     1    -0.00000000
   0.020    29    52     5     5     4    -1    -0.00000000
   0.020    29    53     5     3     3     1    -0.00000000
   0.020    29    54     5     5     4     1     0.00000000
   0.020    29    55     5     5     5    -1     0.00000000
   0.020    29    56     5     5     5     1    -0.00000000
   0.020    29    57     6     6     0     1    -0.00000000
   0.020    29    58     6     6     1    -1    -0.00000000
   0.020    29    59     6     4     0     1    -0.00000000
   0.020    29    60     6     4     1    -1    -0.00000000
   0.020    29    61     6     2     0     1     0.00000000
   0.020    29    62     6     2     1    -1     0.00000000
   0.020    29    63     6     0     0     1    -0.00000000
   0.020    29    64     6     6     1     1    -0.00000000
   0.020    29    65     6     6     2    -1     0.00000000
   0.020    29    66     6     4     1     1     0.00000000
   0.020    29    67     6     4     2    -1     0.00000000
   0.020    29    68     6     2     1     1    -0.00000000
   0.020    29    69     6     2     2    -1     0.00000000
   0.020    29    70     6     6     2     1     0.00000068
   0.020    29    71     6     6     3    -1    -0.00000136
   0.020    29    72     6     4     2     1     0.00579329
   0.020    29    73     6     4     3    -1     0.00056399
   0.020    29    74     6     2     2     1    -0.00569125
   0.020    29    75     6     6     3     1     0.00000000
   0.020    29    76     6     6     4    -1     0.00000000
   0.020    29    77     6     4     3     1    -0.00000000
   0.020    29    78     6     4     4    -1     0.00000000
   0.020    29    79     6     6     4     1    -0.00000000
   0.020    29    80     6     6     5    -1    -0.00000000
   0.020    29    81     6     4     4     1    -0.00000000
   0.020    29    82     6     6     5     1     0.00000000
   0.020    29    83     6     6     6    -1    -0.00000000
   0.020    29    84     6     6     6     1    -0.00000000
   0.020    29    85     7     7     0     1    -0.00000000
   0.020    29    86     7     7     1    -1    -0.00000000
   0.020    29    87     7     5     0     1     0.00000000
   0.020    29    88     7     5     1    -1     0.00000000
   0.020    29    89     7     3     0     1     0.00000000
   0.020    29    90     7     3     1    -1     0.00000000
   0.020    29    91     7     1     0     1    -0.00000000
   0.020    29    92     7     1     1    -1     0.00000000
   0.020    29    93     7     7     1     1     0.00000000
   0.020    29    94     7     7     2    -1     0.00000000
   0.020    29    95     7     5     1     1    -0.00000000
   0.020    29    96     7     5     2    -1     0.00000000
   0.020    29    97     7     3     1     1     0.00000000
   0.020    29    98     7     3     2    -1     0.00000000
   0.020    29    99     7     1     1     1    -0.00000000
   0.020    29   100     7     7     2     1    -0.00000000
   0.020    29   101     7     7     3    -1    -0.00000000
   0.020    29   102     7     5     2     1     0.00000000
   0.020    29   103     7     5     3    -1     0.00000000
   0.020    29   104     7     3     2     1     0.00000000
   0.020    29   105     7     3     3    -1    -0.00000000
   0.020    29   106     7     7     3     1    -0.00000000
   0.020    29   107     7     7     4    -1    -0.00000000
   0.020    29   108     7     5     3     1     0.00000000
   0.020    29   109     7     5     4    -1     0.00000000
   0.020    29   110     7     3     3     1     0.00000000
   0.020    29   111     7     7     4     1    -0.00000000
   0.020    29   112     7     7     5    -1    -0.00000000
   0.020    29   113     7     5     4     1    -0.00000000
   0.020    29   114     7     5     5    -1    -0.00000000
   0.020    29   115     7     7     5     1     0.00000000
   0.020    29   116     7     7     6    -1     0.00000000
   0.020    29   117     7     5     5     1     0.00000000
   0.020    29   118     7     7     6     1     0.00000000
   0.020    29   119     7     7     7    -1     0.00000000
   0.020    29   120     7     7     7     1     0.00000000
   0.020    30     1     0     0     0     1    -0.00000000
   0.020    30     2     1     1     0     1     0.00000000
   0.020    30     3     1     1     1    -1    -0.00000000
   0.020    30     4     1     1     1     1     0.00000000
   0.020    30     5     2     2     0     1     0.00000000
   0.020    30     6     2     2     1    -1    -0.00000000
   0.020    30     7     2     0     0     1     0.00000000
   0.020    30     8     2     2     1     1    -0.00229788
   0.020    30     9     2     2     2    -1     0.00256074
   0.020    30    10     2     2     2     1     0.00000000
   0.020    30    11     3     3     0     1    -0.00000000
   0.020    30    12     3     3     1    -1    -0.00000000
   0.020    30    13     3     1     0     1    -0.00000000
   0.020    30    14     3     1     1    -1    -0.00000000
   0.020    30    15     3     3     1     1    -0.00000000
   0.020    30    16     3     3     2    -1    -0.00000000
   0.020    30    17     3     1     1     1     0.00000000
   0.020    30    18     3     3     2     1    -0.00000000
   0.020    30    19     3     3     3    -1    -0.00000000
   0.020    30    20     3     3     3     1     0.00000000
   0.020    30    21     4     4     0     1    -0.00000000
   0.020    30    22     4     4     1    -1     0.00000000
   0.020    30    23     4     2     0     1    -0.00000000
   0.020    30    24     4     2     1    -1    -0.00000000
   0.020    30    25     4     0     0     1     0.00000000
   0.020    30    26     4     4     1     1     0.57000350
   0.020    30    27     4     4     2    -1    -0.82161133
   0.020    30    28     4     2     1     1    -0.00071688
   0.020    30    29     4     2     2    -1    -0.00041917
   0.020    30    30     4     4     2     1    -0.00000000
   0.020    30    31     4     4     3    -1    -0.00000000
   0.020    30    32     4     2     2     1     0.00000000
   0.020    30    33     4     4     3     1     0.00000000
   0.020    30    34     4     4     4    -1    -0.00000000
   0.020    30    35     4     4     4     1    -0.00000000
   0.020    30    36     5     5     0     1    -0.00000000
   0.020    30    37     5     5     1    -1     0.00000000
   0.020    30    38     5     3     0     1     0.00000000
   0.020    30    39     5     3     1    -1    -0.00000000
   0.020    30    40     5     1     0     1    -0.00000000
   0.020    30    41     5     1     1    -1     0.00000000
   0.020    30    42     5     5     1     1    -0.00000000
   0.020    30    43     5     5     2    -1     0.00000000
   0.020    30    44     5     3     1     1     0.00000000
   0.020    30    45     5     3     2    -1    -0.00000000
   0.020    30    46     5     1     1     1     0.00000000
   0.020    30    47     5     5     2     1     0.00000000
   0.020    30    48     5     5     3    -1    -0.00000000
   0.020    30    49     5     3     2     1     0.00000000
   0.020    30    50     5     3     3    -1    -0.00000000
   0.020    30    51     5     5     3     1    -0.00000000
   0.020    30    52     5     5     4    -1    -0.00000000
   0.020    30    53     5     3     3     1    -0.00000000
   0.020    30    54     5     5     4     1    -0.00000000
   0.020    30    55     5     5     5    -1    -0.00000000
   0.020    30    56     5     5     5     1     0.00000000
   0.020    30    57     6     6     0     1    -0.00000000
   0.020    30    58     6     6     1    -1     0.00000000
   0.020    30    59     6     4     0     1    -0.00000000
   0.020    30    60     6     4     1    -1    -0.00000000
   0.020    30    61     6     2     0     1    -0.00000000
   0.020    30    62     6     2     1    -1     0.00000000
   0.020    30    63     6     0     0     1    -0.00000000
   0.020    30    64     6     6     1     1     0.00312349
   0.020    30    65     6     6     2    -1    -0.00405673
   0.020    30    66     6     4     1     1     0.00217454
   0.020    30    67     6     4     2    -1    -0.00119545
   0.020    30    68     6     2     1     1     0.00178552
   0.020    30    69     6     2     2    -1    -0.00165592
   0.020    30    70     6     6     2     1    -0.00000000
   0.020    30    71     6     6     3    -1     0.00000000
   0.020    30    72     6     4     2     1     0.00000000
   0.020    30    73     6     4     3    -1     0.00000000
   0.020    30    74     6     2     2     1    -0.00000000
   0.020    30    75     6     6     3     1    -0.00000000
   0.020    30    76     6     6     4    -1    -0.00000000
   0.020    30    77     6     4     3     1    -0.00000000
   0.020    30    78     6     4     4    -1     0.00000000
   0.020    30    79     6     6     4     1     0.00000000
   0.020    30    80     6     6     5    -1     0.00000000
   0.020    30    81     6     4     4     1    -0.00000000
   0.020    30    82     6     6     5     1     0.00000000
   0.020    30    83     6     6     6    -1    -0.00000000
   0.020    30    84     6     6     6     1     0.00000000
   0.020    30    85     7     7     0     1    -0.00000000
   0.020    30    86     7     7     1    -1     0.00000000
   0.020    30    87     7     5     0     1     0.00000000
   0.020    30    88     7     5     1    -1     0.00000000
   0.020    30    89     7     3     0     1    -0.00000000
   0.020    30    90     7     3     1    -1    -0.00000000
   0.020    30    91     7     1     0     1    -0.00000000
   0.020    30    92     7     1     1    -1    -0.00000000
   0.020    30    93     7     7     1     1    -0.00000000
   0.020    30    94     7     7     2    -1    -0.00000000
   0.020    30    95     7     5     1     1    -0.00000000
   0.020    30    96     7     5     2    -1     0.00000000
   0.020    30    97     7     3     1     1     0.00000000
   0.020    30    98     7     3     2    -1     0.00000000
   0.020    30    99     7     1     1     1    -0.00000000
   0.020    30   100     7     7     2     1     0.00000000
   0.020    30   101     7     7     3    -1    -0.00000000
   0.020    30   102     7     5     2     1     0.00000000
   0.020    30   103     7     5     3    -1    -0.00000000
   0.020    30   104     7     3     2     1     0.00000000
   0.020    30   105     7     3     3    -1     0.00000000
   0.020    30   106     7     7     3     1     0.00000000
   0.020    30   107     7     7     4    -1     0.00000000
   0.020    30   108     7     5     3     1    -0.00000000
   0.020    30   109     7     5     4    -1     0.00000000
   0.020    30   110     7     3     3     1    -0.00000000
   0.020    30   111     7     7     4     1     0.00000000
   0.020    30   112     7     7     5    -1     0.00000000
   0.020    30   113     7     5     4     1     0.00000000
   0.020    30   114     7     5     5    -1     0.00000000
   0.020    30   115     7     7     5     1    -0.00000000
   0.020    30   116     7     7     6    -1    -0.00000000
   0.020    30   117     7     5     5     1    -0.00000000
   0.020    30   118     7     7     6     1     0.00000000
   0.020    30   119     7     7     7    -1     0.00000000
   0.020    30   120     7     7     7     1     0.00000000
   0.020    31     1     0     0     0     1     0.00000000
   0.020    31     2     1     1     0     1    -0.00000000
   0.020    31     3     1     1     1    -1    -0.00000000
   0.020    31     4     1     1     1     1    -0.00000000
   0.020    31     5     2     2     0     1     0.00000000
   0.020    31     6     2     2     1    -1     0.00000000
   0.020    31     7     2     0     0     1     0.00000000
   0.020    31     8     2     2     1     1    -0.00000000
   0.020    31     9     2     2     2    -1    -0.00000000
   0.020    31    10     2     2     2     1     0.00120536
   0.020    31    11     3     3     0     1     0.00000000
   0.020    31    12     3     3     1    -1    -0.00000000
   0.020    31    13     3     1     0     1    -0.00000000
   0.020    31    14     3     1     1    -1    -0.00000000
   0.020    31    15     3     3     1     1    -0.00000000
   0.020    31    16     3     3     2    -1    -0.00000000
   0.020    31    17     3     1     1     1     0.00000000
   0.020    31    18     3     3     2     1     0.00000000
   0.020    31    19     3     3     3    -1    -0.00000000
   0.020    31    20     3     3     3     1    -0.00000000
   0.020    31    21     4     4     0     1     0.00000000
   0.020    31    22     4     4     1    -1     0.00000000
   0.020    31    23     4     2     0     1    -0.00000000
   0.020    31    24     4     2     1    -1    -0.00000000
   0.020    31    25     4     0     0     1     0.00000000
   0.020    31    26     4     4     1     1    -0.00000000
   0.020    31    27     4     4     2    -1    -0.00000000
   0.020    31    28     4     2     1     1     0.00000000
   0.020    31    29     4     2     2    -1     0.00000000
   0.020    31    30     4     4     2     1    -0.45991305
   0.020    31    31     4     4     3    -1     0.88795072
   0.020    31    32     4     2     2     1     0.00036549
   0.020    31    33     4     4     3     1    -0.00000000
   0.020    31    34     4     4     4    -1     0.00000000
   0.020    31    35     4     4     4     1    -0.00000000
   0.020    31    36     5     5     0     1    -0.00000000
   0.020    31    37     5     5     1    -1     0.00000000
   0.020    31    38     5     3     0     1    -0.00000000
   0.020    31    39     5     3     1    -1    -0.00000000
   0.020    31    40     5     1     0     1     0.00000000
   0.020    31    41     5     1     1    -1     0.00000000
   0.020    31    42     5     5     1     1    -0.00000000
   0.020    31    43     5     5     2    -1     0.00000000
   0.020    31    44     5     3     1     1     0.00000000
   0.020    31    45     5     3     2    -1     0.00000000
   0.020    31    46     5     1     1     1     0.00000000
   0.020    31    47     5     5     2     1    -0.00000000
   0.020    31    48     5     5     3    -1     0.00000000
   0.020    31    49     5     3     2     1    -0.00000000
   0.020    31    50     5     3     3    -1     0.00000000
   0.020    31    51     5     5     3     1     0.00000000
   0.020    31    52     5     5     4    -1     0.00000000
   0.020    31    53     5     3     3     1     0.00000000
   0.020    31    54     5     5     4     1     0.00000000
   0.020    31    55     5     5     5    -1     0.00000000
   0.020    31    56     5     5     5     1    -0.00000000
   0.020    31    57     6     6     0     1    -0.00000000
   0.020    31    58     6     6     1    -1     0.00000000
   0.020    31    59     6     4     0     1     0.00000000
   0.020    31    60     6     4     1    -1     0.00000000
   0.020    31    61     6     2     0     1    -0.00000000
   0.020    31    62     6     2     1    -1    -0.00000000
   0.020    31    63     6     0     0     1     0.00000000
   0.020    31    64     6     6     1     1     0.00000000
   0.020    31    65     6     6     2    -1    -0.00000000
   0.020    31    66     6     4     1     1    -0.00000000
   0.020    31    67     6     4     2    -1    -0.00000000
   0.020    31    68     6     2     1     1     0.00000000
   0.020    31    69     6     2     2    -1    -0.00000000
   0.020    31    70     6     6     2     1    -0.00225292
   0.020    31    71     6     6     3    -1     0.00353076
   0.020    31    72     6     4     2     1    -0.00107454
   0.020    31    73     6     4     3    -1    -0.00142999
   0.020    31    74     6     2     2     1    -0.00108028
   0.020    31    75     6     6     3     1    -0.00000000
   0.020    31    76     6     6     4    -1     0.00000000
   0.020    31    77     6     4     3     1     0.00000000
   0.020    31    78     6     4     4    -1     0.00000000
   0.020    31    79     6     6     4     1    -0.00000000
   0.020    31    80     6     6     5    -1    -0.00000000
   0.020    31    81     6     4     4     1    -0.00000000
   0.020    31    82     6     6     5     1    -0.00000000
   0.020    31    83     6     6     6    -1    -0.00000000
   0.020    31    84     6     6     6     1    -0.00000000
   0.020    31    85     7     7     0     1    -0.00000000
   0.020    31    86     7     7     1    -1    -0.00000000
   0.020    31    87     7     5     0     1     0.00000000
   0.020    31    88     7     5     1    -1    -0.00000000
   0.020    31    89     7     3     0     1    -0.00000000
   0.020    31    90     7     3     1    -1    -0.00000000
   0.020    31    91     7     1     0     1    -0.00000000
   0.020    31    92     7     1     1    -1    -0.00000000
   0.020    31    93     7     7     1     1    -0.00000000
   0.020    31    94     7     7     2    -1    -0.00000000
   0.020    31    95     7     5     1     1    -0.00000000
   0.020    31    96     7     5     2    -1     0.00000000
   0.020    31    97     7     3     1     1     0.00000000
   0.020    31    98     7     3     2    -1     0.00000000
   0.020    31    99     7     1     1     1    -0.00000000
   0.020    31   100     7     7     2     1     0.00000000
   0.020    31   101     7     7     3    -1    -0.00000000
   0.020    31   102     7     5     2     1    -0.00000000
   0.020    31   103     7     5     3    -1    -0.00000000
   0.020    31   104     7     3     2     1    -0.00000000
   0.020    31   105     7     3     3    -1     0.00000000
   0.020    31   106     7     7     3     1    -0.00000000
   0.020    31   107     7     7     4    -1    -0.00000000
   0.020    31   108     7     5     3     1     0.00000000
   0.020    31   109     7     5     4    -1    -0.00000000
   0.020    31   110     7     3     3     1     0.00000000
   0.020    31   111     7     7     4     1    -0.00000000
   0.020    31   112     7     7     5    -1    -0.00000000
   0.020    31   113     7     5     4     1    -0.00000000
   0.020    31   114     7     5     5    -1    -0.00000000
   0.020    31   115     7     7     5     1     0.00000000
   0.020    31   116     7     7     6    -1     0.00000000
   0.020    31   117     7     5     5     1     0.00000000
   0.020    31   118     7     7     6     1     0.00000000
   0.020    31   119     7     7     7    -1     0.00000000
   0.020    31   120     7     7     7     1     0.00000000
   0.020    32     1     0     0     0     1    -0.00000000
   0.020    32     2     1     1     0     1    -0.00000000
   0.020    32     3     1     1     1    -1     0.00000000
   0.020    32     4     1     1     1     1    -0.00000000
   0.020    32     5     2     2     0     1    -0.00000000
   0.020    32     6     2     2     1    -1     0.00000000
   0.020    32     7     2     0     0     1    -0.00000000
   0.020    32     8     2     2     1     1    -0.00000000
   0.020    32     9     2     2     2    -1     0.00000000
   0.020    32    10     2     2     2     1    -0.00000000
   0.020    32    11     3     3     0     1     0.00000000
   0.020    32    12     3     3     1    -1     0.00000000
   0.020    32    13     3     1     0     1    -0.00000000
   0.020    32    14     3     1     1    -1    -0.00000000
   0.020    32    15     3     3     1     1    -0.00000000
   0.020    32    16     3     3     2    -1    -0.00000000
   0.020    32    17     3     1     1     1     0.00000000
   0.020    32    18     3     3     2     1    -0.00000000
   0.020    32    19     3     3     3    -1    -0.00000000
   0.020    32    20     3     3     3     1    -0.00000000
   0.020    32    21     4     4     0     1    -0.00000000
   0.020    32    22     4     4     1    -1    -0.00000000
   0.020    32    23     4     2     0     1    -0.00000000
   0.020    32    24     4     2     1    -1    -0.00000000
   0.020    32    25     4     0     0     1    -0.00000000
   0.020    32    26     4     4     1     1    -0.00000000
   0.020    32    27     4     4     2    -1    -0.00000000
   0.020    32    28     4     2     1     1    -0.00000000
   0.020    32    29     4     2     2    -1    -0.00000000
   0.020    32    30     4     4     2     1     0.00000000
   0.020    32    31     4     4     3    -1    -0.00000000
   0.020    32    32     4     2     2     1    -0.00000000
   0.020    32    33     4     4     3     1    -0.32060308
   0.020    32    34     4     4     4    -1     0.94719377
   0.020    32    35     4     4     4     1    -0.00000000
   0.020    32    36     5     5     0     1    -0.00000000
   0.020    32    37     5     5     1    -1    -0.00000000
   0.020    32    38     5     3     0     1     0.00000000
   0.020    32    39     5     3     1    -1     0.00000000
   0.020    32    40     5     1     0     1     0.00000000
   0.020    32    41     5     1     1    -1     0.00000000
   0.020    32    42     5     5     1     1     0.00000000
   0.020    32    43     5     5     2    -1    -0.00000000
   0.020    32    44     5     3     1     1     0.00000000
   0.020    32    45     5     3     2    -1    -0.00000000
   0.020    32    46     5     1     1     1     0.00000000
   0.020    32    47     5     5     2     1     0.00000000
   0.020    32    48     5     5     3    -1    -0.00000000
   0.020    32    49     5     3     2     1    -0.00000000
   0.020    32    50     5     3     3    -1    -0.00000000
   0.020    32    51     5     5     3     1     0.00000000
   0.020    32    52     5     5     4    -1     0.00000000
   0.020    32    53     5     3     3     1     0.00000000
   0.020    32    54     5     5     4     1     0.00000000
   0.020    32    55     5     5     5    -1     0.00000000
   0.020    32    56     5     5     5     1    -0.00000000
   0.020    32    57     6     6     0     1    -0.00000000
   0.020    32    58     6     6     1    -1     0.00000000
   0.020    32    59     6     4     0     1     0.00000000
   0.020    32    60     6     4     1    -1     0.00000000
   0.020    32    61     6     2     0     1    -0.00000000
   0.020    32    62     6     2     1    -1    -0.00000000
   0.020    32    63     6     0     0     1     0.00000000
   0.020    32    64     6     6     1     1    -0.00000000
   0.020    32    65     6     6     2    -1    -0.00000000
   0.020    32    66     6     4     1     1     0.00000000
   0.020    32    67     6     4     2    -1    -0.00000000
   0.020    32    68     6     2     1     1     0.00000000
   0.020    32    69     6     2     2    -1    -0.00000000
   0.020    32    70     6     6     2     1    -0.00000000
   0.020    32    71     6     6     3    -1    -0.00000000
   0.020    32    72     6     4     2     1    -0.00000000
   0.020    32    73     6     4     3    -1    -0.00000000
   0.020    32    74     6     2     2     1     0.00000000
   0.020    32    75     6     6     3     1    -0.00125966
   0.020    32    76     6     6     4    -1     0.00244424
   0.020    32    77     6     4     3     1     0.00008579
   0.020    32    78     6     4     4    -1    -0.00548301
   0.020    32    79     6     6     4     1     0.00000000
   0.020    32    80     6     6     5    -1     0.00000000
   0.020    32    81     6     4     4     1    -0.00000000
   0.020    32    82     6     6     5     1     0.00000000
   0.020    32    83     6     6     6    -1    -0.00000000
   0.020    32    84     6     6     6     1     0.00000000
   0.020    32    85     7     7     0     1     0.00000000
   0.020    32    86     7     7     1    -1     0.00000000
   0.020    32    87     7     5     0     1     0.00000000
   0.020    32    88     7     5     1    -1     0.00000000
   0.020    32    89     7     3     0     1     0.00000000
   0.020    32    90     7     3     1    -1     0.00000000
   0.020    32    91     7     1     0     1     0.00000000
   0.020    32    92     7     1     1    -1     0.00000000
   0.020    32    93     7     7     1     1     0.00000000
   0.020    32    94     7     7     2    -1    -0.00000000
   0.020    32    95     7     5     1     1    -0.00000000
   0.020    32    96     7     5     2    -1    -0.00000000
   0.020    32    97     7     3     1     1    -0.00000000
   0.020    32    98     7     3     2    -1     0.00000000
   0.020    32    99     7     1     1     1     0.00000000
   0.020    32   100     7     7     2     1     0.00000000
   0.020    32   101     7     7     3    -1     0.00000000
   0.020    32   102     7     5     2     1    -0.00000000
   0.020    32   103     7     5     3    -1    -0.00000000
   0.020    32   104     7     3     2     1     0.00000000
   0.020    32   105     7     3     3    -1     0.00000000
   0.020    32   106     7     7     3     1    -0.00000000
   0.020    32   107     7     7     4    -1    -0.00000000
   0.020    32   108     7     5     3     1     0.00000000
   0.020    32   109     7     5     4    -1    -0.00000000
   0.020    32   110     7     3     3     1     0.00000000
   0.020    32   111     7     7     4     1    -0.00000000
   0.020    32   112     7     7     5    -1    -0.00000000
   0.020    32   113     7     5     4     1    -0.00000000
   0.020    32   114     7     5     5    -1    -0.00000000
   0.020    32   115     7     7     5     1     0.00000000
   0.020    32   116     7     7     6    -1     0.00000000
   0.020    32   117     7     5     5     1     0.00000000
   0.020    32   118     7     7     6     1     0.00000000
   0.020    32   119     7     7     7    -1     0.00000000
   0.020    32   120     7     7     7     1     0.00000000
   0.020    33     1     0     0     0     1     0.00000738
   0.020    33     2     1     1     0     1     0.00000000
   0.020    33     3     1     1     1    -1    -0.00000000
   0.020    33     4     1     1     1     1    -0.00000000
   0.020    33     5     2     2     0     1    -0.00442854
   0.020    33     6     2     2     1    -1     0.00043556
   0.020    33     7     2     0     0     1    -0.00046320
   0.020    33     8     2     2     1     1     0.00000000
   0.020    33     9     2     2     2    -1     0.00000000
   0.020    33    10     2     2     2     1    -0.00000000
   0.020    33    11     3     3     0     1     0.00000000
   0.020    33    12     3     3     1    -1     0.00000000
   0.020    33    13     3     1     0     1    -0.00000000
   0.020    33    14     3     1     1    -1     0.00000000
   0.020    33    15     3     3     1     1    -0.00000000
   0.020    33    16     3     3     2    -1     0.00000000
   0.020    33    17     3     1     1     1    -0.00000000
   0.020    33    18     3     3     2     1     0.00000000
   0.020    33    19     3     3     3    -1     0.00000000
   0.020    33    20     3     3     3     1    -0.00000000
   0.020    33    21     4     4     0     1    -0.00014683
   0.020    33    22     4     4     1    -1     0.00007518
   0.020    33    23     4     2     0     1     0.06780501
   0.020    33    24     4     2     1    -1    -0.08710262
   0.020    33    25     4     0     0     1     0.99381451
   0.020    33    26     4     4     1     1    -0.00000000
   0.020    33    27     4     4     2    -1     0.00000000
   0.020    33    28     4     2     1     1    -0.00000000
   0.020    33    29     4     2     2    -1     0.00000000
   0.020    33    30     4     4     2     1    -0.00000000
   0.020    33    31     4     4     3    -1    -0.00000000
   0.020    33    32     4     2     2     1    -0.00000000
   0.020    33    33     4     4     3     1    -0.00000000
   0.020    33    34     4     4     4    -1     0.00000000
   0.020    33    35     4     4     4     1    -0.00000000
   0.020    33    36     5     5     0     1     0.00000000
   0.020    33    37     5     5     1    -1    -0.00000000
   0.020    33    38     5     3     0     1     0.00000000
   0.020    33    39     5     3     1    -1     0.00000000
   0.020    33    40     5     1     0     1    -0.00000000
   0.020    33    41     5     1     1    -1     0.00000000
   0.020    33    42     5     5     1     1     0.00000000
   0.020    33    43     5     5     2    -1    -0.00000000
   0.020    33    44     5     3     1     1     0.00000000
   0.020    33    45     5     3     2    -1    -0.00000000
   0.020    33    46     5     1     1     1    -0.00000000
   0.020    33    47     5     5     2     1     0.00000000
   0.020    33    48     5     5     3    -1     0.00000000
   0.020    33    49     5     3     2     1    -0.00000000
   0.020    33    50     5     3     3    -1     0.00000000
   0.020    33    51     5     5     3     1     0.00000000
   0.020    33    52     5     5     4    -1     0.00000000
   0.020    33    53     5     3     3     1     0.00000000
   0.020    33    54     5     5     4     1     0.00000000
   0.020    33    55     5     5     5    -1    -0.00000000
   0.020    33    56     5     5     5     1    -0.00000000
   0.020    33    57     6     6     0     1    -0.00000122
   0.020    33    58     6     6     1    -1     0.00000025
   0.020    33    59     6     4     0     1     0.00055530
   0.020    33    60     6     4     1    -1    -0.00066058
   0.020    33    61     6     2     0     1     0.01127346
   0.020    33    62     6     2     1    -1     0.00046472
   0.020    33    63     6     0     0     1     0.00049509
   0.020    33    64     6     6     1     1     0.00000000
   0.020    33    65     6     6     2    -1     0.00000000
   0.020    33    66     6     4     1     1    -0.00000000
   0.020    33    67     6     4     2    -1    -0.00000000
   0.020    33    68     6     2     1     1    -0.00000000
   0.020    33    69     6     2     2    -1     0.00000000
   0.020    33    70     6     6     2     1    -0.00000000
   0.020    33    71     6     6     3    -1     0.00000000
   0.020    33    72     6     4     2     1     0.00000000
   0.020    33    73     6     4     3    -1     0.00000000
   0.020    33    74     6     2     2     1     0.00000000
   0.020    33    75     6     6     3     1    -0.00000000
   0.020    33    76     6     6     4    -1    -0.00000000
   0.020    33    77     6     4     3     1    -0.00000000
   0.020    33    78     6     4     4    -1    -0.00000000
   0.020    33    79     6     6     4     1     0.00000000
   0.020    33    80     6     6     5    -1    -0.00000000
   0.020    33    81     6     4     4     1    -0.00000000
   0.020    33    82     6     6     5     1     0.00000000
   0.020    33    83     6     6     6    -1     0.00000000
   0.020    33    84     6     6     6     1    -0.00000000
   0.020    33    85     7     7     0     1    -0.00000000
   0.020    33    86     7     7     1    -1    -0.00000000
   0.020    33    87     7     5     0     1     0.00000000
   0.020    33    88     7     5     1    -1    -0.00000000
   0.020    33    89     7     3     0     1     0.00000000
   0.020    33    90     7     3     1    -1     0.00000000
   0.020    33    91     7     1     0     1     0.00000000
   0.020    33    92     7     1     1    -1    -0.00000000
   0.020    33    93     7     7     1     1    -0.00000000
   0.020    33    94     7     7     2    -1    -0.00000000
   0.020    33    95     7     5     1     1     0.00000000
   0.020    33    96     7     5     2    -1    -0.00000000
   0.020    33    97     7     3     1     1    -0.00000000
   0.020    33    98     7     3     2    -1    -0.00000000
   0.020    33    99     7     1     1     1     0.00000000
   0.020    33   100     7     7     2     1    -0.00000000
   0.020    33   101     7     7     3    -1    -0.00000000
   0.020    33   102     7     5     2     1     0.00000000
   0.020    33   103     7     5     3    -1     0.00000000
   0.020    33   104     7     3     2     1     0.00000000
   0.020    33   105     7     3     3    -1     0.00000000
   0.020    33   106     7     7     3     1    -0.00000000
   0.020    33   107     7     7     4    -1    -0.00000000
   0.020    33   108     7     5     3     1     0.00000000
   0.020    33   109     7     5     4    -1    -0.00000000
   0.020    33   110     7     3     3     1     0.00000000
   0.020    33   111     7     7     4     1    -0.00000000
   0.020    33   112     7     7     5    -1    -0.00000000
   0.020    33   113     7     5     4     1     0.00000000
   0.020    33   114     7     5     5    -1    -0.00000000
   0.020    33   115     7     7     5     1     0.00000000
   0.020    33   116     7     7     6    -1     0.00000000
   0.020    33   117     7     5     5     1    -0.00000000
   0.020    33   118     7     7     6     1     0.00000000
   0.020    33   119     7     7     7    -1     0.00000000
   0.020    33   120     7     7     7     1     0.00000000
   0.020    34     1     0     0     0     1     0.00000300
   0.020    34     2     1     1     0     1    -0.00000000
   0.020    34     3     1     1     1    -1     0.00000000
   0.020    34     4     1     1     1     1     0.00000000
   0.020    34     5     2     2     0     1    -0.00179860
   0.020    34     6     2     2     1    -1     0.00153653
   0.020    34     7     2     0     0     1    -0.00418442
   0.020    34     8     2     2     1     1    -0.00000000
   0.020    34     9     2     2     2    -1    -0.00000000
   0.020    34    10     2     2     2     1    -0.00000000
   0.020    34    11     3     3     0     1    -0.00000000
   0.020    34    12     3     3     1    -1    -0.00000000
   0.020    34    13     3     1     0     1    -0.00000000
   0.020    34    14     3     1     1    -1     0.00000000
   0.020    34    15     3     3     1     1    -0.00000000
   0.020    34    16     3     3     2    -1    -0.00000000
   0.020    34    17     3     1     1     1     0.00000000
   0.020    34    18     3     3     2     1    -0.00000000
   0.020    34    19     3     3     3    -1    -0.00000000
   0.020    34    20     3     3     3     1     0.00000000
   0.020    34    21     4     4     0     1    -0.00019708
   0.020    34    22     4     4     1    -1     0.00021303
   0.020    34    23     4     2     0     1     0.61268557
   0.020    34    24     4     2     1    -1    -0.78250044
   0.020    34    25     4     0     0     1    -0.11043035
   0.020    34    26     4     4     1     1     0.00000000
   0.020    34    27     4     4     2    -1    -0.00000000
   0.020    34    28     4     2     1     1     0.00000000
   0.020    34    29     4     2     2    -1    -0.00000000
   0.020    34    30     4     4     2     1    -0.00000000
   0.020    34    31     4     4     3    -1    -0.00000000
   0.020    34    32     4     2     2     1    -0.00000000
   0.020    34    33     4     4     3     1    -0.00000000
   0.020    34    34     4     4     4    -1     0.00000000
   0.020    34    35     4     4     4     1     0.00000000
   0.020    34    36     5     5     0     1    -0.00000000
   0.020    34    37     5     5     1    -1     0.00000000
   0.020    34    38     5     3     0     1     0.00000000
   0.020    34    39     5     3     1    -1     0.00000000
   0.020    34    40     5     1     0     1     0.00000000
   0.020    34    41     5     1     1    -1    -0.00000000
   0.020    34    42     5     5     1     1    -0.00000000
   0.020    34    43     5     5     2    -1     0.00000000
   0.020    34    44     5     3     1     1    -0.00000000
   0.020    34    45     5     3     2    -1     0.00000000
   0.020    34    46     5     1     1     1     0.00000000
   0.020    34    47     5     5     2     1     0.00000000
   0.020    34    48     5     5     3    -1     0.00000000
   0.020    34    49     5     3     2     1     0.00000000
   0.020    34    50     5     3     3    -1    -0.00000000
   0.020    34    51     5     5     3     1    -0.00000000
   0.020    34    52     5     5     4    -1    -0.00000000
   0.020    34    53     5     3     3     1    -0.00000000
   0.020    34    54     5     5     4     1    -0.00000000
   0.020    34    55     5     5     5    -1     0.00000000
   0.020    34    56     5     5     5     1     0.00000000
   0.020    34    57     6     6     0     1    -0.00000132
   0.020    34    58     6     6     1    -1     0.00000133
   0.020    34    59     6     4     0     1     0.00503070
   0.020    34    60     6     4     1    -1    -0.00593238
   0.020    34    61     6     2     0     1     0.00246337
   0.020    34    62     6     2     1    -1    -0.00219318
   0.020    34    63     6     0     0     1     0.00447471
   0.020    34    64     6     6     1     1     0.00000000
   0.020    34    65     6     6     2    -1     0.00000000
   0.020    34    66     6     4     1     1     0.00000000
   0.020    34    67     6     4     2    -1    -0.00000000
   0.020    34    68     6     2     1     1    -0.00000000
   0.020    34    69     6     2     2    -1     0.00000000
   0.020    34    70     6     6     2     1    -0.00000000
   0.020    34    71     6     6     3    -1     0.00000000
   0.020    34    72     6     4     2     1     0.00000000
   0.020    34    73     6     4     3    -1     0.00000000
   0.020    34    74     6     2     2     1     0.00000000
   0.020    34    75     6     6     3     1     0.00000000
   0.020    34    76     6     6     4    -1    -0.00000000
   0.020    34    77     6     4     3     1     0.00000000
   0.020    34    78     6     4     4    -1    -0.00000000
   0.020    34    79     6     6     4     1    -0.00000000
   0.020    34    80     6     6     5    -1    -0.00000000
   0.020    34    81     6     4     4     1    -0.00000000
   0.020    34    82     6     6     5     1     0.00000000
   0.020    34    83     6     6     6    -1    -0.00000000
   0.020    34    84     6     6     6     1    -0.00000000
   0.020    34    85     7     7     0     1     0.00000000
   0.020    34    86     7     7     1    -1     0.00000000
   0.020    34    87     7     5     0     1     0.00000000
   0.020    34    88     7     5     1    -1     0.00000000
   0.020    34    89     7     3     0     1     0.00000000
   0.020    34    90     7     3     1    -1     0.00000000
   0.020    34    91     7     1     0     1     0.00000000
   0.020    34    92     7     1     1    -1     0.00000000
   0.020    34    93     7     7     1     1     0.00000000
   0.020    34    94     7     7     2    -1     0.00000000
   0.020    34    95     7     5     1     1    -0.00000000
   0.020    34    96     7     5     2    -1     0.00000000
   0.020    34    97     7     3     1     1     0.00000000
   0.020    34    98     7     3     2    -1     0.00000000
   0.020    34    99     7     1     1     1    -0.00000000
   0.020    34   100     7     7     2     1    -0.00000000
   0.020    34   101     7     7     3    -1    -0.00000000
   0.020    34   102     7     5     2     1     0.00000000
   0.020    34   103     7     5     3    -1     0.00000000
   0.020    34   104     7     3     2     1     0.00000000
   0.020    34   105     7     3     3    -1     0.00000000
   0.020    34   106     7     7     3     1     0.00000000
   0.020    34   107     7     7     4    -1     0.00000000
   0.020    34   108     7     5     3     1    -0.00000000
   0.020    34   109     7     5     4    -1     0.00000000
   0.020    34   110     7     3     3     1    -0.00000000
   0.020    34   111     7     7     4     1     0.00000000
   0.020    34   112     7     7     5    -1     0.00000000
   0.020    34   113     7     5     4     1    -0.00000000
   0.020    34   114     7     5     5    -1     0.00000000
   0.020    34   115     7     7     5     1    -0.00000000
   0.020    34   116     7     7     6    -1    -0.00000000
   0.020    34   117     7     5     5     1     0.00000000
   0.020    34   118     7     7     6     1     0.00000000
   0.020    34   119     7     7     7    -1     0.00000000
   0.020    34   120     7     7     7     1     0.00000000
   0.020    35     1     0     0     0     1    -0.00000000
   0.020    35     2     1     1     0     1     0.00000000
   0.020    35     3     1     1     1    -1     0.00000000
   0.020    35     4     1     1     1     1    -0.00000000
   0.020    35     5     2     2     0     1    -0.00000000
   0.020    35     6     2     2     1    -1    -0.00000000
   0.020    35     7     2     0     0     1     0.00000000
   0.020    35     8     2     2     1     1     0.00052971
   0.020    35     9     2     2     2    -1     0.00337159
   0.020    35    10     2     2     2     1     0.00000000
   0.020    35    11     3     3     0     1     0.00000000
   0.020    35    12     3     3     1    -1     0.00000000
   0.020    35    13     3     1     0     1     0.00000000
   0.020    35    14     3     1     1    -1     0.00000000
   0.020    35    15     3     3     1     1     0.00000000
   0.020    35    16     3     3     2    -1     0.00000000
   0.020    35    17     3     1     1     1     0.00000000
   0.020    35    18     3     3     2     1    -0.00000000
   0.020    35    19     3     3     3    -1    -0.00000000
   0.020    35    20     3     3     3     1     0.00000000
   0.020    35    21     4     4     0     1    -0.00000000
   0.020    35    22     4     4     1    -1    -0.00000000
   0.020    35    23     4     2     0     1     0.00000000
   0.020    35    24     4     2     1    -1    -0.00000000
   0.020    35    25     4     0     0     1    -0.00000000
   0.020    35    26     4     4     1     1     0.00007425
   0.020    35    27     4     4     2    -1    -0.00006039
   0.020    35    28     4     2     1     1    -0.40499467
   0.020    35    29     4     2     2    -1     0.91427672
   0.020    35    30     4     4     2     1     0.00000000
   0.020    35    31     4     4     3    -1    -0.00000000
   0.020    35    32     4     2     2     1     0.00000000
   0.020    35    33     4     4     3     1     0.00000000
   0.020    35    34     4     4     4    -1    -0.00000000
   0.020    35    35     4     4     4     1    -0.00000000
   0.020    35    36     5     5     0     1    -0.00000000
   0.020    35    37     5     5     1    -1     0.00000000
   0.020    35    38     5     3     0     1     0.00000000
   0.020    35    39     5     3     1    -1    -0.00000000
   0.020    35    40     5     1     0     1    -0.00000000
   0.020    35    41     5     1     1    -1     0.00000000
   0.020    35    42     5     5     1     1     0.00000000
   0.020    35    43     5     5     2    -1    -0.00000000
   0.020    35    44     5     3     1     1    -0.00000000
   0.020    35    45     5     3     2    -1     0.00000000
   0.020    35    46     5     1     1     1     0.00000000
   0.020    35    47     5     5     2     1     0.00000000
   0.020    35    48     5     5     3    -1     0.00000000
   0.020    35    49     5     3     2     1     0.00000000
   0.020    35    50     5     3     3    -1    -0.00000000
   0.020    35    51     5     5     3     1    -0.00000000
   0.020    35    52     5     5     4    -1    -0.00000000
   0.020    35    53     5     3     3     1    -0.00000000
   0.020    35    54     5     5     4     1    -0.00000000
   0.020    35    55     5     5     5    -1     0.00000000
   0.020    35    56     5     5     5     1    -0.00000000
   0.020    35    57     6     6     0     1    -0.00000000
   0.020    35    58     6     6     1    -1     0.00000000
   0.020    35    59     6     4     0     1     0.00000000
   0.020    35    60     6     4     1    -1    -0.00000000
   0.020    35    61     6     2     0     1    -0.00000000
   0.020    35    62     6     2     1    -1    -0.00000000
   0.020    35    63     6     0     0     1     0.00000000
   0.020    35    64     6     6     1     1     0.00000060
   0.020    35    65     6     6     2    -1    -0.00000026
   0.020    35    66     6     4     1     1    -0.00301773
   0.020    35    67     6     4     2    -1     0.00498461
   0.020    35    68     6     2     1     1    -0.00161182
   0.020    35    69     6     2     2    -1    -0.00540353
   0.020    35    70     6     6     2     1     0.00000000
   0.020    35    71     6     6     3    -1     0.00000000
   0.020    35    72     6     4     2     1    -0.00000000
   0.020    35    73     6     4     3    -1    -0.00000000
   0.020    35    74     6     2     2     1    -0.00000000
   0.020    35    75     6     6     3     1     0.00000000
   0.020    35    76     6     6     4    -1     0.00000000
   0.020    35    77     6     4     3     1    -0.00000000
   0.020    35    78     6     4     4    -1    -0.00000000
   0.020    35    79     6     6     4     1    -0.00000000
   0.020    35    80     6     6     5    -1    -0.00000000
   0.020    35    81     6     4     4     1     0.00000000
   0.020    35    82     6     6     5     1    -0.00000000
   0.020    35    83     6     6     6    -1    -0.00000000
   0.020    35    84     6     6     6     1     0.00000000
   0.020    35    85     7     7     0     1     0.00000000
   0.020    35    86     7     7     1    -1     0.00000000
   0.020    35    87     7     5     0     1     0.00000000
   0.020    35    88     7     5     1    -1     0.00000000
   0.020    35    89     7     3     0     1    -0.00000000
   0.020    35    90     7     3     1    -1     0.00000000
   0.020    35    91     7     1     0     1     0.00000000
   0.020    35    92     7     1     1    -1    -0.00000000
   0.020    35    93     7     7     1     1    -0.00000000
   0.020    35    94     7     7     2    -1    -0.00000000
   0.020    35    95     7     5     1     1     0.00000000
   0.020    35    96     7     5     2    -1    -0.00000000
   0.020    35    97     7     3     1     1    -0.00000000
   0.020    35    98     7     3     2    -1    -0.00000000
   0.020    35    99     7     1     1     1    -0.00000000
   0.020    35   100     7     7     2     1    -0.00000000
   0.020    35   101     7     7     3    -1    -0.00000000
   0.020    35   102     7     5     2     1     0.00000000
   0.020    35   103     7     5     3    -1    -0.00000000
   0.020    35   104     7     3     2     1     0.00000000
   0.020    35   105     7     3     3    -1     0.00000000
   0.020    35   106     7     7     3     1     0.00000000
   0.020    35   107     7     7     4    -1     0.00000000
   0.020    35   108     7     5     3     1    -0.00000000
   0.020    35   109     7     5     4    -1     0.00000000
   0.020    35   110     7     3     3     1    -0.00000000
   0.020    35   111     7     7     4     1     0.00000000
   0.020    35   112     7     7     5    -1    -0.00000000
   0.020    35   113     7     5     4     1    -0.00000000
   0.020    35   114     7     5     5    -1     0.00000000
   0.020    35   115     7     7     5     1     0.00000000
   0.020    35   116     7     7     6    -1     0.00000000
   0.020    35   117     7     5     5     1     0.00000000
   0.020    35   118     7     7     6     1     0.00000000
   0.020    35   119     7     7     7    -1     0.00000000
   0.020    35   120     7     7     7     1     0.00000000
   0.020    36     1     0     0     0     1    -0.00000000
   0.020    36     2     1     1     0     1    -0.00000966
   0.020    36     3     1     1     1    -1    -0.00000686
   0.020    36     4     1     1     1     1    -0.00000000
   0.020    36     5     2     2     0     1    -0.00000000
   0.020    36     6     2     2     1    -1     0.00000000
   0.020    36     7     2     0     0     1     0.00000000
   0.020    36     8     2     2     1     1     0.00000000
   0.020    36     9     2     2     2    -1     0.00000000
   0.020    36    10     2     2     2     1    -0.00000000
   0.020    36    11     3     3     0     1     0.00434729
   0.020    36    12     3     3     1    -1     0.00375847
   0.020    36    13     3     1     0     1     0.00000115
   0.020    36    14     3     1     1    -1     0.00000057
   0.020    36    15     3     3     1     1    -0.00000000
   0.020    36    16     3     3     2    -1    -0.00000000
   0.020    36    17     3     1     1     1    -0.00000000
   0.020    36    18     3     3     2     1     0.00000000
   0.020    36    19     3     3     3    -1    -0.00000000
   0.020    36    20     3     3     3     1    -0.00000000
   0.020    36    21     4     4     0     1     0.00000000
   0.020    36    22     4     4     1    -1     0.00000000
   0.020    36    23     4     2     0     1    -0.00000000
   0.020    36    24     4     2     1    -1     0.00000000
   0.020    36    25     4     0     0     1     0.00000000
   0.020    36    26     4     4     1     1     0.00000000
   0.020    36    27     4     4     2    -1     0.00000000
   0.020    36    28     4     2     1     1    -0.00000000
   0.020    36    29     4     2     2    -1     0.00000000
   0.020    36    30     4     4     2     1    -0.00000000
   0.020    36    31     4     4     3    -1    -0.00000000
   0.020    36    32     4     2     2     1    -0.00000000
   0.020    36    33     4     4     3     1     0.00000000
   0.020    36    34     4     4     4    -1    -0.00000000
   0.020    36    35     4     4     4     1     0.00000000
   0.020    36    36     5     5     0     1    -0.73986926
   0.020    36    37     5     5     1    -1    -0.67267551
   0.020    36    38     5     3     0     1    -0.00008015
   0.020    36    39     5     3     1    -1    -0.00006678
   0.020    36    40     5     1     0     1    -0.00001040
   0.020    36    41     5     1     1    -1    -0.00000685
   0.020    36    42     5     5     1     1    -0.00000000
   0.020    36    43     5     5     2    -1     0.00000000
   0.020    36    44     5     3     1     1     0.00000000
   0.020    36    45     5     3     2    -1    -0.00000000
   0.020    36    46     5     1     1     1     0.00000000
   0.020    36    47     5     5     2     1    -0.00000000
   0.020    36    48     5     5     3    -1     0.00000000
   0.020    36    49     5     3     2     1     0.00000000
   0.020    36    50     5     3     3    -1     0.00000000
   0.020    36    51     5     5     3     1    -0.00000000
   0.020    36    52     5     5     4    -1     0.00000000
   0.020    36    53     5     3     3     1    -0.00000000
   0.020    36    54     5     5     4     1     0.00000000
   0.020    36    55     5     5     5    -1     0.00000000
   0.020    36    56     5     5     5     1    -0.00000000
   0.020    36    57     6     6     0     1    -0.00000000
   0.020    36    58     6     6     1    -1     0.00000000
   0.020    36    59     6     4     0     1    -0.00000000
   0.020    36    60     6     4     1    -1    -0.00000000
   0.020    36    61     6     2     0     1    -0.00000000
   0.020    36    62     6     2     1    -1    -0.00000000
   0.020    36    63     6     0     0     1     0.00000000
   0.020    36    64     6     6     1     1     0.00000000
   0.020    36    65     6     6     2    -1     0.00000000
   0.020    36    66     6     4     1     1     0.00000000
   0.020    36    67     6     4     2    -1     0.00000000
   0.020    36    68     6     2     1     1     0.00000000
   0.020    36    69     6     2     2    -1    -0.00000000
   0.020    36    70     6     6     2     1    -0.00000000
   0.020    36    71     6     6     3    -1    -0.00000000
   0.020    36    72     6     4     2     1     0.00000000
   0.020    36    73     6     4     3    -1    -0.00000000
   0.020    36    74     6     2     2     1     0.00000000
   0.020    36    75     6     6     3     1    -0.00000000
   0.020    36    76     6     6     4    -1    -0.00000000
   0.020    36    77     6     4     3     1     0.00000000
   0.020    36    78     6     4     4    -1     0.00000000
   0.020    36    79     6     6     4     1    -0.00000000
   0.020    36    80     6     6     5    -1    -0.00000000
   0.020    36    81     6     4     4     1    -0.00000000
   0.020    36    82     6     6     5     1     0.00000000
   0.020    36    83     6     6     6    -1     0.00000000
   0.020    36    84     6     6     6     1    -0.00000000
   0.020    36    85     7     7     0     1    -0.00493659
   0.020    36    86     7     7     1    -1    -0.00445676
   0.020    36    87     7     5     0     1    -0.00308867
   0.020    36    88     7     5     1    -1    -0.00258353
   0.020    36    89     7     3     0     1    -0.00209750
   0.020    36    90     7     3     1    -1    -0.00180519
   0.020    36    91     7     1     0     1    -0.00000044
   0.020    36    92     7     1     1    -1    -0.00000022
   0.020    36    93     7     7     1     1     0.00000000
   0.020    36    94     7     7     2    -1    -0.00000000
   0.020    36    95     7     5     1     1    -0.00000000
   0.020    36    96     7     5     2    -1    -0.00000000
   0.020    36    97     7     3     1     1     0.00000000
   0.020    36    98     7     3     2    -1     0.00000000
   0.020    36    99     7     1     1     1    -0.00000000
   0.020    36   100     7     7     2     1    -0.00000000
   0.020    36   101     7     7     3    -1    -0.00000000
   0.020    36   102     7     5     2     1     0.00000000
   0.020    36   103     7     5     3    -1     0.00000000
   0.020    36   104     7     3     2     1    -0.00000000
   0.020    36   105     7     3     3    -1     0.00000000
   0.020    36   106     7     7     3     1    -0.00000000
   0.020    36   107     7     7     4    -1     0.00000000
   0.020    36   108     7     5     3     1    -0.00000000
   0.020    36   109     7     5     4    -1    -0.00000000
   0.020    36   110     7     3     3     1     0.00000000
   0.020    36   111     7     7     4     1    -0.00000000
   0.020    36   112     7     7     5    -1    -0.00000000
   0.020    36   113     7     5     4     1    -0.00000000
   0.020    36   114     7     5     5    -1    -0.00000000
   0.020    36   115     7     7     5     1     0.00000000
   0.020    36   116     7     7     6    -1     0.00000000
   0.020    36   117     7     5     5     1     0.00000000
   0.020    36   118     7     7     6     1     0.00000000
   0.020    36   119     7     7     7    -1     0.00000000
   0.020    36   120     7     7     7     1     0.00000000
   0.020    37     1     0     0     0     1     0.00000000
   0.020    37     2     1     1     0     1    -0.00000000
   0.020    37     3     1     1     1    -1     0.00000000
   0.020    37     4     1     1     1     1     0.00000815
   0.020    37     5     2     2     0     1     0.00000000
   0.020    37     6     2     2     1    -1     0.00000000
   0.020    37     7     2     0     0     1     0.00000000
   0.020    37     8     2     2     1     1     0.00000000
   0.020    37     9     2     2     2    -1    -0.00000000
   0.020    37    10     2     2     2     1     0.00000000
   0.020    37    11     3     3     0     1     0.00000000
   0.020    37    12     3     3     1    -1    -0.00000000
   0.020    37    13     3     1     0     1    -0.00000000
   0.020    37    14     3     1     1    -1    -0.00000000
   0.020    37    15     3     3     1     1    -0.00446775
   0.020    37    16     3     3     2    -1    -0.00281153
   0.020    37    17     3     1     1     1    -0.00000064
   0.020    37    18     3     3     2     1    -0.00000000
   0.020    37    19     3     3     3    -1     0.00000000
   0.020    37    20     3     3     3     1    -0.00000000
   0.020    37    21     4     4     0     1    -0.00000000
   0.020    37    22     4     4     1    -1    -0.00000000
   0.020    37    23     4     2     0     1     0.00000000
   0.020    37    24     4     2     1    -1    -0.00000000
   0.020    37    25     4     0     0     1     0.00000000
   0.020    37    26     4     4     1     1     0.00000000
   0.020    37    27     4     4     2    -1     0.00000000
   0.020    37    28     4     2     1     1     0.00000000
   0.020    37    29     4     2     2    -1     0.00000000
   0.020    37    30     4     4     2     1     0.00000000
   0.020    37    31     4     4     3    -1     0.00000000
   0.020    37    32     4     2     2     1     0.00000000
   0.020    37    33     4     4     3     1    -0.00000000
   0.020    37    34     4     4     4    -1    -0.00000000
   0.020    37    35     4     4     4     1    -0.00000000
   0.020    37    36     5     5     0     1     0.00000000
   0.020    37    37     5     5     1    -1     0.00000000
   0.020    37    38     5     3     0     1    -0.00000000
   0.020    37    39     5     3     1    -1    -0.00000000
   0.020    37    40     5     1     0     1    -0.00000000
   0.020    37    41     5     1     1    -1     0.00000000
   0.020    37    42     5     5     1     1     0.80118712
   0.020    37    43     5     5     2    -1     0.59834168
   0.020    37    44     5     3     1     1     0.00007386
   0.020    37    45     5     3     2    -1     0.00004133
   0.020    37    46     5     1     1     1     0.00000819
   0.020    37    47     5     5     2     1    -0.00000000
   0.020    37    48     5     5     3    -1    -0.00000000
   0.020    37    49     5     3     2     1    -0.00000000
   0.020    37    50     5     3     3    -1     0.00000000
   0.020    37    51     5     5     3     1     0.00000000
   0.020    37    52     5     5     4    -1    -0.00000000
   0.020    37    53     5     3     3     1    -0.00000000
   0.020    37    54     5     5     4     1     0.00000000
   0.020    37    55     5     5     5    -1     0.00000000
   0.020    37    56     5     5     5     1    -0.00000000
   0.020    37    57     6     6     0     1    -0.00000000
   0.020    37    58     6     6     1    -1    -0.00000000
   0.020    37    59     6     4     0     1    -0.00000000
   0.020    37    60     6     4     1    -1    -0.00000000
   0.020    37    61     6     2     0     1    -0.00000000
   0.020    37    62     6     2     1    -1    -0.00000000
   0.020    37    63     6     0     0     1     0.00000000
   0.020    37    64     6     6     1     1     0.00000000
   0.020    37    65     6     6     2    -1     0.00000000
   0.020    37    66     6     4     1     1     0.00000000
   0.020    37    67     6     4     2    -1     0.00000000
   0.020    37    68     6     2     1     1     0.00000000
   0.020    37    69     6     2     2    -1     0.00000000
   0.020    37    70     6     6     2     1     0.00000000
   0.020    37    71     6     6     3    -1     0.00000000
   0.020    37    72     6     4     2     1     0.00000000
   0.020    37    73     6     4     3    -1    -0.00000000
   0.020    37    74     6     2     2     1     0.00000000
   0.020    37    75     6     6     3     1     0.00000000
   0.020    37    76     6     6     4    -1     0.00000000
   0.020    37    77     6     4     3     1     0.00000000
   0.020    37    78     6     4     4    -1    -0.00000000
   0.020    37    79     6     6     4     1     0.00000000
   0.020    37    80     6     6     5    -1    -0.00000000
   0.020    37    81     6     4     4     1     0.00000000
   0.020    37    82     6     6     5     1     0.00000000
   0.020    37    83     6     6     6    -1     0.00000000
   0.020    37    84     6     6     6     1    -0.00000000
   0.020    37    85     7     7     0     1    -0.00000000
   0.020    37    86     7     7     1    -1     0.00000000
   0.020    37    87     7     5     0     1    -0.00000000
   0.020    37    88     7     5     1    -1    -0.00000000
   0.020    37    89     7     3     0     1     0.00000000
   0.020    37    90     7     3     1    -1    -0.00000000
   0.020    37    91     7     1     0     1    -0.00000000
   0.020    37    92     7     1     1    -1    -0.00000000
   0.020    37    93     7     7     1     1     0.00515619
   0.020    37    94     7     7     2    -1     0.00376822
   0.020    37    95     7     5     1     1     0.00296161
   0.020    37    96     7     5     2    -1     0.00161346
   0.020    37    97     7     3     1     1     0.00215050
   0.020    37    98     7     3     2    -1     0.00133501
   0.020    37    99     7     1     1     1     0.00000024
   0.020    37   100     7     7     2     1     0.00000000
   0.020    37   101     7     7     3    -1     0.00000000
   0.020    37   102     7     5     2     1    -0.00000000
   0.020    37   103     7     5     3    -1    -0.00000000
   0.020    37   104     7     3     2     1     0.00000000
   0.020    37   105     7     3     3    -1    -0.00000000
   0.020    37   106     7     7     3     1    -0.00000000
   0.020    37   107     7     7     4    -1     0.00000000
   0.020    37   108     7     5     3     1    -0.00000000
   0.020    37   109     7     5     4    -1    -0.00000000
   0.020    37   110     7     3     3     1     0.00000000
   0.020    37   111     7     7     4     1    -0.00000000
   0.020    37   112     7     7     5    -1    -0.00000000
   0.020    37   113     7     5     4     1    -0.00000000
   0.020    37   114     7     5     5    -1    -0.00000000
   0.020    37   115     7     7     5     1     0.00000000
   0.020    37   116     7     7     6    -1     0.00000000
   0.020    37   117     7     5     5     1     0.00000000
   0.020    37   118     7     7     6     1     0.00000000
   0.020    37   119     7     7     7    -1     0.00000000
   0.020    37   120     7     7     7     1     0.00000000
   0.020    38     1     0     0     0     1    -0.00000000
   0.020    38     2     1     1     0     1     0.00000000
   0.020    38     3     1     1     1    -1     0.00000000
   0.020    38     4     1     1     1     1    -0.00000000
   0.020    38     5     2     2     0     1     0.00000000
   0.020    38     6     2     2     1    -1     0.00000000
   0.020    38     7     2     0     0     1    -0.00000000
   0.020    38     8     2     2     1     1     0.00000000
   0.020    38     9     2     2     2    -1     0.00000000
   0.020    38    10     2     2     2     1     0.00000000
   0.020    38    11     3     3     0     1     0.00000000
   0.020    38    12     3     3     1    -1    -0.00000000
   0.020    38    13     3     1     0     1     0.00000000
   0.020    38    14     3     1     1    -1    -0.00000000
   0.020    38    15     3     3     1     1    -0.00000000
   0.020    38    16     3     3     2    -1     0.00000000
   0.020    38    17     3     1     1     1     0.00000000
   0.020    38    18     3     3     2     1    -0.00401296
   0.020    38    19     3     3     3    -1    -0.00162512
   0.020    38    20     3     3     3     1     0.00000000
   0.020    38    21     4     4     0     1     0.00000000
   0.020    38    22     4     4     1    -1     0.00000000
   0.020    38    23     4     2     0     1    -0.00000000
   0.020    38    24     4     2     1    -1    -0.00000000
   0.020    38    25     4     0     0     1     0.00000000
   0.020    38    26     4     4     1     1     0.00000000
   0.020    38    27     4     4     2    -1     0.00000000
   0.020    38    28     4     2     1     1    -0.00000000
   0.020    38    29     4     2     2    -1    -0.00000000
   0.020    38    30     4     4     2     1    -0.00000000
   0.020    38    31     4     4     3    -1    -0.00000000
   0.020    38    32     4     2     2     1    -0.00000000
   0.020    38    33     4     4     3     1     0.00000000
   0.020    38    34     4     4     4    -1     0.00000000
   0.020    38    35     4     4     4     1    -0.00000000
   0.020    38    36     5     5     0     1     0.00000000
   0.020    38    37     5     5     1    -1     0.00000000
   0.020    38    38     5     3     0     1     0.00000000
   0.020    38    39     5     3     1    -1     0.00000000
   0.020    38    40     5     1     0     1    -0.00000000
   0.020    38    41     5     1     1    -1    -0.00000000
   0.020    38    42     5     5     1     1     0.00000000
   0.020    38    43     5     5     2    -1     0.00000000
   0.020    38    44     5     3     1     1    -0.00000000
   0.020    38    45     5     3     2    -1    -0.00000000
   0.020    38    46     5     1     1     1    -0.00000000
   0.020    38    47     5     5     2     1     0.85740218
   0.020    38    48     5     5     3    -1     0.51458706
   0.020    38    49     5     3     2     1     0.00004927
   0.020    38    50     5     3     3    -1     0.00001588
   0.020    38    51     5     5     3     1     0.00000000
   0.020    38    52     5     5     4    -1    -0.00000000
   0.020    38    53     5     3     3     1    -0.00000000
   0.020    38    54     5     5     4     1     0.00000000
   0.020    38    55     5     5     5    -1     0.00000000
   0.020    38    56     5     5     5     1    -0.00000000
   0.020    38    57     6     6     0     1     0.00000000
   0.020    38    58     6     6     1    -1     0.00000000
   0.020    38    59     6     4     0     1    -0.00000000
   0.020    38    60     6     4     1    -1    -0.00000000
   0.020    38    61     6     2     0     1    -0.00000000
   0.020    38    62     6     2     1    -1     0.00000000
   0.020    38    63     6     0     0     1    -0.00000000
   0.020    38    64     6     6     1     1     0.00000000
   0.020    38    65     6     6     2    -1     0.00000000
   0.020    38    66     6     4     1     1    -0.00000000
   0.020    38    67     6     4     2    -1    -0.00000000
   0.020    38    68     6     2     1     1     0.00000000
   0.020    38    69     6     2     2    -1     0.00000000
   0.020    38    70     6     6     2     1    -0.00000000
   0.020    38    71     6     6     3    -1    -0.00000000
   0.020    38    72     6     4     2     1    -0.00000000
   0.020    38    73     6     4     3    -1     0.00000000
   0.020    38    74     6     2     2     1    -0.00000000
   0.020    38    75     6     6     3     1     0.00000000
   0.020    38    76     6     6     4    -1     0.00000000
   0.020    38    77     6     4     3     1    -0.00000000
   0.020    38    78     6     4     4    -1    -0.00000000
   0.020    38    79     6     6     4     1    -0.00000000
   0.020    38    80     6     6     5    -1    -0.00000000
   0.020    38    81     6     4     4     1     0.00000000
   0.020    38    82     6     6     5     1    -0.00000000
   0.020    38    83     6     6     6    -1     0.00000000
   0.020    38    84     6     6     6     1    -0.00000000
   0.020    38    85     7     7     0     1    -0.00000000
   0.020    38    86     7     7     1    -1     0.00000000
   0.020    38    87     7     5     0     1    -0.00000000
   0.020    38    88     7     5     1    -1    -0.00000000
   0.020    38    89     7     3     0     1     0.00000000
   0.020    38    90     7     3     1    -1    -0.00000000
   0.020    38    91     7     1     0     1    -0.00000000
   0.020    38    92     7     1     1    -1    -0.00000000
   0.020    38    93     7     7     1     1     0.00000000
   0.020    38    94     7     7     2    -1    -0.00000000
   0.020    38    95     7     5     1     1    -0.00000000
   0.020    38    96     7     5     2    -1    -0.00000000
   0.020    38    97     7     3     1     1    -0.00000000
   0.020    38    98     7     3     2    -1     0.00000000
   0.020    38    99     7     1     1     1     0.00000000
   0.020    38   100     7     7     2     1     0.00506901
   0.020    38   101     7     7     3    -1     0.00292940
   0.020    38   102     7     5     2     1     0.00206425
   0.020    38   103     7     5     3    -1     0.00038438
   0.020    38   104     7     3     2     1     0.00191381
   0.020    38   105     7     3     3    -1     0.00075765
   0.020    38   106     7     7     3     1    -0.00000000
   0.020    38   107     7     7     4    -1    -0.00000000
   0.020    38   108     7     5     3     1    -0.00000000
   0.020    38   109     7     5     4    -1    -0.00000000
   0.020    38   110     7     3     3     1     0.00000000
   0.020    38   111     7     7     4     1    -0.00000000
   0.020    38   112     7     7     5    -1    -0.00000000
   0.020    38   113     7     5     4     1    -0.00000000
   0.020    38   114     7     5     5    -1    -0.00000000
   0.020    38   115     7     7     5     1     0.00000000
   0.020    38   116     7     7     6    -1     0.00000000
   0.020    38   117     7     5     5     1     0.00000000
   0.020    38   118     7     7     6     1     0.00000000
   0.020    38   119     7     7     7    -1     0.00000000
   0.020    38   120     7     7     7     1     0.00000000
   0.020    39     1     0     0     0     1    -0.00000000
   0.020    39     2     1     1     0     1    -0.00000000
   0.020    39     3     1     1     1    -1    -0.00000000
   0.020    39     4     1     1     1     1     0.00000000
   0.020    39     5     2     2     0     1    -0.00000000
   0.020    39     6     2     2     1    -1     0.00000000
   0.020    39     7     2     0     0     1    -0.00000000
   0.020    39     8     2     2     1     1     0.00000000
   0.020    39     9     2     2     2    -1     0.00000000
   0.020    39    10     2     2     2     1    -0.00000000
   0.020    39    11     3     3     0     1     0.00000000
   0.020    39    12     3     3     1    -1    -0.00000000
   0.020    39    13     3     1     0     1     0.00000000
   0.020    39    14     3     1     1    -1    -0.00000000
   0.020    39    15     3     3     1     1     0.00000000
   0.020    39    16     3     3     2    -1    -0.00000000
   0.020    39    17     3     1     1     1     0.00000000
   0.020    39    18     3     3     2     1    -0.00000000
   0.020    39    19     3     3     3    -1     0.00000000
   0.020    39    20     3     3     3     1     0.00285371
   0.020    39    21     4     4     0     1    -0.00000000
   0.020    39    22     4     4     1    -1     0.00000000
   0.020    39    23     4     2     0     1    -0.00000000
   0.020    39    24     4     2     1    -1     0.00000000
   0.020    39    25     4     0     0     1    -0.00000000
   0.020    39    26     4     4     1     1     0.00000000
   0.020    39    27     4     4     2    -1     0.00000000
   0.020    39    28     4     2     1     1     0.00000000
   0.020    39    29     4     2     2    -1    -0.00000000
   0.020    39    30     4     4     2     1    -0.00000000
   0.020    39    31     4     4     3    -1    -0.00000000
   0.020    39    32     4     2     2     1     0.00000000
   0.020    39    33     4     4     3     1    -0.00000000
   0.020    39    34     4     4     4    -1    -0.00000000
   0.020    39    35     4     4     4     1    -0.00000000
   0.020    39    36     5     5     0     1     0.00000000
   0.020    39    37     5     5     1    -1     0.00000000
   0.020    39    38     5     3     0     1     0.00000000
   0.020    39    39     5     3     1    -1    -0.00000000
   0.020    39    40     5     1     0     1     0.00000000
   0.020    39    41     5     1     1    -1     0.00000000
   0.020    39    42     5     5     1     1     0.00000000
   0.020    39    43     5     5     2    -1    -0.00000000
   0.020    39    44     5     3     1     1     0.00000000
   0.020    39    45     5     3     2    -1     0.00000000
   0.020    39    46     5     1     1     1     0.00000000
   0.020    39    47     5     5     2     1     0.00000000
   0.020    39    48     5     5     3    -1     0.00000000
   0.020    39    49     5     3     2     1     0.00000000
   0.020    39    50     5     3     3    -1     0.00000000
   0.020    39    51     5     5     3     1    -0.90903167
   0.020    39    52     5     5     4    -1    -0.41668359
   0.020    39    53     5     3     3     1    -0.00001788
   0.020    39    54     5     5     4     1    -0.00000000
   0.020    39    55     5     5     5    -1     0.00000000
   0.020    39    56     5     5     5     1     0.00000000
   0.020    39    57     6     6     0     1    -0.00000000
   0.020    39    58     6     6     1    -1     0.00000000
   0.020    39    59     6     4     0     1     0.00000000
   0.020    39    60     6     4     1    -1     0.00000000
   0.020    39    61     6     2     0     1    -0.00000000
   0.020    39    62     6     2     1    -1     0.00000000
   0.020    39    63     6     0     0     1     0.00000000
   0.020    39    64     6     6     1     1     0.00000000
   0.020    39    65     6     6     2    -1     0.00000000
   0.020    39    66     6     4     1     1     0.00000000
   0.020    39    67     6     4     2    -1     0.00000000
   0.020    39    68     6     2     1     1     0.00000000
   0.020    39    69     6     2     2    -1     0.00000000
   0.020    39    70     6     6     2     1    -0.00000000
   0.020    39    71     6     6     3    -1    -0.00000000
   0.020    39    72     6     4     2     1     0.00000000
   0.020    39    73     6     4     3    -1    -0.00000000
   0.020    39    74     6     2     2     1    -0.00000000
   0.020    39    75     6     6     3     1    -0.00000000
   0.020    39    76     6     6     4    -1     0.00000000
   0.020    39    77     6     4     3     1    -0.00000000
   0.020    39    78     6     4     4    -1     0.00000000
   0.020    39    79     6     6     4     1     0.00000000
   0.020    39    80     6     6     5    -1     0.00000000
   0.020    39    81     6     4     4     1     0.00000000
   0.020    39    82     6     6     5     1     0.00000000
   0.020    39    83     6     6     6    -1     0.00000000
   0.020    39    84     6     6     6     1     0.00000000
   0.020    39    85     7     7     0     1     0.00000000
   0.020    39    86     7     7     1    -1    -0.00000000
   0.020    39    87     7     5     0     1     0.00000000
   0.020    39    88     7     5     1    -1    -0.00000000
   0.020    39    89     7     3     0     1    -0.00000000
   0.020    39    90     7     3     1    -1    -0.00000000
   0.020    39    91     7     1     0     1     0.00000000
   0.020    39    92     7     1     1    -1     0.00000000
   0.020    39    93     7     7     1     1     0.00000000
   0.020    39    94     7     7     2    -1    -0.00000000
   0.020    39    95     7     5     1     1     0.00000000
   0.020    39    96     7     5     2    -1    -0.00000000
   0.020    39    97     7     3     1     1    -0.00000000
   0.020    39    98     7     3     2    -1    -0.00000000
   0.020    39    99     7     1     1     1    -0.00000000
   0.020    39   100     7     7     2     1     0.00000000
   0.020    39   101     7     7     3    -1    -0.00000000
   0.020    39   102     7     5     2     1    -0.00000000
   0.020    39   103     7     5     3    -1    -0.00000000
   0.020    39   104     7     3     2     1     0.00000000
   0.020    39   105     7     3     3    -1    -0.00000000
   0.020    39   106     7     7     3     1    -0.00463165
   0.020    39   107     7     7     4    -1    -0.00200889
   0.020    39   108     7     5     3     1    -0.00028348
   0.020    39   109     7     5     4    -1     0.00083357
   0.020    39   110     7     3     3     1    -0.00133926
   0.020    39   111     7     7     4     1    -0.00000000
   0.020    39   112     7     7     5    -1    -0.00000000
   0.020    39   113     7     5     4     1     0.00000000
   0.020    39   114     7     5     5    -1    -0.00000000
   0.020    39   115     7     7     5     1     0.00000000
   0.020    39   116     7     7     6    -1     0.00000000
   0.020    39   117     7     5     5     1    -0.00000000
   0.020    39   118     7     7     6     1     0.00000000
   0.020    39   119     7     7     7    -1     0.00000000
   0.020    39   120     7     7     7     1     0.00000000
   0.020    40     1     0     0     0     1    -0.00000000
   0.020    40     2     1     1     0     1     0.00000000
   0.020    40     3     1     1     1    -1    -0.00000000
   0.020    40     4     1     1     1     1    -0.00000000
   0.020    40     5     2     2     0     1    -0.00000000
   0.020    40     6     2     2     1    -1     0.00000000
   0.020    40     7     2     0     0     1    -0.00000000
   0.020    40     8     2     2     1     1     0.00000000
   0.020    40     9     2     2     2    -1    -0.00000000
   0.020    40    10     2     2     2     1    -0.00000000
   0.020    40    11     3     3     0     1    -0.00000000
   0.020    40    12     3     3     1    -1    -0.00000000
   0.020    40    13     3     1     0     1     0.00000000
   0.020    40    14     3     1     1    -1     0.00000000
   0.020    40    15     3     3     1     1    -0.00000000
   0.020    40    16     3     3     2    -1    -0.00000000
   0.020    40    17     3     1     1     1    -0.00000000
   0.020    40    18     3     3     2     1     0.00000000
   0.020    40    19     3     3     3    -1     0.00000000
   0.020    40    20     3     3     3     1     0.00000000
   0.020    40    21     4     4     0     1     0.00000000
   0.020    40    22     4     4     1    -1     0.00000000
   0.020    40    23     4     2     0     1    -0.00000000
   0.020    40    24     4     2     1    -1    -0.00000000
   0.020    40    25     4     0     0     1    -0.00000000
   0.020    40    26     4     4     1     1     0.00000000
   0.020    40    27     4     4     2    -1    -0.00000000
   0.020    40    28     4     2     1     1     0.00000000
   0.020    40    29     4     2     2    -1     0.00000000
   0.020    40    30     4     4     2     1     0.00000000
   0.020    40    31     4     4     3    -1    -0.00000000
   0.020    40    32     4     2     2     1     0.00000000
   0.020    40    33     4     4     3     1    -0.00000000
   0.020    40    34     4     4     4    -1    -0.00000000
   0.020    40    35     4     4     4     1     0.00000000
   0.020    40    36     5     5     0     1    -0.00000000
   0.020    40    37     5     5     1    -1    -0.00000000
   0.020    40    38     5     3     0     1    -0.00000000
   0.020    40    39     5     3     1    -1    -0.00000000
   0.020    40    40     5     1     0     1    -0.00000000
   0.020    40    41     5     1     1    -1    -0.00000000
   0.020    40    42     5     5     1     1    -0.00000000
   0.020    40    43     5     5     2    -1    -0.00000000
   0.020    40    44     5     3     1     1     0.00000000
   0.020    40    45     5     3     2    -1    -0.00000000
   0.020    40    46     5     1     1     1     0.00000000
   0.020    40    47     5     5     2     1    -0.00000000
   0.020    40    48     5     5     3    -1     0.00000000
   0.020    40    49     5     3     2     1    -0.00000000
   0.020    40    50     5     3     3    -1     0.00000000
   0.020    40    51     5     5     3     1    -0.00000000
   0.020    40    52     5     5     4    -1    -0.00000000
   0.020    40    53     5     3     3     1    -0.00000000
   0.020    40    54     5     5     4     1     0.95645514
   0.020    40    55     5     5     5    -1     0.29183765
   0.020    40    56     5     5     5     1     0.00000000
   0.020    40    57     6     6     0     1     0.00000000
   0.020    40    58     6     6     1    -1    -0.00000000
   0.020    40    59     6     4     0     1    -0.00000000
   0.020    40    60     6     4     1    -1    -0.00000000
   0.020    40    61     6     2     0     1    -0.00000000
   0.020    40    62     6     2     1    -1     0.00000000
   0.020    40    63     6     0     0     1    -0.00000000
   0.020    40    64     6     6     1     1    -0.00000000
   0.020    40    65     6     6     2    -1    -0.00000000
   0.020    40    66     6     4     1     1    -0.00000000
   0.020    40    67     6     4     2    -1     0.00000000
   0.020    40    68     6     2     1     1     0.00000000
   0.020    40    69     6     2     2    -1    -0.00000000
   0.020    40    70     6     6     2     1    -0.00000000
   0.020    40    71     6     6     3    -1    -0.00000000
   0.020    40    72     6     4     2     1     0.00000000
   0.020    40    73     6     4     3    -1     0.00000000
   0.020    40    74     6     2     2     1     0.00000000
   0.020    40    75     6     6     3     1     0.00000000
   0.020    40    76     6     6     4    -1     0.00000000
   0.020    40    77     6     4     3     1    -0.00000000
   0.020    40    78     6     4     4    -1    -0.00000000
   0.020    40    79     6     6     4     1    -0.00000000
   0.020    40    80     6     6     5    -1    -0.00000000
   0.020    40    81     6     4     4     1     0.00000000
   0.020    40    82     6     6     5     1     0.00000000
   0.020    40    83     6     6     6    -1    -0.00000000
   0.020    40    84     6     6     6     1     0.00000000
   0.020    40    85     7     7     0     1    -0.00000000
   0.020    40    86     7     7     1    -1    -0.00000000
   0.020    40    87     7     5     0     1    -0.00000000
   0.020    40    88     7     5     1    -1     0.00000000
   0.020    40    89     7     3     0     1     0.00000000
   0.020    40    90     7     3     1    -1    -0.00000000
   0.020    40    91     7     1     0     1     0.00000000
   0.020    40    92     7     1     1    -1    -0.00000000
   0.020    40    93     7     7     1     1    -0.00000000
   0.020    40    94     7     7     2    -1     0.00000000
   0.020    40    95     7     5     1     1     0.00000000
   0.020    40    96     7     5     2    -1     0.00000000
   0.020    40    97     7     3     1     1     0.00000000
   0.020    40    98     7     3     2    -1     0.00000000
   0.020    40    99     7     1     1     1     0.00000000
   0.020    40   100     7     7     2     1    -0.00000000
   0.020    40   101     7     7     3    -1     0.00000000
   0.020    40   102     7     5     2     1     0.00000000
   0.020    40   103     7     5     3    -1    -0.00000000
   0.020    40   104     7     3     2     1    -0.00000000
   0.020    40   105     7     3     3    -1     0.00000000
   0.020    40   106     7     7     3     1    -0.00000000
   0.020    40   107     7     7     4    -1     0.00000000
   0.020    40   108     7     5     3     1     0.00000000
   0.020    40   109     7     5     4    -1    -0.00000000
   0.020    40   110     7     3     3     1     0.00000000
   0.020    40   111     7     7     4     1     0.00379992
   0.020    40   112     7     7     5    -1     0.00109263
   0.020    40   113     7     5     4     1    -0.00247112
   0.020    40   114     7     5     5    -1    -0.00161551
   0.020    40   115     7     7     5     1    -0.00000000
   0.020    40   116     7     7     6    -1    -0.00000000
   0.020    40   117     7     5     5     1    -0.00000000
   0.020    40   118     7     7     6     1     0.00000000
   0.020    40   119     7     7     7    -1     0.00000000
   0.020    40   120     7     7     7     1     0.00000000
   0.020    41     1     0     0     0     1    -0.00000000
   0.020    41     2     1     1     0     1     0.00000000
   0.020    41     3     1     1     1    -1    -0.00000000
   0.020    41     4     1     1     1     1     0.00000000
   0.020    41     5     2     2     0     1    -0.00000000
   0.020    41     6     2     2     1    -1    -0.00000000
   0.020    41     7     2     0     0     1    -0.00000000
   0.020    41     8     2     2     1     1    -0.00000000
   0.020    41     9     2     2     2    -1     0.00000000
   0.020    41    10     2     2     2     1     0.00000000
   0.020    41    11     3     3     0     1    -0.00000000
   0.020    41    12     3     3     1    -1    -0.00000000
   0.020    41    13     3     1     0     1     0.00000000
   0.020    41    14     3     1     1    -1     0.00000000
   0.020    41    15     3     3     1     1    -0.00000000
   0.020    41    16     3     3     2    -1    -0.00000000
   0.020    41    17     3     1     1     1    -0.00000000
   0.020    41    18     3     3     2     1    -0.00000000
   0.020    41    19     3     3     3    -1    -0.00000000
   0.020    41    20     3     3     3     1     0.00000000
   0.020    41    21     4     4     0     1    -0.00000000
   0.020    41    22     4     4     1    -1    -0.00000000
   0.020    41    23     4     2     0     1    -0.00000000
   0.020    41    24     4     2     1    -1    -0.00000000
   0.020    41    25     4     0     0     1    -0.00000000
   0.020    41    26     4     4     1     1     0.00000000
   0.020    41    27     4     4     2    -1    -0.00000000
   0.020    41    28     4     2     1     1    -0.00000000
   0.020    41    29     4     2     2    -1    -0.00000000
   0.020    41    30     4     4     2     1    -0.00000000
   0.020    41    31     4     4     3    -1    -0.00000000
   0.020    41    32     4     2     2     1    -0.00000000
   0.020    41    33     4     4     3     1     0.00000000
   0.020    41    34     4     4     4    -1     0.00000000
   0.020    41    35     4     4     4     1     0.00000000
   0.020    41    36     5     5     0     1     0.00000000
   0.020    41    37     5     5     1    -1    -0.00000000
   0.020    41    38     5     3     0     1     0.00000000
   0.020    41    39     5     3     1    -1    -0.00000000
   0.020    41    40     5     1     0     1     0.00000000
   0.020    41    41     5     1     1    -1     0.00000000
   0.020    41    42     5     5     1     1    -0.00000000
   0.020    41    43     5     5     2    -1     0.00000000
   0.020    41    44     5     3     1     1    -0.00000000
   0.020    41    45     5     3     2    -1    -0.00000000
   0.020    41    46     5     1     1     1    -0.00000000
   0.020    41    47     5     5     2     1    -0.00000000
   0.020    41    48     5     5     3    -1    -0.00000000
   0.020    41    49     5     3     2     1    -0.00000000
   0.020    41    50     5     3     3    -1     0.00000000
   0.020    41    51     5     5     3     1     0.00000000
   0.020    41    52     5     5     4    -1    -0.00000000
   0.020    41    53     5     3     3     1    -0.00000000
   0.020    41    54     5     5     4     1    -0.00000000
   0.020    41    55     5     5     5    -1    -0.00000000
   0.020    41    56     5     5     5     1    -0.99997715
   0.020    41    57     6     6     0     1    -0.00000000
   0.020    41    58     6     6     1    -1    -0.00000000
   0.020    41    59     6     4     0     1    -0.00000000
   0.020    41    60     6     4     1    -1    -0.00000000
   0.020    41    61     6     2     0     1    -0.00000000
   0.020    41    62     6     2     1    -1    -0.00000000
   0.020    41    63     6     0     0     1    -0.00000000
   0.020    41    64     6     6     1     1     0.00000000
   0.020    41    65     6     6     2    -1    -0.00000000
   0.020    41    66     6     4     1     1    -0.00000000
   0.020    41    67     6     4     2    -1    -0.00000000
   0.020    41    68     6     2     1     1     0.00000000
   0.020    41    69     6     2     2    -1    -0.00000000
   0.020    41    70     6     6     2     1     0.00000000
   0.020    41    71     6     6     3    -1     0.00000000
   0.020    41    72     6     4     2     1    -0.00000000
   0.020    41    73     6     4     3    -1    -0.00000000
   0.020    41    74     6     2     2     1     0.00000000
   0.020    41    75     6     6     3     1    -0.00000000
   0.020    41    76     6     6     4    -1     0.00000000
   0.020    41    77     6     4     3     1     0.00000000
   0.020    41    78     6     4     4    -1    -0.00000000
   0.020    41    79     6     6     4     1     0.00000000
   0.020    41    80     6     6     5    -1    -0.00000000
   0.020    41    81     6     4     4     1    -0.00000000
   0.020    41    82     6     6     5     1     0.00000000
   0.020    41    83     6     6     6    -1    -0.00000000
   0.020    41    84     6     6     6     1     0.00000000
   0.020    41    85     7     7     0     1    -0.00000000
   0.020    41    86     7     7     1    -1     0.00000000
   0.020    41    87     7     5     0     1    -0.00000000
   0.020    41    88     7     5     1    -1     0.00000000
   0.020    41    89     7     3     0     1    -0.00000000
   0.020    41    90     7     3     1    -1     0.00000000
   0.020    41    91     7     1     0     1    -0.00000000
   0.020    41    92     7     1     1    -1     0.00000000
   0.020    41    93     7     7     1     1    -0.00000000
   0.020    41    94     7     7     2    -1    -0.00000000
   0.020    41    95     7     5     1     1     0.00000000
   0.020    41    96     7     5     2    -1    -0.00000000
   0.020    41    97     7     3     1     1     0.00000000
   0.020    41    98     7     3     2    -1    -0.00000000
   0.020    41    99     7     1     1     1     0.00000000
   0.020    41   100     7     7     2     1    -0.00000000
   0.020    41   101     7     7     3    -1    -0.00000000
   0.020    41   102     7     5     2     1     0.00000000
   0.020    41   103     7     5     3    -1    -0.00000000
   0.020    41   104     7     3     2     1     0.00000000
   0.020    41   105     7     3     3    -1    -0.00000000
   0.020    41   106     7     7     3     1    -0.00000000
   0.020    41   107     7     7     4    -1     0.00000000
   0.020    41   108     7     5     3     1     0.00000000
   0.020    41   109     7     5     4    -1    -0.00000000
   0.020    41   110     7     3     3     1    -0.00000000
   0.020    41   111     7     7     4     1    -0.00000000
   0.020    41   112     7     7     5    -1     0.00000000
   0.020    41   113     7     5     4     1    -0.00000000
   0.020    41   114     7     5     5    -1    -0.00000000
   0.020    41   115     7     7     5     1    -0.00251105
   0.020    41   116     7     7     6    -1    -0.00030506
   0.020    41   117     7     5     5     1     0.00626897
   0.020    41   118     7     7     6     1     0.00000000
   0.020    41   119     7     7     7    -1     0.00000000
   0.020    41   120     7     7     7     1     0.00000000
   0.020    42     1     0     0     0     1    -0.00000000
   0.020    42     2     1     1     0     1     0.00002060
   0.020    42     3     1     1     1    -1    -0.00000280
   0.020    42     4     1     1     1     1     0.00000000
   0.020    42     5     2     2     0     1    -0.00000000
   0.020    42     6     2     2     1    -1     0.00000000
   0.020    42     7     2     0     0     1     0.00000000
   0.020    42     8     2     2     1     1    -0.00000000
   0.020    42     9     2     2     2    -1     0.00000000
   0.020    42    10     2     2     2     1     0.00000000
   0.020    42    11     3     3     0     1    -0.00304045
   0.020    42    12     3     3     1    -1    -0.00181351
   0.020    42    13     3     1     0     1    -0.00620848
   0.020    42    14     3     1     1    -1    -0.00441386
   0.020    42    15     3     3     1     1    -0.00000000
   0.020    42    16     3     3     2    -1    -0.00000000
   0.020    42    17     3     1     1     1    -0.00000000
   0.020    42    18     3     3     2     1     0.00000000
   0.020    42    19     3     3     3    -1     0.00000000
   0.020    42    20     3     3     3     1     0.00000000
   0.020    42    21     4     4     0     1    -0.00000000
   0.020    42    22     4     4     1    -1     0.00000000
   0.020    42    23     4     2     0     1    -0.00000000
   0.020    42    24     4     2     1    -1    -0.00000000
   0.020    42    25     4     0     0     1    -0.00000000
   0.020    42    26     4     4     1     1    -0.00000000
   0.020    42    27     4     4     2    -1    -0.00000000
   0.020    42    28     4     2     1     1     0.00000000
   0.020    42    29     4     2     2    -1    -0.00000000
   0.020    42    30     4     4     2     1     0.00000000
   0.020    42    31     4     4     3    -1     0.00000000
   0.020    42    32     4     2     2     1     0.00000000
   0.020    42    33     4     4     3     1     0.00000000
   0.020    42    34     4     4     4    -1    -0.00000000
   0.020    42    35     4     4     4     1    -0.00000000
   0.020    42    36     5     5     0     1    -0.00001589
   0.020    42    37     5     5     1    -1    -0.00024803
   0.020    42    38     5     3     0     1     0.76116765
   0.020    42    39     5     3     1    -1     0.64838382
   0.020    42    40     5     1     0     1     0.00018128
   0.020    42    41     5     1     1    -1     0.00011034
   0.020    42    42     5     5     1     1    -0.00000000
   0.020    42    43     5     5     2    -1     0.00000000
   0.020    42    44     5     3     1     1    -0.00000000
   0.020    42    45     5     3     2    -1     0.00000000
   0.020    42    46     5     1     1     1    -0.00000000
   0.020    42    47     5     5     2     1    -0.00000000
   0.020    42    48     5     5     3    -1     0.00000000
   0.020    42    49     5     3     2     1     0.00000000
   0.020    42    50     5     3     3    -1     0.00000000
   0.020    42    51     5     5     3     1    -0.00000000
   0.020    42    52     5     5     4    -1    -0.00000000
   0.020    42    53     5     3     3     1    -0.00000000
   0.020    42    54     5     5     4     1     0.00000000
   0.020    42    55     5     5     5    -1     0.00000000
   0.020    42    56     5     5     5     1    -0.00000000
   0.020    42    57     6     6     0     1     0.00000000
   0.020    42    58     6     6     1    -1     0.00000000
   0.020    42    59     6     4     0     1     0.00000000
   0.020    42    60     6     4     1    -1     0.00000000
   0.020    42    61     6     2     0     1     0.00000000
   0.020    42    62     6     2     1    -1    -0.00000000
   0.020    42    63     6     0     0     1     0.00000000
   0.020    42    64     6     6     1     1    -0.00000000
   0.020    42    65     6     6     2    -1    -0.00000000
   0.020    42    66     6     4     1     1    -0.00000000
   0.020    42    67     6     4     2    -1    -0.00000000
   0.020    42    68     6     2     1     1     0.00000000
   0.020    42    69     6     2     2    -1    -0.00000000
   0.020    42    70     6     6     2     1     0.00000000
   0.020    42    71     6     6     3    -1     0.00000000
   0.020    42    72     6     4     2     1     0.00000000
   0.020    42    73     6     4     3    -1     0.00000000
   0.020    42    74     6     2     2     1     0.00000000
   0.020    42    75     6     6     3     1     0.00000000
   0.020    42    76     6     6     4    -1     0.00000000
   0.020    42    77     6     4     3     1     0.00000000
   0.020    42    78     6     4     4    -1     0.00000000
   0.020    42    79     6     6     4     1    -0.00000000
   0.020    42    80     6     6     5    -1    -0.00000000
   0.020    42    81     6     4     4     1    -0.00000000
   0.020    42    82     6     6     5     1    -0.00000000
   0.020    42    83     6     6     6    -1     0.00000000
   0.020    42    84     6     6     6     1    -0.00000000
   0.020    42    85     7     7     0     1    -0.00000068
   0.020    42    86     7     7     1    -1    -0.00000194
   0.020    42    87     7     5     0     1     0.00760069
   0.020    42    88     7     5     1    -1     0.00633176
   0.020    42    89     7     3     0     1     0.00436896
   0.020    42    90     7     3     1    -1     0.00291310
   0.020    42    91     7     1     0     1     0.00423275
   0.020    42    92     7     1     1    -1     0.00286608
   0.020    42    93     7     7     1     1     0.00000000
   0.020    42    94     7     7     2    -1     0.00000000
   0.020    42    95     7     5     1     1    -0.00000000
   0.020    42    96     7     5     2    -1    -0.00000000
   0.020    42    97     7     3     1     1    -0.00000000
   0.020    42    98     7     3     2    -1     0.00000000
   0.020    42    99     7     1     1     1     0.00000000
   0.020    42   100     7     7     2     1    -0.00000000
   0.020    42   101     7     7     3    -1    -0.00000000
   0.020    42   102     7     5     2     1     0.00000000
   0.020    42   103     7     5     3    -1     0.00000000
   0.020    42   104     7     3     2     1     0.00000000
   0.020    42   105     7     3     3    -1     0.00000000
   0.020    42   106     7     7     3     1     0.00000000
   0.020    42   107     7     7     4    -1     0.00000000
   0.020    42   108     7     5     3     1    -0.00000000
   0.020    42   109     7     5     4    -1     0.00000000
   0.020    42   110     7     3     3     1    -0.00000000
   0.020    42   111     7     7     4     1    -0.00000000
   0.020    42   112     7     7     5    -1    -0.00000000
   0.020    42   113     7     5     4     1    -0.00000000
   0.020    42   114     7     5     5    -1    -0.00000000
   0.020    42   115     7     7     5     1     0.00000000
   0.020    42   116     7     7     6    -1     0.00000000
   0.020    42   117     7     5     5     1     0.00000000
   0.020    42   118     7     7     6     1     0.00000000
   0.020    42   119     7     7     7    -1     0.00000000
   0.020    42   120     7     7     7     1     0.00000000
   0.020    43     1     0     0     0     1    -0.00000000
   0.020    43     2     1     1     0     1     0.00000000
   0.020    43     3     1     1     1    -1    -0.00000000
   0.020    43     4     1     1     1     1     0.00000261
   0.020    43     5     2     2     0     1     0.00000000
   0.020    43     6     2     2     1    -1    -0.00000000
   0.020    43     7     2     0     0     1    -0.00000000
   0.020    43     8     2     2     1     1     0.00000000
   0.020    43     9     2     2     2    -1     0.00000000
   0.020    43    10     2     2     2     1     0.00000000
   0.020    43    11     3     3     0     1    -0.00000000
   0.020    43    12     3     3     1    -1     0.00000000
   0.020    43    13     3     1     0     1     0.00000000
   0.020    43    14     3     1     1    -1     0.00000000
   0.020    43    15     3     3     1     1     0.00265697
   0.020    43    16     3     3     2    -1    -0.00025214
   0.020    43    17     3     1     1     1     0.00580056
   0.020    43    18     3     3     2     1     0.00000000
   0.020    43    19     3     3     3    -1     0.00000000
   0.020    43    20     3     3     3     1    -0.00000000
   0.020    43    21     4     4     0     1     0.00000000
   0.020    43    22     4     4     1    -1     0.00000000
   0.020    43    23     4     2     0     1    -0.00000000
   0.020    43    24     4     2     1    -1    -0.00000000
   0.020    43    25     4     0     0     1     0.00000000
   0.020    43    26     4     4     1     1     0.00000000
   0.020    43    27     4     4     2    -1     0.00000000
   0.020    43    28     4     2     1     1    -0.00000000
   0.020    43    29     4     2     2    -1    -0.00000000
   0.020    43    30     4     4     2     1     0.00000000
   0.020    43    31     4     4     3    -1     0.00000000
   0.020    43    32     4     2     2     1    -0.00000000
   0.020    43    33     4     4     3     1    -0.00000000
   0.020    43    34     4     4     4    -1     0.00000000
   0.020    43    35     4     4     4     1    -0.00000000
   0.020    43    36     5     5     0     1    -0.00000000
   0.020    43    37     5     5     1    -1    -0.00000000
   0.020    43    38     5     3     0     1     0.00000000
   0.020    43    39     5     3     1    -1     0.00000000
   0.020    43    40     5     1     0     1    -0.00000000
   0.020    43    41     5     1     1    -1     0.00000000
   0.020    43    42     5     5     1     1    -0.00015203
   0.020    43    43     5     5     2    -1     0.00042871
   0.020    43    44     5     3     1     1    -0.85660190
   0.020    43    45     5     3     2    -1    -0.51583028
   0.020    43    46     5     1     1     1    -0.00012584
   0.020    43    47     5     5     2     1    -0.00000000
   0.020    43    48     5     5     3    -1     0.00000000
   0.020    43    49     5     3     2     1    -0.00000000
   0.020    43    50     5     3     3    -1     0.00000000
   0.020    43    51     5     5     3     1     0.00000000
   0.020    43    52     5     5     4    -1     0.00000000
   0.020    43    53     5     3     3     1    -0.00000000
   0.020    43    54     5     5     4     1     0.00000000
   0.020    43    55     5     5     5    -1     0.00000000
   0.020    43    56     5     5     5     1    -0.00000000
   0.020    43    57     6     6     0     1     0.00000000
   0.020    43    58     6     6     1    -1     0.00000000
   0.020    43    59     6     4     0     1     0.00000000
   0.020    43    60     6     4     1    -1     0.00000000
   0.020    43    61     6     2     0     1     0.00000000
   0.020    43    62     6     2     1    -1     0.00000000
   0.020    43    63     6     0     0     1    -0.00000000
   0.020    43    64     6     6     1     1     0.00000000
   0.020    43    65     6     6     2    -1     0.00000000
   0.020    43    66     6     4     1     1     0.00000000
   0.020    43    67     6     4     2    -1    -0.00000000
   0.020    43    68     6     2     1     1    -0.00000000
   0.020    43    69     6     2     2    -1     0.00000000
   0.020    43    70     6     6     2     1     0.00000000
   0.020    43    71     6     6     3    -1     0.00000000
   0.020    43    72     6     4     2     1    -0.00000000
   0.020    43    73     6     4     3    -1    -0.00000000
   0.020    43    74     6     2     2     1    -0.00000000
   0.020    43    75     6     6     3     1    -0.00000000
   0.020    43    76     6     6     4    -1    -0.00000000
   0.020    43    77     6     4     3     1     0.00000000
   0.020    43    78     6     4     4    -1     0.00000000
   0.020    43    79     6     6     4     1     0.00000000
   0.020    43    80     6     6     5    -1     0.00000000
   0.020    43    81     6     4     4     1    -0.00000000
   0.020    43    82     6     6     5     1    -0.00000000
   0.020    43    83     6     6     6    -1     0.00000000
   0.020    43    84     6     6     6     1     0.00000000
   0.020    43    85     7     7     0     1     0.00000000
   0.020    43    86     7     7     1    -1    -0.00000000
   0.020    43    87     7     5     0     1    -0.00000000
   0.020    43    88     7     5     1    -1    -0.00000000
   0.020    43    89     7     3     0     1    -0.00000000
   0.020    43    90     7     3     1    -1    -0.00000000
   0.020    43    91     7     1     0     1     0.00000000
   0.020    43    92     7     1     1    -1     0.00000000
   0.020    43    93     7     7     1     1    -0.00000039
   0.020    43    94     7     7     2    -1     0.00000261
   0.020    43    95     7     5     1     1    -0.00799195
   0.020    43    96     7     5     2    -1    -0.00448330
   0.020    43    97     7     3     1     1    -0.00359313
   0.020    43    98     7     3     2    -1    -0.00024672
   0.020    43    99     7     1     1     1    -0.00379248
   0.020    43   100     7     7     2     1     0.00000000
   0.020    43   101     7     7     3    -1     0.00000000
   0.020    43   102     7     5     2     1    -0.00000000
   0.020    43   103     7     5     3    -1    -0.00000000
   0.020    43   104     7     3     2     1    -0.00000000
   0.020    43   105     7     3     3    -1     0.00000000
   0.020    43   106     7     7     3     1    -0.00000000
   0.020    43   107     7     7     4    -1    -0.00000000
   0.020    43   108     7     5     3     1     0.00000000
   0.020    43   109     7     5     4    -1    -0.00000000
   0.020    43   110     7     3     3     1     0.00000000
   0.020    43   111     7     7     4     1    -0.00000000
   0.020    43   112     7     7     5    -1    -0.00000000
   0.020    43   113     7     5     4     1    -0.00000000
   0.020    43   114     7     5     5    -1    -0.00000000
   0.020    43   115     7     7     5     1     0.00000000
   0.020    43   116     7     7     6    -1     0.00000000
   0.020    43   117     7     5     5     1     0.00000000
   0.020    43   118     7     7     6     1     0.00000000
   0.020    43   119     7     7     7    -1     0.00000000
   0.020    43   120     7     7     7     1     0.00000000
   0.020    44     1     0     0     0     1     0.00000000
   0.020    44     2     1     1     0     1    -0.00000000
   0.020    44     3     1     1     1    -1     0.00000000
   0.020    44     4     1     1     1     1     0.00000000
   0.020    44     5     2     2     0     1    -0.00000000
   0.020    44     6     2     2     1    -1     0.00000000
   0.020    44     7     2     0     0     1     0.00000000
   0.020    44     8     2     2     1     1    -0.00000000
   0.020    44     9     2     2     2    -1     0.00000000
   0.020    44    10     2     2     2     1     0.00000000
   0.020    44    11     3     3     0     1     0.00000000
   0.020    44    12     3     3     1    -1     0.00000000
   0.020    44    13     3     1     0     1    -0.00000000
   0.020    44    14     3     1     1    -1     0.00000000
   0.020    44    15     3     3     1     1    -0.00000000
   0.020    44    16     3     3     2    -1     0.00000000
   0.020    44    17     3     1     1     1    -0.00000000
   0.020    44    18     3     3     2     1    -0.00013373
   0.020    44    19     3     3     3    -1     0.00205825
   0.020    44    20     3     3     3     1     0.00000000
   0.020    44    21     4     4     0     1     0.00000000
   0.020    44    22     4     4     1    -1    -0.00000000
   0.020    44    23     4     2     0     1    -0.00000000
   0.020    44    24     4     2     1    -1     0.00000000
   0.020    44    25     4     0     0     1    -0.00000000
   0.020    44    26     4     4     1     1    -0.00000000
   0.020    44    27     4     4     2    -1     0.00000000
   0.020    44    28     4     2     1     1    -0.00000000
   0.020    44    29     4     2     2    -1    -0.00000000
   0.020    44    30     4     4     2     1     0.00000000
   0.020    44    31     4     4     3    -1     0.00000000
   0.020    44    32     4     2     2     1    -0.00000000
   0.020    44    33     4     4     3     1    -0.00000000
   0.020    44    34     4     4     4    -1     0.00000000
   0.020    44    35     4     4     4     1     0.00000000
   0.020    44    36     5     5     0     1     0.00000000
   0.020    44    37     5     5     1    -1     0.00000000
   0.020    44    38     5     3     0     1    -0.00000000
   0.020    44    39     5     3     1    -1    -0.00000000
   0.020    44    40     5     1     0     1     0.00000000
   0.020    44    41     5     1     1    -1     0.00000000
   0.020    44    42     5     5     1     1     0.00000000
   0.020    44    43     5     5     2    -1    -0.00000000
   0.020    44    44     5     3     1     1    -0.00000000
   0.020    44    45     5     3     2    -1    -0.00000000
   0.020    44    46     5     1     1     1     0.00000000
   0.020    44    47     5     5     2     1     0.00017807
   0.020    44    48     5     5     3    -1    -0.00041891
   0.020    44    49     5     3     2     1     0.93574308
   0.020    44    50     5     3     3    -1     0.35258619
   0.020    44    51     5     5     3     1    -0.00000000
   0.020    44    52     5     5     4    -1     0.00000000
   0.020    44    53     5     3     3     1     0.00000000
   0.020    44    54     5     5     4     1    -0.00000000
   0.020    44    55     5     5     5    -1    -0.00000000
   0.020    44    56     5     5     5     1     0.00000000
   0.020    44    57     6     6     0     1     0.00000000
   0.020    44    58     6     6     1    -1     0.00000000
   0.020    44    59     6     4     0     1     0.00000000
   0.020    44    60     6     4     1    -1     0.00000000
   0.020    44    61     6     2     0     1     0.00000000
   0.020    44    62     6     2     1    -1     0.00000000
   0.020    44    63     6     0     0     1    -0.00000000
   0.020    44    64     6     6     1     1    -0.00000000
   0.020    44    65     6     6     2    -1    -0.00000000
   0.020    44    66     6     4     1     1    -0.00000000
   0.020    44    67     6     4     2    -1    -0.00000000
   0.020    44    68     6     2     1     1    -0.00000000
   0.020    44    69     6     2     2    -1    -0.00000000
   0.020    44    70     6     6     2     1     0.00000000
   0.020    44    71     6     6     3    -1     0.00000000
   0.020    44    72     6     4     2     1    -0.00000000
   0.020    44    73     6     4     3    -1    -0.00000000
   0.020    44    74     6     2     2     1     0.00000000
   0.020    44    75     6     6     3     1    -0.00000000
   0.020    44    76     6     6     4    -1    -0.00000000
   0.020    44    77     6     4     3     1     0.00000000
   0.020    44    78     6     4     4    -1    -0.00000000
   0.020    44    79     6     6     4     1     0.00000000
   0.020    44    80     6     6     5    -1     0.00000000
   0.020    44    81     6     4     4     1    -0.00000000
   0.020    44    82     6     6     5     1    -0.00000000
   0.020    44    83     6     6     6    -1     0.00000000
   0.020    44    84     6     6     6     1     0.00000000
   0.020    44    85     7     7     0     1    -0.00000000
   0.020    44    86     7     7     1    -1     0.00000000
   0.020    44    87     7     5     0     1     0.00000000
   0.020    44    88     7     5     1    -1    -0.00000000
   0.020    44    89     7     3     0     1     0.00000000
   0.020    44    90     7     3     1    -1     0.00000000
   0.020    44    91     7     1     0     1    -0.00000000
   0.020    44    92     7     1     1    -1    -0.00000000
   0.020    44    93     7     7     1     1    -0.00000000
   0.020    44    94     7     7     2    -1    -0.00000000
   0.020    44    95     7     5     1     1    -0.00000000
   0.020    44    96     7     5     2    -1    -0.00000000
   0.020    44    97     7     3     1     1    -0.00000000
   0.020    44    98     7     3     2    -1    -0.00000000
   0.020    44    99     7     1     1     1    -0.00000000
   0.020    44   100     7     7     2     1     0.00000072
   0.020    44   101     7     7     3    -1    -0.00000205
   0.020    44   102     7     5     2     1     0.00726148
   0.020    44   103     7     5     3    -1     0.00240842
   0.020    44   104     7     3     2     1    -0.00012961
   0.020    44   105     7     3     3    -1    -0.00220572
   0.020    44   106     7     7     3     1    -0.00000000
   0.020    44   107     7     7     4    -1     0.00000000
   0.020    44   108     7     5     3     1     0.00000000
   0.020    44   109     7     5     4    -1     0.00000000
   0.020    44   110     7     3     3     1    -0.00000000
   0.020    44   111     7     7     4     1     0.00000000
   0.020    44   112     7     7     5    -1     0.00000000
   0.020    44   113     7     5     4     1     0.00000000
   0.020    44   114     7     5     5    -1     0.00000000
   0.020    44   115     7     7     5     1    -0.00000000
   0.020    44   116     7     7     6    -1    -0.00000000
   0.020    44   117     7     5     5     1    -0.00000000
   0.020    44   118     7     7     6     1     0.00000000
   0.020    44   119     7     7     7    -1     0.00000000
   0.020    44   120     7     7     7     1     0.00000000
   0.020    45     1     0     0     0     1    -0.00000000
   0.020    45     2     1     1     0     1     0.00000669
   0.020    45     3     1     1     1    -1    -0.00000596
   0.020    45     4     1     1     1     1     0.00000000
   0.020    45     5     2     2     0     1    -0.00000000
   0.020    45     6     2     2     1    -1    -0.00000000
   0.020    45     7     2     0     0     1     0.00000000
   0.020    45     8     2     2     1     1    -0.00000000
   0.020    45     9     2     2     2    -1     0.00000000
   0.020    45    10     2     2     2     1    -0.00000000
   0.020    45    11     3     3     0     1    -0.00343330
   0.020    45    12     3     3     1    -1     0.00365509
   0.020    45    13     3     1     0     1    -0.00000035
   0.020    45    14     3     1     1    -1     0.00000178
   0.020    45    15     3     3     1     1     0.00000000
   0.020    45    16     3     3     2    -1     0.00000000
   0.020    45    17     3     1     1     1    -0.00000000
   0.020    45    18     3     3     2     1    -0.00000000
   0.020    45    19     3     3     3    -1    -0.00000000
   0.020    45    20     3     3     3     1    -0.00000000
   0.020    45    21     4     4     0     1     0.00000000
   0.020    45    22     4     4     1    -1    -0.00000000
   0.020    45    23     4     2     0     1     0.00000000
   0.020    45    24     4     2     1    -1    -0.00000000
   0.020    45    25     4     0     0     1    -0.00000000
   0.020    45    26     4     4     1     1     0.00000000
   0.020    45    27     4     4     2    -1     0.00000000
   0.020    45    28     4     2     1     1     0.00000000
   0.020    45    29     4     2     2    -1     0.00000000
   0.020    45    30     4     4     2     1    -0.00000000
   0.020    45    31     4     4     3    -1     0.00000000
   0.020    45    32     4     2     2     1     0.00000000
   0.020    45    33     4     4     3     1    -0.00000000
   0.020    45    34     4     4     4    -1     0.00000000
   0.020    45    35     4     4     4     1     0.00000000
   0.020    45    36     5     5     0     1     0.67267821
   0.020    45    37     5     5     1    -1    -0.73987830
   0.020    45    38     5     3     0     1    -0.00001528
   0.020    45    39     5     3     1    -1    -0.00026596
   0.020    45    40     5     1     0     1     0.00004340
   0.020    45    41     5     1     1    -1    -0.00002086
   0.020    45    42     5     5     1     1    -0.00000000
   0.020    45    43     5     5     2    -1     0.00000000
   0.020    45    44     5     3     1     1     0.00000000
   0.020    45    45     5     3     2    -1    -0.00000000
   0.020    45    46     5     1     1     1     0.00000000
   0.020    45    47     5     5     2     1     0.00000000
   0.020    45    48     5     5     3    -1    -0.00000000
   0.020    45    49     5     3     2     1    -0.00000000
   0.020    45    50     5     3     3    -1    -0.00000000
   0.020    45    51     5     5     3     1     0.00000000
   0.020    45    52     5     5     4    -1     0.00000000
   0.020    45    53     5     3     3     1    -0.00000000
   0.020    45    54     5     5     4     1    -0.00000000
   0.020    45    55     5     5     5    -1     0.00000000
   0.020    45    56     5     5     5     1    -0.00000000
   0.020    45    57     6     6     0     1     0.00000000
   0.020    45    58     6     6     1    -1     0.00000000
   0.020    45    59     6     4     0     1     0.00000000
   0.020    45    60     6     4     1    -1    -0.00000000
   0.020    45    61     6     2     0     1    -0.00000000
   0.020    45    62     6     2     1    -1     0.00000000
   0.020    45    63     6     0     0     1    -0.00000000
   0.020    45    64     6     6     1     1     0.00000000
   0.020    45    65     6     6     2    -1     0.00000000
   0.020    45    66     6     4     1     1    -0.00000000
   0.020    45    67     6     4     2    -1    -0.00000000
   0.020    45    68     6     2     1     1    -0.00000000
   0.020    45    69     6     2     2    -1     0.00000000
   0.020    45    70     6     6     2     1    -0.00000000
   0.020    45    71     6     6     3    -1    -0.00000000
   0.020    45    72     6     4     2     1     0.00000000
   0.020    45    73     6     4     3    -1    -0.00000000
   0.020    45    74     6     2     2     1    -0.00000000
   0.020    45    75     6     6     3     1     0.00000000
   0.020    45    76     6     6     4    -1     0.00000000
   0.020    45    77     6     4     3     1    -0.00000000
   0.020    45    78     6     4     4    -1    -0.00000000
   0.020    45    79     6     6     4     1     0.00000000
   0.020    45    80     6     6     5    -1     0.00000000
   0.020    45    81     6     4     4     1     0.00000000
   0.020    45    82     6     6     5     1    -0.00000000
   0.020    45    83     6     6     6    -1    -0.00000000
   0.020    45    84     6     6     6     1    -0.00000000
   0.020    45    85     7     7     0     1     0.00397169
   0.020    45    86     7     7     1    -1    -0.00427033
   0.020    45    87     7     5     0     1     0.00289057
   0.020    45    88     7     5     1    -1    -0.00275614
   0.020    45    89     7     3     0     1     0.00209249
   0.020    45    90     7     3     1    -1    -0.00213774
   0.020    45    91     7     1     0     1     0.00000025
   0.020    45    92     7     1     1    -1    -0.00000106
   0.020    45    93     7     7     1     1     0.00000000
   0.020    45    94     7     7     2    -1     0.00000000
   0.020    45    95     7     5     1     1     0.00000000
   0.020    45    96     7     5     2    -1     0.00000000
   0.020    45    97     7     3     1     1    -0.00000000
   0.020    45    98     7     3     2    -1    -0.00000000
   0.020    45    99     7     1     1     1     0.00000000
   0.020    45   100     7     7     2     1     0.00000000
   0.020    45   101     7     7     3    -1     0.00000000
   0.020    45   102     7     5     2     1    -0.00000000
   0.020    45   103     7     5     3    -1    -0.00000000
   0.020    45   104     7     3     2     1     0.00000000
   0.020    45   105     7     3     3    -1    -0.00000000
   0.020    45   106     7     7     3     1    -0.00000000
   0.020    45   107     7     7     4    -1    -0.00000000
   0.020    45   108     7     5     3     1     0.00000000
   0.020    45   109     7     5     4    -1    -0.00000000
   0.020    45   110     7     3     3     1     0.00000000
   0.020    45   111     7     7     4     1    -0.00000000
   0.020    45   112     7     7     5    -1     0.00000000
   0.020    45   113     7     5     4     1     0.00000000
   0.020    45   114     7     5     5    -1     0.00000000
   0.020    45   115     7     7     5     1     0.00000000
   0.020    45   116     7     7     6    -1     0.00000000
   0.020    45   117     7     5     5     1     0.00000000
   0.020    45   118     7     7     6     1     0.00000000
   0.020    45   119     7     7     7    -1     0.00000000
   0.020    45   120     7     7     7     1     0.00000000
   0.020    46     1     0     0     0     1     0.00000000
   0.020    46     2     1     1     0     1    -0.00000000
   0.020    46     3     1     1     1    -1     0.00000000
   0.020    46     4     1     1     1     1    -0.00000000
   0.020    46     5     2     2     0     1     0.00000000
   0.020    46     6     2     2     1    -1     0.00000000
   0.020    46     7     2     0     0     1     0.00000000
   0.020    46     8     2     2     1     1     0.00000000
   0.020    46     9     2     2     2    -1    -0.00000000
   0.020    46    10     2     2     2     1    -0.00000000
   0.020    46    11     3     3     0     1    -0.00000000
   0.020    46    12     3     3     1    -1     0.00000000
   0.020    46    13     3     1     0     1     0.00000000
   0.020    46    14     3     1     1    -1     0.00000000
   0.020    46    15     3     3     1     1     0.00000000
   0.020    46    16     3     3     2    -1    -0.00000000
   0.020    46    17     3     1     1     1    -0.00000000
   0.020    46    18     3     3     2     1    -0.00000000
   0.020    46    19     3     3     3    -1     0.00000000
   0.020    46    20     3     3     3     1     0.00483716
   0.020    46    21     4     4     0     1     0.00000000
   0.020    46    22     4     4     1    -1     0.00000000
   0.020    46    23     4     2     0     1     0.00000000
   0.020    46    24     4     2     1    -1    -0.00000000
   0.020    46    25     4     0     0     1     0.00000000
   0.020    46    26     4     4     1     1    -0.00000000
   0.020    46    27     4     4     2    -1     0.00000000
   0.020    46    28     4     2     1     1     0.00000000
   0.020    46    29     4     2     2    -1     0.00000000
   0.020    46    30     4     4     2     1    -0.00000000
   0.020    46    31     4     4     3    -1    -0.00000000
   0.020    46    32     4     2     2     1     0.00000000
   0.020    46    33     4     4     3     1    -0.00000000
   0.020    46    34     4     4     4    -1    -0.00000000
   0.020    46    35     4     4     4     1    -0.00000000
   0.020    46    36     5     5     0     1    -0.00000000
   0.020    46    37     5     5     1    -1    -0.00000000
   0.020    46    38     5     3     0     1     0.00000000
   0.020    46    39     5     3     1    -1    -0.00000000
   0.020    46    40     5     1     0     1     0.00000000
   0.020    46    41     5     1     1    -1     0.00000000
   0.020    46    42     5     5     1     1     0.00000000
   0.020    46    43     5     5     2    -1     0.00000000
   0.020    46    44     5     3     1     1     0.00000000
   0.020    46    45     5     3     2    -1     0.00000000
   0.020    46    46     5     1     1     1     0.00000000
   0.020    46    47     5     5     2     1     0.00000000
   0.020    46    48     5     5     3    -1     0.00000000
   0.020    46    49     5     3     2     1     0.00000000
   0.020    46    50     5     3     3    -1    -0.00000000
   0.020    46    51     5     5     3     1     0.00003568
   0.020    46    52     5     5     4    -1    -0.00006682
   0.020    46    53     5     3     3     1     0.99994862
   0.020    46    54     5     5     4     1    -0.00000000
   0.020    46    55     5     5     5    -1     0.00000000
   0.020    46    56     5     5     5     1     0.00000000
   0.020    46    57     6     6     0     1     0.00000000
   0.020    46    58     6     6     1    -1     0.00000000
   0.020    46    59     6     4     0     1     0.00000000
   0.020    46    60     6     4     1    -1     0.00000000
   0.020    46    61     6     2     0     1     0.00000000
   0.020    46    62     6     2     1    -1     0.00000000
   0.020    46    63     6     0     0     1     0.00000000
   0.020    46    64     6     6     1     1     0.00000000
   0.020    46    65     6     6     2    -1     0.00000000
   0.020    46    66     6     4     1     1     0.00000000
   0.020    46    67     6     4     2    -1    -0.00000000
   0.020    46    68     6     2     1     1    -0.00000000
   0.020    46    69     6     2     2    -1    -0.00000000
   0.020    46    70     6     6     2     1    -0.00000000
   0.020    46    71     6     6     3    -1    -0.00000000
   0.020    46    72     6     4     2     1    -0.00000000
   0.020    46    73     6     4     3    -1     0.00000000
   0.020    46    74     6     2     2     1    -0.00000000
   0.020    46    75     6     6     3     1    -0.00000000
   0.020    46    76     6     6     4    -1    -0.00000000
   0.020    46    77     6     4     3     1     0.00000000
   0.020    46    78     6     4     4    -1     0.00000000
   0.020    46    79     6     6     4     1    -0.00000000
   0.020    46    80     6     6     5    -1    -0.00000000
   0.020    46    81     6     4     4     1     0.00000000
   0.020    46    82     6     6     5     1    -0.00000000
   0.020    46    83     6     6     6    -1    -0.00000000
   0.020    46    84     6     6     6     1     0.00000000
   0.020    46    85     7     7     0     1     0.00000000
   0.020    46    86     7     7     1    -1    -0.00000000
   0.020    46    87     7     5     0     1    -0.00000000
   0.020    46    88     7     5     1    -1     0.00000000
   0.020    46    89     7     3     0     1     0.00000000
   0.020    46    90     7     3     1    -1    -0.00000000
   0.020    46    91     7     1     0     1    -0.00000000
   0.020    46    92     7     1     1    -1    -0.00000000
   0.020    46    93     7     7     1     1     0.00000000
   0.020    46    94     7     7     2    -1    -0.00000000
   0.020    46    95     7     5     1     1    -0.00000000
   0.020    46    96     7     5     2    -1    -0.00000000
   0.020    46    97     7     3     1     1     0.00000000
   0.020    46    98     7     3     2    -1     0.00000000
   0.020    46    99     7     1     1     1     0.00000000
   0.020    46   100     7     7     2     1    -0.00000000
   0.020    46   101     7     7     3    -1     0.00000000
   0.020    46   102     7     5     2     1    -0.00000000
   0.020    46   103     7     5     3    -1    -0.00000000
   0.020    46   104     7     3     2     1    -0.00000000
   0.020    46   105     7     3     3    -1     0.00000000
   0.020    46   106     7     7     3     1     0.00000018
   0.020    46   107     7     7     4    -1    -0.00000023
   0.020    46   108     7     5     3     1     0.00517809
   0.020    46   109     7     5     4    -1     0.00054698
   0.020    46   110     7     3     3     1    -0.00722826
   0.020    46   111     7     7     4     1    -0.00000000
   0.020    46   112     7     7     5    -1    -0.00000000
   0.020    46   113     7     5     4     1    -0.00000000
   0.020    46   114     7     5     5    -1    -0.00000000
   0.020    46   115     7     7     5     1    -0.00000000
   0.020    46   116     7     7     6    -1    -0.00000000
   0.020    46   117     7     5     5     1    -0.00000000
   0.020    46   118     7     7     6     1     0.00000000
   0.020    46   119     7     7     7    -1     0.00000000
   0.020    46   120     7     7     7     1     0.00000000
   0.020    47     1     0     0     0     1     0.00000000
   0.020    47     2     1     1     0     1     0.00000000
   0.020    47     3     1     1     1    -1    -0.00000000
   0.020    47     4     1     1     1     1     0.00000436
   0.020    47     5     2     2     0     1    -0.00000000
   0.020    47     6     2     2     1    -1     0.00000000
   0.020    47     7     2     0     0     1     0.00000000
   0.020    47     8     2     2     1     1     0.00000000
   0.020    47     9     2     2     2    -1     0.00000000
   0.020    47    10     2     2     2     1    -0.00000000
   0.020    47    11     3     3     0     1    -0.00000000
   0.020    47    12     3     3     1    -1    -0.00000000
   0.020    47    13     3     1     0     1    -0.00000000
   0.020    47    14     3     1     1    -1    -0.00000000
   0.020    47    15     3     3     1     1    -0.00281612
   0.020    47    16     3     3     2    -1     0.00336551
   0.020    47    17     3     1     1     1     0.00000235
   0.020    47    18     3     3     2     1     0.00000000
   0.020    47    19     3     3     3    -1    -0.00000000
   0.020    47    20     3     3     3     1    -0.00000000
   0.020    47    21     4     4     0     1    -0.00000000
   0.020    47    22     4     4     1    -1     0.00000000
   0.020    47    23     4     2     0     1    -0.00000000
   0.020    47    24     4     2     1    -1    -0.00000000
   0.020    47    25     4     0     0     1    -0.00000000
   0.020    47    26     4     4     1     1     0.00000000
   0.020    47    27     4     4     2    -1    -0.00000000
   0.020    47    28     4     2     1     1     0.00000000
   0.020    47    29     4     2     2    -1    -0.00000000
   0.020    47    30     4     4     2     1    -0.00000000
   0.020    47    31     4     4     3    -1     0.00000000
   0.020    47    32     4     2     2     1     0.00000000
   0.020    47    33     4     4     3     1     0.00000000
   0.020    47    34     4     4     4    -1     0.00000000
   0.020    47    35     4     4     4     1     0.00000000
   0.020    47    36     5     5     0     1    -0.00000000
   0.020    47    37     5     5     1    -1    -0.00000000
   0.020    47    38     5     3     0     1     0.00000000
   0.020    47    39     5     3     1    -1     0.00000000
   0.020    47    40     5     1     0     1    -0.00000000
   0.020    47    41     5     1     1    -1    -0.00000000
   0.020    47    42     5     5     1     1     0.59833956
   0.020    47    43     5     5     2    -1    -0.80120134
   0.020    47    44     5     3     1     1    -0.00032977
   0.020    47    45     5     3     2    -1    -0.00034383
   0.020    47    46     5     1     1     1     0.00003732
   0.020    47    47     5     5     2     1     0.00000000
   0.020    47    48     5     5     3    -1    -0.00000000
   0.020    47    49     5     3     2     1     0.00000000
   0.020    47    50     5     3     3    -1    -0.00000000
   0.020    47    51     5     5     3     1     0.00000000
   0.020    47    52     5     5     4    -1     0.00000000
   0.020    47    53     5     3     3     1     0.00000000
   0.020    47    54     5     5     4     1    -0.00000000
   0.020    47    55     5     5     5    -1    -0.00000000
   0.020    47    56     5     5     5     1     0.00000000
   0.020    47    57     6     6     0     1    -0.00000000
   0.020    47    58     6     6     1    -1     0.00000000
   0.020    47    59     6     4     0     1    -0.00000000
   0.020    47    60     6     4     1    -1    -0.00000000
   0.020    47    61     6     2     0     1    -0.00000000
   0.020    47    62     6     2     1    -1    -0.00000000
   0.020    47    63     6     0     0     1    -0.00000000
   0.020    47    64     6     6     1     1     0.00000000
   0.020    47    65     6     6     2    -1     0.00000000
   0.020    47    66     6     4     1     1     0.00000000
   0.020    47    67     6     4     2    -1    -0.00000000
   0.020    47    68     6     2     1     1     0.00000000
   0.020    47    69     6     2     2    -1     0.00000000
   0.020    47    70     6     6     2     1    -0.00000000
   0.020    47    71     6     6     3    -1    -0.00000000
   0.020    47    72     6     4     2     1    -0.00000000
   0.020    47    73     6     4     3    -1    -0.00000000
   0.020    47    74     6     2     2     1    -0.00000000
   0.020    47    75     6     6     3     1    -0.00000000
   0.020    47    76     6     6     4    -1    -0.00000000
   0.020    47    77     6     4     3     1     0.00000000
   0.020    47    78     6     4     4    -1     0.00000000
   0.020    47    79     6     6     4     1    -0.00000000
   0.020    47    80     6     6     5    -1    -0.00000000
   0.020    47    81     6     4     4     1    -0.00000000
   0.020    47    82     6     6     5     1     0.00000000
   0.020    47    83     6     6     6    -1     0.00000000
   0.020    47    84     6     6     6     1    -0.00000000
   0.020    47    85     7     7     0     1    -0.00000000
   0.020    47    86     7     7     1    -1     0.00000000
   0.020    47    87     7     5     0     1     0.00000000
   0.020    47    88     7     5     1    -1     0.00000000
   0.020    47    89     7     3     0     1     0.00000000
   0.020    47    90     7     3     1    -1     0.00000000
   0.020    47    91     7     1     0     1     0.00000000
   0.020    47    92     7     1     1    -1    -0.00000000
   0.020    47    93     7     7     1     1     0.00344398
   0.020    47    94     7     7     2    -1    -0.00429108
   0.020    47    95     7     5     1     1     0.00244209
   0.020    47    96     7     5     2    -1    -0.00189390
   0.020    47    97     7     3     1     1     0.00181096
   0.020    47    98     7     3     2    -1    -0.00189641
   0.020    47    99     7     1     1     1    -0.00000164
   0.020    47   100     7     7     2     1    -0.00000000
   0.020    47   101     7     7     3    -1    -0.00000000
   0.020    47   102     7     5     2     1    -0.00000000
   0.020    47   103     7     5     3    -1     0.00000000
   0.020    47   104     7     3     2     1     0.00000000
   0.020    47   105     7     3     3    -1     0.00000000
   0.020    47   106     7     7     3     1    -0.00000000
   0.020    47   107     7     7     4    -1    -0.00000000
   0.020    47   108     7     5     3     1     0.00000000
   0.020    47   109     7     5     4    -1    -0.00000000
   0.020    47   110     7     3     3     1     0.00000000
   0.020    47   111     7     7     4     1    -0.00000000
   0.020    47   112     7     7     5    -1     0.00000000
   0.020    47   113     7     5     4     1     0.00000000
   0.020    47   114     7     5     5    -1     0.00000000
   0.020    47   115     7     7     5     1    -0.00000000
   0.020    47   116     7     7     6    -1    -0.00000000
   0.020    47   117     7     5     5     1    -0.00000000
   0.020    47   118     7     7     6     1     0.00000000
   0.020    47   119     7     7     7    -1     0.00000000
   0.020    47   120     7     7     7     1     0.00000000
   0.020    48     1     0     0     0     1     0.00000000
   0.020    48     2     1     1     0     1    -0.00000000
   0.020    48     3     1     1     1    -1     0.00000000
   0.020    48     4     1     1     1     1    -0.00000000
   0.020    48     5     2     2     0     1    -0.00000000
   0.020    48     6     2     2     1    -1     0.00000000
   0.020    48     7     2     0     0     1     0.00000000
   0.020    48     8     2     2     1     1    -0.00000000
   0.020    48     9     2     2     2    -1     0.00000000
   0.020    48    10     2     2     2     1    -0.00000000
   0.020    48    11     3     3     0     1    -0.00000000
   0.020    48    12     3     3     1    -1    -0.00000000
   0.020    48    13     3     1     0     1     0.00000000
   0.020    48    14     3     1     1    -1    -0.00000000
   0.020    48    15     3     3     1     1    -0.00000000
   0.020    48    16     3     3     2    -1     0.00000000
   0.020    48    17     3     1     1     1     0.00000000
   0.020    48    18     3     3     2     1     0.00193221
   0.020    48    19     3     3     3    -1    -0.00243715
   0.020    48    20     3     3     3     1    -0.00000000
   0.020    48    21     4     4     0     1     0.00000000
   0.020    48    22     4     4     1    -1     0.00000000
   0.020    48    23     4     2     0     1    -0.00000000
   0.020    48    24     4     2     1    -1     0.00000000
   0.020    48    25     4     0     0     1    -0.00000000
   0.020    48    26     4     4     1     1     0.00000000
   0.020    48    27     4     4     2    -1     0.00000000
   0.020    48    28     4     2     1     1    -0.00000000
   0.020    48    29     4     2     2    -1    -0.00000000
   0.020    48    30     4     4     2     1    -0.00000000
   0.020    48    31     4     4     3    -1    -0.00000000
   0.020    48    32     4     2     2     1     0.00000000
   0.020    48    33     4     4     3     1    -0.00000000
   0.020    48    34     4     4     4    -1     0.00000000
   0.020    48    35     4     4     4     1    -0.00000000
   0.020    48    36     5     5     0     1     0.00000000
   0.020    48    37     5     5     1    -1     0.00000000
   0.020    48    38     5     3     0     1    -0.00000000
   0.020    48    39     5     3     1    -1    -0.00000000
   0.020    48    40     5     1     0     1     0.00000000
   0.020    48    41     5     1     1    -1     0.00000000
   0.020    48    42     5     5     1     1     0.00000000
   0.020    48    43     5     5     2    -1    -0.00000000
   0.020    48    44     5     3     1     1     0.00000000
   0.020    48    45     5     3     2    -1     0.00000000
   0.020    48    46     5     1     1     1    -0.00000000
   0.020    48    47     5     5     2     1    -0.51458353
   0.020    48    48     5     5     3    -1     0.85741724
   0.020    48    49     5     3     2     1     0.00042741
   0.020    48    50     5     3     3    -1     0.00019846
   0.020    48    51     5     5     3     1     0.00000000
   0.020    48    52     5     5     4    -1    -0.00000000
   0.020    48    53     5     3     3     1    -0.00000000
   0.020    48    54     5     5     4     1     0.00000000
   0.020    48    55     5     5     5    -1     0.00000000
   0.020    48    56     5     5     5     1    -0.00000000
   0.020    48    57     6     6     0     1     0.00000000
   0.020    48    58     6     6     1    -1     0.00000000
   0.020    48    59     6     4     0     1     0.00000000
   0.020    48    60     6     4     1    -1     0.00000000
   0.020    48    61     6     2     0     1     0.00000000
   0.020    48    62     6     2     1    -1     0.00000000
   0.020    48    63     6     0     0     1     0.00000000
   0.020    48    64     6     6     1     1     0.00000000
   0.020    48    65     6     6     2    -1     0.00000000
   0.020    48    66     6     4     1     1    -0.00000000
   0.020    48    67     6     4     2    -1    -0.00000000
   0.020    48    68     6     2     1     1    -0.00000000
   0.020    48    69     6     2     2    -1     0.00000000
   0.020    48    70     6     6     2     1    -0.00000000
   0.020    48    71     6     6     3    -1    -0.00000000
   0.020    48    72     6     4     2     1     0.00000000
   0.020    48    73     6     4     3    -1     0.00000000
   0.020    48    74     6     2     2     1    -0.00000000
   0.020    48    75     6     6     3     1    -0.00000000
   0.020    48    76     6     6     4    -1     0.00000000
   0.020    48    77     6     4     3     1    -0.00000000
   0.020    48    78     6     4     4    -1    -0.00000000
   0.020    48    79     6     6     4     1    -0.00000000
   0.020    48    80     6     6     5    -1    -0.00000000
   0.020    48    81     6     4     4     1     0.00000000
   0.020    48    82     6     6     5     1    -0.00000000
   0.020    48    83     6     6     6    -1    -0.00000000
   0.020    48    84     6     6     6     1    -0.00000000
   0.020    48    85     7     7     0     1     0.00000000
   0.020    48    86     7     7     1    -1    -0.00000000
   0.020    48    87     7     5     0     1    -0.00000000
   0.020    48    88     7     5     1    -1    -0.00000000
   0.020    48    89     7     3     0     1     0.00000000
   0.020    48    90     7     3     1    -1     0.00000000
   0.020    48    91     7     1     0     1    -0.00000000
   0.020    48    92     7     1     1    -1     0.00000000
   0.020    48    93     7     7     1     1     0.00000000
   0.020    48    94     7     7     2    -1    -0.00000000
   0.020    48    95     7     5     1     1     0.00000000
   0.020    48    96     7     5     2    -1     0.00000000
   0.020    48    97     7     3     1     1     0.00000000
   0.020    48    98     7     3     2    -1     0.00000000
   0.020    48    99     7     1     1     1    -0.00000000
   0.020    48   100     7     7     2     1    -0.00274092
   0.020    48   101     7     7     3    -1     0.00398855
   0.020    48   102     7     5     2     1    -0.00158752
   0.020    48   103     7     5     3    -1     0.00018685
   0.020    48   104     7     3     2     1    -0.00135438
   0.020    48   105     7     3     3    -1     0.00132334
   0.020    48   106     7     7     3     1    -0.00000000
   0.020    48   107     7     7     4    -1    -0.00000000
   0.020    48   108     7     5     3     1    -0.00000000
   0.020    48   109     7     5     4    -1    -0.00000000
   0.020    48   110     7     3     3     1     0.00000000
   0.020    48   111     7     7     4     1    -0.00000000
   0.020    48   112     7     7     5    -1    -0.00000000
   0.020    48   113     7     5     4     1    -0.00000000
   0.020    48   114     7     5     5    -1    -0.00000000
   0.020    48   115     7     7     5     1     0.00000000
   0.020    48   116     7     7     6    -1     0.00000000
   0.020    48   117     7     5     5     1     0.00000000
   0.020    48   118     7     7     6     1     0.00000000
   0.020    48   119     7     7     7    -1     0.00000000
   0.020    48   120     7     7     7     1     0.00000000
   0.020    49     1     0     0     0     1    -0.00000000
   0.020    49     2     1     1     0     1     0.00000000
   0.020    49     3     1     1     1    -1    -0.00000000
   0.020    49     4     1     1     1     1    -0.00000000
   0.020    49     5     2     2     0     1     0.00000000
   0.020    49     6     2     2     1    -1     0.00000000
   0.020    49     7     2     0     0     1    -0.00000000
   0.020    49     8     2     2     1     1    -0.00000000
   0.020    49     9     2     2     2    -1     0.00000000
   0.020    49    10     2     2     2     1    -0.00000000
   0.020    49    11     3     3     0     1    -0.00000000
   0.020    49    12     3     3     1    -1     0.00000000
   0.020    49    13     3     1     0     1     0.00000000
   0.020    49    14     3     1     1    -1     0.00000000
   0.020    49    15     3     3     1     1     0.00000000
   0.020    49    16     3     3     2    -1    -0.00000000
   0.020    49    17     3     1     1     1     0.00000000
   0.020    49    18     3     3     2     1     0.00000000
   0.020    49    19     3     3     3    -1    -0.00000000
   0.020    49    20     3     3     3     1     0.00093768
   0.020    49    21     4     4     0     1    -0.00000000
   0.020    49    22     4     4     1    -1    -0.00000000
   0.020    49    23     4     2     0     1    -0.00000000
   0.020    49    24     4     2     1    -1     0.00000000
   0.020    49    25     4     0     0     1     0.00000000
   0.020    49    26     4     4     1     1     0.00000000
   0.020    49    27     4     4     2    -1     0.00000000
   0.020    49    28     4     2     1     1    -0.00000000
   0.020    49    29     4     2     2    -1    -0.00000000
   0.020    49    30     4     4     2     1    -0.00000000
   0.020    49    31     4     4     3    -1     0.00000000
   0.020    49    32     4     2     2     1    -0.00000000
   0.020    49    33     4     4     3     1    -0.00000000
   0.020    49    34     4     4     4    -1    -0.00000000
   0.020    49    35     4     4     4     1     0.00000000
   0.020    49    36     5     5     0     1     0.00000000
   0.020    49    37     5     5     1    -1     0.00000000
   0.020    49    38     5     3     0     1     0.00000000
   0.020    49    39     5     3     1    -1     0.00000000
   0.020    49    40     5     1     0     1    -0.00000000
   0.020    49    41     5     1     1    -1    -0.00000000
   0.020    49    42     5     5     1     1     0.00000000
   0.020    49    43     5     5     2    -1     0.00000000
   0.020    49    44     5     3     1     1     0.00000000
   0.020    49    45     5     3     2    -1    -0.00000000
   0.020    49    46     5     1     1     1     0.00000000
   0.020    49    47     5     5     2     1     0.00000000
   0.020    49    48     5     5     3    -1     0.00000000
   0.020    49    49     5     3     2     1    -0.00000000
   0.020    49    50     5     3     3    -1     0.00000000
   0.020    49    51     5     5     3     1    -0.41668274
   0.020    49    52     5     5     4    -1     0.90903958
   0.020    49    53     5     3     3     1     0.00006958
   0.020    49    54     5     5     4     1    -0.00000000
   0.020    49    55     5     5     5    -1     0.00000000
   0.020    49    56     5     5     5     1    -0.00000000
   0.020    49    57     6     6     0     1    -0.00000000
   0.020    49    58     6     6     1    -1    -0.00000000
   0.020    49    59     6     4     0     1    -0.00000000
   0.020    49    60     6     4     1    -1    -0.00000000
   0.020    49    61     6     2     0     1    -0.00000000
   0.020    49    62     6     2     1    -1    -0.00000000
   0.020    49    63     6     0     0     1    -0.00000000
   0.020    49    64     6     6     1     1     0.00000000
   0.020    49    65     6     6     2    -1     0.00000000
   0.020    49    66     6     4     1     1     0.00000000
   0.020    49    67     6     4     2    -1     0.00000000
   0.020    49    68     6     2     1     1     0.00000000
   0.020    49    69     6     2     2    -1     0.00000000
   0.020    49    70     6     6     2     1     0.00000000
   0.020    49    71     6     6     3    -1     0.00000000
   0.020    49    72     6     4     2     1     0.00000000
   0.020    49    73     6     4     3    -1    -0.00000000
   0.020    49    74     6     2     2     1     0.00000000
   0.020    49    75     6     6     3     1    -0.00000000
   0.020    49    76     6     6     4    -1    -0.00000000
   0.020    49    77     6     4     3     1     0.00000000
   0.020    49    78     6     4     4    -1     0.00000000
   0.020    49    79     6     6     4     1     0.00000000
   0.020    49    80     6     6     5    -1     0.00000000
   0.020    49    81     6     4     4     1    -0.00000000
   0.020    49    82     6     6     5     1    -0.00000000
   0.020    49    83     6     6     6    -1    -0.00000000
   0.020    49    84     6     6     6     1     0.00000000
   0.020    49    85     7     7     0     1    -0.00000000
   0.020    49    86     7     7     1    -1     0.00000000
   0.020    49    87     7     5     0     1     0.00000000
   0.020    49    88     7     5     1    -1    -0.00000000
   0.020    49    89     7     3     0     1    -0.00000000
   0.020    49    90     7     3     1    -1    -0.00000000
   0.020    49    91     7     1     0     1     0.00000000
   0.020    49    92     7     1     1    -1     0.00000000
   0.020    49    93     7     7     1     1    -0.00000000
   0.020    49    94     7     7     2    -1     0.00000000
   0.020    49    95     7     5     1     1    -0.00000000
   0.020    49    96     7     5     2    -1     0.00000000
   0.020    49    97     7     3     1     1    -0.00000000
   0.020    49    98     7     3     2    -1     0.00000000
   0.020    49    99     7     1     1     1    -0.00000000
   0.020    49   100     7     7     2     1    -0.00000000
   0.020    49   101     7     7     3    -1    -0.00000000
   0.020    49   102     7     5     2     1     0.00000000
   0.020    49   103     7     5     3    -1     0.00000000
   0.020    49   104     7     3     2     1     0.00000000
   0.020    49   105     7     3     3    -1     0.00000000
   0.020    49   106     7     7     3     1    -0.00192236
   0.020    49   107     7     7     4    -1     0.00331741
   0.020    49   108     7     5     3     1    -0.00054839
   0.020    49   109     7     5     4    -1    -0.00245721
   0.020    49   110     7     3     3     1    -0.00078530
   0.020    49   111     7     7     4     1    -0.00000000
   0.020    49   112     7     7     5    -1     0.00000000
   0.020    49   113     7     5     4     1     0.00000000
   0.020    49   114     7     5     5    -1    -0.00000000
   0.020    49   115     7     7     5     1     0.00000000
   0.020    49   116     7     7     6    -1     0.00000000
   0.020    49   117     7     5     5     1     0.00000000
   0.020    49   118     7     7     6     1     0.00000000
   0.020    49   119     7     7     7    -1     0.00000000
   0.020    49   120     7     7     7     1     0.00000000
   0.020    50     1     0     0     0     1     0.00000000
   0.020    50     2     1     1     0     1     0.00000000
   0.020    50     3     1     1     1    -1     0.00000000
   0.020    50     4     1     1     1     1     0.00000000
   0.020    50     5     2     2     0     1     0.00000000
   0.020    50     6     2     2     1    -1     0.00000000
   0.020    50     7     2     0     0     1    -0.00000000
   0.020    50     8     2     2     1     1     0.00000000
   0.020    50     9     2     2     2    -1    -0.00000000
   0.020    50    10     2     2     2     1     0.00000000
   0.020    50    11     3     3     0     1    -0.00000000
   0.020    50    12     3     3     1    -1     0.00000000
   0.020    50    13     3     1     0     1    -0.00000000
   0.020    50    14     3     1     1    -1     0.00000000
   0.020    50    15     3     3     1     1    -0.00000000
   0.020    50    16     3     3     2    -1    -0.00000000
   0.020    50    17     3     1     1     1     0.00000000
   0.020    50    18     3     3     2     1    -0.00000000
   0.020    50    19     3     3     3    -1    -0.00000000
   0.020    50    20     3     3     3     1    -0.00000000
   0.020    50    21     4     4     0     1     0.00000000
   0.020    50    22     4     4     1    -1     0.00000000
   0.020    50    23     4     2     0     1    -0.00000000
   0.020    50    24     4     2     1    -1    -0.00000000
   0.020    50    25     4     0     0     1     0.00000000
   0.020    50    26     4     4     1     1    -0.00000000
   0.020    50    27     4     4     2    -1    -0.00000000
   0.020    50    28     4     2     1     1     0.00000000
   0.020    50    29     4     2     2    -1     0.00000000
   0.020    50    30     4     4     2     1    -0.00000000
   0.020    50    31     4     4     3    -1     0.00000000
   0.020    50    32     4     2     2     1    -0.00000000
   0.020    50    33     4     4     3     1     0.00000000
   0.020    50    34     4     4     4    -1     0.00000000
   0.020    50    35     4     4     4     1     0.00000000
   0.020    50    36     5     5     0     1     0.00000000
   0.020    50    37     5     5     1    -1    -0.00000000
   0.020    50    38     5     3     0     1     0.00000000
   0.020    50    39     5     3     1    -1    -0.00000000
   0.020    50    40     5     1     0     1     0.00000000
   0.020    50    41     5     1     1    -1     0.00000000
   0.020    50    42     5     5     1     1    -0.00000000
   0.020    50    43     5     5     2    -1     0.00000000
   0.020    50    44     5     3     1     1     0.00000000
   0.020    50    45     5     3     2    -1     0.00000000
   0.020    50    46     5     1     1     1    -0.00000000
   0.020    50    47     5     5     2     1    -0.00000000
   0.020    50    48     5     5     3    -1    -0.00000000
   0.020    50    49     5     3     2     1     0.00000000
   0.020    50    50     5     3     3    -1    -0.00000000
   0.020    50    51     5     5     3     1     0.00000000
   0.020    50    52     5     5     4    -1     0.00000000
   0.020    50    53     5     3     3     1    -0.00000000
   0.020    50    54     5     5     4     1    -0.29184194
   0.020    50    55     5     5     5    -1     0.95644383
   0.020    50    56     5     5     5     1    -0.00000000
   0.020    50    57     6     6     0     1     0.00000000
   0.020    50    58     6     6     1    -1    -0.00000000
   0.020    50    59     6     4     0     1    -0.00000000
   0.020    50    60     6     4     1    -1    -0.00000000
   0.020    50    61     6     2     0     1     0.00000000
   0.020    50    62     6     2     1    -1    -0.00000000
   0.020    50    63     6     0     0     1    -0.00000000
   0.020    50    64     6     6     1     1    -0.00000000
   0.020    50    65     6     6     2    -1    -0.00000000
   0.020    50    66     6     4     1     1     0.00000000
   0.020    50    67     6     4     2    -1     0.00000000
   0.020    50    68     6     2     1     1    -0.00000000
   0.020    50    69     6     2     2    -1    -0.00000000
   0.020    50    70     6     6     2     1     0.00000000
   0.020    50    71     6     6     3    -1     0.00000000
   0.020    50    72     6     4     2     1     0.00000000
   0.020    50    73     6     4     3    -1     0.00000000
   0.020    50    74     6     2     2     1     0.00000000
   0.020    50    75     6     6     3     1     0.00000000
   0.020    50    76     6     6     4    -1     0.00000000
   0.020    50    77     6     4     3     1    -0.00000000
   0.020    50    78     6     4     4    -1    -0.00000000
   0.020    50    79     6     6     4     1     0.00000000
   0.020    50    80     6     6     5    -1     0.00000000
   0.020    50    81     6     4     4     1    -0.00000000
   0.020    50    82     6     6     5     1     0.00000000
   0.020    50    83     6     6     6    -1    -0.00000000
   0.020    50    84     6     6     6     1    -0.00000000
   0.020    50    85     7     7     0     1    -0.00000000
   0.020    50    86     7     7     1    -1     0.00000000
   0.020    50    87     7     5     0     1    -0.00000000
   0.020    50    88     7     5     1    -1     0.00000000
   0.020    50    89     7     3     0     1    -0.00000000
   0.020    50    90     7     3     1    -1     0.00000000
   0.020    50    91     7     1     0     1     0.00000000
   0.020    50    92     7     1     1    -1    -0.00000000
   0.020    50    93     7     7     1     1     0.00000000
   0.020    50    94     7     7     2    -1     0.00000000
   0.020    50    95     7     5     1     1    -0.00000000
   0.020    50    96     7     5     2    -1    -0.00000000
   0.020    50    97     7     3     1     1     0.00000000
   0.020    50    98     7     3     2    -1    -0.00000000
   0.020    50    99     7     1     1     1     0.00000000
   0.020    50   100     7     7     2     1    -0.00000000
   0.020    50   101     7     7     3    -1     0.00000000
   0.020    50   102     7     5     2     1    -0.00000000
   0.020    50   103     7     5     3    -1     0.00000000
   0.020    50   104     7     3     2     1     0.00000000
   0.020    50   105     7     3     3    -1    -0.00000000
   0.020    50   106     7     7     3     1    -0.00000000
   0.020    50   107     7     7     4    -1     0.00000000
   0.020    50   108     7     5     3     1     0.00000000
   0.020    50   109     7     5     4    -1     0.00000000
   0.020    50   110     7     3     3     1    -0.00000000
   0.020    50   111     7     7     4     1    -0.00105328
   0.020    50   112     7     7     5    -1     0.00221669
   0.020    50   113     7     5     4     1     0.00035882
   0.020    50   114     7     5     5    -1    -0.00611020
   0.020    50   115     7     7     5     1     0.00000000
   0.020    50   116     7     7     6    -1     0.00000000
   0.020    50   117     7     5     5     1     0.00000000
   0.020    50   118     7     7     6     1     0.00000000
   0.020    50   119     7     7     7    -1     0.00000000
   0.020    50   120     7     7     7     1     0.00000000
   0.020    51     1     0     0     0     1    -0.00000002
   0.020    51     2     1     1     0     1    -0.00000000
   0.020    51     3     1     1     1    -1     0.00000000
   0.020    51     4     1     1     1     1    -0.00000000
   0.020    51     5     2     2     0     1     0.00001286
   0.020    51     6     2     2     1    -1     0.00001052
   0.020    51     7     2     0     0     1    -0.00000001
   0.020    51     8     2     2     1     1     0.00000000
   0.020    51     9     2     2     2    -1     0.00000000
   0.020    51    10     2     2     2     1    -0.00000000
   0.020    51    11     3     3     0     1     0.00000000
   0.020    51    12     3     3     1    -1    -0.00000000
   0.020    51    13     3     1     0     1     0.00000000
   0.020    51    14     3     1     1    -1    -0.00000000
   0.020    51    15     3     3     1     1     0.00000000
   0.020    51    16     3     3     2    -1    -0.00000000
   0.020    51    17     3     1     1     1    -0.00000000
   0.020    51    18     3     3     2     1     0.00000000
   0.020    51    19     3     3     3    -1     0.00000000
   0.020    51    20     3     3     3     1     0.00000000
   0.020    51    21     4     4     0     1    -0.00477236
   0.020    51    22     4     4     1    -1    -0.00426396
   0.020    51    23     4     2     0     1     0.00000128
   0.020    51    24     4     2     1    -1     0.00000079
   0.020    51    25     4     0     0     1     0.00000079
   0.020    51    26     4     4     1     1    -0.00000000
   0.020    51    27     4     4     2    -1    -0.00000000
   0.020    51    28     4     2     1     1     0.00000000
   0.020    51    29     4     2     2    -1     0.00000000
   0.020    51    30     4     4     2     1     0.00000000
   0.020    51    31     4     4     3    -1     0.00000000
   0.020    51    32     4     2     2     1     0.00000000
   0.020    51    33     4     4     3     1     0.00000000
   0.020    51    34     4     4     4    -1     0.00000000
   0.020    51    35     4     4     4     1     0.00000000
   0.020    51    36     5     5     0     1    -0.00000000
   0.020    51    37     5     5     1    -1     0.00000000
   0.020    51    38     5     3     0     1    -0.00000000
   0.020    51    39     5     3     1    -1    -0.00000000
   0.020    51    40     5     1     0     1     0.00000000
   0.020    51    41     5     1     1    -1     0.00000000
   0.020    51    42     5     5     1     1    -0.00000000
   0.020    51    43     5     5     2    -1     0.00000000
   0.020    51    44     5     3     1     1     0.00000000
   0.020    51    45     5     3     2    -1     0.00000000
   0.020    51    46     5     1     1     1    -0.00000000
   0.020    51    47     5     5     2     1     0.00000000
   0.020    51    48     5     5     3    -1    -0.00000000
   0.020    51    49     5     3     2     1    -0.00000000
   0.020    51    50     5     3     3    -1    -0.00000000
   0.020    51    51     5     5     3     1    -0.00000000
   0.020    51    52     5     5     4    -1     0.00000000
   0.020    51    53     5     3     3     1     0.00000000
   0.020    51    54     5     5     4     1     0.00000000
   0.020    51    55     5     5     5    -1    -0.00000000
   0.020    51    56     5     5     5     1     0.00000000
   0.020    51    57     6     6     0     1     0.73472877
   0.020    51    58     6     6     1    -1     0.67833080
   0.020    51    59     6     4     0     1    -0.00006331
   0.020    51    60     6     4     1    -1    -0.00005143
   0.020    51    61     6     2     0     1    -0.00003422
   0.020    51    62     6     2     1    -1    -0.00002762
   0.020    51    63     6     0     0     1     0.00000001
   0.020    51    64     6     6     1     1     0.00000000
   0.020    51    65     6     6     2    -1     0.00000000
   0.020    51    66     6     4     1     1     0.00000000
   0.020    51    67     6     4     2    -1     0.00000000
   0.020    51    68     6     2     1     1     0.00000000
   0.020    51    69     6     2     2    -1    -0.00000000
   0.020    51    70     6     6     2     1    -0.00000000
   0.020    51    71     6     6     3    -1    -0.00000000
   0.020    51    72     6     4     2     1     0.00000000
   0.020    51    73     6     4     3    -1     0.00000000
   0.020    51    74     6     2     2     1     0.00000000
   0.020    51    75     6     6     3     1    -0.00000000
   0.020    51    76     6     6     4    -1    -0.00000000
   0.020    51    77     6     4     3     1     0.00000000
   0.020    51    78     6     4     4    -1     0.00000000
   0.020    51    79     6     6     4     1     0.00000000
   0.020    51    80     6     6     5    -1    -0.00000000
   0.020    51    81     6     4     4     1    -0.00000000
   0.020    51    82     6     6     5     1     0.00000000
   0.020    51    83     6     6     6    -1     0.00000000
   0.020    51    84     6     6     6     1     0.00000000
   0.020    51    85     7     7     0     1     0.00000000
   0.020    51    86     7     7     1    -1    -0.00000000
   0.020    51    87     7     5     0     1     0.00000000
   0.020    51    88     7     5     1    -1    -0.00000000
   0.020    51    89     7     3     0     1    -0.00000000
   0.020    51    90     7     3     1    -1     0.00000000
   0.020    51    91     7     1     0     1     0.00000000
   0.020    51    92     7     1     1    -1    -0.00000000
   0.020    51    93     7     7     1     1     0.00000000
   0.020    51    94     7     7     2    -1    -0.00000000
   0.020    51    95     7     5     1     1     0.00000000
   0.020    51    96     7     5     2    -1     0.00000000
   0.020    51    97     7     3     1     1    -0.00000000
   0.020    51    98     7     3     2    -1     0.00000000
   0.020    51    99     7     1     1     1     0.00000000
   0.020    51   100     7     7     2     1     0.00000000
   0.020    51   101     7     7     3    -1    -0.00000000
   0.020    51   102     7     5     2     1    -0.00000000
   0.020    51   103     7     5     3    -1    -0.00000000
   0.020    51   104     7     3     2     1     0.00000000
   0.020    51   105     7     3     3    -1     0.00000000
   0.020    51   106     7     7     3     1     0.00000000
   0.020    51   107     7     7     4    -1    -0.00000000
   0.020    51   108     7     5     3     1    -0.00000000
   0.020    51   109     7     5     4    -1    -0.00000000
   0.020    51   110     7     3     3     1    -0.00000000
   0.020    51   111     7     7     4     1    -0.00000000
   0.020    51   112     7     7     5    -1     0.00000000
   0.020    51   113     7     5     4     1    -0.00000000
   0.020    51   114     7     5     5    -1     0.00000000
   0.020    51   115     7     7     5     1    -0.00000000
   0.020    51   116     7     7     6    -1    -0.00000000
   0.020    51   117     7     5     5     1    -0.00000000
   0.020    51   118     7     7     6     1     0.00000000
   0.020    51   119     7     7     7    -1     0.00000000
   0.020    51   120     7     7     7     1     0.00000000
   0.020    52     1     0     0     0     1    -0.00000000
   0.020    52     2     1     1     0     1     0.00000000
   0.020    52     3     1     1     1    -1     0.00000000
   0.020    52     4     1     1     1     1     0.00000000
   0.020    52     5     2     2     0     1     0.00000000
   0.020    52     6     2     2     1    -1     0.00000000
   0.020    52     7     2     0     0     1     0.00000000
   0.020    52     8     2     2     1     1     0.00001217
   0.020    52     9     2     2     2    -1     0.00000611
   0.020    52    10     2     2     2     1    -0.00000000
   0.020    52    11     3     3     0     1    -0.00000000
   0.020    52    12     3     3     1    -1    -0.00000000
   0.020    52    13     3     1     0     1    -0.00000000
   0.020    52    14     3     1     1    -1     0.00000000
   0.020    52    15     3     3     1     1    -0.00000000
   0.020    52    16     3     3     2    -1     0.00000000
   0.020    52    17     3     1     1     1     0.00000000
   0.020    52    18     3     3     2     1     0.00000000
   0.020    52    19     3     3     3    -1     0.00000000
   0.020    52    20     3     3     3     1    -0.00000000
   0.020    52    21     4     4     0     1     0.00000000
   0.020    52    22     4     4     1    -1     0.00000000
   0.020    52    23     4     2     0     1    -0.00000000
   0.020    52    24     4     2     1    -1     0.00000000
   0.020    52    25     4     0     0     1    -0.00000000
   0.020    52    26     4     4     1     1    -0.00493869
   0.020    52    27     4     4     2    -1    -0.00348096
   0.020    52    28     4     2     1     1     0.00000091
   0.020    52    29     4     2     2    -1     0.00000002
   0.020    52    30     4     4     2     1     0.00000000
   0.020    52    31     4     4     3    -1     0.00000000
   0.020    52    32     4     2     2     1     0.00000000
   0.020    52    33     4     4     3     1    -0.00000000
   0.020    52    34     4     4     4    -1     0.00000000
   0.020    52    35     4     4     4     1     0.00000000
   0.020    52    36     5     5     0     1    -0.00000000
   0.020    52    37     5     5     1    -1     0.00000000
   0.020    52    38     5     3     0     1     0.00000000
   0.020    52    39     5     3     1    -1     0.00000000
   0.020    52    40     5     1     0     1    -0.00000000
   0.020    52    41     5     1     1    -1    -0.00000000
   0.020    52    42     5     5     1     1     0.00000000
   0.020    52    43     5     5     2    -1    -0.00000000
   0.020    52    44     5     3     1     1    -0.00000000
   0.020    52    45     5     3     2    -1     0.00000000
   0.020    52    46     5     1     1     1    -0.00000000
   0.020    52    47     5     5     2     1    -0.00000000
   0.020    52    48     5     5     3    -1     0.00000000
   0.020    52    49     5     3     2     1    -0.00000000
   0.020    52    50     5     3     3    -1    -0.00000000
   0.020    52    51     5     5     3     1     0.00000000
   0.020    52    52     5     5     4    -1    -0.00000000
   0.020    52    53     5     3     3     1     0.00000000
   0.020    52    54     5     5     4     1    -0.00000000
   0.020    52    55     5     5     5    -1    -0.00000000
   0.020    52    56     5     5     5     1     0.00000000
   0.020    52    57     6     6     0     1    -0.00000000
   0.020    52    58     6     6     1    -1    -0.00000000
   0.020    52    59     6     4     0     1     0.00000000
   0.020    52    60     6     4     1    -1     0.00000000
   0.020    52    61     6     2     0     1    -0.00000000
   0.020    52    62     6     2     1    -1    -0.00000000
   0.020    52    63     6     0     0     1     0.00000000
   0.020    52    64     6     6     1     1     0.78696563
   0.020    52    65     6     6     2    -1     0.61696725
   0.020    52    66     6     4     1     1    -0.00005287
   0.020    52    67     6     4     2    -1    -0.00002486
   0.020    52    68     6     2     1     1    -0.00003198
   0.020    52    69     6     2     2    -1    -0.00001543
   0.020    52    70     6     6     2     1    -0.00000000
   0.020    52    71     6     6     3    -1    -0.00000000
   0.020    52    72     6     4     2     1     0.00000000
   0.020    52    73     6     4     3    -1     0.00000000
   0.020    52    74     6     2     2     1     0.00000000
   0.020    52    75     6     6     3     1     0.00000000
   0.020    52    76     6     6     4    -1     0.00000000
   0.020    52    77     6     4     3     1    -0.00000000
   0.020    52    78     6     4     4    -1     0.00000000
   0.020    52    79     6     6     4     1    -0.00000000
   0.020    52    80     6     6     5    -1    -0.00000000
   0.020    52    81     6     4     4     1    -0.00000000
   0.020    52    82     6     6     5     1    -0.00000000
   0.020    52    83     6     6     6    -1    -0.00000000
   0.020    52    84     6     6     6     1     0.00000000
   0.020    52    85     7     7     0     1    -0.00000000
   0.020    52    86     7     7     1    -1    -0.00000000
   0.020    52    87     7     5     0     1    -0.00000000
   0.020    52    88     7     5     1    -1     0.00000000
   0.020    52    89     7     3     0     1     0.00000000
   0.020    52    90     7     3     1    -1     0.00000000
   0.020    52    91     7     1     0     1     0.00000000
   0.020    52    92     7     1     1    -1     0.00000000
   0.020    52    93     7     7     1     1     0.00000000
   0.020    52    94     7     7     2    -1    -0.00000000
   0.020    52    95     7     5     1     1     0.00000000
   0.020    52    96     7     5     2    -1     0.00000000
   0.020    52    97     7     3     1     1     0.00000000
   0.020    52    98     7     3     2    -1    -0.00000000
   0.020    52    99     7     1     1     1    -0.00000000
   0.020    52   100     7     7     2     1    -0.00000000
   0.020    52   101     7     7     3    -1     0.00000000
   0.020    52   102     7     5     2     1    -0.00000000
   0.020    52   103     7     5     3    -1     0.00000000
   0.020    52   104     7     3     2     1     0.00000000
   0.020    52   105     7     3     3    -1     0.00000000
   0.020    52   106     7     7     3     1     0.00000000
   0.020    52   107     7     7     4    -1    -0.00000000
   0.020    52   108     7     5     3     1    -0.00000000
   0.020    52   109     7     5     4    -1    -0.00000000
   0.020    52   110     7     3     3     1    -0.00000000
   0.020    52   111     7     7     4     1    -0.00000000
   0.020    52   112     7     7     5    -1     0.00000000
   0.020    52   113     7     5     4     1    -0.00000000
   0.020    52   114     7     5     5    -1     0.00000000
   0.020    52   115     7     7     5     1    -0.00000000
   0.020    52   116     7     7     6    -1    -0.00000000
   0.020    52   117     7     5     5     1    -0.00000000
   0.020    52   118     7     7     6     1     0.00000000
   0.020    52   119     7     7     7    -1     0.00000000
   0.020    52   120     7     7     7     1     0.00000000
   0.020    53     1     0     0     0     1     0.00000000
   0.020    53     2     1     1     0     1     0.00000000
   0.020    53     3     1     1     1    -1    -0.00000000
   0.020    53     4     1     1     1     1     0.00000000
   0.020    53     5     2     2     0     1    -0.00000000
   0.020    53     6     2     2     1    -1    -0.00000000
   0.020    53     7     2     0     0     1    -0.00000000
   0.020    53     8     2     2     1     1    -0.00000000
   0.020    53     9     2     2     2    -1     0.00000000
   0.020    53    10     2     2     2     1     0.00000823
   0.020    53    11     3     3     0     1     0.00000000
   0.020    53    12     3     3     1    -1     0.00000000
   0.020    53    13     3     1     0     1     0.00000000
   0.020    53    14     3     1     1    -1     0.00000000
   0.020    53    15     3     3     1     1    -0.00000000
   0.020    53    16     3     3     2    -1     0.00000000
   0.020    53    17     3     1     1     1     0.00000000
   0.020    53    18     3     3     2     1     0.00000000
   0.020    53    19     3     3     3    -1     0.00000000
   0.020    53    20     3     3     3     1    -0.00000000
   0.020    53    21     4     4     0     1     0.00000000
   0.020    53    22     4     4     1    -1    -0.00000000
   0.020    53    23     4     2     0     1    -0.00000000
   0.020    53    24     4     2     1    -1    -0.00000000
   0.020    53    25     4     0     0     1    -0.00000000
   0.020    53    26     4     4     1     1    -0.00000000
   0.020    53    27     4     4     2    -1    -0.00000000
   0.020    53    28     4     2     1     1     0.00000000
   0.020    53    29     4     2     2    -1    -0.00000000
   0.020    53    30     4     4     2     1    -0.00469880
   0.020    53    31     4     4     3    -1    -0.00249813
   0.020    53    32     4     2     2     1     0.00000002
   0.020    53    33     4     4     3     1    -0.00000000
   0.020    53    34     4     4     4    -1     0.00000000
   0.020    53    35     4     4     4     1    -0.00000000
   0.020    53    36     5     5     0     1     0.00000000
   0.020    53    37     5     5     1    -1    -0.00000000
   0.020    53    38     5     3     0     1    -0.00000000
   0.020    53    39     5     3     1    -1    -0.00000000
   0.020    53    40     5     1     0     1    -0.00000000
   0.020    53    41     5     1     1    -1    -0.00000000
   0.020    53    42     5     5     1     1     0.00000000
   0.020    53    43     5     5     2    -1    -0.00000000
   0.020    53    44     5     3     1     1    -0.00000000
   0.020    53    45     5     3     2    -1     0.00000000
   0.020    53    46     5     1     1     1    -0.00000000
   0.020    53    47     5     5     2     1    -0.00000000
   0.020    53    48     5     5     3    -1     0.00000000
   0.020    53    49     5     3     2     1    -0.00000000
   0.020    53    50     5     3     3    -1    -0.00000000
   0.020    53    51     5     5     3     1     0.00000000
   0.020    53    52     5     5     4    -1    -0.00000000
   0.020    53    53     5     3     3     1     0.00000000
   0.020    53    54     5     5     4     1    -0.00000000
   0.020    53    55     5     5     5    -1     0.00000000
   0.020    53    56     5     5     5     1    -0.00000000
   0.020    53    57     6     6     0     1     0.00000000
   0.020    53    58     6     6     1    -1     0.00000000
   0.020    53    59     6     4     0     1     0.00000000
   0.020    53    60     6     4     1    -1    -0.00000000
   0.020    53    61     6     2     0     1    -0.00000000
   0.020    53    62     6     2     1    -1     0.00000000
   0.020    53    63     6     0     0     1     0.00000000
   0.020    53    64     6     6     1     1     0.00000000
   0.020    53    65     6     6     2    -1     0.00000000
   0.020    53    66     6     4     1     1    -0.00000000
   0.020    53    67     6     4     2    -1     0.00000000
   0.020    53    68     6     2     1     1     0.00000000
   0.020    53    69     6     2     2    -1    -0.00000000
   0.020    53    70     6     6     2     1     0.83557658
   0.020    53    71     6     6     3    -1     0.54934821
   0.020    53    72     6     4     2     1    -0.00002093
   0.020    53    73     6     4     3    -1     0.00000329
   0.020    53    74     6     2     2     1    -0.00002080
   0.020    53    75     6     6     3     1     0.00000000
   0.020    53    76     6     6     4    -1     0.00000000
   0.020    53    77     6     4     3     1    -0.00000000
   0.020    53    78     6     4     4    -1    -0.00000000
   0.020    53    79     6     6     4     1     0.00000000
   0.020    53    80     6     6     5    -1     0.00000000
   0.020    53    81     6     4     4     1    -0.00000000
   0.020    53    82     6     6     5     1     0.00000000
   0.020    53    83     6     6     6    -1     0.00000000
   0.020    53    84     6     6     6     1    -0.00000000
   0.020    53    85     7     7     0     1     0.00000000
   0.020    53    86     7     7     1    -1    -0.00000000
   0.020    53    87     7     5     0     1    -0.00000000
   0.020    53    88     7     5     1    -1    -0.00000000
   0.020    53    89     7     3     0     1    -0.00000000
   0.020    53    90     7     3     1    -1    -0.00000000
   0.020    53    91     7     1     0     1     0.00000000
   0.020    53    92     7     1     1    -1     0.00000000
   0.020    53    93     7     7     1     1    -0.00000000
   0.020    53    94     7     7     2    -1    -0.00000000
   0.020    53    95     7     5     1     1     0.00000000
   0.020    53    96     7     5     2    -1    -0.00000000
   0.020    53    97     7     3     1     1     0.00000000
   0.020    53    98     7     3     2    -1    -0.00000000
   0.020    53    99     7     1     1     1    -0.00000000
   0.020    53   100     7     7     2     1    -0.00000000
   0.020    53   101     7     7     3    -1     0.00000000
   0.020    53   102     7     5     2     1    -0.00000000
   0.020    53   103     7     5     3    -1     0.00000000
   0.020    53   104     7     3     2     1     0.00000000
   0.020    53   105     7     3     3    -1     0.00000000
   0.020    53   106     7     7     3     1     0.00000000
   0.020    53   107     7     7     4    -1    -0.00000000
   0.020    53   108     7     5     3     1    -0.00000000
   0.020    53   109     7     5     4    -1    -0.00000000
   0.020    53   110     7     3     3     1    -0.00000000
   0.020    53   111     7     7     4     1     0.00000000
   0.020    53   112     7     7     5    -1     0.00000000
   0.020    53   113     7     5     4     1     0.00000000
   0.020    53   114     7     5     5    -1     0.00000000
   0.020    53   115     7     7     5     1     0.00000000
   0.020    53   116     7     7     6    -1    -0.00000000
   0.020    53   117     7     5     5     1     0.00000000
   0.020    53   118     7     7     6     1     0.00000000
   0.020    53   119     7     7     7    -1     0.00000000
   0.020    53   120     7     7     7     1     0.00000000
   0.020    54     1     0     0     0     1    -0.00000000
   0.020    54     2     1     1     0     1    -0.00000000
   0.020    54     3     1     1     1    -1    -0.00000000
   0.020    54     4     1     1     1     1     0.00000000
   0.020    54     5     2     2     0     1     0.00000000
   0.020    54     6     2     2     1    -1    -0.00000000
   0.020    54     7     2     0     0     1    -0.00000000
   0.020    54     8     2     2     1     1     0.00000000
   0.020    54     9     2     2     2    -1    -0.00000000
   0.020    54    10     2     2     2     1     0.00000000
   0.020    54    11     3     3     0     1     0.00000000
   0.020    54    12     3     3     1    -1    -0.00000000
   0.020    54    13     3     1     0     1    -0.00000000
   0.020    54    14     3     1     1    -1    -0.00000000
   0.020    54    15     3     3     1     1    -0.00000000
   0.020    54    16     3     3     2    -1    -0.00000000
   0.020    54    17     3     1     1     1     0.00000000
   0.020    54    18     3     3     2     1     0.00000000
   0.020    54    19     3     3     3    -1     0.00000000
   0.020    54    20     3     3     3     1    -0.00000000
   0.020    54    21     4     4     0     1     0.00000000
   0.020    54    22     4     4     1    -1    -0.00000000
   0.020    54    23     4     2     0     1     0.00000000
   0.020    54    24     4     2     1    -1     0.00000000
   0.020    54    25     4     0     0     1    -0.00000000
   0.020    54    26     4     4     1     1    -0.00000000
   0.020    54    27     4     4     2    -1     0.00000000
   0.020    54    28     4     2     1     1    -0.00000000
   0.020    54    29     4     2     2    -1     0.00000000
   0.020    54    30     4     4     2     1     0.00000000
   0.020    54    31     4     4     3    -1    -0.00000000
   0.020    54    32     4     2     2     1     0.00000000
   0.020    54    33     4     4     3     1     0.00398603
   0.020    54    34     4     4     4    -1     0.00139866
   0.020    54    35     4     4     4     1     0.00000000
   0.020    54    36     5     5     0     1     0.00000000
   0.020    54    37     5     5     1    -1    -0.00000000
   0.020    54    38     5     3     0     1     0.00000000
   0.020    54    39     5     3     1    -1     0.00000000
   0.020    54    40     5     1     0     1     0.00000000
   0.020    54    41     5     1     1    -1     0.00000000
   0.020    54    42     5     5     1     1    -0.00000000
   0.020    54    43     5     5     2    -1     0.00000000
   0.020    54    44     5     3     1     1    -0.00000000
   0.020    54    45     5     3     2    -1     0.00000000
   0.020    54    46     5     1     1     1    -0.00000000
   0.020    54    47     5     5     2     1    -0.00000000
   0.020    54    48     5     5     3    -1     0.00000000
   0.020    54    49     5     3     2     1    -0.00000000
   0.020    54    50     5     3     3    -1    -0.00000000
   0.020    54    51     5     5     3     1     0.00000000
   0.020    54    52     5     5     4    -1    -0.00000000
   0.020    54    53     5     3     3     1     0.00000000
   0.020    54    54     5     5     4     1    -0.00000000
   0.020    54    55     5     5     5    -1     0.00000000
   0.020    54    56     5     5     5     1    -0.00000000
   0.020    54    57     6     6     0     1    -0.00000000
   0.020    54    58     6     6     1    -1    -0.00000000
   0.020    54    59     6     4     0     1     0.00000000
   0.020    54    60     6     4     1    -1     0.00000000
   0.020    54    61     6     2     0     1    -0.00000000
   0.020    54    62     6     2     1    -1     0.00000000
   0.020    54    63     6     0     0     1     0.00000000
   0.020    54    64     6     6     1     1     0.00000000
   0.020    54    65     6     6     2    -1     0.00000000
   0.020    54    66     6     4     1     1     0.00000000
   0.020    54    67     6     4     2    -1     0.00000000
   0.020    54    68     6     2     1     1     0.00000000
   0.020    54    69     6     2     2    -1    -0.00000000
   0.020    54    70     6     6     2     1     0.00000000
   0.020    54    71     6     6     3    -1     0.00000000
   0.020    54    72     6     4     2     1     0.00000000
   0.020    54    73     6     4     3    -1     0.00000000
   0.020    54    74     6     2     2     1     0.00000000
   0.020    54    75     6     6     3     1    -0.88093729
   0.020    54    76     6     6     4    -1    -0.47321417
   0.020    54    77     6     4     3     1    -0.00002106
   0.020    54    78     6     4     4    -1    -0.00001820
   0.020    54    79     6     6     4     1     0.00000000
   0.020    54    80     6     6     5    -1     0.00000000
   0.020    54    81     6     4     4     1    -0.00000000
   0.020    54    82     6     6     5     1    -0.00000000
   0.020    54    83     6     6     6    -1    -0.00000000
   0.020    54    84     6     6     6     1    -0.00000000
   0.020    54    85     7     7     0     1    -0.00000000
   0.020    54    86     7     7     1    -1    -0.00000000
   0.020    54    87     7     5     0     1     0.00000000
   0.020    54    88     7     5     1    -1     0.00000000
   0.020    54    89     7     3     0     1    -0.00000000
   0.020    54    90     7     3     1    -1     0.00000000
   0.020    54    91     7     1     0     1     0.00000000
   0.020    54    92     7     1     1    -1    -0.00000000
   0.020    54    93     7     7     1     1    -0.00000000
   0.020    54    94     7     7     2    -1    -0.00000000
   0.020    54    95     7     5     1     1    -0.00000000
   0.020    54    96     7     5     2    -1     0.00000000
   0.020    54    97     7     3     1     1     0.00000000
   0.020    54    98     7     3     2    -1     0.00000000
   0.020    54    99     7     1     1     1     0.00000000
   0.020    54   100     7     7     2     1    -0.00000000
   0.020    54   101     7     7     3    -1     0.00000000
   0.020    54   102     7     5     2     1    -0.00000000
   0.020    54   103     7     5     3    -1    -0.00000000
   0.020    54   104     7     3     2     1     0.00000000
   0.020    54   105     7     3     3    -1     0.00000000
   0.020    54   106     7     7     3     1     0.00000000
   0.020    54   107     7     7     4    -1    -0.00000000
   0.020    54   108     7     5     3     1    -0.00000000
   0.020    54   109     7     5     4    -1    -0.00000000
   0.020    54   110     7     3     3     1    -0.00000000
   0.020    54   111     7     7     4     1     0.00000000
   0.020    54   112     7     7     5    -1     0.00000000
   0.020    54   113     7     5     4     1     0.00000000
   0.020    54   114     7     5     5    -1     0.00000000
   0.020    54   115     7     7     5     1     0.00000000
   0.020    54   116     7     7     6    -1     0.00000000
   0.020    54   117     7     5     5     1     0.00000000
   0.020    54   118     7     7     6     1     0.00000000
   0.020    54   119     7     7     7    -1     0.00000000
   0.020    54   120     7     7     7     1     0.00000000
   0.020    55     1     0     0     0     1     0.00000000
   0.020    55     2     1     1     0     1     0.00000000
   0.020    55     3     1     1     1    -1     0.00000000
   0.020    55     4     1     1     1     1    -0.00000000
   0.020    55     5     2     2     0     1    -0.00000000
   0.020    55     6     2     2     1    -1    -0.00000000
   0.020    55     7     2     0     0     1     0.00000000
   0.020    55     8     2     2     1     1     0.00000000
   0.020    55     9     2     2     2    -1    -0.00000000
   0.020    55    10     2     2     2     1    -0.00000000
   0.020    55    11     3     3     0     1     0.00000000
   0.020    55    12     3     3     1    -1    -0.00000000
   0.020    55    13     3     1     0     1    -0.00000000
   0.020    55    14     3     1     1    -1    -0.00000000
   0.020    55    15     3     3     1     1    -0.00000000
   0.020    55    16     3     3     2    -1    -0.00000000
   0.020    55    17     3     1     1     1    -0.00000000
   0.020    55    18     3     3     2     1     0.00000000
   0.020    55    19     3     3     3    -1     0.00000000
   0.020    55    20     3     3     3     1    -0.00000000
   0.020    55    21     4     4     0     1     0.00000000
   0.020    55    22     4     4     1    -1     0.00000000
   0.020    55    23     4     2     0     1    -0.00000000
   0.020    55    24     4     2     1    -1    -0.00000000
   0.020    55    25     4     0     0     1    -0.00000000
   0.020    55    26     4     4     1     1    -0.00000000
   0.020    55    27     4     4     2    -1    -0.00000000
   0.020    55    28     4     2     1     1     0.00000000
   0.020    55    29     4     2     2    -1     0.00000000
   0.020    55    30     4     4     2     1    -0.00000000
   0.020    55    31     4     4     3    -1    -0.00000000
   0.020    55    32     4     2     2     1     0.00000000
   0.020    55    33     4     4     3     1     0.00000000
   0.020    55    34     4     4     4    -1     0.00000000
   0.020    55    35     4     4     4     1    -0.00271069
   0.020    55    36     5     5     0     1    -0.00000000
   0.020    55    37     5     5     1    -1     0.00000000
   0.020    55    38     5     3     0     1    -0.00000000
   0.020    55    39     5     3     1    -1     0.00000000
   0.020    55    40     5     1     0     1     0.00000000
   0.020    55    41     5     1     1    -1     0.00000000
   0.020    55    42     5     5     1     1     0.00000000
   0.020    55    43     5     5     2    -1    -0.00000000
   0.020    55    44     5     3     1     1     0.00000000
   0.020    55    45     5     3     2    -1     0.00000000
   0.020    55    46     5     1     1     1    -0.00000000
   0.020    55    47     5     5     2     1    -0.00000000
   0.020    55    48     5     5     3    -1     0.00000000
   0.020    55    49     5     3     2     1    -0.00000000
   0.020    55    50     5     3     3    -1    -0.00000000
   0.020    55    51     5     5     3     1     0.00000000
   0.020    55    52     5     5     4    -1    -0.00000000
   0.020    55    53     5     3     3     1     0.00000000
   0.020    55    54     5     5     4     1    -0.00000000
   0.020    55    55     5     5     5    -1     0.00000000
   0.020    55    56     5     5     5     1    -0.00000000
   0.020    55    57     6     6     0     1    -0.00000000
   0.020    55    58     6     6     1    -1     0.00000000
   0.020    55    59     6     4     0     1    -0.00000000
   0.020    55    60     6     4     1    -1    -0.00000000
   0.020    55    61     6     2     0     1    -0.00000000
   0.020    55    62     6     2     1    -1     0.00000000
   0.020    55    63     6     0     0     1    -0.00000000
   0.020    55    64     6     6     1     1     0.00000000
   0.020    55    65     6     6     2    -1     0.00000000
   0.020    55    66     6     4     1     1     0.00000000
   0.020    55    67     6     4     2    -1     0.00000000
   0.020    55    68     6     2     1     1    -0.00000000
   0.020    55    69     6     2     2    -1     0.00000000
   0.020    55    70     6     6     2     1    -0.00000000
   0.020    55    71     6     6     3    -1    -0.00000000
   0.020    55    72     6     4     2     1     0.00000000
   0.020    55    73     6     4     3    -1     0.00000000
   0.020    55    74     6     2     2     1    -0.00000000
   0.020    55    75     6     6     3     1     0.00000000
   0.020    55    76     6     6     4    -1     0.00000000
   0.020    55    77     6     4     3     1    -0.00000000
   0.020    55    78     6     4     4    -1    -0.00000000
   0.020    55    79     6     6     4     1     0.92332495
   0.020    55    80     6     6     5    -1     0.38401000
   0.020    55    81     6     4     4     1     0.00004930
   0.020    55    82     6     6     5     1     0.00000000
   0.020    55    83     6     6     6    -1     0.00000000
   0.020    55    84     6     6     6     1     0.00000000
   0.020    55    85     7     7     0     1     0.00000000
   0.020    55    86     7     7     1    -1     0.00000000
   0.020    55    87     7     5     0     1    -0.00000000
   0.020    55    88     7     5     1    -1     0.00000000
   0.020    55    89     7     3     0     1    -0.00000000
   0.020    55    90     7     3     1    -1     0.00000000
   0.020    55    91     7     1     0     1     0.00000000
   0.020    55    92     7     1     1    -1    -0.00000000
   0.020    55    93     7     7     1     1    -0.00000000
   0.020    55    94     7     7     2    -1    -0.00000000
   0.020    55    95     7     5     1     1     0.00000000
   0.020    55    96     7     5     2    -1     0.00000000
   0.020    55    97     7     3     1     1    -0.00000000
   0.020    55    98     7     3     2    -1    -0.00000000
   0.020    55    99     7     1     1     1     0.00000000
   0.020    55   100     7     7     2     1    -0.00000000
   0.020    55   101     7     7     3    -1     0.00000000
   0.020    55   102     7     5     2     1    -0.00000000
   0.020    55   103     7     5     3    -1    -0.00000000
   0.020    55   104     7     3     2     1     0.00000000
   0.020    55   105     7     3     3    -1     0.00000000
   0.020    55   106     7     7     3     1     0.00000000
   0.020    55   107     7     7     4    -1    -0.00000000
   0.020    55   108     7     5     3     1    -0.00000000
   0.020    55   109     7     5     4    -1    -0.00000000
   0.020    55   110     7     3     3     1    -0.00000000
   0.020    55   111     7     7     4     1     0.00000000
   0.020    55   112     7     7     5    -1     0.00000000
   0.020    55   113     7     5     4     1     0.00000000
   0.020    55   114     7     5     5    -1    -0.00000000
   0.020    55   115     7     7     5     1     0.00000000
   0.020    55   116     7     7     6    -1     0.00000000
   0.020    55   117     7     5     5     1     0.00000000
   0.020    55   118     7     7     6     1     0.00000000
   0.020    55   119     7     7     7    -1     0.00000000
   0.020    55   120     7     7     7     1     0.00000000
   0.020    56     1     0     0     0     1     0.00000000
   0.020    56     2     1     1     0     1     0.00000000
   0.020    56     3     1     1     1    -1     0.00000000
   0.020    56     4     1     1     1     1    -0.00000000
   0.020    56     5     2     2     0     1    -0.00000000
   0.020    56     6     2     2     1    -1     0.00000000
   0.020    56     7     2     0     0     1     0.00000000
   0.020    56     8     2     2     1     1     0.00000000
   0.020    56     9     2     2     2    -1    -0.00000000
   0.020    56    10     2     2     2     1    -0.00000000
   0.020    56    11     3     3     0     1     0.00000000
   0.020    56    12     3     3     1    -1    -0.00000000
   0.020    56    13     3     1     0     1     0.00000000
   0.020    56    14     3     1     1    -1    -0.00000000
   0.020    56    15     3     3     1     1     0.00000000
   0.020    56    16     3     3     2    -1    -0.00000000
   0.020    56    17     3     1     1     1     0.00000000
   0.020    56    18     3     3     2     1    -0.00000000
   0.020    56    19     3     3     3    -1    -0.00000000
   0.020    56    20     3     3     3     1     0.00000000
   0.020    56    21     4     4     0     1     0.00000000
   0.020    56    22     4     4     1    -1     0.00000000
   0.020    56    23     4     2     0     1    -0.00000000
   0.020    56    24     4     2     1    -1    -0.00000000
   0.020    56    25     4     0     0     1     0.00000000
   0.020    56    26     4     4     1     1     0.00000000
   0.020    56    27     4     4     2    -1    -0.00000000
   0.020    56    28     4     2     1     1     0.00000000
   0.020    56    29     4     2     2    -1    -0.00000000
   0.020    56    30     4     4     2     1    -0.00000000
   0.020    56    31     4     4     3    -1    -0.00000000
   0.020    56    32     4     2     2     1     0.00000000
   0.020    56    33     4     4     3     1     0.00000000
   0.020    56    34     4     4     4    -1     0.00000000
   0.020    56    35     4     4     4     1    -0.00000000
   0.020    56    36     5     5     0     1    -0.00000000
   0.020    56    37     5     5     1    -1     0.00000000
   0.020    56    38     5     3     0     1    -0.00000000
   0.020    56    39     5     3     1    -1    -0.00000000
   0.020    56    40     5     1     0     1    -0.00000000
   0.020    56    41     5     1     1    -1    -0.00000000
   0.020    56    42     5     5     1     1     0.00000000
   0.020    56    43     5     5     2    -1     0.00000000
   0.020    56    44     5     3     1     1     0.00000000
   0.020    56    45     5     3     2    -1    -0.00000000
   0.020    56    46     5     1     1     1     0.00000000
   0.020    56    47     5     5     2     1     0.00000000
   0.020    56    48     5     5     3    -1    -0.00000000
   0.020    56    49     5     3     2     1     0.00000000
   0.020    56    50     5     3     3    -1     0.00000000
   0.020    56    51     5     5     3     1    -0.00000000
   0.020    56    52     5     5     4    -1     0.00000000
   0.020    56    53     5     3     3     1    -0.00000000
   0.020    56    54     5     5     4     1     0.00000000
   0.020    56    55     5     5     5    -1    -0.00000000
   0.020    56    56     5     5     5     1     0.00000000
   0.020    56    57     6     6     0     1     0.00000000
   0.020    56    58     6     6     1    -1     0.00000000
   0.020    56    59     6     4     0     1     0.00000000
   0.020    56    60     6     4     1    -1     0.00000000
   0.020    56    61     6     2     0     1    -0.00000000
   0.020    56    62     6     2     1    -1     0.00000000
   0.020    56    63     6     0     0     1    -0.00000000
   0.020    56    64     6     6     1     1    -0.00000000
   0.020    56    65     6     6     2    -1    -0.00000000
   0.020    56    66     6     4     1     1    -0.00000000
   0.020    56    67     6     4     2    -1     0.00000000
   0.020    56    68     6     2     1     1    -0.00000000
   0.020    56    69     6     2     2    -1    -0.00000000
   0.020    56    70     6     6     2     1     0.00000000
   0.020    56    71     6     6     3    -1     0.00000000
   0.020    56    72     6     4     2     1     0.00000000
   0.020    56    73     6     4     3    -1    -0.00000000
   0.020    56    74     6     2     2     1     0.00000000
   0.020    56    75     6     6     3     1     0.00000000
   0.020    56    76     6     6     4    -1     0.00000000
   0.020    56    77     6     4     3     1    -0.00000000
   0.020    56    78     6     4     4    -1     0.00000000
   0.020    56    79     6     6     4     1     0.00000000
   0.020    56    80     6     6     5    -1     0.00000000
   0.020    56    81     6     4     4     1    -0.00000000
   0.020    56    82     6     6     5     1    -0.96295435
   0.020    56    83     6     6     6    -1    -0.26966447
   0.020    56    84     6     6     6     1     0.00000000
   0.020    56    85     7     7     0     1     0.00000000
   0.020    56    86     7     7     1    -1     0.00000000
   0.020    56    87     7     5     0     1     0.00000000
   0.020    56    88     7     5     1    -1    -0.00000000
   0.020    56    89     7     3     0     1    -0.00000000
   0.020    56    90     7     3     1    -1     0.00000000
   0.020    56    91     7     1     0     1    -0.00000000
   0.020    56    92     7     1     1    -1     0.00000000
   0.020    56    93     7     7     1     1     0.00000000
   0.020    56    94     7     7     2    -1     0.00000000
   0.020    56    95     7     5     1     1     0.00000000
   0.020    56    96     7     5     2    -1     0.00000000
   0.020    56    97     7     3     1     1     0.00000000
   0.020    56    98     7     3     2    -1    -0.00000000
   0.020    56    99     7     1     1     1    -0.00000000
   0.020    56   100     7     7     2     1    -0.00000000
   0.020    56   101     7     7     3    -1     0.00000000
   0.020    56   102     7     5     2     1     0.00000000
   0.020    56   103     7     5     3    -1     0.00000000
   0.020    56   104     7     3     2     1    -0.00000000
   0.020    56   105     7     3     3    -1    -0.00000000
   0.020    56   106     7     7     3     1    -0.00000000
   0.020    56   107     7     7     4    -1     0.00000000
   0.020    56   108     7     5     3     1     0.00000000
   0.020    56   109     7     5     4    -1     0.00000000
   0.020    56   110     7     3     3     1    -0.00000000
   0.020    56   111     7     7     4     1    -0.00000000
   0.020    56   112     7     7     5    -1    -0.00000000
   0.020    56   113     7     5     4     1    -0.00000000
   0.020    56   114     7     5     5    -1     0.00000000
   0.020    56   115     7     7     5     1    -0.00000000
   0.020    56   116     7     7     6    -1    -0.00000000
   0.020    56   117     7     5     5     1    -0.00000000
   0.020    56   118     7     7     6     1     0.00000000
   0.020    56   119     7     7     7    -1     0.00000000
   0.020    56   120     7     7     7     1     0.00000000
   0.020    57     1     0     0     0     1     0.00000000
   0.020    57     2     1     1     0     1    -0.00000000
   0.020    57     3     1     1     1    -1    -0.00000000
   0.020    57     4     1     1     1     1    -0.00000000
   0.020    57     5     2     2     0     1     0.00000000
   0.020    57     6     2     2     1    -1    -0.00000000
   0.020    57     7     2     0     0     1    -0.00000000
   0.020    57     8     2     2     1     1    -0.00000000
   0.020    57     9     2     2     2    -1     0.00000000
   0.020    57    10     2     2     2     1     0.00000000
   0.020    57    11     3     3     0     1    -0.00000000
   0.020    57    12     3     3     1    -1     0.00000000
   0.020    57    13     3     1     0     1    -0.00000000
   0.020    57    14     3     1     1    -1     0.00000000
   0.020    57    15     3     3     1     1    -0.00000000
   0.020    57    16     3     3     2    -1     0.00000000
   0.020    57    17     3     1     1     1     0.00000000
   0.020    57    18     3     3     2     1    -0.00000000
   0.020    57    19     3     3     3    -1    -0.00000000
   0.020    57    20     3     3     3     1    -0.00000000
   0.020    57    21     4     4     0     1     0.00000000
   0.020    57    22     4     4     1    -1     0.00000000
   0.020    57    23     4     2     0     1    -0.00000000
   0.020    57    24     4     2     1    -1    -0.00000000
   0.020    57    25     4     0     0     1     0.00000000
   0.020    57    26     4     4     1     1    -0.00000000
   0.020    57    27     4     4     2    -1     0.00000000
   0.020    57    28     4     2     1     1     0.00000000
   0.020    57    29     4     2     2    -1    -0.00000000
   0.020    57    30     4     4     2     1    -0.00000000
   0.020    57    31     4     4     3    -1    -0.00000000
   0.020    57    32     4     2     2     1     0.00000000
   0.020    57    33     4     4     3     1    -0.00000000
   0.020    57    34     4     4     4    -1    -0.00000000
   0.020    57    35     4     4     4     1    -0.00000000
   0.020    57    36     5     5     0     1     0.00000000
   0.020    57    37     5     5     1    -1    -0.00000000
   0.020    57    38     5     3     0     1     0.00000000
   0.020    57    39     5     3     1    -1    -0.00000000
   0.020    57    40     5     1     0     1     0.00000000
   0.020    57    41     5     1     1    -1    -0.00000000
   0.020    57    42     5     5     1     1     0.00000000
   0.020    57    43     5     5     2    -1     0.00000000
   0.020    57    44     5     3     1     1    -0.00000000
   0.020    57    45     5     3     2    -1     0.00000000
   0.020    57    46     5     1     1     1     0.00000000
   0.020    57    47     5     5     2     1    -0.00000000
   0.020    57    48     5     5     3    -1     0.00000000
   0.020    57    49     5     3     2     1    -0.00000000
   0.020    57    50     5     3     3    -1    -0.00000000
   0.020    57    51     5     5     3     1     0.00000000
   0.020    57    52     5     5     4    -1    -0.00000000
   0.020    57    53     5     3     3     1     0.00000000
   0.020    57    54     5     5     4     1    -0.00000000
   0.020    57    55     5     5     5    -1     0.00000000
   0.020    57    56     5     5     5     1    -0.00000000
   0.020    57    57     6     6     0     1    -0.00000000
   0.020    57    58     6     6     1    -1    -0.00000000
   0.020    57    59     6     4     0     1    -0.00000000
   0.020    57    60     6     4     1    -1    -0.00000000
   0.020    57    61     6     2     0     1    -0.00000000
   0.020    57    62     6     2     1    -1    -0.00000000
   0.020    57    63     6     0     0     1    -0.00000000
   0.020    57    64     6     6     1     1    -0.00000000
   0.020    57    65     6     6     2    -1    -0.00000000
   0.020    57    66     6     4     1     1     0.00000000
   0.020    57    67     6     4     2    -1     0.00000000
   0.020    57    68     6     2     1     1     0.00000000
   0.020    57    69     6     2     2    -1     0.00000000
   0.020    57    70     6     6     2     1     0.00000000
   0.020    57    71     6     6     3    -1     0.00000000
   0.020    57    72     6     4     2     1    -0.00000000
   0.020    57    73     6     4     3    -1    -0.00000000
   0.020    57    74     6     2     2     1    -0.00000000
   0.020    57    75     6     6     3     1    -0.00000000
   0.020    57    76     6     6     4    -1    -0.00000000
   0.020    57    77     6     4     3     1    -0.00000000
   0.020    57    78     6     4     4    -1     0.00000000
   0.020    57    79     6     6     4     1    -0.00000000
   0.020    57    80     6     6     5    -1    -0.00000000
   0.020    57    81     6     4     4     1     0.00000000
   0.020    57    82     6     6     5     1     0.00000000
   0.020    57    83     6     6     6    -1     0.00000000
   0.020    57    84     6     6     6     1     1.00000000
   0.020    57    85     7     7     0     1     0.00000000
   0.020    57    86     7     7     1    -1     0.00000000
   0.020    57    87     7     5     0     1     0.00000000
   0.020    57    88     7     5     1    -1    -0.00000000
   0.020    57    89     7     3     0     1     0.00000000
   0.020    57    90     7     3     1    -1    -0.00000000
   0.020    57    91     7     1     0     1     0.00000000
   0.020    57    92     7     1     1    -1    -0.00000000
   0.020    57    93     7     7     1     1     0.00000000
   0.020    57    94     7     7     2    -1     0.00000000
   0.020    57    95     7     5     1     1     0.00000000
   0.020    57    96     7     5     2    -1    -0.00000000
   0.020    57    97     7     3     1     1     0.00000000
   0.020    57    98     7     3     2    -1    -0.00000000
   0.020    57    99     7     1     1     1    -0.00000000
   0.020    57   100     7     7     2     1    -0.00000000
   0.020    57   101     7     7     3    -1     0.00000000
   0.020    57   102     7     5     2     1    -0.00000000
   0.020    57   103     7     5     3    -1    -0.00000000
   0.020    57   104     7     3     2     1    -0.00000000
   0.020    57   105     7     3     3    -1     0.00000000
   0.020    57   106     7     7     3     1    -0.00000000
   0.020    57   107     7     7     4    -1     0.00000000
   0.020    57   108     7     5     3     1    -0.00000000
   0.020    57   109     7     5     4    -1    -0.00000000
   0.020    57   110     7     3     3     1     0.00000000
   0.020    57   111     7     7     4     1     0.00000000
   0.020    57   112     7     7     5    -1    -0.00000000
   0.020    57   113     7     5     4     1     0.00000000
   0.020    57   114     7     5     5    -1    -0.00000000
   0.020    57   115     7     7     5     1     0.00000000
   0.020    57   116     7     7     6    -1     0.00000000
   0.020    57   117     7     5     5     1     0.00000000
   0.020    57   118     7     7     6     1     0.00000000
   0.020    57   119     7     7     7    -1     0.00000000
   0.020    57   120     7     7     7     1     0.00000000
   0.020    58     1     0     0     0     1    -0.00000000
   0.020    58     2     1     1     0     1     0.00001950
   0.020    58     3     1     1     1    -1     0.00000342
   0.020    58     4     1     1     1     1    -0.00000000
   0.020    58     5     2     2     0     1    -0.00000000
   0.020    58     6     2     2     1    -1     0.00000000
   0.020    58     7     2     0     0     1    -0.00000000
   0.020    58     8     2     2     1     1    -0.00000000
   0.020    58     9     2     2     2    -1     0.00000000
   0.020    58    10     2     2     2     1    -0.00000000
   0.020    58    11     3     3     0     1    -0.00303896
   0.020    58    12     3     3     1    -1    -0.00107882
   0.020    58    13     3     1     0     1    -0.00654308
   0.020    58    14     3     1     1    -1     0.00198766
   0.020    58    15     3     3     1     1    -0.00000000
   0.020    58    16     3     3     2    -1    -0.00000000
   0.020    58    17     3     1     1     1     0.00000000
   0.020    58    18     3     3     2     1    -0.00000000
   0.020    58    19     3     3     3    -1    -0.00000000
   0.020    58    20     3     3     3     1    -0.00000000
   0.020    58    21     4     4     0     1    -0.00000000
   0.020    58    22     4     4     1    -1    -0.00000000
   0.020    58    23     4     2     0     1    -0.00000000
   0.020    58    24     4     2     1    -1     0.00000000
   0.020    58    25     4     0     0     1    -0.00000000
   0.020    58    26     4     4     1     1    -0.00000000
   0.020    58    27     4     4     2    -1    -0.00000000
   0.020    58    28     4     2     1     1     0.00000000
   0.020    58    29     4     2     2    -1     0.00000000
   0.020    58    30     4     4     2     1    -0.00000000
   0.020    58    31     4     4     3    -1    -0.00000000
   0.020    58    32     4     2     2     1    -0.00000000
   0.020    58    33     4     4     3     1     0.00000000
   0.020    58    34     4     4     4    -1    -0.00000000
   0.020    58    35     4     4     4     1     0.00000000
   0.020    58    36     5     5     0     1    -0.00007472
   0.020    58    37     5     5     1    -1    -0.00000494
   0.020    58    38     5     3     0     1     0.00083180
   0.020    58    39     5     3     1    -1    -0.00150403
   0.020    58    40     5     1     0     1     0.89022658
   0.020    58    41     5     1     1    -1     0.45523882
   0.020    58    42     5     5     1     1     0.00000000
   0.020    58    43     5     5     2    -1    -0.00000000
   0.020    58    44     5     3     1     1     0.00000000
   0.020    58    45     5     3     2    -1    -0.00000000
   0.020    58    46     5     1     1     1    -0.00000000
   0.020    58    47     5     5     2     1     0.00000000
   0.020    58    48     5     5     3    -1    -0.00000000
   0.020    58    49     5     3     2     1    -0.00000000
   0.020    58    50     5     3     3    -1     0.00000000
   0.020    58    51     5     5     3     1     0.00000000
   0.020    58    52     5     5     4    -1     0.00000000
   0.020    58    53     5     3     3     1     0.00000000
   0.020    58    54     5     5     4     1    -0.00000000
   0.020    58    55     5     5     5    -1     0.00000000
   0.020    58    56     5     5     5     1    -0.00000000
   0.020    58    57     6     6     0     1    -0.00000000
   0.020    58    58     6     6     1    -1    -0.00000000
   0.020    58    59     6     4     0     1     0.00000000
   0.020    58    60     6     4     1    -1     0.00000000
   0.020    58    61     6     2     0     1    -0.00000000
   0.020    58    62     6     2     1    -1    -0.00000000
   0.020    58    63     6     0     0     1     0.00000000
   0.020    58    64     6     6     1     1     0.00000000
   0.020    58    65     6     6     2    -1     0.00000000
   0.020    58    66     6     4     1     1     0.00000000
   0.020    58    67     6     4     2    -1    -0.00000000
   0.020    58    68     6     2     1     1     0.00000000
   0.020    58    69     6     2     2    -1    -0.00000000
   0.020    58    70     6     6     2     1     0.00000000
   0.020    58    71     6     6     3    -1     0.00000000
   0.020    58    72     6     4     2     1    -0.00000000
   0.020    58    73     6     4     3    -1     0.00000000
   0.020    58    74     6     2     2     1     0.00000000
   0.020    58    75     6     6     3     1     0.00000000
   0.020    58    76     6     6     4    -1     0.00000000
   0.020    58    77     6     4     3     1     0.00000000
   0.020    58    78     6     4     4    -1    -0.00000000
   0.020    58    79     6     6     4     1    -0.00000000
   0.020    58    80     6     6     5    -1    -0.00000000
   0.020    58    81     6     4     4     1    -0.00000000
   0.020    58    82     6     6     5     1    -0.00000000
   0.020    58    83     6     6     6    -1    -0.00000000
   0.020    58    84     6     6     6     1    -0.00000000
   0.020    58    85     7     7     0     1    -0.00000090
   0.020    58    86     7     7     1    -1    -0.00000038
   0.020    58    87     7     5     0     1     0.00000590
   0.020    58    88     7     5     1    -1    -0.00001363
   0.020    58    89     7     3     0     1     0.00980890
   0.020    58    90     7     3     1    -1     0.00467748
   0.020    58    91     7     1     0     1     0.00853201
   0.020    58    92     7     1     1    -1    -0.00180221
   0.020    58    93     7     7     1     1     0.00000000
   0.020    58    94     7     7     2    -1     0.00000000
   0.020    58    95     7     5     1     1    -0.00000000
   0.020    58    96     7     5     2    -1     0.00000000
   0.020    58    97     7     3     1     1     0.00000000
   0.020    58    98     7     3     2    -1     0.00000000
   0.020    58    99     7     1     1     1    -0.00000000
   0.020    58   100     7     7     2     1    -0.00000000
   0.020    58   101     7     7     3    -1    -0.00000000
   0.020    58   102     7     5     2     1    -0.00000000
   0.020    58   103     7     5     3    -1    -0.00000000
   0.020    58   104     7     3     2     1    -0.00000000
   0.020    58   105     7     3     3    -1    -0.00000000
   0.020    58   106     7     7     3     1    -0.00000000
   0.020    58   107     7     7     4    -1    -0.00000000
   0.020    58   108     7     5     3     1     0.00000000
   0.020    58   109     7     5     4    -1     0.00000000
   0.020    58   110     7     3     3     1     0.00000000
   0.020    58   111     7     7     4     1    -0.00000000
   0.020    58   112     7     7     5    -1    -0.00000000
   0.020    58   113     7     5     4     1     0.00000000
   0.020    58   114     7     5     5    -1    -0.00000000
   0.020    58   115     7     7     5     1     0.00000000
   0.020    58   116     7     7     6    -1     0.00000000
   0.020    58   117     7     5     5     1     0.00000000
   0.020    58   118     7     7     6     1     0.00000000
   0.020    58   119     7     7     7    -1     0.00000000
   0.020    58   120     7     7     7     1     0.00000000
   0.020    59     1     0     0     0     1     0.00000000
   0.020    59     2     1     1     0     1    -0.00001430
   0.020    59     3     1     1     1    -1    -0.00000150
   0.020    59     4     1     1     1     1     0.00000000
   0.020    59     5     2     2     0     1    -0.00000000
   0.020    59     6     2     2     1    -1     0.00000000
   0.020    59     7     2     0     0     1     0.00000000
   0.020    59     8     2     2     1     1    -0.00000000
   0.020    59     9     2     2     2    -1     0.00000000
   0.020    59    10     2     2     2     1    -0.00000000
   0.020    59    11     3     3     0     1     0.00246823
   0.020    59    12     3     3     1    -1    -0.00227602
   0.020    59    13     3     1     0     1     0.00463735
   0.020    59    14     3     1     1    -1    -0.00466018
   0.020    59    15     3     3     1     1     0.00000000
   0.020    59    16     3     3     2    -1    -0.00000000
   0.020    59    17     3     1     1     1     0.00000000
   0.020    59    18     3     3     2     1     0.00000000
   0.020    59    19     3     3     3    -1     0.00000000
   0.020    59    20     3     3     3     1     0.00000000
   0.020    59    21     4     4     0     1    -0.00000000
   0.020    59    22     4     4     1    -1     0.00000000
   0.020    59    23     4     2     0     1     0.00000000
   0.020    59    24     4     2     1    -1    -0.00000000
   0.020    59    25     4     0     0     1     0.00000000
   0.020    59    26     4     4     1     1     0.00000000
   0.020    59    27     4     4     2    -1     0.00000000
   0.020    59    28     4     2     1     1    -0.00000000
   0.020    59    29     4     2     2    -1     0.00000000
   0.020    59    30     4     4     2     1    -0.00000000
   0.020    59    31     4     4     3    -1     0.00000000
   0.020    59    32     4     2     2     1     0.00000000
   0.020    59    33     4     4     3     1     0.00000000
   0.020    59    34     4     4     4    -1    -0.00000000
   0.020    59    35     4     4     4     1    -0.00000000
   0.020    59    36     5     5     0     1     0.00017921
   0.020    59    37     5     5     1    -1    -0.00018713
   0.020    59    38     5     3     0     1    -0.64837328
   0.020    59    39     5     3     1    -1     0.76119884
   0.020    59    40     5     1     0     1     0.00140242
   0.020    59    41     5     1     1    -1     0.00119520
   0.020    59    42     5     5     1     1     0.00000000
   0.020    59    43     5     5     2    -1    -0.00000000
   0.020    59    44     5     3     1     1     0.00000000
   0.020    59    45     5     3     2    -1    -0.00000000
   0.020    59    46     5     1     1     1    -0.00000000
   0.020    59    47     5     5     2     1     0.00000000
   0.020    59    48     5     5     3    -1    -0.00000000
   0.020    59    49     5     3     2     1     0.00000000
   0.020    59    50     5     3     3    -1    -0.00000000
   0.020    59    51     5     5     3     1    -0.00000000
   0.020    59    52     5     5     4    -1    -0.00000000
   0.020    59    53     5     3     3     1     0.00000000
   0.020    59    54     5     5     4     1    -0.00000000
   0.020    59    55     5     5     5    -1    -0.00000000
   0.020    59    56     5     5     5     1     0.00000000
   0.020    59    57     6     6     0     1     0.00000000
   0.020    59    58     6     6     1    -1     0.00000000
   0.020    59    59     6     4     0     1    -0.00000000
   0.020    59    60     6     4     1    -1    -0.00000000
   0.020    59    61     6     2     0     1    -0.00000000
   0.020    59    62     6     2     1    -1    -0.00000000
   0.020    59    63     6     0     0     1     0.00000000
   0.020    59    64     6     6     1     1    -0.00000000
   0.020    59    65     6     6     2    -1    -0.00000000
   0.020    59    66     6     4     1     1    -0.00000000
   0.020    59    67     6     4     2    -1    -0.00000000
   0.020    59    68     6     2     1     1     0.00000000
   0.020    59    69     6     2     2    -1     0.00000000
   0.020    59    70     6     6     2     1     0.00000000
   0.020    59    71     6     6     3    -1    -0.00000000
   0.020    59    72     6     4     2     1     0.00000000
   0.020    59    73     6     4     3    -1     0.00000000
   0.020    59    74     6     2     2     1     0.00000000
   0.020    59    75     6     6     3     1     0.00000000
   0.020    59    76     6     6     4    -1     0.00000000
   0.020    59    77     6     4     3     1     0.00000000
   0.020    59    78     6     4     4    -1    -0.00000000
   0.020    59    79     6     6     4     1    -0.00000000
   0.020    59    80     6     6     5    -1    -0.00000000
   0.020    59    81     6     4     4     1    -0.00000000
   0.020    59    82     6     6     5     1    -0.00000000
   0.020    59    83     6     6     6    -1     0.00000000
   0.020    59    84     6     6     6     1     0.00000000
   0.020    59    85     7     7     0     1     0.00000134
   0.020    59    86     7     7     1    -1    -0.00000129
   0.020    59    87     7     5     0     1    -0.00580012
   0.020    59    88     7     5     1    -1     0.00649347
   0.020    59    89     7     3     0     1    -0.00387750
   0.020    59    90     7     3     1    -1     0.00323758
   0.020    59    91     7     1     0     1    -0.00400765
   0.020    59    92     7     1     1    -1     0.00361698
   0.020    59    93     7     7     1     1     0.00000000
   0.020    59    94     7     7     2    -1     0.00000000
   0.020    59    95     7     5     1     1    -0.00000000
   0.020    59    96     7     5     2    -1     0.00000000
   0.020    59    97     7     3     1     1    -0.00000000
   0.020    59    98     7     3     2    -1    -0.00000000
   0.020    59    99     7     1     1     1     0.00000000
   0.020    59   100     7     7     2     1     0.00000000
   0.020    59   101     7     7     3    -1     0.00000000
   0.020    59   102     7     5     2     1     0.00000000
   0.020    59   103     7     5     3    -1     0.00000000
   0.020    59   104     7     3     2     1     0.00000000
   0.020    59   105     7     3     3    -1     0.00000000
   0.020    59   106     7     7     3     1     0.00000000
   0.020    59   107     7     7     4    -1     0.00000000
   0.020    59   108     7     5     3     1    -0.00000000
   0.020    59   109     7     5     4    -1     0.00000000
   0.020    59   110     7     3     3     1    -0.00000000
   0.020    59   111     7     7     4     1     0.00000000
   0.020    59   112     7     7     5    -1     0.00000000
   0.020    59   113     7     5     4     1     0.00000000
   0.020    59   114     7     5     5    -1     0.00000000
   0.020    59   115     7     7     5     1    -0.00000000
   0.020    59   116     7     7     6    -1    -0.00000000
   0.020    59   117     7     5     5     1    -0.00000000
   0.020    59   118     7     7     6     1     0.00000000
   0.020    59   119     7     7     7    -1     0.00000000
   0.020    59   120     7     7     7     1     0.00000000
   0.020    60     1     0     0     0     1    -0.00000000
   0.020    60     2     1     1     0     1    -0.00000000
   0.020    60     3     1     1     1    -1     0.00000000
   0.020    60     4     1     1     1     1    -0.00000770
   0.020    60     5     2     2     0     1    -0.00000000
   0.020    60     6     2     2     1    -1    -0.00000000
   0.020    60     7     2     0     0     1    -0.00000000
   0.020    60     8     2     2     1     1    -0.00000000
   0.020    60     9     2     2     2    -1    -0.00000000
   0.020    60    10     2     2     2     1    -0.00000000
   0.020    60    11     3     3     0     1     0.00000000
   0.020    60    12     3     3     1    -1     0.00000000
   0.020    60    13     3     1     0     1     0.00000000
   0.020    60    14     3     1     1    -1     0.00000000
   0.020    60    15     3     3     1     1     0.00278299
   0.020    60    16     3     3     2    -1    -0.00021643
   0.020    60    17     3     1     1     1    -0.00350952
   0.020    60    18     3     3     2     1    -0.00000000
   0.020    60    19     3     3     3    -1     0.00000000
   0.020    60    20     3     3     3     1    -0.00000000
   0.020    60    21     4     4     0     1     0.00000000
   0.020    60    22     4     4     1    -1    -0.00000000
   0.020    60    23     4     2     0     1    -0.00000000
   0.020    60    24     4     2     1    -1    -0.00000000
   0.020    60    25     4     0     0     1    -0.00000000
   0.020    60    26     4     4     1     1     0.00000000
   0.020    60    27     4     4     2    -1    -0.00000000
   0.020    60    28     4     2     1     1    -0.00000000
   0.020    60    29     4     2     2    -1     0.00000000
   0.020    60    30     4     4     2     1    -0.00000000
   0.020    60    31     4     4     3    -1     0.00000000
   0.020    60    32     4     2     2     1     0.00000000
   0.020    60    33     4     4     3     1    -0.00000000
   0.020    60    34     4     4     4    -1     0.00000000
   0.020    60    35     4     4     4     1     0.00000000
   0.020    60    36     5     5     0     1    -0.00000000
   0.020    60    37     5     5     1    -1    -0.00000000
   0.020    60    38     5     3     0     1    -0.00000000
   0.020    60    39     5     3     1    -1    -0.00000000
   0.020    60    40     5     1     0     1    -0.00000000
   0.020    60    41     5     1     1    -1    -0.00000000
   0.020    60    42     5     5     1     1     0.00006978
   0.020    60    43     5     5     2    -1    -0.00002568
   0.020    60    44     5     3     1     1    -0.00466661
   0.020    60    45     5     3     2    -1     0.00799634
   0.020    60    46     5     1     1     1    -0.99989391
   0.020    60    47     5     5     2     1     0.00000000
   0.020    60    48     5     5     3    -1    -0.00000000
   0.020    60    49     5     3     2     1    -0.00000000
   0.020    60    50     5     3     3    -1     0.00000000
   0.020    60    51     5     5     3     1     0.00000000
   0.020    60    52     5     5     4    -1     0.00000000
   0.020    60    53     5     3     3     1    -0.00000000
   0.020    60    54     5     5     4     1     0.00000000
   0.020    60    55     5     5     5    -1     0.00000000
   0.020    60    56     5     5     5     1    -0.00000000
   0.020    60    57     6     6     0     1     0.00000000
   0.020    60    58     6     6     1    -1    -0.00000000
   0.020    60    59     6     4     0     1     0.00000000
   0.020    60    60     6     4     1    -1    -0.00000000
   0.020    60    61     6     2     0     1    -0.00000000
   0.020    60    62     6     2     1    -1    -0.00000000
   0.020    60    63     6     0     0     1     0.00000000
   0.020    60    64     6     6     1     1     0.00000000
   0.020    60    65     6     6     2    -1    -0.00000000
   0.020    60    66     6     4     1     1    -0.00000000
   0.020    60    67     6     4     2    -1     0.00000000
   0.020    60    68     6     2     1     1    -0.00000000
   0.020    60    69     6     2     2    -1    -0.00000000
   0.020    60    70     6     6     2     1    -0.00000000
   0.020    60    71     6     6     3    -1     0.00000000
   0.020    60    72     6     4     2     1     0.00000000
   0.020    60    73     6     4     3    -1    -0.00000000
   0.020    60    74     6     2     2     1    -0.00000000
   0.020    60    75     6     6     3     1     0.00000000
   0.020    60    76     6     6     4    -1    -0.00000000
   0.020    60    77     6     4     3     1     0.00000000
   0.020    60    78     6     4     4    -1    -0.00000000
   0.020    60    79     6     6     4     1    -0.00000000
   0.020    60    80     6     6     5    -1     0.00000000
   0.020    60    81     6     4     4     1    -0.00000000
   0.020    60    82     6     6     5     1    -0.00000000
   0.020    60    83     6     6     6    -1    -0.00000000
   0.020    60    84     6     6     6     1     0.00000000
   0.020    60    85     7     7     0     1     0.00000000
   0.020    60    86     7     7     1    -1    -0.00000000
   0.020    60    87     7     5     0     1     0.00000000
   0.020    60    88     7     5     1    -1    -0.00000000
   0.020    60    89     7     3     0     1     0.00000000
   0.020    60    90     7     3     1    -1    -0.00000000
   0.020    60    91     7     1     0     1     0.00000000
   0.020    60    92     7     1     1    -1    -0.00000000
   0.020    60    93     7     7     1     1     0.00000078
   0.020    60    94     7     7     2    -1     0.00000006
   0.020    60    95     7     5     1     1    -0.00003867
   0.020    60    96     7     5     2    -1     0.00005768
   0.020    60    97     7     3     1     1    -0.00907062
   0.020    60    98     7     3     2    -1    -0.00074011
   0.020    60    99     7     1     1     1     0.00484817
   0.020    60   100     7     7     2     1    -0.00000000
   0.020    60   101     7     7     3    -1    -0.00000000
   0.020    60   102     7     5     2     1    -0.00000000
   0.020    60   103     7     5     3    -1     0.00000000
   0.020    60   104     7     3     2     1    -0.00000000
   0.020    60   105     7     3     3    -1    -0.00000000
   0.020    60   106     7     7     3     1    -0.00000000
   0.020    60   107     7     7     4    -1    -0.00000000
   0.020    60   108     7     5     3     1    -0.00000000
   0.020    60   109     7     5     4    -1    -0.00000000
   0.020    60   110     7     3     3     1     0.00000000
   0.020    60   111     7     7     4     1    -0.00000000
   0.020    60   112     7     7     5    -1    -0.00000000
   0.020    60   113     7     5     4     1    -0.00000000
   0.020    60   114     7     5     5    -1    -0.00000000
   0.020    60   115     7     7     5     1     0.00000000
   0.020    60   116     7     7     6    -1     0.00000000
   0.020    60   117     7     5     5     1     0.00000000
   0.020    60   118     7     7     6     1     0.00000000
   0.020    60   119     7     7     7    -1     0.00000000
   0.020    60   120     7     7     7     1     0.00000000
   0.020    61     1     0     0     0     1    -0.00000000
   0.020    61     2     1     1     0     1     0.00000000
   0.020    61     3     1     1     1    -1     0.00000000
   0.020    61     4     1     1     1     1    -0.00000122
   0.020    61     5     2     2     0     1    -0.00000000
   0.020    61     6     2     2     1    -1     0.00000000
   0.020    61     7     2     0     0     1     0.00000000
   0.020    61     8     2     2     1     1    -0.00000000
   0.020    61     9     2     2     2    -1    -0.00000000
   0.020    61    10     2     2     2     1    -0.00000000
   0.020    61    11     3     3     0     1     0.00000000
   0.020    61    12     3     3     1    -1    -0.00000000
   0.020    61    13     3     1     0     1     0.00000000
   0.020    61    14     3     1     1    -1     0.00000000
   0.020    61    15     3     3     1     1    -0.00130929
   0.020    61    16     3     3     2    -1     0.00010134
   0.020    61    17     3     1     1     1    -0.00290031
   0.020    61    18     3     3     2     1     0.00000000
   0.020    61    19     3     3     3    -1    -0.00000000
   0.020    61    20     3     3     3     1    -0.00000000
   0.020    61    21     4     4     0     1    -0.00000000
   0.020    61    22     4     4     1    -1     0.00000000
   0.020    61    23     4     2     0     1    -0.00000000
   0.020    61    24     4     2     1    -1    -0.00000000
   0.020    61    25     4     0     0     1    -0.00000000
   0.020    61    26     4     4     1     1    -0.00000000
   0.020    61    27     4     4     2    -1    -0.00000000
   0.020    61    28     4     2     1     1    -0.00000000
   0.020    61    29     4     2     2    -1     0.00000000
   0.020    61    30     4     4     2     1     0.00000000
   0.020    61    31     4     4     3    -1     0.00000000
   0.020    61    32     4     2     2     1    -0.00000000
   0.020    61    33     4     4     3     1     0.00000000
   0.020    61    34     4     4     4    -1    -0.00000000
   0.020    61    35     4     4     4     1    -0.00000000
   0.020    61    36     5     5     0     1     0.00000000
   0.020    61    37     5     5     1    -1     0.00000000
   0.020    61    38     5     3     0     1     0.00000000
   0.020    61    39     5     3     1    -1     0.00000000
   0.020    61    40     5     1     0     1    -0.00000000
   0.020    61    41     5     1     1    -1    -0.00000000
   0.020    61    42     5     5     1     1    -0.00010604
   0.020    61    43     5     5     2    -1     0.00011379
   0.020    61    44     5     3     1     1     0.51578724
   0.020    61    45     5     3     2    -1    -0.85661933
   0.020    61    46     5     1     1     1    -0.00926158
   0.020    61    47     5     5     2     1    -0.00000000
   0.020    61    48     5     5     3    -1     0.00000000
   0.020    61    49     5     3     2     1    -0.00000000
   0.020    61    50     5     3     3    -1     0.00000000
   0.020    61    51     5     5     3     1     0.00000000
   0.020    61    52     5     5     4    -1     0.00000000
   0.020    61    53     5     3     3     1    -0.00000000
   0.020    61    54     5     5     4     1     0.00000000
   0.020    61    55     5     5     5    -1     0.00000000
   0.020    61    56     5     5     5     1    -0.00000000
   0.020    61    57     6     6     0     1    -0.00000000
   0.020    61    58     6     6     1    -1     0.00000000
   0.020    61    59     6     4     0     1    -0.00000000
   0.020    61    60     6     4     1    -1    -0.00000000
   0.020    61    61     6     2     0     1    -0.00000000
   0.020    61    62     6     2     1    -1    -0.00000000
   0.020    61    63     6     0     0     1    -0.00000000
   0.020    61    64     6     6     1     1     0.00000000
   0.020    61    65     6     6     2    -1    -0.00000000
   0.020    61    66     6     4     1     1    -0.00000000
   0.020    61    67     6     4     2    -1     0.00000000
   0.020    61    68     6     2     1     1    -0.00000000
   0.020    61    69     6     2     2    -1    -0.00000000
   0.020    61    70     6     6     2     1     0.00000000
   0.020    61    71     6     6     3    -1     0.00000000
   0.020    61    72     6     4     2     1    -0.00000000
   0.020    61    73     6     4     3    -1    -0.00000000
   0.020    61    74     6     2     2     1     0.00000000
   0.020    61    75     6     6     3     1    -0.00000000
   0.020    61    76     6     6     4    -1     0.00000000
   0.020    61    77     6     4     3     1    -0.00000000
   0.020    61    78     6     4     4    -1     0.00000000
   0.020    61    79     6     6     4     1     0.00000000
   0.020    61    80     6     6     5    -1    -0.00000000
   0.020    61    81     6     4     4     1    -0.00000000
   0.020    61    82     6     6     5     1     0.00000000
   0.020    61    83     6     6     6    -1    -0.00000000
   0.020    61    84     6     6     6     1     0.00000000
   0.020    61    85     7     7     0     1    -0.00000000
   0.020    61    86     7     7     1    -1     0.00000000
   0.020    61    87     7     5     0     1     0.00000000
   0.020    61    88     7     5     1    -1    -0.00000000
   0.020    61    89     7     3     0     1     0.00000000
   0.020    61    90     7     3     1    -1    -0.00000000
   0.020    61    91     7     1     0     1     0.00000000
   0.020    61    92     7     1     1    -1    -0.00000000
   0.020    61    93     7     7     1     1    -0.00000087
   0.020    61    94     7     7     2    -1     0.00000066
   0.020    61    95     7     5     1     1     0.00436600
   0.020    61    96     7     5     2    -1    -0.00616150
   0.020    61    97     7     3     1     1     0.00252319
   0.020    61    98     7     3     2    -1     0.00020650
   0.020    61    99     7     1     1     1     0.00273609
   0.020    61   100     7     7     2     1    -0.00000000
   0.020    61   101     7     7     3    -1    -0.00000000
   0.020    61   102     7     5     2     1     0.00000000
   0.020    61   103     7     5     3    -1    -0.00000000
   0.020    61   104     7     3     2     1     0.00000000
   0.020    61   105     7     3     3    -1    -0.00000000
   0.020    61   106     7     7     3     1    -0.00000000
   0.020    61   107     7     7     4    -1    -0.00000000
   0.020    61   108     7     5     3     1    -0.00000000
   0.020    61   109     7     5     4    -1    -0.00000000
   0.020    61   110     7     3     3     1     0.00000000
   0.020    61   111     7     7     4     1    -0.00000000
   0.020    61   112     7     7     5    -1    -0.00000000
   0.020    61   113     7     5     4     1    -0.00000000
   0.020    61   114     7     5     5    -1    -0.00000000
   0.020    61   115     7     7     5     1     0.00000000
   0.020    61   116     7     7     6    -1     0.00000000
   0.020    61   117     7     5     5     1     0.00000000
   0.020    61   118     7     7     6     1     0.00000000
   0.020    61   119     7     7     7    -1     0.00000000
   0.020    61   120     7     7     7     1     0.00000000
   0.020    62     1     0     0     0     1     0.00000000
   0.020    62     2     1     1     0     1    -0.00000000
   0.020    62     3     1     1     1    -1     0.00000000
   0.020    62     4     1     1     1     1    -0.00000000
   0.020    62     5     2     2     0     1     0.00000000
   0.020    62     6     2     2     1    -1     0.00000000
   0.020    62     7     2     0     0     1    -0.00000000
   0.020    62     8     2     2     1     1     0.00000000
   0.020    62     9     2     2     2    -1     0.00000000
   0.020    62    10     2     2     2     1     0.00000000
   0.020    62    11     3     3     0     1    -0.00000000
   0.020    62    12     3     3     1    -1     0.00000000
   0.020    62    13     3     1     0     1     0.00000000
   0.020    62    14     3     1     1    -1    -0.00000000
   0.020    62    15     3     3     1     1     0.00000000
   0.020    62    16     3     3     2    -1     0.00000000
   0.020    62    17     3     1     1     1     0.00000000
   0.020    62    18     3     3     2     1    -0.00023996
   0.020    62    19     3     3     3    -1     0.00443660
   0.020    62    20     3     3     3     1     0.00000000
   0.020    62    21     4     4     0     1     0.00000000
   0.020    62    22     4     4     1    -1     0.00000000
   0.020    62    23     4     2     0     1    -0.00000000
   0.020    62    24     4     2     1    -1    -0.00000000
   0.020    62    25     4     0     0     1     0.00000000
   0.020    62    26     4     4     1     1    -0.00000000
   0.020    62    27     4     4     2    -1    -0.00000000
   0.020    62    28     4     2     1     1    -0.00000000
   0.020    62    29     4     2     2    -1    -0.00000000
   0.020    62    30     4     4     2     1    -0.00000000
   0.020    62    31     4     4     3    -1     0.00000000
   0.020    62    32     4     2     2     1    -0.00000000
   0.020    62    33     4     4     3     1    -0.00000000
   0.020    62    34     4     4     4    -1     0.00000000
   0.020    62    35     4     4     4     1    -0.00000000
   0.020    62    36     5     5     0     1    -0.00000000
   0.020    62    37     5     5     1    -1    -0.00000000
   0.020    62    38     5     3     0     1    -0.00000000
   0.020    62    39     5     3     1    -1     0.00000000
   0.020    62    40     5     1     0     1    -0.00000000
   0.020    62    41     5     1     1    -1     0.00000000
   0.020    62    42     5     5     1     1    -0.00000000
   0.020    62    43     5     5     2    -1    -0.00000000
   0.020    62    44     5     3     1     1     0.00000000
   0.020    62    45     5     3     2    -1     0.00000000
   0.020    62    46     5     1     1     1     0.00000000
   0.020    62    47     5     5     2     1     0.00002607
   0.020    62    48     5     5     3    -1    -0.00000769
   0.020    62    49     5     3     2     1    -0.35259763
   0.020    62    50     5     3     3    -1     0.93572422
   0.020    62    51     5     5     3     1     0.00000000
   0.020    62    52     5     5     4    -1    -0.00000000
   0.020    62    53     5     3     3     1    -0.00000000
   0.020    62    54     5     5     4     1     0.00000000
   0.020    62    55     5     5     5    -1    -0.00000000
   0.020    62    56     5     5     5     1     0.00000000
   0.020    62    57     6     6     0     1     0.00000000
   0.020    62    58     6     6     1    -1     0.00000000
   0.020    62    59     6     4     0     1     0.00000000
   0.020    62    60     6     4     1    -1     0.00000000
   0.020    62    61     6     2     0     1     0.00000000
   0.020    62    62     6     2     1    -1     0.00000000
   0.020    62    63     6     0     0     1    -0.00000000
   0.020    62    64     6     6     1     1    -0.00000000
   0.020    62    65     6     6     2    -1    -0.00000000
   0.020    62    66     6     4     1     1    -0.00000000
   0.020    62    67     6     4     2    -1    -0.00000000
   0.020    62    68     6     2     1     1    -0.00000000
   0.020    62    69     6     2     2    -1     0.00000000
   0.020    62    70     6     6     2     1    -0.00000000
   0.020    62    71     6     6     3    -1     0.00000000
   0.020    62    72     6     4     2     1    -0.00000000
   0.020    62    73     6     4     3    -1    -0.00000000
   0.020    62    74     6     2     2     1     0.00000000
   0.020    62    75     6     6     3     1    -0.00000000
   0.020    62    76     6     6     4    -1     0.00000000
   0.020    62    77     6     4     3     1     0.00000000
   0.020    62    78     6     4     4    -1    -0.00000000
   0.020    62    79     6     6     4     1    -0.00000000
   0.020    62    80     6     6     5    -1    -0.00000000
   0.020    62    81     6     4     4     1     0.00000000
   0.020    62    82     6     6     5     1    -0.00000000
   0.020    62    83     6     6     6    -1     0.00000000
   0.020    62    84     6     6     6     1    -0.00000000
   0.020    62    85     7     7     0     1    -0.00000000
   0.020    62    86     7     7     1    -1     0.00000000
   0.020    62    87     7     5     0     1    -0.00000000
   0.020    62    88     7     5     1    -1     0.00000000
   0.020    62    89     7     3     0     1     0.00000000
   0.020    62    90     7     3     1    -1    -0.00000000
   0.020    62    91     7     1     0     1    -0.00000000
   0.020    62    92     7     1     1    -1    -0.00000000
   0.020    62    93     7     7     1     1     0.00000000
   0.020    62    94     7     7     2    -1     0.00000000
   0.020    62    95     7     5     1     1     0.00000000
   0.020    62    96     7     5     2    -1    -0.00000000
   0.020    62    97     7     3     1     1     0.00000000
   0.020    62    98     7     3     2    -1    -0.00000000
   0.020    62    99     7     1     1     1     0.00000000
   0.020    62   100     7     7     2     1     0.00000031
   0.020    62   101     7     7     3    -1     0.00000005
   0.020    62   102     7     5     2     1    -0.00249696
   0.020    62   103     7     5     3    -1     0.00453363
   0.020    62   104     7     3     2     1    -0.00049918
   0.020    62   105     7     3     3    -1    -0.00695138
   0.020    62   106     7     7     3     1    -0.00000000
   0.020    62   107     7     7     4    -1    -0.00000000
   0.020    62   108     7     5     3     1    -0.00000000
   0.020    62   109     7     5     4    -1     0.00000000
   0.020    62   110     7     3     3     1    -0.00000000
   0.020    62   111     7     7     4     1    -0.00000000
   0.020    62   112     7     7     5    -1    -0.00000000
   0.020    62   113     7     5     4     1    -0.00000000
   0.020    62   114     7     5     5    -1    -0.00000000
   0.020    62   115     7     7     5     1    -0.00000000
   0.020    62   116     7     7     6    -1    -0.00000000
   0.020    62   117     7     5     5     1    -0.00000000
   0.020    62   118     7     7     6     1     0.00000000
   0.020    62   119     7     7     7    -1     0.00000000
   0.020    62   120     7     7     7     1     0.00000000
   0.020    63     1     0     0     0     1    -0.00000000
   0.020    63     2     1     1     0     1     0.00000903
   0.020    63     3     1     1     1    -1    -0.00000690
   0.020    63     4     1     1     1     1    -0.00000000
   0.020    63     5     2     2     0     1     0.00000000
   0.020    63     6     2     2     1    -1     0.00000000
   0.020    63     7     2     0     0     1    -0.00000000
   0.020    63     8     2     2     1     1    -0.00000000
   0.020    63     9     2     2     2    -1     0.00000000
   0.020    63    10     2     2     2     1     0.00000000
   0.020    63    11     3     3     0     1    -0.00166727
   0.020    63    12     3     3     1    -1     0.00254220
   0.020    63    13     3     1     0     1    -0.00293132
   0.020    63    14     3     1     1    -1    -0.00299176
   0.020    63    15     3     3     1     1     0.00000000
   0.020    63    16     3     3     2    -1     0.00000000
   0.020    63    17     3     1     1     1    -0.00000000
   0.020    63    18     3     3     2     1     0.00000000
   0.020    63    19     3     3     3    -1     0.00000000
   0.020    63    20     3     3     3     1    -0.00000000
   0.020    63    21     4     4     0     1    -0.00000000
   0.020    63    22     4     4     1    -1     0.00000000
   0.020    63    23     4     2     0     1    -0.00000000
   0.020    63    24     4     2     1    -1     0.00000000
   0.020    63    25     4     0     0     1     0.00000000
   0.020    63    26     4     4     1     1     0.00000000
   0.020    63    27     4     4     2    -1    -0.00000000
   0.020    63    28     4     2     1     1    -0.00000000
   0.020    63    29     4     2     2    -1     0.00000000
   0.020    63    30     4     4     2     1    -0.00000000
   0.020    63    31     4     4     3    -1     0.00000000
   0.020    63    32     4     2     2     1     0.00000000
   0.020    63    33     4     4     3     1     0.00000000
   0.020    63    34     4     4     4    -1     0.00000000
   0.020    63    35     4     4     4     1     0.00000000
   0.020    63    36     5     5     0     1    -0.00004716
   0.020    63    37     5     5     1    -1     0.00006403
   0.020    63    38     5     3     0     1    -0.00034804
   0.020    63    39     5     3     1    -1     0.00033531
   0.020    63    40     5     1     0     1     0.45521132
   0.020    63    41     5     1     1    -1    -0.89029776
   0.020    63    42     5     5     1     1    -0.00000000
   0.020    63    43     5     5     2    -1     0.00000000
   0.020    63    44     5     3     1     1     0.00000000
   0.020    63    45     5     3     2    -1    -0.00000000
   0.020    63    46     5     1     1     1     0.00000000
   0.020    63    47     5     5     2     1     0.00000000
   0.020    63    48     5     5     3    -1    -0.00000000
   0.020    63    49     5     3     2     1    -0.00000000
   0.020    63    50     5     3     3    -1     0.00000000
   0.020    63    51     5     5     3     1     0.00000000
   0.020    63    52     5     5     4    -1    -0.00000000
   0.020    63    53     5     3     3     1     0.00000000
   0.020    63    54     5     5     4     1    -0.00000000
   0.020    63    55     5     5     5    -1     0.00000000
   0.020    63    56     5     5     5     1    -0.00000000
   0.020    63    57     6     6     0     1    -0.00000000
   0.020    63    58     6     6     1    -1    -0.00000000
   0.020    63    59     6     4     0     1    -0.00000000
   0.020    63    60     6     4     1    -1    -0.00000000
   0.020    63    61     6     2     0     1     0.00000000
   0.020    63    62     6     2     1    -1    -0.00000000
   0.020    63    63     6     0     0     1     0.00000000
   0.020    63    64     6     6     1     1    -0.00000000
   0.020    63    65     6     6     2    -1     0.00000000
   0.020    63    66     6     4     1     1    -0.00000000
   0.020    63    67     6     4     2    -1    -0.00000000
   0.020    63    68     6     2     1     1    -0.00000000
   0.020    63    69     6     2     2    -1     0.00000000
   0.020    63    70     6     6     2     1    -0.00000000
   0.020    63    71     6     6     3    -1     0.00000000
   0.020    63    72     6     4     2     1     0.00000000
   0.020    63    73     6     4     3    -1    -0.00000000
   0.020    63    74     6     2     2     1    -0.00000000
   0.020    63    75     6     6     3     1     0.00000000
   0.020    63    76     6     6     4    -1     0.00000000
   0.020    63    77     6     4     3     1     0.00000000
   0.020    63    78     6     4     4    -1     0.00000000
   0.020    63    79     6     6     4     1     0.00000000
   0.020    63    80     6     6     5    -1     0.00000000
   0.020    63    81     6     4     4     1    -0.00000000
   0.020    63    82     6     6     5     1    -0.00000000
   0.020    63    83     6     6     6    -1    -0.00000000
   0.020    63    84     6     6     6     1    -0.00000000
   0.020    63    85     7     7     0     1    -0.00000030
   0.020    63    86     7     7     1    -1     0.00000059
   0.020    63    87     7     5     0     1    -0.00000382
   0.020    63    88     7     5     1    -1     0.00000329
   0.020    63    89     7     3     0     1     0.00448666
   0.020    63    90     7     3     1    -1    -0.00771265
   0.020    63    91     7     1     0     1     0.00497760
   0.020    63    92     7     1     1    -1     0.00459790
   0.020    63    93     7     7     1     1     0.00000000
   0.020    63    94     7     7     2    -1     0.00000000
   0.020    63    95     7     5     1     1    -0.00000000
   0.020    63    96     7     5     2    -1    -0.00000000
   0.020    63    97     7     3     1     1    -0.00000000
   0.020    63    98     7     3     2    -1    -0.00000000
   0.020    63    99     7     1     1     1    -0.00000000
   0.020    63   100     7     7     2     1    -0.00000000
   0.020    63   101     7     7     3    -1    -0.00000000
   0.020    63   102     7     5     2     1    -0.00000000
   0.020    63   103     7     5     3    -1     0.00000000
   0.020    63   104     7     3     2     1     0.00000000
   0.020    63   105     7     3     3    -1     0.00000000
   0.020    63   106     7     7     3     1     0.00000000
   0.020    63   107     7     7     4    -1     0.00000000
   0.020    63   108     7     5     3     1     0.00000000
   0.020    63   109     7     5     4    -1    -0.00000000
   0.020    63   110     7     3     3     1     0.00000000
   0.020    63   111     7     7     4     1    -0.00000000
   0.020    63   112     7     7     5    -1    -0.00000000
   0.020    63   113     7     5     4     1     0.00000000
   0.020    63   114     7     5     5    -1    -0.00000000
   0.020    63   115     7     7     5     1     0.00000000
   0.020    63   116     7     7     6    -1     0.00000000
   0.020    63   117     7     5     5     1     0.00000000
   0.020    63   118     7     7     6     1     0.00000000
   0.020    63   119     7     7     7    -1     0.00000000
   0.020    63   120     7     7     7     1     0.00000000
   0.020    64     1     0     0     0     1    -0.00000003
   0.020    64     2     1     1     0     1     0.00000000
   0.020    64     3     1     1     1    -1    -0.00000000
   0.020    64     4     1     1     1     1     0.00000000
   0.020    64     5     2     2     0     1     0.00002156
   0.020    64     6     2     2     1    -1     0.00001009
   0.020    64     7     2     0     0     1     0.00002851
   0.020    64     8     2     2     1     1     0.00000000
   0.020    64     9     2     2     2    -1     0.00000000
   0.020    64    10     2     2     2     1     0.00000000
   0.020    64    11     3     3     0     1    -0.00000000
   0.020    64    12     3     3     1    -1     0.00000000
   0.020    64    13     3     1     0     1    -0.00000000
   0.020    64    14     3     1     1    -1    -0.00000000
   0.020    64    15     3     3     1     1    -0.00000000
   0.020    64    16     3     3     2    -1     0.00000000
   0.020    64    17     3     1     1     1    -0.00000000
   0.020    64    18     3     3     2     1     0.00000000
   0.020    64    19     3     3     3    -1    -0.00000000
   0.020    64    20     3     3     3     1    -0.00000000
   0.020    64    21     4     4     0     1    -0.00310623
   0.020    64    22     4     4     1    -1    -0.00223029
   0.020    64    23     4     2     0     1    -0.00694053
   0.020    64    24     4     2     1    -1    -0.00565597
   0.020    64    25     4     0     0     1     0.00000334
   0.020    64    26     4     4     1     1     0.00000000
   0.020    64    27     4     4     2    -1    -0.00000000
   0.020    64    28     4     2     1     1    -0.00000000
   0.020    64    29     4     2     2    -1    -0.00000000
   0.020    64    30     4     4     2     1    -0.00000000
   0.020    64    31     4     4     3    -1    -0.00000000
   0.020    64    32     4     2     2     1     0.00000000
   0.020    64    33     4     4     3     1    -0.00000000
   0.020    64    34     4     4     4    -1    -0.00000000
   0.020    64    35     4     4     4     1     0.00000000
   0.020    64    36     5     5     0     1    -0.00000000
   0.020    64    37     5     5     1    -1    -0.00000000
   0.020    64    38     5     3     0     1    -0.00000000
   0.020    64    39     5     3     1    -1     0.00000000
   0.020    64    40     5     1     0     1    -0.00000000
   0.020    64    41     5     1     1    -1    -0.00000000
   0.020    64    42     5     5     1     1     0.00000000
   0.020    64    43     5     5     2    -1    -0.00000000
   0.020    64    44     5     3     1     1    -0.00000000
   0.020    64    45     5     3     2    -1     0.00000000
   0.020    64    46     5     1     1     1    -0.00000000
   0.020    64    47     5     5     2     1    -0.00000000
   0.020    64    48     5     5     3    -1     0.00000000
   0.020    64    49     5     3     2     1    -0.00000000
   0.020    64    50     5     3     3    -1    -0.00000000
   0.020    64    51     5     5     3     1     0.00000000
   0.020    64    52     5     5     4    -1    -0.00000000
   0.020    64    53     5     3     3     1    -0.00000000
   0.020    64    54     5     5     4     1    -0.00000000
   0.020    64    55     5     5     5    -1     0.00000000
   0.020    64    56     5     5     5     1     0.00000000
   0.020    64    57     6     6     0     1    -0.00001716
   0.020    64    58     6     6     1    -1     0.00010284
   0.020    64    59     6     4     0     1     0.74815518
   0.020    64    60     6     4     1    -1     0.66345229
   0.020    64    61     6     2     0     1    -0.00023064
   0.020    64    62     6     2     1    -1    -0.00013097
   0.020    64    63     6     0     0     1    -0.00015038
   0.020    64    64     6     6     1     1    -0.00000000
   0.020    64    65     6     6     2    -1     0.00000000
   0.020    64    66     6     4     1     1     0.00000000
   0.020    64    67     6     4     2    -1     0.00000000
   0.020    64    68     6     2     1     1    -0.00000000
   0.020    64    69     6     2     2    -1    -0.00000000
   0.020    64    70     6     6     2     1     0.00000000
   0.020    64    71     6     6     3    -1    -0.00000000
   0.020    64    72     6     4     2     1     0.00000000
   0.020    64    73     6     4     3    -1     0.00000000
   0.020    64    74     6     2     2     1     0.00000000
   0.020    64    75     6     6     3     1     0.00000000
   0.020    64    76     6     6     4    -1    -0.00000000
   0.020    64    77     6     4     3     1    -0.00000000
   0.020    64    78     6     4     4    -1    -0.00000000
   0.020    64    79     6     6     4     1    -0.00000000
   0.020    64    80     6     6     5    -1     0.00000000
   0.020    64    81     6     4     4     1     0.00000000
   0.020    64    82     6     6     5     1     0.00000000
   0.020    64    83     6     6     6    -1    -0.00000000
   0.020    64    84     6     6     6     1     0.00000000
   0.020    64    85     7     7     0     1    -0.00000000
   0.020    64    86     7     7     1    -1    -0.00000000
   0.020    64    87     7     5     0     1     0.00000000
   0.020    64    88     7     5     1    -1     0.00000000
   0.020    64    89     7     3     0     1     0.00000000
   0.020    64    90     7     3     1    -1    -0.00000000
   0.020    64    91     7     1     0     1    -0.00000000
   0.020    64    92     7     1     1    -1     0.00000000
   0.020    64    93     7     7     1     1     0.00000000
   0.020    64    94     7     7     2    -1    -0.00000000
   0.020    64    95     7     5     1     1     0.00000000
   0.020    64    96     7     5     2    -1     0.00000000
   0.020    64    97     7     3     1     1     0.00000000
   0.020    64    98     7     3     2    -1     0.00000000
   0.020    64    99     7     1     1     1     0.00000000
   0.020    64   100     7     7     2     1     0.00000000
   0.020    64   101     7     7     3    -1     0.00000000
   0.020    64   102     7     5     2     1     0.00000000
   0.020    64   103     7     5     3    -1    -0.00000000
   0.020    64   104     7     3     2     1    -0.00000000
   0.020    64   105     7     3     3    -1    -0.00000000
   0.020    64   106     7     7     3     1    -0.00000000
   0.020    64   107     7     7     4    -1     0.00000000
   0.020    64   108     7     5     3     1     0.00000000
   0.020    64   109     7     5     4    -1     0.00000000
   0.020    64   110     7     3     3     1     0.00000000
   0.020    64   111     7     7     4     1     0.00000000
   0.020    64   112     7     7     5    -1    -0.00000000
   0.020    64   113     7     5     4     1     0.00000000
   0.020    64   114     7     5     5    -1     0.00000000
   0.020    64   115     7     7     5     1    -0.00000000
   0.020    64   116     7     7     6    -1    -0.00000000
   0.020    64   117     7     5     5     1    -0.00000000
   0.020    64   118     7     7     6     1     0.00000000
   0.020    64   119     7     7     7    -1     0.00000000
   0.020    64   120     7     7     7     1     0.00000000
   0.020    65     1     0     0     0     1    -0.00000000
   0.020    65     2     1     1     0     1    -0.00000000
   0.020    65     3     1     1     1    -1    -0.00000000
   0.020    65     4     1     1     1     1     0.00000000
   0.020    65     5     2     2     0     1    -0.00000000
   0.020    65     6     2     2     1    -1    -0.00000000
   0.020    65     7     2     0     0     1    -0.00000000
   0.020    65     8     2     2     1     1     0.00001374
   0.020    65     9     2     2     2    -1    -0.00000702
   0.020    65    10     2     2     2     1    -0.00000000
   0.020    65    11     3     3     0     1    -0.00000000
   0.020    65    12     3     3     1    -1    -0.00000000
   0.020    65    13     3     1     0     1    -0.00000000
   0.020    65    14     3     1     1    -1     0.00000000
   0.020    65    15     3     3     1     1    -0.00000000
   0.020    65    16     3     3     2    -1     0.00000000
   0.020    65    17     3     1     1     1     0.00000000
   0.020    65    18     3     3     2     1    -0.00000000
   0.020    65    19     3     3     3    -1    -0.00000000
   0.020    65    20     3     3     3     1    -0.00000000
   0.020    65    21     4     4     0     1     0.00000000
   0.020    65    22     4     4     1    -1    -0.00000000
   0.020    65    23     4     2     0     1     0.00000000
   0.020    65    24     4     2     1    -1     0.00000000
   0.020    65    25     4     0     0     1     0.00000000
   0.020    65    26     4     4     1     1    -0.00299240
   0.020    65    27     4     4     2    -1    -0.00071637
   0.020    65    28     4     2     1     1    -0.00699567
   0.020    65    29     4     2     2    -1    -0.00347465
   0.020    65    30     4     4     2     1    -0.00000000
   0.020    65    31     4     4     3    -1    -0.00000000
   0.020    65    32     4     2     2     1    -0.00000000
   0.020    65    33     4     4     3     1     0.00000000
   0.020    65    34     4     4     4    -1    -0.00000000
   0.020    65    35     4     4     4     1    -0.00000000
   0.020    65    36     5     5     0     1     0.00000000
   0.020    65    37     5     5     1    -1     0.00000000
   0.020    65    38     5     3     0     1     0.00000000
   0.020    65    39     5     3     1    -1     0.00000000
   0.020    65    40     5     1     0     1     0.00000000
   0.020    65    41     5     1     1    -1    -0.00000000
   0.020    65    42     5     5     1     1     0.00000000
   0.020    65    43     5     5     2    -1    -0.00000000
   0.020    65    44     5     3     1     1    -0.00000000
   0.020    65    45     5     3     2    -1     0.00000000
   0.020    65    46     5     1     1     1    -0.00000000
   0.020    65    47     5     5     2     1    -0.00000000
   0.020    65    48     5     5     3    -1     0.00000000
   0.020    65    49     5     3     2     1    -0.00000000
   0.020    65    50     5     3     3    -1    -0.00000000
   0.020    65    51     5     5     3     1     0.00000000
   0.020    65    52     5     5     4    -1    -0.00000000
   0.020    65    53     5     3     3     1    -0.00000000
   0.020    65    54     5     5     4     1     0.00000000
   0.020    65    55     5     5     5    -1     0.00000000
   0.020    65    56     5     5     5     1     0.00000000
   0.020    65    57     6     6     0     1    -0.00000000
   0.020    65    58     6     6     1    -1    -0.00000000
   0.020    65    59     6     4     0     1    -0.00000000
   0.020    65    60     6     4     1    -1    -0.00000000
   0.020    65    61     6     2     0     1     0.00000000
   0.020    65    62     6     2     1    -1     0.00000000
   0.020    65    63     6     0     0     1    -0.00000000
   0.020    65    64     6     6     1     1    -0.00010578
   0.020    65    65     6     6     2    -1     0.00020036
   0.020    65    66     6     4     1     1     0.82336954
   0.020    65    67     6     4     2    -1     0.56744343
   0.020    65    68     6     2     1     1    -0.00011951
   0.020    65    69     6     2     2    -1     0.00003690
   0.020    65    70     6     6     2     1    -0.00000000
   0.020    65    71     6     6     3    -1     0.00000000
   0.020    65    72     6     4     2     1    -0.00000000
   0.020    65    73     6     4     3    -1    -0.00000000
   0.020    65    74     6     2     2     1     0.00000000
   0.020    65    75     6     6     3     1     0.00000000
   0.020    65    76     6     6     4    -1    -0.00000000
   0.020    65    77     6     4     3     1     0.00000000
   0.020    65    78     6     4     4    -1     0.00000000
   0.020    65    79     6     6     4     1    -0.00000000
   0.020    65    80     6     6     5    -1    -0.00000000
   0.020    65    81     6     4     4     1    -0.00000000
   0.020    65    82     6     6     5     1     0.00000000
   0.020    65    83     6     6     6    -1    -0.00000000
   0.020    65    84     6     6     6     1    -0.00000000
   0.020    65    85     7     7     0     1     0.00000000
   0.020    65    86     7     7     1    -1     0.00000000
   0.020    65    87     7     5     0     1    -0.00000000
   0.020    65    88     7     5     1    -1     0.00000000
   0.020    65    89     7     3     0     1    -0.00000000
   0.020    65    90     7     3     1    -1    -0.00000000
   0.020    65    91     7     1     0     1    -0.00000000
   0.020    65    92     7     1     1    -1    -0.00000000
   0.020    65    93     7     7     1     1    -0.00000000
   0.020    65    94     7     7     2    -1     0.00000000
   0.020    65    95     7     5     1     1     0.00000000
   0.020    65    96     7     5     2    -1    -0.00000000
   0.020    65    97     7     3     1     1     0.00000000
   0.020    65    98     7     3     2    -1    -0.00000000
   0.020    65    99     7     1     1     1     0.00000000
   0.020    65   100     7     7     2     1    -0.00000000
   0.020    65   101     7     7     3    -1     0.00000000
   0.020    65   102     7     5     2     1    -0.00000000
   0.020    65   103     7     5     3    -1    -0.00000000
   0.020    65   104     7     3     2     1    -0.00000000
   0.020    65   105     7     3     3    -1    -0.00000000
   0.020    65   106     7     7     3     1    -0.00000000
   0.020    65   107     7     7     4    -1     0.00000000
   0.020    65   108     7     5     3     1     0.00000000
   0.020    65   109     7     5     4    -1     0.00000000
   0.020    65   110     7     3     3     1     0.00000000
   0.020    65   111     7     7     4     1     0.00000000
   0.020    65   112     7     7     5    -1    -0.00000000
   0.020    65   113     7     5     4     1     0.00000000
   0.020    65   114     7     5     5    -1     0.00000000
   0.020    65   115     7     7     5     1    -0.00000000
   0.020    65   116     7     7     6    -1    -0.00000000
   0.020    65   117     7     5     5     1    -0.00000000
   0.020    65   118     7     7     6     1     0.00000000
   0.020    65   119     7     7     7    -1     0.00000000
   0.020    65   120     7     7     7     1     0.00000000
   0.020    66     1     0     0     0     1    -0.00000000
   0.020    66     2     1     1     0     1    -0.00000000
   0.020    66     3     1     1     1    -1     0.00000000
   0.020    66     4     1     1     1     1    -0.00000000
   0.020    66     5     2     2     0     1    -0.00000000
   0.020    66     6     2     2     1    -1     0.00000000
   0.020    66     7     2     0     0     1     0.00000000
   0.020    66     8     2     2     1     1     0.00000000
   0.020    66     9     2     2     2    -1    -0.00000000
   0.020    66    10     2     2     2     1     0.00000891
   0.020    66    11     3     3     0     1     0.00000000
   0.020    66    12     3     3     1    -1    -0.00000000
   0.020    66    13     3     1     0     1     0.00000000
   0.020    66    14     3     1     1    -1    -0.00000000
   0.020    66    15     3     3     1     1     0.00000000
   0.020    66    16     3     3     2    -1    -0.00000000
   0.020    66    17     3     1     1     1     0.00000000
   0.020    66    18     3     3     2     1    -0.00000000
   0.020    66    19     3     3     3    -1    -0.00000000
   0.020    66    20     3     3     3     1    -0.00000000
   0.020    66    21     4     4     0     1    -0.00000000
   0.020    66    22     4     4     1    -1     0.00000000
   0.020    66    23     4     2     0     1     0.00000000
   0.020    66    24     4     2     1    -1    -0.00000000
   0.020    66    25     4     0     0     1     0.00000000
   0.020    66    26     4     4     1     1     0.00000000
   0.020    66    27     4     4     2    -1    -0.00000000
   0.020    66    28     4     2     1     1     0.00000000
   0.020    66    29     4     2     2    -1    -0.00000000
   0.020    66    30     4     4     2     1     0.00161622
   0.020    66    31     4     4     3    -1    -0.00097532
   0.020    66    32     4     2     2     1     0.00541220
   0.020    66    33     4     4     3     1     0.00000000
   0.020    66    34     4     4     4    -1    -0.00000000
   0.020    66    35     4     4     4     1    -0.00000000
   0.020    66    36     5     5     0     1     0.00000000
   0.020    66    37     5     5     1    -1    -0.00000000
   0.020    66    38     5     3     0     1     0.00000000
   0.020    66    39     5     3     1    -1     0.00000000
   0.020    66    40     5     1     0     1     0.00000000
   0.020    66    41     5     1     1    -1    -0.00000000
   0.020    66    42     5     5     1     1    -0.00000000
   0.020    66    43     5     5     2    -1     0.00000000
   0.020    66    44     5     3     1     1    -0.00000000
   0.020    66    45     5     3     2    -1     0.00000000
   0.020    66    46     5     1     1     1    -0.00000000
   0.020    66    47     5     5     2     1     0.00000000
   0.020    66    48     5     5     3    -1    -0.00000000
   0.020    66    49     5     3     2     1    -0.00000000
   0.020    66    50     5     3     3    -1    -0.00000000
   0.020    66    51     5     5     3     1     0.00000000
   0.020    66    52     5     5     4    -1    -0.00000000
   0.020    66    53     5     3     3     1    -0.00000000
   0.020    66    54     5     5     4     1     0.00000000
   0.020    66    55     5     5     5    -1     0.00000000
   0.020    66    56     5     5     5     1     0.00000000
   0.020    66    57     6     6     0     1    -0.00000000
   0.020    66    58     6     6     1    -1     0.00000000
   0.020    66    59     6     4     0     1     0.00000000
   0.020    66    60     6     4     1    -1     0.00000000
   0.020    66    61     6     2     0     1    -0.00000000
   0.020    66    62     6     2     1    -1    -0.00000000
   0.020    66    63     6     0     0     1     0.00000000
   0.020    66    64     6     6     1     1    -0.00000000
   0.020    66    65     6     6     2    -1     0.00000000
   0.020    66    66     6     4     1     1    -0.00000000
   0.020    66    67     6     4     2    -1    -0.00000000
   0.020    66    68     6     2     1     1    -0.00000000
   0.020    66    69     6     2     2    -1    -0.00000000
   0.020    66    70     6     6     2     1     0.00012494
   0.020    66    71     6     6     3    -1    -0.00021183
   0.020    66    72     6     4     2     1    -0.89002429
   0.020    66    73     6     4     3    -1    -0.45587699
   0.020    66    74     6     2     2     1    -0.00012077
   0.020    66    75     6     6     3     1    -0.00000000
   0.020    66    76     6     6     4    -1     0.00000000
   0.020    66    77     6     4     3     1    -0.00000000
   0.020    66    78     6     4     4    -1    -0.00000000
   0.020    66    79     6     6     4     1     0.00000000
   0.020    66    80     6     6     5    -1    -0.00000000
   0.020    66    81     6     4     4     1    -0.00000000
   0.020    66    82     6     6     5     1     0.00000000
   0.020    66    83     6     6     6    -1    -0.00000000
   0.020    66    84     6     6     6     1    -0.00000000
   0.020    66    85     7     7     0     1    -0.00000000
   0.020    66    86     7     7     1    -1    -0.00000000
   0.020    66    87     7     5     0     1    -0.00000000
   0.020    66    88     7     5     1    -1    -0.00000000
   0.020    66    89     7     3     0     1    -0.00000000
   0.020    66    90     7     3     1    -1     0.00000000
   0.020    66    91     7     1     0     1     0.00000000
   0.020    66    92     7     1     1    -1    -0.00000000
   0.020    66    93     7     7     1     1     0.00000000
   0.020    66    94     7     7     2    -1     0.00000000
   0.020    66    95     7     5     1     1    -0.00000000
   0.020    66    96     7     5     2    -1     0.00000000
   0.020    66    97     7     3     1     1    -0.00000000
   0.020    66    98     7     3     2    -1     0.00000000
   0.020    66    99     7     1     1     1     0.00000000
   0.020    66   100     7     7     2     1    -0.00000000
   0.020    66   101     7     7     3    -1     0.00000000
   0.020    66   102     7     5     2     1    -0.00000000
   0.020    66   103     7     5     3    -1    -0.00000000
   0.020    66   104     7     3     2     1    -0.00000000
   0.020    66   105     7     3     3    -1     0.00000000
   0.020    66   106     7     7     3     1    -0.00000000
   0.020    66   107     7     7     4    -1     0.00000000
   0.020    66   108     7     5     3     1     0.00000000
   0.020    66   109     7     5     4    -1    -0.00000000
   0.020    66   110     7     3     3     1     0.00000000
   0.020    66   111     7     7     4     1     0.00000000
   0.020    66   112     7     7     5    -1    -0.00000000
   0.020    66   113     7     5     4     1     0.00000000
   0.020    66   114     7     5     5    -1     0.00000000
   0.020    66   115     7     7     5     1    -0.00000000
   0.020    66   116     7     7     6    -1    -0.00000000
   0.020    66   117     7     5     5     1    -0.00000000
   0.020    66   118     7     7     6     1     0.00000000
   0.020    66   119     7     7     7    -1     0.00000000
   0.020    66   120     7     7     7     1     0.00000000
   0.020    67     1     0     0     0     1     0.00000000
   0.020    67     2     1     1     0     1    -0.00000000
   0.020    67     3     1     1     1    -1    -0.00000000
   0.020    67     4     1     1     1     1     0.00000000
   0.020    67     5     2     2     0     1    -0.00000000
   0.020    67     6     2     2     1    -1    -0.00000000
   0.020    67     7     2     0     0     1    -0.00000000
   0.020    67     8     2     2     1     1     0.00000000
   0.020    67     9     2     2     2    -1     0.00000000
   0.020    67    10     2     2     2     1    -0.00000000
   0.020    67    11     3     3     0     1    -0.00000000
   0.020    67    12     3     3     1    -1     0.00000000
   0.020    67    13     3     1     0     1     0.00000000
   0.020    67    14     3     1     1    -1     0.00000000
   0.020    67    15     3     3     1     1    -0.00000000
   0.020    67    16     3     3     2    -1     0.00000000
   0.020    67    17     3     1     1     1    -0.00000000
   0.020    67    18     3     3     2     1     0.00000000
   0.020    67    19     3     3     3    -1    -0.00000000
   0.020    67    20     3     3     3     1    -0.00000000
   0.020    67    21     4     4     0     1    -0.00000000
   0.020    67    22     4     4     1    -1     0.00000000
   0.020    67    23     4     2     0     1     0.00000000
   0.020    67    24     4     2     1    -1     0.00000000
   0.020    67    25     4     0     0     1     0.00000000
   0.020    67    26     4     4     1     1     0.00000000
   0.020    67    27     4     4     2    -1    -0.00000000
   0.020    67    28     4     2     1     1    -0.00000000
   0.020    67    29     4     2     2    -1     0.00000000
   0.020    67    30     4     4     2     1     0.00000000
   0.020    67    31     4     4     3    -1    -0.00000000
   0.020    67    32     4     2     2     1     0.00000000
   0.020    67    33     4     4     3     1     0.00122331
   0.020    67    34     4     4     4    -1     0.00215762
   0.020    67    35     4     4     4     1    -0.00000000
   0.020    67    36     5     5     0     1     0.00000000
   0.020    67    37     5     5     1    -1    -0.00000000
   0.020    67    38     5     3     0     1    -0.00000000
   0.020    67    39     5     3     1    -1    -0.00000000
   0.020    67    40     5     1     0     1    -0.00000000
   0.020    67    41     5     1     1    -1     0.00000000
   0.020    67    42     5     5     1     1    -0.00000000
   0.020    67    43     5     5     2    -1    -0.00000000
   0.020    67    44     5     3     1     1     0.00000000
   0.020    67    45     5     3     2    -1    -0.00000000
   0.020    67    46     5     1     1     1     0.00000000
   0.020    67    47     5     5     2     1    -0.00000000
   0.020    67    48     5     5     3    -1     0.00000000
   0.020    67    49     5     3     2     1    -0.00000000
   0.020    67    50     5     3     3    -1    -0.00000000
   0.020    67    51     5     5     3     1     0.00000000
   0.020    67    52     5     5     4    -1    -0.00000000
   0.020    67    53     5     3     3     1     0.00000000
   0.020    67    54     5     5     4     1    -0.00000000
   0.020    67    55     5     5     5    -1     0.00000000
   0.020    67    56     5     5     5     1    -0.00000000
   0.020    67    57     6     6     0     1     0.00000000
   0.020    67    58     6     6     1    -1    -0.00000000
   0.020    67    59     6     4     0     1     0.00000000
   0.020    67    60     6     4     1    -1     0.00000000
   0.020    67    61     6     2     0     1     0.00000000
   0.020    67    62     6     2     1    -1    -0.00000000
   0.020    67    63     6     0     0     1    -0.00000000
   0.020    67    64     6     6     1     1    -0.00000000
   0.020    67    65     6     6     2    -1     0.00000000
   0.020    67    66     6     4     1     1    -0.00000000
   0.020    67    67     6     4     2    -1    -0.00000000
   0.020    67    68     6     2     1     1     0.00000000
   0.020    67    69     6     2     2    -1     0.00000000
   0.020    67    70     6     6     2     1     0.00000000
   0.020    67    71     6     6     3    -1    -0.00000000
   0.020    67    72     6     4     2     1    -0.00000000
   0.020    67    73     6     4     3    -1    -0.00000000
   0.020    67    74     6     2     2     1     0.00000000
   0.020    67    75     6     6     3     1    -0.00005985
   0.020    67    76     6     6     4    -1     0.00007372
   0.020    67    77     6     4     3     1     0.94872524
   0.020    67    78     6     4     4    -1     0.31609217
   0.020    67    79     6     6     4     1    -0.00000000
   0.020    67    80     6     6     5    -1     0.00000000
   0.020    67    81     6     4     4     1    -0.00000000
   0.020    67    82     6     6     5     1     0.00000000
   0.020    67    83     6     6     6    -1    -0.00000000
   0.020    67    84     6     6     6     1     0.00000000
   0.020    67    85     7     7     0     1     0.00000000
   0.020    67    86     7     7     1    -1     0.00000000
   0.020    67    87     7     5     0     1     0.00000000
   0.020    67    88     7     5     1    -1    -0.00000000
   0.020    67    89     7     3     0     1    -0.00000000
   0.020    67    90     7     3     1    -1    -0.00000000
   0.020    67    91     7     1     0     1    -0.00000000
   0.020    67    92     7     1     1    -1    -0.00000000
   0.020    67    93     7     7     1     1     0.00000000
   0.020    67    94     7     7     2    -1     0.00000000
   0.020    67    95     7     5     1     1    -0.00000000
   0.020    67    96     7     5     2    -1    -0.00000000
   0.020    67    97     7     3     1     1    -0.00000000
   0.020    67    98     7     3     2    -1    -0.00000000
   0.020    67    99     7     1     1     1     0.00000000
   0.020    67   100     7     7     2     1     0.00000000
   0.020    67   101     7     7     3    -1    -0.00000000
   0.020    67   102     7     5     2     1    -0.00000000
   0.020    67   103     7     5     3    -1    -0.00000000
   0.020    67   104     7     3     2     1    -0.00000000
   0.020    67   105     7     3     3    -1    -0.00000000
   0.020    67   106     7     7     3     1    -0.00000000
   0.020    67   107     7     7     4    -1     0.00000000
   0.020    67   108     7     5     3     1    -0.00000000
   0.020    67   109     7     5     4    -1    -0.00000000
   0.020    67   110     7     3     3     1     0.00000000
   0.020    67   111     7     7     4     1     0.00000000
   0.020    67   112     7     7     5    -1    -0.00000000
   0.020    67   113     7     5     4     1     0.00000000
   0.020    67   114     7     5     5    -1    -0.00000000
   0.020    67   115     7     7     5     1     0.00000000
   0.020    67   116     7     7     6    -1     0.00000000
   0.020    67   117     7     5     5     1     0.00000000
   0.020    67   118     7     7     6     1     0.00000000
   0.020    67   119     7     7     7    -1     0.00000000
   0.020    67   120     7     7     7     1     0.00000000
   0.020    68     1     0     0     0     1     0.00000001
   0.020    68     2     1     1     0     1     0.00000000
   0.020    68     3     1     1     1    -1    -0.00000000
   0.020    68     4     1     1     1     1    -0.00000000
   0.020    68     5     2     2     0     1    -0.00000896
   0.020    68     6     2     2     1    -1     0.00000885
   0.020    68     7     2     0     0     1     0.00000000
   0.020    68     8     2     2     1     1    -0.00000000
   0.020    68     9     2     2     2    -1    -0.00000000
   0.020    68    10     2     2     2     1     0.00000000
   0.020    68    11     3     3     0     1    -0.00000000
   0.020    68    12     3     3     1    -1     0.00000000
   0.020    68    13     3     1     0     1    -0.00000000
   0.020    68    14     3     1     1    -1     0.00000000
   0.020    68    15     3     3     1     1    -0.00000000
   0.020    68    16     3     3     2    -1     0.00000000
   0.020    68    17     3     1     1     1    -0.00000000
   0.020    68    18     3     3     2     1     0.00000000
   0.020    68    19     3     3     3    -1    -0.00000000
   0.020    68    20     3     3     3     1    -0.00000000
   0.020    68    21     4     4     0     1     0.00382505
   0.020    68    22     4     4     1    -1    -0.00406639
   0.020    68    23     4     2     0     1    -0.00000050
   0.020    68    24     4     2     1    -1     0.00000140
   0.020    68    25     4     0     0     1    -0.00000067
   0.020    68    26     4     4     1     1    -0.00000000
   0.020    68    27     4     4     2    -1     0.00000000
   0.020    68    28     4     2     1     1    -0.00000000
   0.020    68    29     4     2     2    -1    -0.00000000
   0.020    68    30     4     4     2     1    -0.00000000
   0.020    68    31     4     4     3    -1    -0.00000000
   0.020    68    32     4     2     2     1    -0.00000000
   0.020    68    33     4     4     3     1     0.00000000
   0.020    68    34     4     4     4    -1    -0.00000000
   0.020    68    35     4     4     4     1     0.00000000
   0.020    68    36     5     5     0     1     0.00000000
   0.020    68    37     5     5     1    -1    -0.00000000
   0.020    68    38     5     3     0     1     0.00000000
   0.020    68    39     5     3     1    -1     0.00000000
   0.020    68    40     5     1     0     1     0.00000000
   0.020    68    41     5     1     1    -1     0.00000000
   0.020    68    42     5     5     1     1     0.00000000
   0.020    68    43     5     5     2    -1    -0.00000000
   0.020    68    44     5     3     1     1     0.00000000
   0.020    68    45     5     3     2    -1    -0.00000000
   0.020    68    46     5     1     1     1     0.00000000
   0.020    68    47     5     5     2     1     0.00000000
   0.020    68    48     5     5     3    -1    -0.00000000
   0.020    68    49     5     3     2     1    -0.00000000
   0.020    68    50     5     3     3    -1    -0.00000000
   0.020    68    51     5     5     3     1     0.00000000
   0.020    68    52     5     5     4    -1    -0.00000000
   0.020    68    53     5     3     3     1     0.00000000
   0.020    68    54     5     5     4     1    -0.00000000
   0.020    68    55     5     5     5    -1     0.00000000
   0.020    68    56     5     5     5     1    -0.00000000
   0.020    68    57     6     6     0     1    -0.67833345
   0.020    68    58     6     6     1    -1     0.73473297
   0.020    68    59     6     4     0     1     0.00000662
   0.020    68    60     6     4     1    -1    -0.00013465
   0.020    68    61     6     2     0     1     0.00004991
   0.020    68    62     6     2     1    -1    -0.00003982
   0.020    68    63     6     0     0     1    -0.00000001
   0.020    68    64     6     6     1     1     0.00000000
   0.020    68    65     6     6     2    -1    -0.00000000
   0.020    68    66     6     4     1     1     0.00000000
   0.020    68    67     6     4     2    -1    -0.00000000
   0.020    68    68     6     2     1     1    -0.00000000
   0.020    68    69     6     2     2    -1     0.00000000
   0.020    68    70     6     6     2     1    -0.00000000
   0.020    68    71     6     6     3    -1     0.00000000
   0.020    68    72     6     4     2     1     0.00000000
   0.020    68    73     6     4     3    -1     0.00000000
   0.020    68    74     6     2     2     1     0.00000000
   0.020    68    75     6     6     3     1    -0.00000000
   0.020    68    76     6     6     4    -1     0.00000000
   0.020    68    77     6     4     3     1     0.00000000
   0.020    68    78     6     4     4    -1     0.00000000
   0.020    68    79     6     6     4     1    -0.00000000
   0.020    68    80     6     6     5    -1     0.00000000
   0.020    68    81     6     4     4     1     0.00000000
   0.020    68    82     6     6     5     1     0.00000000
   0.020    68    83     6     6     6    -1    -0.00000000
   0.020    68    84     6     6     6     1     0.00000000
   0.020    68    85     7     7     0     1     0.00000000
   0.020    68    86     7     7     1    -1     0.00000000
   0.020    68    87     7     5     0     1    -0.00000000
   0.020    68    88     7     5     1    -1     0.00000000
   0.020    68    89     7     3     0     1     0.00000000
   0.020    68    90     7     3     1    -1    -0.00000000
   0.020    68    91     7     1     0     1     0.00000000
   0.020    68    92     7     1     1    -1     0.00000000
   0.020    68    93     7     7     1     1    -0.00000000
   0.020    68    94     7     7     2    -1     0.00000000
   0.020    68    95     7     5     1     1    -0.00000000
   0.020    68    96     7     5     2    -1     0.00000000
   0.020    68    97     7     3     1     1    -0.00000000
   0.020    68    98     7     3     2    -1    -0.00000000
   0.020    68    99     7     1     1     1     0.00000000
   0.020    68   100     7     7     2     1    -0.00000000
   0.020    68   101     7     7     3    -1    -0.00000000
   0.020    68   102     7     5     2     1    -0.00000000
   0.020    68   103     7     5     3    -1    -0.00000000
   0.020    68   104     7     3     2     1    -0.00000000
   0.020    68   105     7     3     3    -1    -0.00000000
   0.020    68   106     7     7     3     1    -0.00000000
   0.020    68   107     7     7     4    -1     0.00000000
   0.020    68   108     7     5     3     1    -0.00000000
   0.020    68   109     7     5     4    -1    -0.00000000
   0.020    68   110     7     3     3     1     0.00000000
   0.020    68   111     7     7     4     1     0.00000000
   0.020    68   112     7     7     5    -1    -0.00000000
   0.020    68   113     7     5     4     1     0.00000000
   0.020    68   114     7     5     5    -1    -0.00000000
   0.020    68   115     7     7     5     1     0.00000000
   0.020    68   116     7     7     6    -1     0.00000000
   0.020    68   117     7     5     5     1     0.00000000
   0.020    68   118     7     7     6     1     0.00000000
   0.020    68   119     7     7     7    -1     0.00000000
   0.020    68   120     7     7     7     1     0.00000000
   0.020    69     1     0     0     0     1    -0.00000000
   0.020    69     2     1     1     0     1    -0.00000000
   0.020    69     3     1     1     1    -1    -0.00000000
   0.020    69     4     1     1     1     1    -0.00000000
   0.020    69     5     2     2     0     1     0.00000000
   0.020    69     6     2     2     1    -1     0.00000000
   0.020    69     7     2     0     0     1    -0.00000000
   0.020    69     8     2     2     1     1     0.00000687
   0.020    69     9     2     2     2    -1    -0.00000618
   0.020    69    10     2     2     2     1    -0.00000000
   0.020    69    11     3     3     0     1     0.00000000
   0.020    69    12     3     3     1    -1     0.00000000
   0.020    69    13     3     1     0     1     0.00000000
   0.020    69    14     3     1     1    -1    -0.00000000
   0.020    69    15     3     3     1     1     0.00000000
   0.020    69    16     3     3     2    -1    -0.00000000
   0.020    69    17     3     1     1     1    -0.00000000
   0.020    69    18     3     3     2     1    -0.00000000
   0.020    69    19     3     3     3    -1     0.00000000
   0.020    69    20     3     3     3     1     0.00000000
   0.020    69    21     4     4     0     1     0.00000000
   0.020    69    22     4     4     1    -1     0.00000000
   0.020    69    23     4     2     0     1     0.00000000
   0.020    69    24     4     2     1    -1    -0.00000000
   0.020    69    25     4     0     0     1     0.00000000
   0.020    69    26     4     4     1     1    -0.00329109
   0.020    69    27     4     4     2    -1     0.00394791
   0.020    69    28     4     2     1     1    -0.00000101
   0.020    69    29     4     2     2    -1    -0.00000093
   0.020    69    30     4     4     2     1     0.00000000
   0.020    69    31     4     4     3    -1    -0.00000000
   0.020    69    32     4     2     2     1     0.00000000
   0.020    69    33     4     4     3     1     0.00000000
   0.020    69    34     4     4     4    -1     0.00000000
   0.020    69    35     4     4     4     1    -0.00000000
   0.020    69    36     5     5     0     1    -0.00000000
   0.020    69    37     5     5     1    -1     0.00000000
   0.020    69    38     5     3     0     1     0.00000000
   0.020    69    39     5     3     1    -1     0.00000000
   0.020    69    40     5     1     0     1     0.00000000
   0.020    69    41     5     1     1    -1    -0.00000000
   0.020    69    42     5     5     1     1    -0.00000000
   0.020    69    43     5     5     2    -1     0.00000000
   0.020    69    44     5     3     1     1     0.00000000
   0.020    69    45     5     3     2    -1     0.00000000
   0.020    69    46     5     1     1     1    -0.00000000
   0.020    69    47     5     5     2     1     0.00000000
   0.020    69    48     5     5     3    -1    -0.00000000
   0.020    69    49     5     3     2     1    -0.00000000
   0.020    69    50     5     3     3    -1    -0.00000000
   0.020    69    51     5     5     3     1    -0.00000000
   0.020    69    52     5     5     4    -1     0.00000000
   0.020    69    53     5     3     3     1    -0.00000000
   0.020    69    54     5     5     4     1     0.00000000
   0.020    69    55     5     5     5    -1    -0.00000000
   0.020    69    56     5     5     5     1     0.00000000
   0.020    69    57     6     6     0     1     0.00000000
   0.020    69    58     6     6     1    -1    -0.00000000
   0.020    69    59     6     4     0     1     0.00000000
   0.020    69    60     6     4     1    -1     0.00000000
   0.020    69    61     6     2     0     1    -0.00000000
   0.020    69    62     6     2     1    -1    -0.00000000
   0.020    69    63     6     0     0     1     0.00000000
   0.020    69    64     6     6     1     1     0.61696838
   0.020    69    65     6     6     2    -1    -0.78697113
   0.020    69    66     6     4     1     1     0.00014460
   0.020    69    67     6     4     2    -1     0.00017067
   0.020    69    68     6     2     1     1    -0.00004679
   0.020    69    69     6     2     2    -1     0.00002259
   0.020    69    70     6     6     2     1    -0.00000000
   0.020    69    71     6     6     3    -1     0.00000000
   0.020    69    72     6     4     2     1    -0.00000000
   0.020    69    73     6     4     3    -1    -0.00000000
   0.020    69    74     6     2     2     1     0.00000000
   0.020    69    75     6     6     3     1    -0.00000000
   0.020    69    76     6     6     4    -1     0.00000000
   0.020    69    77     6     4     3     1     0.00000000
   0.020    69    78     6     4     4    -1     0.00000000
   0.020    69    79     6     6     4     1     0.00000000
   0.020    69    80     6     6     5    -1    -0.00000000
   0.020    69    81     6     4     4     1    -0.00000000
   0.020    69    82     6     6     5     1    -0.00000000
   0.020    69    83     6     6     6    -1     0.00000000
   0.020    69    84     6     6     6     1    -0.00000000
   0.020    69    85     7     7     0     1    -0.00000000
   0.020    69    86     7     7     1    -1    -0.00000000
   0.020    69    87     7     5     0     1    -0.00000000
   0.020    69    88     7     5     1    -1     0.00000000
   0.020    69    89     7     3     0     1     0.00000000
   0.020    69    90     7     3     1    -1     0.00000000
   0.020    69    91     7     1     0     1     0.00000000
   0.020    69    92     7     1     1    -1     0.00000000
   0.020    69    93     7     7     1     1     0.00000000
   0.020    69    94     7     7     2    -1     0.00000000
   0.020    69    95     7     5     1     1    -0.00000000
   0.020    69    96     7     5     2    -1     0.00000000
   0.020    69    97     7     3     1     1     0.00000000
   0.020    69    98     7     3     2    -1     0.00000000
   0.020    69    99     7     1     1     1     0.00000000
   0.020    69   100     7     7     2     1    -0.00000000
   0.020    69   101     7     7     3    -1     0.00000000
   0.020    69   102     7     5     2     1    -0.00000000
   0.020    69   103     7     5     3    -1     0.00000000
   0.020    69   104     7     3     2     1     0.00000000
   0.020    69   105     7     3     3    -1     0.00000000
   0.020    69   106     7     7     3     1     0.00000000
   0.020    69   107     7     7     4    -1    -0.00000000
   0.020    69   108     7     5     3     1     0.00000000
   0.020    69   109     7     5     4    -1     0.00000000
   0.020    69   110     7     3     3     1    -0.00000000
   0.020    69   111     7     7     4     1    -0.00000000
   0.020    69   112     7     7     5    -1     0.00000000
   0.020    69   113     7     5     4     1    -0.00000000
   0.020    69   114     7     5     5    -1     0.00000000
   0.020    69   115     7     7     5     1    -0.00000000
   0.020    69   116     7     7     6    -1    -0.00000000
   0.020    69   117     7     5     5     1    -0.00000000
   0.020    69   118     7     7     6     1     0.00000000
   0.020    69   119     7     7     7    -1     0.00000000
   0.020    69   120     7     7     7     1     0.00000000
   0.020    70     1     0     0     0     1     0.00000000
   0.020    70     2     1     1     0     1    -0.00000000
   0.020    70     3     1     1     1    -1     0.00000000
   0.020    70     4     1     1     1     1     0.00000000
   0.020    70     5     2     2     0     1    -0.00000000
   0.020    70     6     2     2     1    -1    -0.00000000
   0.020    70     7     2     0     0     1     0.00000000
   0.020    70     8     2     2     1     1    -0.00000000
   0.020    70     9     2     2     2    -1     0.00000000
   0.020    70    10     2     2     2     1     0.00000000
   0.020    70    11     3     3     0     1     0.00000000
   0.020    70    12     3     3     1    -1     0.00000000
   0.020    70    13     3     1     0     1     0.00000000
   0.020    70    14     3     1     1    -1     0.00000000
   0.020    70    15     3     3     1     1     0.00000000
   0.020    70    16     3     3     2    -1     0.00000000
   0.020    70    17     3     1     1     1     0.00000000
   0.020    70    18     3     3     2     1     0.00000000
   0.020    70    19     3     3     3    -1     0.00000000
   0.020    70    20     3     3     3     1     0.00000000
   0.020    70    21     4     4     0     1     0.00000000
   0.020    70    22     4     4     1    -1    -0.00000000
   0.020    70    23     4     2     0     1    -0.00000000
   0.020    70    24     4     2     1    -1     0.00000000
   0.020    70    25     4     0     0     1    -0.00000000
   0.020    70    26     4     4     1     1     0.00000000
   0.020    70    27     4     4     2    -1    -0.00000000
   0.020    70    28     4     2     1     1     0.00000000
   0.020    70    29     4     2     2    -1     0.00000000
   0.020    70    30     4     4     2     1     0.00000000
   0.020    70    31     4     4     3    -1    -0.00000000
   0.020    70    32     4     2     2     1    -0.00000000
   0.020    70    33     4     4     3     1    -0.00000000
   0.020    70    34     4     4     4    -1    -0.00000000
   0.020    70    35     4     4     4     1    -0.00565702
   0.020    70    36     5     5     0     1     0.00000000
   0.020    70    37     5     5     1    -1    -0.00000000
   0.020    70    38     5     3     0     1    -0.00000000
   0.020    70    39     5     3     1    -1    -0.00000000
   0.020    70    40     5     1     0     1    -0.00000000
   0.020    70    41     5     1     1    -1    -0.00000000
   0.020    70    42     5     5     1     1     0.00000000
   0.020    70    43     5     5     2    -1     0.00000000
   0.020    70    44     5     3     1     1     0.00000000
   0.020    70    45     5     3     2    -1     0.00000000
   0.020    70    46     5     1     1     1     0.00000000
   0.020    70    47     5     5     2     1     0.00000000
   0.020    70    48     5     5     3    -1     0.00000000
   0.020    70    49     5     3     2     1    -0.00000000
   0.020    70    50     5     3     3    -1    -0.00000000
   0.020    70    51     5     5     3     1    -0.00000000
   0.020    70    52     5     5     4    -1     0.00000000
   0.020    70    53     5     3     3     1    -0.00000000
   0.020    70    54     5     5     4     1     0.00000000
   0.020    70    55     5     5     5    -1    -0.00000000
   0.020    70    56     5     5     5     1     0.00000000
   0.020    70    57     6     6     0     1    -0.00000000
   0.020    70    58     6     6     1    -1     0.00000000
   0.020    70    59     6     4     0     1     0.00000000
   0.020    70    60     6     4     1    -1     0.00000000
   0.020    70    61     6     2     0     1     0.00000000
   0.020    70    62     6     2     1    -1     0.00000000
   0.020    70    63     6     0     0     1    -0.00000000
   0.020    70    64     6     6     1     1    -0.00000000
   0.020    70    65     6     6     2    -1     0.00000000
   0.020    70    66     6     4     1     1    -0.00000000
   0.020    70    67     6     4     2    -1    -0.00000000
   0.020    70    68     6     2     1     1    -0.00000000
   0.020    70    69     6     2     2    -1    -0.00000000
   0.020    70    70     6     6     2     1    -0.00000000
   0.020    70    71     6     6     3    -1     0.00000000
   0.020    70    72     6     4     2     1     0.00000000
   0.020    70    73     6     4     3    -1     0.00000000
   0.020    70    74     6     2     2     1     0.00000000
   0.020    70    75     6     6     3     1     0.00000000
   0.020    70    76     6     6     4    -1    -0.00000000
   0.020    70    77     6     4     3     1    -0.00000000
   0.020    70    78     6     4     4    -1    -0.00000000
   0.020    70    79     6     6     4     1    -0.00006257
   0.020    70    80     6     6     5    -1     0.00023889
   0.020    70    81     6     4     4     1    -0.99998397
   0.020    70    82     6     6     5     1     0.00000000
   0.020    70    83     6     6     6    -1    -0.00000000
   0.020    70    84     6     6     6     1     0.00000000
   0.020    70    85     7     7     0     1    -0.00000000
   0.020    70    86     7     7     1    -1    -0.00000000
   0.020    70    87     7     5     0     1    -0.00000000
   0.020    70    88     7     5     1    -1     0.00000000
   0.020    70    89     7     3     0     1     0.00000000
   0.020    70    90     7     3     1    -1    -0.00000000
   0.020    70    91     7     1     0     1    -0.00000000
   0.020    70    92     7     1     1    -1     0.00000000
   0.020    70    93     7     7     1     1    -0.00000000
   0.020    70    94     7     7     2    -1    -0.00000000
   0.020    70    95     7     5     1     1    -0.00000000
   0.020    70    96     7     5     2    -1    -0.00000000
   0.020    70    97     7     3     1     1     0.00000000
   0.020    70    98     7     3     2    -1     0.00000000
   0.020    70    99     7     1     1     1    -0.00000000
   0.020    70   100     7     7     2     1    -0.00000000
   0.020    70   101     7     7     3    -1     0.00000000
   0.020    70   102     7     5     2     1    -0.00000000
   0.020    70   103     7     5     3    -1     0.00000000
   0.020    70   104     7     3     2     1     0.00000000
   0.020    70   105     7     3     3    -1     0.00000000
   0.020    70   106     7     7     3     1     0.00000000
   0.020    70   107     7     7     4    -1    -0.00000000
   0.020    70   108     7     5     3     1     0.00000000
   0.020    70   109     7     5     4    -1     0.00000000
   0.020    70   110     7     3     3     1    -0.00000000
   0.020    70   111     7     7     4     1    -0.00000000
   0.020    70   112     7     7     5    -1     0.00000000
   0.020    70   113     7     5     4     1    -0.00000000
   0.020    70   114     7     5     5    -1     0.00000000
   0.020    70   115     7     7     5     1    -0.00000000
   0.020    70   116     7     7     6    -1    -0.00000000
   0.020    70   117     7     5     5     1    -0.00000000
   0.020    70   118     7     7     6     1     0.00000000
   0.020    70   119     7     7     7    -1     0.00000000
   0.020    70   120     7     7     7     1     0.00000000
   0.020    71     1     0     0     0     1    -0.00000000
   0.020    71     2     1     1     0     1     0.00000000
   0.020    71     3     1     1     1    -1    -0.00000000
   0.020    71     4     1     1     1     1    -0.00000000
   0.020    71     5     2     2     0     1     0.00000000
   0.020    71     6     2     2     1    -1     0.00000000
   0.020    71     7     2     0     0     1     0.00000000
   0.020    71     8     2     2     1     1     0.00000000
   0.020    71     9     2     2     2    -1    -0.00000000
   0.020    71    10     2     2     2     1     0.00000361
   0.020    71    11     3     3     0     1     0.00000000
   0.020    71    12     3     3     1    -1     0.00000000
   0.020    71    13     3     1     0     1    -0.00000000
   0.020    71    14     3     1     1    -1     0.00000000
   0.020    71    15     3     3     1     1     0.00000000
   0.020    71    16     3     3     2    -1    -0.00000000
   0.020    71    17     3     1     1     1    -0.00000000
   0.020    71    18     3     3     2     1     0.00000000
   0.020    71    19     3     3     3    -1     0.00000000
   0.020    71    20     3     3     3     1     0.00000000
   0.020    71    21     4     4     0     1     0.00000000
   0.020    71    22     4     4     1    -1     0.00000000
   0.020    71    23     4     2     0     1     0.00000000
   0.020    71    24     4     2     1    -1    -0.00000000
   0.020    71    25     4     0     0     1     0.00000000
   0.020    71    26     4     4     1     1    -0.00000000
   0.020    71    27     4     4     2    -1    -0.00000000
   0.020    71    28     4     2     1     1     0.00000000
   0.020    71    29     4     2     2    -1    -0.00000000
   0.020    71    30     4     4     2     1    -0.00253844
   0.020    71    31     4     4     3    -1     0.00340194
   0.020    71    32     4     2     2     1    -0.00000148
   0.020    71    33     4     4     3     1    -0.00000000
   0.020    71    34     4     4     4    -1    -0.00000000
   0.020    71    35     4     4     4     1    -0.00000000
   0.020    71    36     5     5     0     1    -0.00000000
   0.020    71    37     5     5     1    -1     0.00000000
   0.020    71    38     5     3     0     1     0.00000000
   0.020    71    39     5     3     1    -1     0.00000000
   0.020    71    40     5     1     0     1    -0.00000000
   0.020    71    41     5     1     1    -1    -0.00000000
   0.020    71    42     5     5     1     1    -0.00000000
   0.020    71    43     5     5     2    -1     0.00000000
   0.020    71    44     5     3     1     1    -0.00000000
   0.020    71    45     5     3     2    -1     0.00000000
   0.020    71    46     5     1     1     1    -0.00000000
   0.020    71    47     5     5     2     1     0.00000000
   0.020    71    48     5     5     3    -1    -0.00000000
   0.020    71    49     5     3     2     1    -0.00000000
   0.020    71    50     5     3     3    -1    -0.00000000
   0.020    71    51     5     5     3     1    -0.00000000
   0.020    71    52     5     5     4    -1     0.00000000
   0.020    71    53     5     3     3     1    -0.00000000
   0.020    71    54     5     5     4     1     0.00000000
   0.020    71    55     5     5     5    -1    -0.00000000
   0.020    71    56     5     5     5     1     0.00000000
   0.020    71    57     6     6     0     1    -0.00000000
   0.020    71    58     6     6     1    -1     0.00000000
   0.020    71    59     6     4     0     1    -0.00000000
   0.020    71    60     6     4     1    -1    -0.00000000
   0.020    71    61     6     2     0     1     0.00000000
   0.020    71    62     6     2     1    -1     0.00000000
   0.020    71    63     6     0     0     1    -0.00000000
   0.020    71    64     6     6     1     1     0.00000000
   0.020    71    65     6     6     2    -1    -0.00000000
   0.020    71    66     6     4     1     1     0.00000000
   0.020    71    67     6     4     2    -1     0.00000000
   0.020    71    68     6     2     1     1    -0.00000000
   0.020    71    69     6     2     2    -1    -0.00000000
   0.020    71    70     6     6     2     1     0.54934817
   0.020    71    71     6     6     3    -1    -0.83558274
   0.020    71    72     6     4     2     1     0.00021739
   0.020    71    73     6     4     3    -1     0.00009812
   0.020    71    74     6     2     2     1    -0.00002954
   0.020    71    75     6     6     3     1     0.00000000
   0.020    71    76     6     6     4    -1    -0.00000000
   0.020    71    77     6     4     3     1    -0.00000000
   0.020    71    78     6     4     4    -1    -0.00000000
   0.020    71    79     6     6     4     1     0.00000000
   0.020    71    80     6     6     5    -1    -0.00000000
   0.020    71    81     6     4     4     1    -0.00000000
   0.020    71    82     6     6     5     1     0.00000000
   0.020    71    83     6     6     6    -1     0.00000000
   0.020    71    84     6     6     6     1    -0.00000000
   0.020    71    85     7     7     0     1    -0.00000000
   0.020    71    86     7     7     1    -1    -0.00000000
   0.020    71    87     7     5     0     1     0.00000000
   0.020    71    88     7     5     1    -1     0.00000000
   0.020    71    89     7     3     0     1     0.00000000
   0.020    71    90     7     3     1    -1    -0.00000000
   0.020    71    91     7     1     0     1     0.00000000
   0.020    71    92     7     1     1    -1     0.00000000
   0.020    71    93     7     7     1     1     0.00000000
   0.020    71    94     7     7     2    -1     0.00000000
   0.020    71    95     7     5     1     1    -0.00000000
   0.020    71    96     7     5     2    -1     0.00000000
   0.020    71    97     7     3     1     1    -0.00000000
   0.020    71    98     7     3     2    -1     0.00000000
   0.020    71    99     7     1     1     1     0.00000000
   0.020    71   100     7     7     2     1    -0.00000000
   0.020    71   101     7     7     3    -1     0.00000000
   0.020    71   102     7     5     2     1    -0.00000000
   0.020    71   103     7     5     3    -1     0.00000000
   0.020    71   104     7     3     2     1     0.00000000
   0.020    71   105     7     3     3    -1     0.00000000
   0.020    71   106     7     7     3     1     0.00000000
   0.020    71   107     7     7     4    -1    -0.00000000
   0.020    71   108     7     5     3     1     0.00000000
   0.020    71   109     7     5     4    -1     0.00000000
   0.020    71   110     7     3     3     1    -0.00000000
   0.020    71   111     7     7     4     1    -0.00000000
   0.020    71   112     7     7     5    -1     0.00000000
   0.020    71   113     7     5     4     1    -0.00000000
   0.020    71   114     7     5     5    -1     0.00000000
   0.020    71   115     7     7     5     1    -0.00000000
   0.020    71   116     7     7     6    -1    -0.00000000
   0.020    71   117     7     5     5     1    -0.00000000
   0.020    71   118     7     7     6     1     0.00000000
   0.020    71   119     7     7     7    -1     0.00000000
   0.020    71   120     7     7     7     1     0.00000000
   0.020    72     1     0     0     0     1     0.00000000
   0.020    72     2     1     1     0     1     0.00000000
   0.020    72     3     1     1     1    -1     0.00000000
   0.020    72     4     1     1     1     1     0.00000000
   0.020    72     5     2     2     0     1    -0.00000000
   0.020    72     6     2     2     1    -1     0.00000000
   0.020    72     7     2     0     0     1     0.00000000
   0.020    72     8     2     2     1     1     0.00000000
   0.020    72     9     2     2     2    -1     0.00000000
   0.020    72    10     2     2     2     1     0.00000000
   0.020    72    11     3     3     0     1     0.00000000
   0.020    72    12     3     3     1    -1    -0.00000000
   0.020    72    13     3     1     0     1    -0.00000000
   0.020    72    14     3     1     1    -1    -0.00000000
   0.020    72    15     3     3     1     1     0.00000000
   0.020    72    16     3     3     2    -1    -0.00000000
   0.020    72    17     3     1     1     1     0.00000000
   0.020    72    18     3     3     2     1     0.00000000
   0.020    72    19     3     3     3    -1     0.00000000
   0.020    72    20     3     3     3     1     0.00000000
   0.020    72    21     4     4     0     1    -0.00000000
   0.020    72    22     4     4     1    -1    -0.00000000
   0.020    72    23     4     2     0     1     0.00000000
   0.020    72    24     4     2     1    -1    -0.00000000
   0.020    72    25     4     0     0     1    -0.00000000
   0.020    72    26     4     4     1     1     0.00000000
   0.020    72    27     4     4     2    -1    -0.00000000
   0.020    72    28     4     2     1     1     0.00000000
   0.020    72    29     4     2     2    -1    -0.00000000
   0.020    72    30     4     4     2     1    -0.00000000
   0.020    72    31     4     4     3    -1    -0.00000000
   0.020    72    32     4     2     2     1    -0.00000000
   0.020    72    33     4     4     3     1     0.00165628
   0.020    72    34     4     4     4    -1    -0.00234180
   0.020    72    35     4     4     4     1    -0.00000000
   0.020    72    36     5     5     0     1     0.00000000
   0.020    72    37     5     5     1    -1    -0.00000000
   0.020    72    38     5     3     0     1    -0.00000000
   0.020    72    39     5     3     1    -1     0.00000000
   0.020    72    40     5     1     0     1    -0.00000000
   0.020    72    41     5     1     1    -1    -0.00000000
   0.020    72    42     5     5     1     1     0.00000000
   0.020    72    43     5     5     2    -1    -0.00000000
   0.020    72    44     5     3     1     1    -0.00000000
   0.020    72    45     5     3     2    -1     0.00000000
   0.020    72    46     5     1     1     1    -0.00000000
   0.020    72    47     5     5     2     1     0.00000000
   0.020    72    48     5     5     3    -1    -0.00000000
   0.020    72    49     5     3     2     1     0.00000000
   0.020    72    50     5     3     3    -1     0.00000000
   0.020    72    51     5     5     3     1    -0.00000000
   0.020    72    52     5     5     4    -1     0.00000000
   0.020    72    53     5     3     3     1    -0.00000000
   0.020    72    54     5     5     4     1     0.00000000
   0.020    72    55     5     5     5    -1    -0.00000000
   0.020    72    56     5     5     5     1     0.00000000
   0.020    72    57     6     6     0     1     0.00000000
   0.020    72    58     6     6     1    -1    -0.00000000
   0.020    72    59     6     4     0     1     0.00000000
   0.020    72    60     6     4     1    -1     0.00000000
   0.020    72    61     6     2     0     1     0.00000000
   0.020    72    62     6     2     1    -1     0.00000000
   0.020    72    63     6     0     0     1    -0.00000000
   0.020    72    64     6     6     1     1    -0.00000000
   0.020    72    65     6     6     2    -1     0.00000000
   0.020    72    66     6     4     1     1     0.00000000
   0.020    72    67     6     4     2    -1     0.00000000
   0.020    72    68     6     2     1     1    -0.00000000
   0.020    72    69     6     2     2    -1    -0.00000000
   0.020    72    70     6     6     2     1     0.00000000
   0.020    72    71     6     6     3    -1    -0.00000000
   0.020    72    72     6     4     2     1     0.00000000
   0.020    72    73     6     4     3    -1     0.00000000
   0.020    72    74     6     2     2     1     0.00000000
   0.020    72    75     6     6     3     1    -0.47321351
   0.020    72    76     6     6     4    -1     0.88094309
   0.020    72    77     6     4     3     1    -0.00010537
   0.020    72    78     6     4     4    -1     0.00003081
   0.020    72    79     6     6     4     1    -0.00000000
   0.020    72    80     6     6     5    -1     0.00000000
   0.020    72    81     6     4     4     1    -0.00000000
   0.020    72    82     6     6     5     1    -0.00000000
   0.020    72    83     6     6     6    -1     0.00000000
   0.020    72    84     6     6     6     1     0.00000000
   0.020    72    85     7     7     0     1    -0.00000000
   0.020    72    86     7     7     1    -1    -0.00000000
   0.020    72    87     7     5     0     1    -0.00000000
   0.020    72    88     7     5     1    -1     0.00000000
   0.020    72    89     7     3     0     1    -0.00000000
   0.020    72    90     7     3     1    -1     0.00000000
   0.020    72    91     7     1     0     1     0.00000000
   0.020    72    92     7     1     1    -1    -0.00000000
   0.020    72    93     7     7     1     1    -0.00000000
   0.020    72    94     7     7     2    -1    -0.00000000
   0.020    72    95     7     5     1     1     0.00000000
   0.020    72    96     7     5     2    -1     0.00000000
   0.020    72    97     7     3     1     1     0.00000000
   0.020    72    98     7     3     2    -1     0.00000000
   0.020    72    99     7     1     1     1    -0.00000000
   0.020    72   100     7     7     2     1    -0.00000000
   0.020    72   101     7     7     3    -1     0.00000000
   0.020    72   102     7     5     2     1     0.00000000
   0.020    72   103     7     5     3    -1     0.00000000
   0.020    72   104     7     3     2     1     0.00000000
   0.020    72   105     7     3     3    -1     0.00000000
   0.020    72   106     7     7     3     1     0.00000000
   0.020    72   107     7     7     4    -1    -0.00000000
   0.020    72   108     7     5     3     1     0.00000000
   0.020    72   109     7     5     4    -1     0.00000000
   0.020    72   110     7     3     3     1    -0.00000000
   0.020    72   111     7     7     4     1    -0.00000000
   0.020    72   112     7     7     5    -1     0.00000000
   0.020    72   113     7     5     4     1    -0.00000000
   0.020    72   114     7     5     5    -1     0.00000000
   0.020    72   115     7     7     5     1    -0.00000000
   0.020    72   116     7     7     6    -1    -0.00000000
   0.020    72   117     7     5     5     1    -0.00000000
   0.020    72   118     7     7     6     1     0.00000000
   0.020    72   119     7     7     7    -1     0.00000000
   0.020    72   120     7     7     7     1     0.00000000
   0.020    73     1     0     0     0     1     0.00000000
   0.020    73     2     1     1     0     1     0.00000000
   0.020    73     3     1     1     1    -1     0.00000000
   0.020    73     4     1     1     1     1    -0.00000000
   0.020    73     5     2     2     0     1    -0.00000000
   0.020    73     6     2     2     1    -1     0.00000000
   0.020    73     7     2     0     0     1     0.00000000
   0.020    73     8     2     2     1     1    -0.00000000
   0.020    73     9     2     2     2    -1     0.00000000
   0.020    73    10     2     2     2     1    -0.00000000
   0.020    73    11     3     3     0     1     0.00000000
   0.020    73    12     3     3     1    -1    -0.00000000
   0.020    73    13     3     1     0     1    -0.00000000
   0.020    73    14     3     1     1    -1    -0.00000000
   0.020    73    15     3     3     1     1     0.00000000
   0.020    73    16     3     3     2    -1     0.00000000
   0.020    73    17     3     1     1     1     0.00000000
   0.020    73    18     3     3     2     1    -0.00000000
   0.020    73    19     3     3     3    -1    -0.00000000
   0.020    73    20     3     3     3     1     0.00000000
   0.020    73    21     4     4     0     1    -0.00000000
   0.020    73    22     4     4     1    -1    -0.00000000
   0.020    73    23     4     2     0     1    -0.00000000
   0.020    73    24     4     2     1    -1    -0.00000000
   0.020    73    25     4     0     0     1    -0.00000000
   0.020    73    26     4     4     1     1     0.00000000
   0.020    73    27     4     4     2    -1    -0.00000000
   0.020    73    28     4     2     1     1     0.00000000
   0.020    73    29     4     2     2    -1    -0.00000000
   0.020    73    30     4     4     2     1    -0.00000000
   0.020    73    31     4     4     3    -1    -0.00000000
   0.020    73    32     4     2     2     1    -0.00000000
   0.020    73    33     4     4     3     1    -0.00000000
   0.020    73    34     4     4     4    -1    -0.00000000
   0.020    73    35     4     4     4     1    -0.00076438
   0.020    73    36     5     5     0     1    -0.00000000
   0.020    73    37     5     5     1    -1     0.00000000
   0.020    73    38     5     3     0     1    -0.00000000
   0.020    73    39     5     3     1    -1     0.00000000
   0.020    73    40     5     1     0     1    -0.00000000
   0.020    73    41     5     1     1    -1    -0.00000000
   0.020    73    42     5     5     1     1    -0.00000000
   0.020    73    43     5     5     2    -1    -0.00000000
   0.020    73    44     5     3     1     1    -0.00000000
   0.020    73    45     5     3     2    -1    -0.00000000
   0.020    73    46     5     1     1     1    -0.00000000
   0.020    73    47     5     5     2     1     0.00000000
   0.020    73    48     5     5     3    -1    -0.00000000
   0.020    73    49     5     3     2     1     0.00000000
   0.020    73    50     5     3     3    -1     0.00000000
   0.020    73    51     5     5     3     1    -0.00000000
   0.020    73    52     5     5     4    -1     0.00000000
   0.020    73    53     5     3     3     1     0.00000000
   0.020    73    54     5     5     4     1    -0.00000000
   0.020    73    55     5     5     5    -1     0.00000000
   0.020    73    56     5     5     5     1    -0.00000000
   0.020    73    57     6     6     0     1    -0.00000000
   0.020    73    58     6     6     1    -1     0.00000000
   0.020    73    59     6     4     0     1     0.00000000
   0.020    73    60     6     4     1    -1     0.00000000
   0.020    73    61     6     2     0     1     0.00000000
   0.020    73    62     6     2     1    -1     0.00000000
   0.020    73    63     6     0     0     1     0.00000000
   0.020    73    64     6     6     1     1    -0.00000000
   0.020    73    65     6     6     2    -1     0.00000000
   0.020    73    66     6     4     1     1    -0.00000000
   0.020    73    67     6     4     2    -1     0.00000000
   0.020    73    68     6     2     1     1     0.00000000
   0.020    73    69     6     2     2    -1     0.00000000
   0.020    73    70     6     6     2     1    -0.00000000
   0.020    73    71     6     6     3    -1     0.00000000
   0.020    73    72     6     4     2     1     0.00000000
   0.020    73    73     6     4     3    -1     0.00000000
   0.020    73    74     6     2     2     1    -0.00000000
   0.020    73    75     6     6     3     1    -0.00000000
   0.020    73    76     6     6     4    -1     0.00000000
   0.020    73    77     6     4     3     1     0.00000000
   0.020    73    78     6     4     4    -1     0.00000000
   0.020    73    79     6     6     4     1     0.38400939
   0.020    73    80     6     6     5    -1    -0.92332884
   0.020    73    81     6     4     4     1    -0.00024028
   0.020    73    82     6     6     5     1     0.00000000
   0.020    73    83     6     6     6    -1    -0.00000000
   0.020    73    84     6     6     6     1    -0.00000000
   0.020    73    85     7     7     0     1    -0.00000000
   0.020    73    86     7     7     1    -1    -0.00000000
   0.020    73    87     7     5     0     1    -0.00000000
   0.020    73    88     7     5     1    -1     0.00000000
   0.020    73    89     7     3     0     1    -0.00000000
   0.020    73    90     7     3     1    -1     0.00000000
   0.020    73    91     7     1     0     1    -0.00000000
   0.020    73    92     7     1     1    -1    -0.00000000
   0.020    73    93     7     7     1     1    -0.00000000
   0.020    73    94     7     7     2    -1    -0.00000000
   0.020    73    95     7     5     1     1     0.00000000
   0.020    73    96     7     5     2    -1     0.00000000
   0.020    73    97     7     3     1     1    -0.00000000
   0.020    73    98     7     3     2    -1    -0.00000000
   0.020    73    99     7     1     1     1    -0.00000000
   0.020    73   100     7     7     2     1     0.00000000
   0.020    73   101     7     7     3    -1    -0.00000000
   0.020    73   102     7     5     2     1     0.00000000
   0.020    73   103     7     5     3    -1     0.00000000
   0.020    73   104     7     3     2     1    -0.00000000
   0.020    73   105     7     3     3    -1    -0.00000000
   0.020    73   106     7     7     3     1     0.00000000
   0.020    73   107     7     7     4    -1    -0.00000000
   0.020    73   108     7     5     3     1    -0.00000000
   0.020    73   109     7     5     4    -1    -0.00000000
   0.020    73   110     7     3     3     1    -0.00000000
   0.020    73   111     7     7     4     1    -0.00000000
   0.020    73   112     7     7     5    -1     0.00000000
   0.020    73   113     7     5     4     1     0.00000000
   0.020    73   114     7     5     5    -1    -0.00000000
   0.020    73   115     7     7     5     1     0.00000000
   0.020    73   116     7     7     6    -1     0.00000000
   0.020    73   117     7     5     5     1     0.00000000
   0.020    73   118     7     7     6     1     0.00000000
   0.020    73   119     7     7     7    -1     0.00000000
   0.020    73   120     7     7     7     1     0.00000000
   0.020    74     1     0     0     0     1    -0.00000000
   0.020    74     2     1     1     0     1    -0.00000000
   0.020    74     3     1     1     1    -1    -0.00000000
   0.020    74     4     1     1     1     1    -0.00000000
   0.020    74     5     2     2     0     1    -0.00000000
   0.020    74     6     2     2     1    -1    -0.00000000
   0.020    74     7     2     0     0     1    -0.00000000
   0.020    74     8     2     2     1     1     0.00000000
   0.020    74     9     2     2     2    -1    -0.00000000
   0.020    74    10     2     2     2     1    -0.00000000
   0.020    74    11     3     3     0     1    -0.00000000
   0.020    74    12     3     3     1    -1    -0.00000000
   0.020    74    13     3     1     0     1    -0.00000000
   0.020    74    14     3     1     1    -1    -0.00000000
   0.020    74    15     3     3     1     1     0.00000000
   0.020    74    16     3     3     2    -1     0.00000000
   0.020    74    17     3     1     1     1    -0.00000000
   0.020    74    18     3     3     2     1    -0.00000000
   0.020    74    19     3     3     3    -1     0.00000000
   0.020    74    20     3     3     3     1     0.00000000
   0.020    74    21     4     4     0     1     0.00000000
   0.020    74    22     4     4     1    -1    -0.00000000
   0.020    74    23     4     2     0     1     0.00000000
   0.020    74    24     4     2     1    -1    -0.00000000
   0.020    74    25     4     0     0     1    -0.00000000
   0.020    74    26     4     4     1     1    -0.00000000
   0.020    74    27     4     4     2    -1     0.00000000
   0.020    74    28     4     2     1     1     0.00000000
   0.020    74    29     4     2     2    -1    -0.00000000
   0.020    74    30     4     4     2     1     0.00000000
   0.020    74    31     4     4     3    -1     0.00000000
   0.020    74    32     4     2     2     1     0.00000000
   0.020    74    33     4     4     3     1    -0.00000000
   0.020    74    34     4     4     4    -1     0.00000000
   0.020    74    35     4     4     4     1    -0.00000000
   0.020    74    36     5     5     0     1     0.00000000
   0.020    74    37     5     5     1    -1    -0.00000000
   0.020    74    38     5     3     0     1    -0.00000000
   0.020    74    39     5     3     1    -1    -0.00000000
   0.020    74    40     5     1     0     1     0.00000000
   0.020    74    41     5     1     1    -1     0.00000000
   0.020    74    42     5     5     1     1    -0.00000000
   0.020    74    43     5     5     2    -1    -0.00000000
   0.020    74    44     5     3     1     1     0.00000000
   0.020    74    45     5     3     2    -1    -0.00000000
   0.020    74    46     5     1     1     1    -0.00000000
   0.020    74    47     5     5     2     1     0.00000000
   0.020    74    48     5     5     3    -1    -0.00000000
   0.020    74    49     5     3     2     1     0.00000000
   0.020    74    50     5     3     3    -1    -0.00000000
   0.020    74    51     5     5     3     1    -0.00000000
   0.020    74    52     5     5     4    -1     0.00000000
   0.020    74    53     5     3     3     1     0.00000000
   0.020    74    54     5     5     4     1     0.00000000
   0.020    74    55     5     5     5    -1    -0.00000000
   0.020    74    56     5     5     5     1    -0.00000000
   0.020    74    57     6     6     0     1    -0.00000000
   0.020    74    58     6     6     1    -1     0.00000000
   0.020    74    59     6     4     0     1     0.00000000
   0.020    74    60     6     4     1    -1     0.00000000
   0.020    74    61     6     2     0     1     0.00000000
   0.020    74    62     6     2     1    -1     0.00000000
   0.020    74    63     6     0     0     1     0.00000000
   0.020    74    64     6     6     1     1    -0.00000000
   0.020    74    65     6     6     2    -1     0.00000000
   0.020    74    66     6     4     1     1    -0.00000000
   0.020    74    67     6     4     2    -1     0.00000000
   0.020    74    68     6     2     1     1     0.00000000
   0.020    74    69     6     2     2    -1    -0.00000000
   0.020    74    70     6     6     2     1    -0.00000000
   0.020    74    71     6     6     3    -1     0.00000000
   0.020    74    72     6     4     2     1    -0.00000000
   0.020    74    73     6     4     3    -1    -0.00000000
   0.020    74    74     6     2     2     1     0.00000000
   0.020    74    75     6     6     3     1     0.00000000
   0.020    74    76     6     6     4    -1    -0.00000000
   0.020    74    77     6     4     3     1     0.00000000
   0.020    74    78     6     4     4    -1    -0.00000000
   0.020    74    79     6     6     4     1     0.00000000
   0.020    74    80     6     6     5    -1    -0.00000000
   0.020    74    81     6     4     4     1    -0.00000000
   0.020    74    82     6     6     5     1    -0.26966447
   0.020    74    83     6     6     6    -1     0.96295435
   0.020    74    84     6     6     6     1     0.00000000
   0.020    74    85     7     7     0     1     0.00000000
   0.020    74    86     7     7     1    -1     0.00000000
   0.020    74    87     7     5     0     1     0.00000000
   0.020    74    88     7     5     1    -1    -0.00000000
   0.020    74    89     7     3     0     1    -0.00000000
   0.020    74    90     7     3     1    -1     0.00000000
   0.020    74    91     7     1     0     1     0.00000000
   0.020    74    92     7     1     1    -1    -0.00000000
   0.020    74    93     7     7     1     1     0.00000000
   0.020    74    94     7     7     2    -1     0.00000000
   0.020    74    95     7     5     1     1    -0.00000000
   0.020    74    96     7     5     2    -1     0.00000000
   0.020    74    97     7     3     1     1     0.00000000
   0.020    74    98     7     3     2    -1    -0.00000000
   0.020    74    99     7     1     1     1     0.00000000
   0.020    74   100     7     7     2     1     0.00000000
   0.020    74   101     7     7     3    -1    -0.00000000
   0.020    74   102     7     5     2     1    -0.00000000
   0.020    74   103     7     5     3    -1     0.00000000
   0.020    74   104     7     3     2     1     0.00000000
   0.020    74   105     7     3     3    -1     0.00000000
   0.020    74   106     7     7     3     1     0.00000000
   0.020    74   107     7     7     4    -1    -0.00000000
   0.020    74   108     7     5     3     1    -0.00000000
   0.020    74   109     7     5     4    -1     0.00000000
   0.020    74   110     7     3     3     1    -0.00000000
   0.020    74   111     7     7     4     1    -0.00000000
   0.020    74   112     7     7     5    -1     0.00000000
   0.020    74   113     7     5     4     1    -0.00000000
   0.020    74   114     7     5     5    -1    -0.00000000
   0.020    74   115     7     7     5     1     0.00000000
   0.020    74   116     7     7     6    -1     0.00000000
   0.020    74   117     7     5     5     1     0.00000000
   0.020    74   118     7     7     6     1     0.00000000
   0.020    74   119     7     7     7    -1     0.00000000
   0.020    74   120     7     7     7     1     0.00000000
   0.020    75     1     0     0     0     1    -0.00000000
   0.020    75     2     1     1     0     1    -0.00000002
   0.020    75     3     1     1     1    -1    -0.00000002
   0.020    75     4     1     1     1     1    -0.00000000
   0.020    75     5     2     2     0     1    -0.00000000
   0.020    75     6     2     2     1    -1     0.00000000
   0.020    75     7     2     0     0     1     0.00000000
   0.020    75     8     2     2     1     1    -0.00000000
   0.020    75     9     2     2     2    -1    -0.00000000
   0.020    75    10     2     2     2     1     0.00000000
   0.020    75    11     3     3     0     1     0.00001433
   0.020    75    12     3     3     1    -1     0.00001242
   0.020    75    13     3     1     0     1    -0.00000001
   0.020    75    14     3     1     1    -1    -0.00000000
   0.020    75    15     3     3     1     1     0.00000000
   0.020    75    16     3     3     2    -1     0.00000000
   0.020    75    17     3     1     1     1    -0.00000000
   0.020    75    18     3     3     2     1     0.00000000
   0.020    75    19     3     3     3    -1    -0.00000000
   0.020    75    20     3     3     3     1     0.00000000
   0.020    75    21     4     4     0     1     0.00000000
   0.020    75    22     4     4     1    -1     0.00000000
   0.020    75    23     4     2     0     1    -0.00000000
   0.020    75    24     4     2     1    -1     0.00000000
   0.020    75    25     4     0     0     1     0.00000000
   0.020    75    26     4     4     1     1     0.00000000
   0.020    75    27     4     4     2    -1     0.00000000
   0.020    75    28     4     2     1     1     0.00000000
   0.020    75    29     4     2     2    -1    -0.00000000
   0.020    75    30     4     4     2     1     0.00000000
   0.020    75    31     4     4     3    -1     0.00000000
   0.020    75    32     4     2     2     1     0.00000000
   0.020    75    33     4     4     3     1     0.00000000
   0.020    75    34     4     4     4    -1    -0.00000000
   0.020    75    35     4     4     4     1    -0.00000000
   0.020    75    36     5     5     0     1    -0.00491274
   0.020    75    37     5     5     1    -1    -0.00448109
   0.020    75    38     5     3     0     1     0.00000146
   0.020    75    39     5     3     1    -1     0.00000108
   0.020    75    40     5     1     0     1     0.00000083
   0.020    75    41     5     1     1    -1     0.00000065
   0.020    75    42     5     5     1     1    -0.00000000
   0.020    75    43     5     5     2    -1    -0.00000000
   0.020    75    44     5     3     1     1    -0.00000000
   0.020    75    45     5     3     2    -1    -0.00000000
   0.020    75    46     5     1     1     1     0.00000000
   0.020    75    47     5     5     2     1    -0.00000000
   0.020    75    48     5     5     3    -1     0.00000000
   0.020    75    49     5     3     2     1    -0.00000000
   0.020    75    50     5     3     3    -1    -0.00000000
   0.020    75    51     5     5     3     1    -0.00000000
   0.020    75    52     5     5     4    -1    -0.00000000
   0.020    75    53     5     3     3     1     0.00000000
   0.020    75    54     5     5     4     1     0.00000000
   0.020    75    55     5     5     5    -1     0.00000000
   0.020    75    56     5     5     5     1    -0.00000000
   0.020    75    57     6     6     0     1     0.00000000
   0.020    75    58     6     6     1    -1    -0.00000000
   0.020    75    59     6     4     0     1    -0.00000000
   0.020    75    60     6     4     1    -1     0.00000000
   0.020    75    61     6     2     0     1    -0.00000000
   0.020    75    62     6     2     1    -1     0.00000000
   0.020    75    63     6     0     0     1     0.00000000
   0.020    75    64     6     6     1     1     0.00000000
   0.020    75    65     6     6     2    -1    -0.00000000
   0.020    75    66     6     4     1     1    -0.00000000
   0.020    75    67     6     4     2    -1    -0.00000000
   0.020    75    68     6     2     1     1    -0.00000000
   0.020    75    69     6     2     2    -1    -0.00000000
   0.020    75    70     6     6     2     1     0.00000000
   0.020    75    71     6     6     3    -1    -0.00000000
   0.020    75    72     6     4     2     1     0.00000000
   0.020    75    73     6     4     3    -1    -0.00000000
   0.020    75    74     6     2     2     1    -0.00000000
   0.020    75    75     6     6     3     1    -0.00000000
   0.020    75    76     6     6     4    -1     0.00000000
   0.020    75    77     6     4     3     1    -0.00000000
   0.020    75    78     6     4     4    -1    -0.00000000
   0.020    75    79     6     6     4     1    -0.00000000
   0.020    75    80     6     6     5    -1     0.00000000
   0.020    75    81     6     4     4     1    -0.00000000
   0.020    75    82     6     6     5     1     0.00000000
   0.020    75    83     6     6     6    -1    -0.00000000
   0.020    75    84     6     6     6     1    -0.00000000
   0.020    75    85     7     7     0     1     0.73097781
   0.020    75    86     7     7     1    -1     0.68236883
   0.020    75    87     7     5     0     1    -0.00006760
   0.020    75    88     7     5     1    -1    -0.00005820
   0.020    75    89     7     3     0     1    -0.00003260
   0.020    75    90     7     3     1    -1    -0.00002807
   0.020    75    91     7     1     0     1     0.00000002
   0.020    75    92     7     1     1    -1     0.00000000
   0.020    75    93     7     7     1     1     0.00000000
   0.020    75    94     7     7     2    -1     0.00000000
   0.020    75    95     7     5     1     1     0.00000000
   0.020    75    96     7     5     2    -1    -0.00000000
   0.020    75    97     7     3     1     1    -0.00000000
   0.020    75    98     7     3     2    -1     0.00000000
   0.020    75    99     7     1     1     1     0.00000000
   0.020    75   100     7     7     2     1    -0.00000000
   0.020    75   101     7     7     3    -1    -0.00000000
   0.020    75   102     7     5     2     1    -0.00000000
   0.020    75   103     7     5     3    -1    -0.00000000
   0.020    75   104     7     3     2     1    -0.00000000
   0.020    75   105     7     3     3    -1     0.00000000
   0.020    75   106     7     7     3     1     0.00000000
   0.020    75   107     7     7     4    -1     0.00000000
   0.020    75   108     7     5     3     1    -0.00000000
   0.020    75   109     7     5     4    -1     0.00000000
   0.020    75   110     7     3     3     1     0.00000000
   0.020    75   111     7     7     4     1    -0.00000000
   0.020    75   112     7     7     5    -1    -0.00000000
   0.020    75   113     7     5     4     1     0.00000000
   0.020    75   114     7     5     5    -1    -0.00000000
   0.020    75   115     7     7     5     1     0.00000000
   0.020    75   116     7     7     6    -1     0.00000000
   0.020    75   117     7     5     5     1     0.00000000
   0.020    75   118     7     7     6     1     0.00000000
   0.020    75   119     7     7     7    -1     0.00000000
   0.020    75   120     7     7     7     1     0.00000000
   0.020    76     1     0     0     0     1     0.00000000
   0.020    76     2     1     1     0     1     0.00000000
   0.020    76     3     1     1     1    -1    -0.00000000
   0.020    76     4     1     1     1     1    -0.00000002
   0.020    76     5     2     2     0     1    -0.00000000
   0.020    76     6     2     2     1    -1     0.00000000
   0.020    76     7     2     0     0     1    -0.00000000
   0.020    76     8     2     2     1     1     0.00000000
   0.020    76     9     2     2     2    -1     0.00000000
   0.020    76    10     2     2     2     1    -0.00000000
   0.020    76    11     3     3     0     1    -0.00000000
   0.020    76    12     3     3     1    -1     0.00000000
   0.020    76    13     3     1     0     1    -0.00000000
   0.020    76    14     3     1     1    -1    -0.00000000
   0.020    76    15     3     3     1     1     0.00001410
   0.020    76    16     3     3     2    -1     0.00000894
   0.020    76    17     3     1     1     1    -0.00000000
   0.020    76    18     3     3     2     1     0.00000000
   0.020    76    19     3     3     3    -1    -0.00000000
   0.020    76    20     3     3     3     1    -0.00000000
   0.020    76    21     4     4     0     1    -0.00000000
   0.020    76    22     4     4     1    -1     0.00000000
   0.020    76    23     4     2     0     1     0.00000000
   0.020    76    24     4     2     1    -1     0.00000000
   0.020    76    25     4     0     0     1     0.00000000
   0.020    76    26     4     4     1     1    -0.00000000
   0.020    76    27     4     4     2    -1    -0.00000000
   0.020    76    28     4     2     1     1    -0.00000000
   0.020    76    29     4     2     2    -1     0.00000000
   0.020    76    30     4     4     2     1    -0.00000000
   0.020    76    31     4     4     3    -1     0.00000000
   0.020    76    32     4     2     2     1    -0.00000000
   0.020    76    33     4     4     3     1    -0.00000000
   0.020    76    34     4     4     4    -1     0.00000000
   0.020    76    35     4     4     4     1     0.00000000
   0.020    76    36     5     5     0     1    -0.00000000
   0.020    76    37     5     5     1    -1     0.00000000
   0.020    76    38     5     3     0     1    -0.00000000
   0.020    76    39     5     3     1    -1    -0.00000000
   0.020    76    40     5     1     0     1    -0.00000000
   0.020    76    41     5     1     1    -1    -0.00000000
   0.020    76    42     5     5     1     1    -0.00509234
   0.020    76    43     5     5     2    -1    -0.00384016
   0.020    76    44     5     3     1     1     0.00000125
   0.020    76    45     5     3     2    -1     0.00000040
   0.020    76    46     5     1     1     1     0.00000072
   0.020    76    47     5     5     2     1    -0.00000000
   0.020    76    48     5     5     3    -1    -0.00000000
   0.020    76    49     5     3     2     1     0.00000000
   0.020    76    50     5     3     3    -1    -0.00000000
   0.020    76    51     5     5     3     1    -0.00000000
   0.020    76    52     5     5     4    -1     0.00000000
   0.020    76    53     5     3     3     1     0.00000000
   0.020    76    54     5     5     4     1    -0.00000000
   0.020    76    55     5     5     5    -1    -0.00000000
   0.020    76    56     5     5     5     1     0.00000000
   0.020    76    57     6     6     0     1    -0.00000000
   0.020    76    58     6     6     1    -1     0.00000000
   0.020    76    59     6     4     0     1     0.00000000
   0.020    76    60     6     4     1    -1     0.00000000
   0.020    76    61     6     2     0     1    -0.00000000
   0.020    76    62     6     2     1    -1     0.00000000
   0.020    76    63     6     0     0     1     0.00000000
   0.020    76    64     6     6     1     1     0.00000000
   0.020    76    65     6     6     2    -1    -0.00000000
   0.020    76    66     6     4     1     1    -0.00000000
   0.020    76    67     6     4     2    -1     0.00000000
   0.020    76    68     6     2     1     1    -0.00000000
   0.020    76    69     6     2     2    -1     0.00000000
   0.020    76    70     6     6     2     1    -0.00000000
   0.020    76    71     6     6     3    -1     0.00000000
   0.020    76    72     6     4     2     1     0.00000000
   0.020    76    73     6     4     3    -1     0.00000000
   0.020    76    74     6     2     2     1    -0.00000000
   0.020    76    75     6     6     3     1    -0.00000000
   0.020    76    76     6     6     4    -1     0.00000000
   0.020    76    77     6     4     3     1    -0.00000000
   0.020    76    78     6     4     4    -1     0.00000000
   0.020    76    79     6     6     4     1     0.00000000
   0.020    76    80     6     6     5    -1    -0.00000000
   0.020    76    81     6     4     4     1    -0.00000000
   0.020    76    82     6     6     5     1     0.00000000
   0.020    76    83     6     6     6    -1    -0.00000000
   0.020    76    84     6     6     6     1    -0.00000000
   0.020    76    85     7     7     0     1    -0.00000000
   0.020    76    86     7     7     1    -1    -0.00000000
   0.020    76    87     7     5     0     1     0.00000000
   0.020    76    88     7     5     1    -1    -0.00000000
   0.020    76    89     7     3     0     1     0.00000000
   0.020    76    90     7     3     1    -1     0.00000000
   0.020    76    91     7     1     0     1     0.00000000
   0.020    76    92     7     1     1    -1     0.00000000
   0.020    76    93     7     7     1     1     0.77647812
   0.020    76    94     7     7     2    -1     0.63011193
   0.020    76    95     7     5     1     1    -0.00006068
   0.020    76    96     7     5     2    -1    -0.00003695
   0.020    76    97     7     3     1     1    -0.00003189
   0.020    76    98     7     3     2    -1    -0.00001983
   0.020    76    99     7     1     1     1     0.00000000
   0.020    76   100     7     7     2     1     0.00000000
   0.020    76   101     7     7     3    -1     0.00000000
   0.020    76   102     7     5     2     1    -0.00000000
   0.020    76   103     7     5     3    -1    -0.00000000
   0.020    76   104     7     3     2     1    -0.00000000
   0.020    76   105     7     3     3    -1    -0.00000000
   0.020    76   106     7     7     3     1     0.00000000
   0.020    76   107     7     7     4    -1    -0.00000000
   0.020    76   108     7     5     3     1     0.00000000
   0.020    76   109     7     5     4    -1    -0.00000000
   0.020    76   110     7     3     3     1    -0.00000000
   0.020    76   111     7     7     4     1    -0.00000000
   0.020    76   112     7     7     5    -1     0.00000000
   0.020    76   113     7     5     4     1    -0.00000000
   0.020    76   114     7     5     5    -1     0.00000000
   0.020    76   115     7     7     5     1    -0.00000000
   0.020    76   116     7     7     6    -1    -0.00000000
   0.020    76   117     7     5     5     1    -0.00000000
   0.020    76   118     7     7     6     1     0.00000000
   0.020    76   119     7     7     7    -1     0.00000000
   0.020    76   120     7     7     7     1     0.00000000
   0.020    77     1     0     0     0     1    -0.00000000
   0.020    77     2     1     1     0     1     0.00000000
   0.020    77     3     1     1     1    -1     0.00000000
   0.020    77     4     1     1     1     1    -0.00000000
   0.020    77     5     2     2     0     1     0.00000000
   0.020    77     6     2     2     1    -1     0.00000000
   0.020    77     7     2     0     0     1     0.00000000
   0.020    77     8     2     2     1     1    -0.00000000
   0.020    77     9     2     2     2    -1     0.00000000
   0.020    77    10     2     2     2     1    -0.00000000
   0.020    77    11     3     3     0     1     0.00000000
   0.020    77    12     3     3     1    -1     0.00000000
   0.020    77    13     3     1     0     1     0.00000000
   0.020    77    14     3     1     1    -1    -0.00000000
   0.020    77    15     3     3     1     1     0.00000000
   0.020    77    16     3     3     2    -1    -0.00000000
   0.020    77    17     3     1     1     1    -0.00000000
   0.020    77    18     3     3     2     1    -0.00001156
   0.020    77    19     3     3     3    -1    -0.00000474
   0.020    77    20     3     3     3     1    -0.00000000
   0.020    77    21     4     4     0     1    -0.00000000
   0.020    77    22     4     4     1    -1     0.00000000
   0.020    77    23     4     2     0     1     0.00000000
   0.020    77    24     4     2     1    -1     0.00000000
   0.020    77    25     4     0     0     1    -0.00000000
   0.020    77    26     4     4     1     1     0.00000000
   0.020    77    27     4     4     2    -1     0.00000000
   0.020    77    28     4     2     1     1     0.00000000
   0.020    77    29     4     2     2    -1    -0.00000000
   0.020    77    30     4     4     2     1    -0.00000000
   0.020    77    31     4     4     3    -1     0.00000000
   0.020    77    32     4     2     2     1    -0.00000000
   0.020    77    33     4     4     3     1    -0.00000000
   0.020    77    34     4     4     4    -1     0.00000000
   0.020    77    35     4     4     4     1    -0.00000000
   0.020    77    36     5     5     0     1     0.00000000
   0.020    77    37     5     5     1    -1    -0.00000000
   0.020    77    38     5     3     0     1    -0.00000000
   0.020    77    39     5     3     1    -1    -0.00000000
   0.020    77    40     5     1     0     1    -0.00000000
   0.020    77    41     5     1     1    -1     0.00000000
   0.020    77    42     5     5     1     1     0.00000000
   0.020    77    43     5     5     2    -1     0.00000000
   0.020    77    44     5     3     1     1    -0.00000000
   0.020    77    45     5     3     2    -1    -0.00000000
   0.020    77    46     5     1     1     1     0.00000000
   0.020    77    47     5     5     2     1     0.00497956
   0.020    77    48     5     5     3    -1     0.00303708
   0.020    77    49     5     3     2     1    -0.00000055
   0.020    77    50     5     3     3    -1     0.00000013
   0.020    77    51     5     5     3     1    -0.00000000
   0.020    77    52     5     5     4    -1    -0.00000000
   0.020    77    53     5     3     3     1     0.00000000
   0.020    77    54     5     5     4     1     0.00000000
   0.020    77    55     5     5     5    -1    -0.00000000
   0.020    77    56     5     5     5     1    -0.00000000
   0.020    77    57     6     6     0     1    -0.00000000
   0.020    77    58     6     6     1    -1     0.00000000
   0.020    77    59     6     4     0     1    -0.00000000
   0.020    77    60     6     4     1    -1     0.00000000
   0.020    77    61     6     2     0     1    -0.00000000
   0.020    77    62     6     2     1    -1     0.00000000
   0.020    77    63     6     0     0     1     0.00000000
   0.020    77    64     6     6     1     1     0.00000000
   0.020    77    65     6     6     2    -1     0.00000000
   0.020    77    66     6     4     1     1     0.00000000
   0.020    77    67     6     4     2    -1    -0.00000000
   0.020    77    68     6     2     1     1    -0.00000000
   0.020    77    69     6     2     2    -1     0.00000000
   0.020    77    70     6     6     2     1     0.00000000
   0.020    77    71     6     6     3    -1     0.00000000
   0.020    77    72     6     4     2     1    -0.00000000
   0.020    77    73     6     4     3    -1    -0.00000000
   0.020    77    74     6     2     2     1     0.00000000
   0.020    77    75     6     6     3     1    -0.00000000
   0.020    77    76     6     6     4    -1     0.00000000
   0.020    77    77     6     4     3     1     0.00000000
   0.020    77    78     6     4     4    -1    -0.00000000
   0.020    77    79     6     6     4     1    -0.00000000
   0.020    77    80     6     6     5    -1     0.00000000
   0.020    77    81     6     4     4     1     0.00000000
   0.020    77    82     6     6     5     1     0.00000000
   0.020    77    83     6     6     6    -1    -0.00000000
   0.020    77    84     6     6     6     1    -0.00000000
   0.020    77    85     7     7     0     1    -0.00000000
   0.020    77    86     7     7     1    -1    -0.00000000
   0.020    77    87     7     5     0     1     0.00000000
   0.020    77    88     7     5     1    -1     0.00000000
   0.020    77    89     7     3     0     1     0.00000000
   0.020    77    90     7     3     1    -1     0.00000000
   0.020    77    91     7     1     0     1    -0.00000000
   0.020    77    92     7     1     1    -1    -0.00000000
   0.020    77    93     7     7     1     1     0.00000000
   0.020    77    94     7     7     2    -1     0.00000000
   0.020    77    95     7     5     1     1    -0.00000000
   0.020    77    96     7     5     2    -1    -0.00000000
   0.020    77    97     7     3     1     1     0.00000000
   0.020    77    98     7     3     2    -1     0.00000000
   0.020    77    99     7     1     1     1    -0.00000000
   0.020    77   100     7     7     2     1    -0.81925030
   0.020    77   101     7     7     3    -1    -0.57340642
   0.020    77   102     7     5     2     1     0.00003730
   0.020    77   103     7     5     3    -1     0.00001136
   0.020    77   104     7     3     2     1     0.00002570
   0.020    77   105     7     3     3    -1     0.00001019
   0.020    77   106     7     7     3     1     0.00000000
   0.020    77   107     7     7     4    -1     0.00000000
   0.020    77   108     7     5     3     1     0.00000000
   0.020    77   109     7     5     4    -1     0.00000000
   0.020    77   110     7     3     3     1    -0.00000000
   0.020    77   111     7     7     4     1    -0.00000000
   0.020    77   112     7     7     5    -1    -0.00000000
   0.020    77   113     7     5     4     1    -0.00000000
   0.020    77   114     7     5     5    -1    -0.00000000
   0.020    77   115     7     7     5     1     0.00000000
   0.020    77   116     7     7     6    -1     0.00000000
   0.020    77   117     7     5     5     1     0.00000000
   0.020    77   118     7     7     6     1     0.00000000
   0.020    77   119     7     7     7    -1     0.00000000
   0.020    77   120     7     7     7     1     0.00000000
   0.020    78     1     0     0     0     1     0.00000000
   0.020    78     2     1     1     0     1    -0.00000000
   0.020    78     3     1     1     1    -1     0.00000000
   0.020    78     4     1     1     1     1     0.00000000
   0.020    78     5     2     2     0     1    -0.00000000
   0.020    78     6     2     2     1    -1    -0.00000000
   0.020    78     7     2     0     0     1     0.00000000
   0.020    78     8     2     2     1     1    -0.00000000
   0.020    78     9     2     2     2    -1    -0.00000000
   0.020    78    10     2     2     2     1     0.00000000
   0.020    78    11     3     3     0     1     0.00000000
   0.020    78    12     3     3     1    -1    -0.00000000
   0.020    78    13     3     1     0     1     0.00000000
   0.020    78    14     3     1     1    -1     0.00000000
   0.020    78    15     3     3     1     1    -0.00000000
   0.020    78    16     3     3     2    -1     0.00000000
   0.020    78    17     3     1     1     1     0.00000000
   0.020    78    18     3     3     2     1     0.00000000
   0.020    78    19     3     3     3    -1     0.00000000
   0.020    78    20     3     3     3     1     0.00000705
   0.020    78    21     4     4     0     1     0.00000000
   0.020    78    22     4     4     1    -1     0.00000000
   0.020    78    23     4     2     0     1    -0.00000000
   0.020    78    24     4     2     1    -1     0.00000000
   0.020    78    25     4     0     0     1    -0.00000000
   0.020    78    26     4     4     1     1    -0.00000000
   0.020    78    27     4     4     2    -1    -0.00000000
   0.020    78    28     4     2     1     1     0.00000000
   0.020    78    29     4     2     2    -1     0.00000000
   0.020    78    30     4     4     2     1    -0.00000000
   0.020    78    31     4     4     3    -1    -0.00000000
   0.020    78    32     4     2     2     1    -0.00000000
   0.020    78    33     4     4     3     1    -0.00000000
   0.020    78    34     4     4     4    -1     0.00000000
   0.020    78    35     4     4     4     1     0.00000000
   0.020    78    36     5     5     0     1    -0.00000000
   0.020    78    37     5     5     1    -1     0.00000000
   0.020    78    38     5     3     0     1     0.00000000
   0.020    78    39     5     3     1    -1     0.00000000
   0.020    78    40     5     1     0     1     0.00000000
   0.020    78    41     5     1     1    -1     0.00000000
   0.020    78    42     5     5     1     1     0.00000000
   0.020    78    43     5     5     2    -1    -0.00000000
   0.020    78    44     5     3     1     1    -0.00000000
   0.020    78    45     5     3     2    -1    -0.00000000
   0.020    78    46     5     1     1     1    -0.00000000
   0.020    78    47     5     5     2     1    -0.00000000
   0.020    78    48     5     5     3    -1    -0.00000000
   0.020    78    49     5     3     2     1    -0.00000000
   0.020    78    50     5     3     3    -1     0.00000000
   0.020    78    51     5     5     3     1    -0.00453453
   0.020    78    52     5     5     4    -1    -0.00212554
   0.020    78    53     5     3     3     1    -0.00000015
   0.020    78    54     5     5     4     1     0.00000000
   0.020    78    55     5     5     5    -1    -0.00000000
   0.020    78    56     5     5     5     1     0.00000000
   0.020    78    57     6     6     0     1     0.00000000
   0.020    78    58     6     6     1    -1    -0.00000000
   0.020    78    59     6     4     0     1    -0.00000000
   0.020    78    60     6     4     1    -1     0.00000000
   0.020    78    61     6     2     0     1    -0.00000000
   0.020    78    62     6     2     1    -1    -0.00000000
   0.020    78    63     6     0     0     1     0.00000000
   0.020    78    64     6     6     1     1     0.00000000
   0.020    78    65     6     6     2    -1     0.00000000
   0.020    78    66     6     4     1     1    -0.00000000
   0.020    78    67     6     4     2    -1     0.00000000
   0.020    78    68     6     2     1     1     0.00000000
   0.020    78    69     6     2     2    -1     0.00000000
   0.020    78    70     6     6     2     1    -0.00000000
   0.020    78    71     6     6     3    -1     0.00000000
   0.020    78    72     6     4     2     1    -0.00000000
   0.020    78    73     6     4     3    -1    -0.00000000
   0.020    78    74     6     2     2     1    -0.00000000
   0.020    78    75     6     6     3     1     0.00000000
   0.020    78    76     6     6     4    -1     0.00000000
   0.020    78    77     6     4     3     1    -0.00000000
   0.020    78    78     6     4     4    -1    -0.00000000
   0.020    78    79     6     6     4     1     0.00000000
   0.020    78    80     6     6     5    -1     0.00000000
   0.020    78    81     6     4     4     1    -0.00000000
   0.020    78    82     6     6     5     1    -0.00000000
   0.020    78    83     6     6     6    -1     0.00000000
   0.020    78    84     6     6     6     1     0.00000000
   0.020    78    85     7     7     0     1    -0.00000000
   0.020    78    86     7     7     1    -1     0.00000000
   0.020    78    87     7     5     0     1    -0.00000000
   0.020    78    88     7     5     1    -1    -0.00000000
   0.020    78    89     7     3     0     1     0.00000000
   0.020    78    90     7     3     1    -1    -0.00000000
   0.020    78    91     7     1     0     1    -0.00000000
   0.020    78    92     7     1     1    -1    -0.00000000
   0.020    78    93     7     7     1     1    -0.00000000
   0.020    78    94     7     7     2    -1     0.00000000
   0.020    78    95     7     5     1     1    -0.00000000
   0.020    78    96     7     5     2    -1     0.00000000
   0.020    78    97     7     3     1     1    -0.00000000
   0.020    78    98     7     3     2    -1     0.00000000
   0.020    78    99     7     1     1     1     0.00000000
   0.020    78   100     7     7     2     1     0.00000000
   0.020    78   101     7     7     3    -1     0.00000000
   0.020    78   102     7     5     2     1    -0.00000000
   0.020    78   103     7     5     3    -1    -0.00000000
   0.020    78   104     7     3     2     1    -0.00000000
   0.020    78   105     7     3     3    -1    -0.00000000
   0.020    78   106     7     7     3     1     0.85957343
   0.020    78   107     7     7     4    -1     0.51098770
   0.020    78   108     7     5     3     1    -0.00000263
   0.020    78   109     7     5     4    -1     0.00000960
   0.020    78   110     7     3     3     1    -0.00001521
   0.020    78   111     7     7     4     1     0.00000000
   0.020    78   112     7     7     5    -1     0.00000000
   0.020    78   113     7     5     4     1     0.00000000
   0.020    78   114     7     5     5    -1     0.00000000
   0.020    78   115     7     7     5     1    -0.00000000
   0.020    78   116     7     7     6    -1    -0.00000000
   0.020    78   117     7     5     5     1    -0.00000000
   0.020    78   118     7     7     6     1     0.00000000
   0.020    78   119     7     7     7    -1     0.00000000
   0.020    78   120     7     7     7     1     0.00000000
   0.020    79     1     0     0     0     1    -0.00000000
   0.020    79     2     1     1     0     1     0.00000000
   0.020    79     3     1     1     1    -1     0.00000000
   0.020    79     4     1     1     1     1    -0.00000000
   0.020    79     5     2     2     0     1     0.00000000
   0.020    79     6     2     2     1    -1    -0.00000000
   0.020    79     7     2     0     0     1     0.00000000
   0.020    79     8     2     2     1     1    -0.00000000
   0.020    79     9     2     2     2    -1    -0.00000000
   0.020    79    10     2     2     2     1     0.00000000
   0.020    79    11     3     3     0     1     0.00000000
   0.020    79    12     3     3     1    -1    -0.00000000
   0.020    79    13     3     1     0     1    -0.00000000
   0.020    79    14     3     1     1    -1     0.00000000
   0.020    79    15     3     3     1     1    -0.00000000
   0.020    79    16     3     3     2    -1    -0.00000000
   0.020    79    17     3     1     1     1     0.00000000
   0.020    79    18     3     3     2     1    -0.00000000
   0.020    79    19     3     3     3    -1    -0.00000000
   0.020    79    20     3     3     3     1    -0.00000000
   0.020    79    21     4     4     0     1    -0.00000000
   0.020    79    22     4     4     1    -1    -0.00000000
   0.020    79    23     4     2     0     1     0.00000000
   0.020    79    24     4     2     1    -1    -0.00000000
   0.020    79    25     4     0     0     1     0.00000000
   0.020    79    26     4     4     1     1    -0.00000000
   0.020    79    27     4     4     2    -1    -0.00000000
   0.020    79    28     4     2     1     1    -0.00000000
   0.020    79    29     4     2     2    -1     0.00000000
   0.020    79    30     4     4     2     1     0.00000000
   0.020    79    31     4     4     3    -1     0.00000000
   0.020    79    32     4     2     2     1    -0.00000000
   0.020    79    33     4     4     3     1    -0.00000000
   0.020    79    34     4     4     4    -1    -0.00000000
   0.020    79    35     4     4     4     1    -0.00000000
   0.020    79    36     5     5     0     1     0.00000000
   0.020    79    37     5     5     1    -1    -0.00000000
   0.020    79    38     5     3     0     1    -0.00000000
   0.020    79    39     5     3     1    -1    -0.00000000
   0.020    79    40     5     1     0     1    -0.00000000
   0.020    79    41     5     1     1    -1    -0.00000000
   0.020    79    42     5     5     1     1    -0.00000000
   0.020    79    43     5     5     2    -1    -0.00000000
   0.020    79    44     5     3     1     1     0.00000000
   0.020    79    45     5     3     2    -1    -0.00000000
   0.020    79    46     5     1     1     1     0.00000000
   0.020    79    47     5     5     2     1    -0.00000000
   0.020    79    48     5     5     3    -1    -0.00000000
   0.020    79    49     5     3     2     1    -0.00000000
   0.020    79    50     5     3     3    -1    -0.00000000
   0.020    79    51     5     5     3     1     0.00000000
   0.020    79    52     5     5     4    -1     0.00000000
   0.020    79    53     5     3     3     1    -0.00000000
   0.020    79    54     5     5     4     1     0.00371388
   0.020    79    55     5     5     5    -1     0.00116590
   0.020    79    56     5     5     5     1    -0.00000000
   0.020    79    57     6     6     0     1     0.00000000
   0.020    79    58     6     6     1    -1    -0.00000000
   0.020    79    59     6     4     0     1     0.00000000
   0.020    79    60     6     4     1    -1    -0.00000000
   0.020    79    61     6     2     0     1     0.00000000
   0.020    79    62     6     2     1    -1    -0.00000000
   0.020    79    63     6     0     0     1     0.00000000
   0.020    79    64     6     6     1     1    -0.00000000
   0.020    79    65     6     6     2    -1    -0.00000000
   0.020    79    66     6     4     1     1     0.00000000
   0.020    79    67     6     4     2    -1    -0.00000000
   0.020    79    68     6     2     1     1    -0.00000000
   0.020    79    69     6     2     2    -1     0.00000000
   0.020    79    70     6     6     2     1     0.00000000
   0.020    79    71     6     6     3    -1     0.00000000
   0.020    79    72     6     4     2     1    -0.00000000
   0.020    79    73     6     4     3    -1    -0.00000000
   0.020    79    74     6     2     2     1     0.00000000
   0.020    79    75     6     6     3     1    -0.00000000
   0.020    79    76     6     6     4    -1    -0.00000000
   0.020    79    77     6     4     3     1     0.00000000
   0.020    79    78     6     4     4    -1     0.00000000
   0.020    79    79     6     6     4     1    -0.00000000
   0.020    79    80     6     6     5    -1    -0.00000000
   0.020    79    81     6     4     4     1     0.00000000
   0.020    79    82     6     6     5     1    -0.00000000
   0.020    79    83     6     6     6    -1     0.00000000
   0.020    79    84     6     6     6     1    -0.00000000
   0.020    79    85     7     7     0     1     0.00000000
   0.020    79    86     7     7     1    -1    -0.00000000
   0.020    79    87     7     5     0     1    -0.00000000
   0.020    79    88     7     5     1    -1     0.00000000
   0.020    79    89     7     3     0     1     0.00000000
   0.020    79    90     7     3     1    -1    -0.00000000
   0.020    79    91     7     1     0     1     0.00000000
   0.020    79    92     7     1     1    -1    -0.00000000
   0.020    79    93     7     7     1     1    -0.00000000
   0.020    79    94     7     7     2    -1     0.00000000
   0.020    79    95     7     5     1     1    -0.00000000
   0.020    79    96     7     5     2    -1     0.00000000
   0.020    79    97     7     3     1     1    -0.00000000
   0.020    79    98     7     3     2    -1     0.00000000
   0.020    79    99     7     1     1     1    -0.00000000
   0.020    79   100     7     7     2     1    -0.00000000
   0.020    79   101     7     7     3    -1     0.00000000
   0.020    79   102     7     5     2     1     0.00000000
   0.020    79   103     7     5     3    -1     0.00000000
   0.020    79   104     7     3     2     1     0.00000000
   0.020    79   105     7     3     3    -1    -0.00000000
   0.020    79   106     7     7     3     1     0.00000000
   0.020    79   107     7     7     4    -1    -0.00000000
   0.020    79   108     7     5     3     1     0.00000000
   0.020    79   109     7     5     4    -1    -0.00000000
   0.020    79   110     7     3     3     1     0.00000000
   0.020    79   111     7     7     4     1    -0.89765922
   0.020    79   112     7     7     5    -1    -0.44067309
   0.020    79   113     7     5     4     1    -0.00003221
   0.020    79   114     7     5     5    -1    -0.00001746
   0.020    79   115     7     7     5     1     0.00000000
   0.020    79   116     7     7     6    -1     0.00000000
   0.020    79   117     7     5     5     1     0.00000000
   0.020    79   118     7     7     6     1     0.00000000
   0.020    79   119     7     7     7    -1     0.00000000
   0.020    79   120     7     7     7     1     0.00000000
   0.020    80     1     0     0     0     1     0.00000000
   0.020    80     2     1     1     0     1     0.00000000
   0.020    80     3     1     1     1    -1     0.00000000
   0.020    80     4     1     1     1     1    -0.00000000
   0.020    80     5     2     2     0     1     0.00000000
   0.020    80     6     2     2     1    -1     0.00000000
   0.020    80     7     2     0     0     1     0.00000000
   0.020    80     8     2     2     1     1     0.00000000
   0.020    80     9     2     2     2    -1    -0.00000000
   0.020    80    10     2     2     2     1     0.00000000
   0.020    80    11     3     3     0     1    -0.00000000
   0.020    80    12     3     3     1    -1    -0.00000000
   0.020    80    13     3     1     0     1     0.00000000
   0.020    80    14     3     1     1    -1     0.00000000
   0.020    80    15     3     3     1     1    -0.00000000
   0.020    80    16     3     3     2    -1     0.00000000
   0.020    80    17     3     1     1     1     0.00000000
   0.020    80    18     3     3     2     1     0.00000000
   0.020    80    19     3     3     3    -1    -0.00000000
   0.020    80    20     3     3     3     1    -0.00000000
   0.020    80    21     4     4     0     1    -0.00000000
   0.020    80    22     4     4     1    -1    -0.00000000
   0.020    80    23     4     2     0     1     0.00000000
   0.020    80    24     4     2     1    -1     0.00000000
   0.020    80    25     4     0     0     1    -0.00000000
   0.020    80    26     4     4     1     1    -0.00000000
   0.020    80    27     4     4     2    -1     0.00000000
   0.020    80    28     4     2     1     1    -0.00000000
   0.020    80    29     4     2     2    -1     0.00000000
   0.020    80    30     4     4     2     1    -0.00000000
   0.020    80    31     4     4     3    -1     0.00000000
   0.020    80    32     4     2     2     1    -0.00000000
   0.020    80    33     4     4     3     1     0.00000000
   0.020    80    34     4     4     4    -1     0.00000000
   0.020    80    35     4     4     4     1     0.00000000
   0.020    80    36     5     5     0     1     0.00000000
   0.020    80    37     5     5     1    -1     0.00000000
   0.020    80    38     5     3     0     1    -0.00000000
   0.020    80    39     5     3     1    -1    -0.00000000
   0.020    80    40     5     1     0     1    -0.00000000
   0.020    80    41     5     1     1    -1    -0.00000000
   0.020    80    42     5     5     1     1     0.00000000
   0.020    80    43     5     5     2    -1     0.00000000
   0.020    80    44     5     3     1     1     0.00000000
   0.020    80    45     5     3     2    -1     0.00000000
   0.020    80    46     5     1     1     1     0.00000000
   0.020    80    47     5     5     2     1     0.00000000
   0.020    80    48     5     5     3    -1    -0.00000000
   0.020    80    49     5     3     2     1    -0.00000000
   0.020    80    50     5     3     3    -1     0.00000000
   0.020    80    51     5     5     3     1     0.00000000
   0.020    80    52     5     5     4    -1     0.00000000
   0.020    80    53     5     3     3     1    -0.00000000
   0.020    80    54     5     5     4     1     0.00000000
   0.020    80    55     5     5     5    -1    -0.00000000
   0.020    80    56     5     5     5     1    -0.00245350
   0.020    80    57     6     6     0     1    -0.00000000
   0.020    80    58     6     6     1    -1     0.00000000
   0.020    80    59     6     4     0     1     0.00000000
   0.020    80    60     6     4     1    -1     0.00000000
   0.020    80    61     6     2     0     1     0.00000000
   0.020    80    62     6     2     1    -1     0.00000000
   0.020    80    63     6     0     0     1     0.00000000
   0.020    80    64     6     6     1     1    -0.00000000
   0.020    80    65     6     6     2    -1    -0.00000000
   0.020    80    66     6     4     1     1     0.00000000
   0.020    80    67     6     4     2    -1     0.00000000
   0.020    80    68     6     2     1     1    -0.00000000
   0.020    80    69     6     2     2    -1    -0.00000000
   0.020    80    70     6     6     2     1    -0.00000000
   0.020    80    71     6     6     3    -1    -0.00000000
   0.020    80    72     6     4     2     1     0.00000000
   0.020    80    73     6     4     3    -1     0.00000000
   0.020    80    74     6     2     2     1    -0.00000000
   0.020    80    75     6     6     3     1    -0.00000000
   0.020    80    76     6     6     4    -1    -0.00000000
   0.020    80    77     6     4     3     1    -0.00000000
   0.020    80    78     6     4     4    -1    -0.00000000
   0.020    80    79     6     6     4     1    -0.00000000
   0.020    80    80     6     6     5    -1     0.00000000
   0.020    80    81     6     4     4     1    -0.00000000
   0.020    80    82     6     6     5     1     0.00000000
   0.020    80    83     6     6     6    -1     0.00000000
   0.020    80    84     6     6     6     1    -0.00000000
   0.020    80    85     7     7     0     1    -0.00000000
   0.020    80    86     7     7     1    -1     0.00000000
   0.020    80    87     7     5     0     1    -0.00000000
   0.020    80    88     7     5     1    -1     0.00000000
   0.020    80    89     7     3     0     1    -0.00000000
   0.020    80    90     7     3     1    -1     0.00000000
   0.020    80    91     7     1     0     1     0.00000000
   0.020    80    92     7     1     1    -1     0.00000000
   0.020    80    93     7     7     1     1    -0.00000000
   0.020    80    94     7     7     2    -1    -0.00000000
   0.020    80    95     7     5     1     1    -0.00000000
   0.020    80    96     7     5     2    -1    -0.00000000
   0.020    80    97     7     3     1     1    -0.00000000
   0.020    80    98     7     3     2    -1    -0.00000000
   0.020    80    99     7     1     1     1    -0.00000000
   0.020    80   100     7     7     2     1    -0.00000000
   0.020    80   101     7     7     3    -1     0.00000000
   0.020    80   102     7     5     2     1     0.00000000
   0.020    80   103     7     5     3    -1    -0.00000000
   0.020    80   104     7     3     2     1    -0.00000000
   0.020    80   105     7     3     3    -1     0.00000000
   0.020    80   106     7     7     3     1    -0.00000000
   0.020    80   107     7     7     4    -1     0.00000000
   0.020    80   108     7     5     3     1     0.00000000
   0.020    80   109     7     5     4    -1     0.00000000
   0.020    80   110     7     3     3     1    -0.00000000
   0.020    80   111     7     7     4     1    -0.00000000
   0.020    80   112     7     7     5    -1     0.00000000
   0.020    80   113     7     5     4     1    -0.00000000
   0.020    80   114     7     5     5    -1    -0.00000000
   0.020    80   115     7     7     5     1     0.93367345
   0.020    80   116     7     7     6    -1     0.35811711
   0.020    80   117     7     5     5     1     0.00004923
   0.020    80   118     7     7     6     1     0.00000000
   0.020    80   119     7     7     7    -1     0.00000000
   0.020    80   120     7     7     7     1     0.00000000
   0.020    81     1     0     0     0     1     0.00000000
   0.020    81     2     1     1     0     1     0.00000000
   0.020    81     3     1     1     1    -1     0.00000000
   0.020    81     4     1     1     1     1     0.00000000
   0.020    81     5     2     2     0     1     0.00000000
   0.020    81     6     2     2     1    -1     0.00000000
   0.020    81     7     2     0     0     1     0.00000000
   0.020    81     8     2     2     1     1     0.00000000
   0.020    81     9     2     2     2    -1     0.00000000
   0.020    81    10     2     2     2     1     0.00000000
   0.020    81    11     3     3     0     1     0.00000000
   0.020    81    12     3     3     1    -1     0.00000000
   0.020    81    13     3     1     0     1     0.00000000
   0.020    81    14     3     1     1    -1     0.00000000
   0.020    81    15     3     3     1     1     0.00000000
   0.020    81    16     3     3     2    -1     0.00000000
   0.020    81    17     3     1     1     1     0.00000000
   0.020    81    18     3     3     2     1     0.00000000
   0.020    81    19     3     3     3    -1     0.00000000
   0.020    81    20     3     3     3     1     0.00000000
   0.020    81    21     4     4     0     1     0.00000000
   0.020    81    22     4     4     1    -1     0.00000000
   0.020    81    23     4     2     0     1     0.00000000
   0.020    81    24     4     2     1    -1     0.00000000
   0.020    81    25     4     0     0     1     0.00000000
   0.020    81    26     4     4     1     1     0.00000000
   0.020    81    27     4     4     2    -1     0.00000000
   0.020    81    28     4     2     1     1     0.00000000
   0.020    81    29     4     2     2    -1     0.00000000
   0.020    81    30     4     4     2     1     0.00000000
   0.020    81    31     4     4     3    -1     0.00000000
   0.020    81    32     4     2     2     1     0.00000000
   0.020    81    33     4     4     3     1     0.00000000
   0.020    81    34     4     4     4    -1     0.00000000
   0.020    81    35     4     4     4     1     0.00000000
   0.020    81    36     5     5     0     1     0.00000000
   0.020    81    37     5     5     1    -1     0.00000000
   0.020    81    38     5     3     0     1     0.00000000
   0.020    81    39     5     3     1    -1     0.00000000
   0.020    81    40     5     1     0     1     0.00000000
   0.020    81    41     5     1     1    -1     0.00000000
   0.020    81    42     5     5     1     1     0.00000000
   0.020    81    43     5     5     2    -1     0.00000000
   0.020    81    44     5     3     1     1     0.00000000
   0.020    81    45     5     3     2    -1     0.00000000
   0.020    81    46     5     1     1     1     0.00000000
   0.020    81    47     5     5     2     1     0.00000000
   0.020    81    48     5     5     3    -1     0.00000000
   0.020    81    49     5     3     2     1     0.00000000
   0.020    81    50     5     3     3    -1     0.00000000
   0.020    81    51     5     5     3     1     0.00000000
   0.020    81    52     5     5     4    -1     0.00000000
   0.020    81    53     5     3     3     1     0.00000000
   0.020    81    54     5     5     4     1     0.00000000
   0.020    81    55     5     5     5    -1     0.00000000
   0.020    81    56     5     5     5     1     0.00000000
   0.020    81    57     6     6     0     1     0.00000000
   0.020    81    58     6     6     1    -1     0.00000000
   0.020    81    59     6     4     0     1     0.00000000
   0.020    81    60     6     4     1    -1     0.00000000
   0.020    81    61     6     2     0     1     0.00000000
   0.020    81    62     6     2     1    -1     0.00000000
   0.020    81    63     6     0     0     1     0.00000000
   0.020    81    64     6     6     1     1     0.00000000
   0.020    81    65     6     6     2    -1     0.00000000
   0.020    81    66     6     4     1     1     0.00000000
   0.020    81    67     6     4     2    -1     0.00000000
   0.020    81    68     6     2     1     1     0.00000000
   0.020    81    69     6     2     2    -1     0.00000000
   0.020    81    70     6     6     2     1     0.00000000
   0.020    81    71     6     6     3    -1     0.00000000
   0.020    81    72     6     4     2     1     0.00000000
   0.020    81    73     6     4     3    -1     0.00000000
   0.020    81    74     6     2     2     1     0.00000000
   0.020    81    75     6     6     3     1     0.00000000
   0.020    81    76     6     6     4    -1     0.00000000
   0.020    81    77     6     4     3     1     0.00000000
   0.020    81    78     6     4     4    -1     0.00000000
   0.020    81    79     6     6     4     1     0.00000000
   0.020    81    80     6     6     5    -1     0.00000000
   0.020    81    81     6     4     4     1     0.00000000
   0.020    81    82     6     6     5     1     0.00000000
   0.020    81    83     6     6     6    -1     0.00000000
   0.020    81    84     6     6     6     1     0.00000000
   0.020    81    85     7     7     0     1     0.00000000
   0.020    81    86     7     7     1    -1     0.00000000
   0.020    81    87     7     5     0     1     0.00000000
   0.020    81    88     7     5     1    -1     0.00000000
   0.020    81    89     7     3     0     1     0.00000000
   0.020    81    90     7     3     1    -1     0.00000000
   0.020    81    91     7     1     0     1     0.00000000
   0.020    81    92     7     1     1    -1     0.00000000
   0.020    81    93     7     7     1     1     0.00000000
   0.020    81    94     7     7     2    -1     0.00000000
   0.020    81    95     7     5     1     1     0.00000000
   0.020    81    96     7     5     2    -1     0.00000000
   0.020    81    97     7     3     1     1     0.00000000
   0.020    81    98     7     3     2    -1     0.00000000
   0.020    81    99     7     1     1     1     0.00000000
   0.020    81   100     7     7     2     1     0.00000000
   0.020    81   101     7     7     3    -1     0.00000000
   0.020    81   102     7     5     2     1     0.00000000
   0.020    81   103     7     5     3    -1     0.00000000
   0.020    81   104     7     3     2     1     0.00000000
   0.020    81   105     7     3     3    -1     0.00000000
   0.020    81   106     7     7     3     1     0.00000000
   0.020    81   107     7     7     4    -1     0.00000000
   0.020    81   108     7     5     3     1     0.00000000
   0.020    81   109     7     5     4    -1     0.00000000
   0.020    81   110     7     3     3     1     0.00000000
   0.020    81   111     7     7     4     1     0.00000000
   0.020    81   112     7     7     5    -1     0.00000000
   0.020    81   113     7     5     4     1     0.00000000
   0.020    81   114     7     5     5    -1     0.00000000
   0.020    81   115     7     7     5     1     0.00000000
   0.020    81   116     7     7     6    -1     0.00000000
   0.020    81   117     7     5     5     1     0.00000000
   0.020    81   118     7     7     6     1    -0.96774996
   0.020    81   119     7     7     7    -1    -0.25191271
   0.020    81   120     7     7     7     1    -0.00000000
   0.020    82     1     0     0     0     1     0.00000000
   0.020    82     2     1     1     0     1     0.00000000
   0.020    82     3     1     1     1    -1     0.00000000
   0.020    82     4     1     1     1     1     0.00000000
   0.020    82     5     2     2     0     1     0.00000000
   0.020    82     6     2     2     1    -1     0.00000000
   0.020    82     7     2     0     0     1     0.00000000
   0.020    82     8     2     2     1     1     0.00000000
   0.020    82     9     2     2     2    -1     0.00000000
   0.020    82    10     2     2     2     1     0.00000000
   0.020    82    11     3     3     0     1     0.00000000
   0.020    82    12     3     3     1    -1     0.00000000
   0.020    82    13     3     1     0     1     0.00000000
   0.020    82    14     3     1     1    -1     0.00000000
   0.020    82    15     3     3     1     1     0.00000000
   0.020    82    16     3     3     2    -1     0.00000000
   0.020    82    17     3     1     1     1     0.00000000
   0.020    82    18     3     3     2     1     0.00000000
   0.020    82    19     3     3     3    -1     0.00000000
   0.020    82    20     3     3     3     1     0.00000000
   0.020    82    21     4     4     0     1     0.00000000
   0.020    82    22     4     4     1    -1     0.00000000
   0.020    82    23     4     2     0     1     0.00000000
   0.020    82    24     4     2     1    -1     0.00000000
   0.020    82    25     4     0     0     1     0.00000000
   0.020    82    26     4     4     1     1     0.00000000
   0.020    82    27     4     4     2    -1     0.00000000
   0.020    82    28     4     2     1     1     0.00000000
   0.020    82    29     4     2     2    -1     0.00000000
   0.020    82    30     4     4     2     1     0.00000000
   0.020    82    31     4     4     3    -1     0.00000000
   0.020    82    32     4     2     2     1     0.00000000
   0.020    82    33     4     4     3     1     0.00000000
   0.020    82    34     4     4     4    -1     0.00000000
   0.020    82    35     4     4     4     1     0.00000000
   0.020    82    36     5     5     0     1     0.00000000
   0.020    82    37     5     5     1    -1     0.00000000
   0.020    82    38     5     3     0     1     0.00000000
   0.020    82    39     5     3     1    -1     0.00000000
   0.020    82    40     5     1     0     1     0.00000000
   0.020    82    41     5     1     1    -1     0.00000000
   0.020    82    42     5     5     1     1     0.00000000
   0.020    82    43     5     5     2    -1     0.00000000
   0.020    82    44     5     3     1     1     0.00000000
   0.020    82    45     5     3     2    -1     0.00000000
   0.020    82    46     5     1     1     1     0.00000000
   0.020    82    47     5     5     2     1     0.00000000
   0.020    82    48     5     5     3    -1     0.00000000
   0.020    82    49     5     3     2     1     0.00000000
   0.020    82    50     5     3     3    -1     0.00000000
   0.020    82    51     5     5     3     1     0.00000000
   0.020    82    52     5     5     4    -1     0.00000000
   0.020    82    53     5     3     3     1     0.00000000
   0.020    82    54     5     5     4     1     0.00000000
   0.020    82    55     5     5     5    -1     0.00000000
   0.020    82    56     5     5     5     1     0.00000000
   0.020    82    57     6     6     0     1     0.00000000
   0.020    82    58     6     6     1    -1     0.00000000
   0.020    82    59     6     4     0     1     0.00000000
   0.020    82    60     6     4     1    -1     0.00000000
   0.020    82    61     6     2     0     1     0.00000000
   0.020    82    62     6     2     1    -1     0.00000000
   0.020    82    63     6     0     0     1     0.00000000
   0.020    82    64     6     6     1     1     0.00000000
   0.020    82    65     6     6     2    -1     0.00000000
   0.020    82    66     6     4     1     1     0.00000000
   0.020    82    67     6     4     2    -1     0.00000000
   0.020    82    68     6     2     1     1     0.00000000
   0.020    82    69     6     2     2    -1     0.00000000
   0.020    82    70     6     6     2     1     0.00000000
   0.020    82    71     6     6     3    -1     0.00000000
   0.020    82    72     6     4     2     1     0.00000000
   0.020    82    73     6     4     3    -1     0.00000000
   0.020    82    74     6     2     2     1     0.00000000
   0.020    82    75     6     6     3     1     0.00000000
   0.020    82    76     6     6     4    -1     0.00000000
   0.020    82    77     6     4     3     1     0.00000000
   0.020    82    78     6     4     4    -1     0.00000000
   0.020    82    79     6     6     4     1     0.00000000
   0.020    82    80     6     6     5    -1     0.00000000
   0.020    82    81     6     4     4     1     0.00000000
   0.020    82    82     6     6     5     1     0.00000000
   0.020    82    83     6     6     6    -1     0.00000000
   0.020    82    84     6     6     6     1     0.00000000
   0.020    82    85     7     7     0     1     0.00000000
   0.020    82    86     7     7     1    -1     0.00000000
   0.020    82    87     7     5     0     1     0.00000000
   0.020    82    88     7     5     1    -1     0.00000000
   0.020    82    89     7     3     0     1     0.00000000
   0.020    82    90     7     3     1    -1     0.00000000
   0.020    82    91     7     1     0     1     0.00000000
   0.020    82    92     7     1     1    -1     0.00000000
   0.020    82    93     7     7     1     1     0.00000000
   0.020    82    94     7     7     2    -1     0.00000000
   0.020    82    95     7     5     1     1     0.00000000
   0.020    82    96     7     5     2    -1     0.00000000
   0.020    82    97     7     3     1     1     0.00000000
   0.020    82    98     7     3     2    -1     0.00000000
   0.020    82    99     7     1     1     1     0.00000000
   0.020    82   100     7     7     2     1     0.00000000
   0.020    82   101     7     7     3    -1     0.00000000
   0.020    82   102     7     5     2     1     0.00000000
   0.020    82   103     7     5     3    -1     0.00000000
   0.020    82   104     7     3     2     1     0.00000000
   0.020    82   105     7     3     3    -1     0.00000000
   0.020    82   106     7     7     3     1     0.00000000
   0.020    82   107     7     7     4    -1     0.00000000
   0.020    82   108     7     5     3     1     0.00000000
   0.020    82   109     7     5     4    -1     0.00000000
   0.020    82   110     7     3     3     1     0.00000000
   0.020    82   111     7     7     4     1     0.00000000
   0.020    82   112     7     7     5    -1     0.00000000
   0.020    82   113     7     5     4     1     0.00000000
   0.020    82   114     7     5     5    -1     0.00000000
   0.020    82   115     7     7     5     1     0.00000000
   0.020    82   116     7     7     6    -1     0.00000000
   0.020    82   117     7     5     5     1     0.00000000
   0.020    82   118     7     7     6     1     0.00000000
   0.020    82   119     7     7     7    -1     0.00000000
   0.020    82   120     7     7     7     1     1.00000000
   0.020    83     1     0     0     0     1    -0.00000004
   0.020    83     2     1     1     0     1    -0.00000000
   0.020    83     3     1     1     1    -1    -0.00000000
   0.020    83     4     1     1     1     1     0.00000000
   0.020    83     5     2     2     0     1     0.00003406
   0.020    83     6     2     2     1    -1     0.00000348
   0.020    83     7     2     0     0     1     0.00001700
   0.020    83     8     2     2     1     1    -0.00000000
   0.020    83     9     2     2     2    -1    -0.00000000
   0.020    83    10     2     2     2     1    -0.00000000
   0.020    83    11     3     3     0     1     0.00000000
   0.020    83    12     3     3     1    -1    -0.00000000
   0.020    83    13     3     1     0     1     0.00000000
   0.020    83    14     3     1     1    -1    -0.00000000
   0.020    83    15     3     3     1     1    -0.00000000
   0.020    83    16     3     3     2    -1     0.00000000
   0.020    83    17     3     1     1     1    -0.00000000
   0.020    83    18     3     3     2     1     0.00000000
   0.020    83    19     3     3     3    -1     0.00000000
   0.020    83    20     3     3     3     1     0.00000000
   0.020    83    21     4     4     0     1    -0.00242128
   0.020    83    22     4     4     1    -1    -0.00162039
   0.020    83    23     4     2     0     1    -0.00465591
   0.020    83    24     4     2     1    -1    -0.00159658
   0.020    83    25     4     0     0     1    -0.00908455
   0.020    83    26     4     4     1     1    -0.00000000
   0.020    83    27     4     4     2    -1     0.00000000
   0.020    83    28     4     2     1     1    -0.00000000
   0.020    83    29     4     2     2    -1     0.00000000
   0.020    83    30     4     4     2     1    -0.00000000
   0.020    83    31     4     4     3    -1    -0.00000000
   0.020    83    32     4     2     2     1    -0.00000000
   0.020    83    33     4     4     3     1    -0.00000000
   0.020    83    34     4     4     4    -1     0.00000000
   0.020    83    35     4     4     4     1     0.00000000
   0.020    83    36     5     5     0     1    -0.00000000
   0.020    83    37     5     5     1    -1    -0.00000000
   0.020    83    38     5     3     0     1    -0.00000000
   0.020    83    39     5     3     1    -1     0.00000000
   0.020    83    40     5     1     0     1     0.00000000
   0.020    83    41     5     1     1    -1     0.00000000
   0.020    83    42     5     5     1     1     0.00000000
   0.020    83    43     5     5     2    -1    -0.00000000
   0.020    83    44     5     3     1     1     0.00000000
   0.020    83    45     5     3     2    -1    -0.00000000
   0.020    83    46     5     1     1     1     0.00000000
   0.020    83    47     5     5     2     1    -0.00000000
   0.020    83    48     5     5     3    -1     0.00000000
   0.020    83    49     5     3     2     1     0.00000000
   0.020    83    50     5     3     3    -1     0.00000000
   0.020    83    51     5     5     3     1    -0.00000000
   0.020    83    52     5     5     4    -1     0.00000000
   0.020    83    53     5     3     3     1    -0.00000000
   0.020    83    54     5     5     4     1     0.00000000
   0.020    83    55     5     5     5    -1     0.00000000
   0.020    83    56     5     5     5     1     0.00000000
   0.020    83    57     6     6     0     1     0.00002715
   0.020    83    58     6     6     1    -1     0.00000822
   0.020    83    59     6     4     0     1    -0.00050586
   0.020    83    60     6     4     1    -1     0.00088710
   0.020    83    61     6     2     0     1     0.79140507
   0.020    83    62     6     2     1    -1     0.61119690
   0.020    83    63     6     0     0     1    -0.00026375
   0.020    83    64     6     6     1     1     0.00000000
   0.020    83    65     6     6     2    -1    -0.00000000
   0.020    83    66     6     4     1     1     0.00000000
   0.020    83    67     6     4     2    -1    -0.00000000
   0.020    83    68     6     2     1     1     0.00000000
   0.020    83    69     6     2     2    -1     0.00000000
   0.020    83    70     6     6     2     1    -0.00000000
   0.020    83    71     6     6     3    -1     0.00000000
   0.020    83    72     6     4     2     1    -0.00000000
   0.020    83    73     6     4     3    -1     0.00000000
   0.020    83    74     6     2     2     1    -0.00000000
   0.020    83    75     6     6     3     1     0.00000000
   0.020    83    76     6     6     4    -1    -0.00000000
   0.020    83    77     6     4     3     1    -0.00000000
   0.020    83    78     6     4     4    -1     0.00000000
   0.020    83    79     6     6     4     1    -0.00000000
   0.020    83    80     6     6     5    -1     0.00000000
   0.020    83    81     6     4     4     1     0.00000000
   0.020    83    82     6     6     5     1    -0.00000000
   0.020    83    83     6     6     6    -1    -0.00000000
   0.020    83    84     6     6     6     1     0.00000000
   0.020    83    85     7     7     0     1    -0.00000000
   0.020    83    86     7     7     1    -1     0.00000000
   0.020    83    87     7     5     0     1    -0.00000000
   0.020    83    88     7     5     1    -1    -0.00000000
   0.020    83    89     7     3     0     1    -0.00000000
   0.020    83    90     7     3     1    -1    -0.00000000
   0.020    83    91     7     1     0     1     0.00000000
   0.020    83    92     7     1     1    -1     0.00000000
   0.020    83    93     7     7     1     1     0.00000000
   0.020    83    94     7     7     2    -1     0.00000000
   0.020    83    95     7     5     1     1     0.00000000
   0.020    83    96     7     5     2    -1    -0.00000000
   0.020    83    97     7     3     1     1     0.00000000
   0.020    83    98     7     3     2    -1    -0.00000000
   0.020    83    99     7     1     1     1    -0.00000000
   0.020    83   100     7     7     2     1    -0.00000000
   0.020    83   101     7     7     3    -1    -0.00000000
   0.020    83   102     7     5     2     1     0.00000000
   0.020    83   103     7     5     3    -1     0.00000000
   0.020    83   104     7     3     2     1    -0.00000000
   0.020    83   105     7     3     3    -1    -0.00000000
   0.020    83   106     7     7     3     1     0.00000000
   0.020    83   107     7     7     4    -1    -0.00000000
   0.020    83   108     7     5     3     1     0.00000000
   0.020    83   109     7     5     4    -1     0.00000000
   0.020    83   110     7     3     3     1    -0.00000000
   0.020    83   111     7     7     4     1    -0.00000000
   0.020    83   112     7     7     5    -1    -0.00000000
   0.020    83   113     7     5     4     1     0.00000000
   0.020    83   114     7     5     5    -1    -0.00000000
   0.020    83   115     7     7     5     1    -0.00000000
   0.020    83   116     7     7     6    -1     0.00000000
   0.020    83   117     7     5     5     1    -0.00000000
   0.020    83   118     7     7     6     1     0.00000000
   0.020    83   119     7     7     7    -1     0.00000000
   0.020    83   120     7     7     7     1     0.00000000
   0.020    84     1     0     0     0     1    -0.00000000
   0.020    84     2     1     1     0     1     0.00000000
   0.020    84     3     1     1     1    -1     0.00000000
   0.020    84     4     1     1     1     1    -0.00000000
   0.020    84     5     2     2     0     1     0.00000000
   0.020    84     6     2     2     1    -1    -0.00000000
   0.020    84     7     2     0     0     1    -0.00000000
   0.020    84     8     2     2     1     1     0.00000727
   0.020    84     9     2     2     2    -1     0.00000584
   0.020    84    10     2     2     2     1    -0.00000000
   0.020    84    11     3     3     0     1    -0.00000000
   0.020    84    12     3     3     1    -1     0.00000000
   0.020    84    13     3     1     0     1     0.00000000
   0.020    84    14     3     1     1    -1    -0.00000000
   0.020    84    15     3     3     1     1     0.00000000
   0.020    84    16     3     3     2    -1     0.00000000
   0.020    84    17     3     1     1     1     0.00000000
   0.020    84    18     3     3     2     1     0.00000000
   0.020    84    19     3     3     3    -1     0.00000000
   0.020    84    20     3     3     3     1     0.00000000
   0.020    84    21     4     4     0     1     0.00000000
   0.020    84    22     4     4     1    -1     0.00000000
   0.020    84    23     4     2     0     1     0.00000000
   0.020    84    24     4     2     1    -1     0.00000000
   0.020    84    25     4     0     0     1    -0.00000000
   0.020    84    26     4     4     1     1    -0.00261078
   0.020    84    27     4     4     2    -1    -0.00060278
   0.020    84    28     4     2     1     1    -0.00282165
   0.020    84    29     4     2     2    -1     0.00267191
   0.020    84    30     4     4     2     1     0.00000000
   0.020    84    31     4     4     3    -1     0.00000000
   0.020    84    32     4     2     2     1     0.00000000
   0.020    84    33     4     4     3     1     0.00000000
   0.020    84    34     4     4     4    -1    -0.00000000
   0.020    84    35     4     4     4     1     0.00000000
   0.020    84    36     5     5     0     1     0.00000000
   0.020    84    37     5     5     1    -1    -0.00000000
   0.020    84    38     5     3     0     1    -0.00000000
   0.020    84    39     5     3     1    -1    -0.00000000
   0.020    84    40     5     1     0     1    -0.00000000
   0.020    84    41     5     1     1    -1    -0.00000000
   0.020    84    42     5     5     1     1     0.00000000
   0.020    84    43     5     5     2    -1     0.00000000
   0.020    84    44     5     3     1     1     0.00000000
   0.020    84    45     5     3     2    -1     0.00000000
   0.020    84    46     5     1     1     1     0.00000000
   0.020    84    47     5     5     2     1    -0.00000000
   0.020    84    48     5     5     3    -1     0.00000000
   0.020    84    49     5     3     2     1    -0.00000000
   0.020    84    50     5     3     3    -1    -0.00000000
   0.020    84    51     5     5     3     1    -0.00000000
   0.020    84    52     5     5     4    -1     0.00000000
   0.020    84    53     5     3     3     1     0.00000000
   0.020    84    54     5     5     4     1     0.00000000
   0.020    84    55     5     5     5    -1    -0.00000000
   0.020    84    56     5     5     5     1    -0.00000000
   0.020    84    57     6     6     0     1    -0.00000000
   0.020    84    58     6     6     1    -1     0.00000000
   0.020    84    59     6     4     0     1     0.00000000
   0.020    84    60     6     4     1    -1    -0.00000000
   0.020    84    61     6     2     0     1    -0.00000000
   0.020    84    62     6     2     1    -1    -0.00000000
   0.020    84    63     6     0     0     1    -0.00000000
   0.020    84    64     6     6     1     1     0.00003331
   0.020    84    65     6     6     2    -1    -0.00000933
   0.020    84    66     6     4     1     1    -0.00098689
   0.020    84    67     6     4     2    -1     0.00156745
   0.020    84    68     6     2     1     1     0.92037587
   0.020    84    69     6     2     2    -1     0.39100198
   0.020    84    70     6     6     2     1    -0.00000000
   0.020    84    71     6     6     3    -1    -0.00000000
   0.020    84    72     6     4     2     1    -0.00000000
   0.020    84    73     6     4     3    -1     0.00000000
   0.020    84    74     6     2     2     1     0.00000000
   0.020    84    75     6     6     3     1    -0.00000000
   0.020    84    76     6     6     4    -1     0.00000000
   0.020    84    77     6     4     3     1    -0.00000000
   0.020    84    78     6     4     4    -1    -0.00000000
   0.020    84    79     6     6     4     1    -0.00000000
   0.020    84    80     6     6     5    -1     0.00000000
   0.020    84    81     6     4     4     1    -0.00000000
   0.020    84    82     6     6     5     1    -0.00000000
   0.020    84    83     6     6     6    -1     0.00000000
   0.020    84    84     6     6     6     1     0.00000000
   0.020    84    85     7     7     0     1     0.00000000
   0.020    84    86     7     7     1    -1     0.00000000
   0.020    84    87     7     5     0     1    -0.00000000
   0.020    84    88     7     5     1    -1     0.00000000
   0.020    84    89     7     3     0     1    -0.00000000
   0.020    84    90     7     3     1    -1     0.00000000
   0.020    84    91     7     1     0     1     0.00000000
   0.020    84    92     7     1     1    -1     0.00000000
   0.020    84    93     7     7     1     1    -0.00000000
   0.020    84    94     7     7     2    -1     0.00000000
   0.020    84    95     7     5     1     1    -0.00000000
   0.020    84    96     7     5     2    -1     0.00000000
   0.020    84    97     7     3     1     1     0.00000000
   0.020    84    98     7     3     2    -1     0.00000000
   0.020    84    99     7     1     1     1    -0.00000000
   0.020    84   100     7     7     2     1    -0.00000000
   0.020    84   101     7     7     3    -1    -0.00000000
   0.020    84   102     7     5     2     1    -0.00000000
   0.020    84   103     7     5     3    -1    -0.00000000
   0.020    84   104     7     3     2     1     0.00000000
   0.020    84   105     7     3     3    -1     0.00000000
   0.020    84   106     7     7     3     1     0.00000000
   0.020    84   107     7     7     4    -1    -0.00000000
   0.020    84   108     7     5     3     1    -0.00000000
   0.020    84   109     7     5     4    -1    -0.00000000
   0.020    84   110     7     3     3     1    -0.00000000
   0.020    84   111     7     7     4     1    -0.00000000
   0.020    84   112     7     7     5    -1     0.00000000
   0.020    84   113     7     5     4     1    -0.00000000
   0.020    84   114     7     5     5    -1     0.00000000
   0.020    84   115     7     7     5     1     0.00000000
   0.020    84   116     7     7     6    -1    -0.00000000
   0.020    84   117     7     5     5     1     0.00000000
   0.020    84   118     7     7     6     1     0.00000000
   0.020    84   119     7     7     7    -1     0.00000000
   0.020    84   120     7     7     7     1     0.00000000
   0.020    85     1     0     0     0     1    -0.00000002
   0.020    85     2     1     1     0     1    -0.00000000
   0.020    85     3     1     1     1    -1    -0.00000000
   0.020    85     4     1     1     1     1     0.00000000
   0.020    85     5     2     2     0     1     0.00001591
   0.020    85     6     2     2     1    -1    -0.00001089
   0.020    85     7     2     0     0     1     0.00001954
   0.020    85     8     2     2     1     1    -0.00000000
   0.020    85     9     2     2     2    -1    -0.00000000
   0.020    85    10     2     2     2     1     0.00000000
   0.020    85    11     3     3     0     1    -0.00000000
   0.020    85    12     3     3     1    -1     0.00000000
   0.020    85    13     3     1     0     1     0.00000000
   0.020    85    14     3     1     1    -1    -0.00000000
   0.020    85    15     3     3     1     1    -0.00000000
   0.020    85    16     3     3     2    -1     0.00000000
   0.020    85    17     3     1     1     1     0.00000000
   0.020    85    18     3     3     2     1     0.00000000
   0.020    85    19     3     3     3    -1     0.00000000
   0.020    85    20     3     3     3     1     0.00000000
   0.020    85    21     4     4     0     1    -0.00266297
   0.020    85    22     4     4     1    -1     0.00262464
   0.020    85    23     4     2     0     1    -0.00540233
   0.020    85    24     4     2     1    -1     0.00570662
   0.020    85    25     4     0     0     1    -0.00000602
   0.020    85    26     4     4     1     1     0.00000000
   0.020    85    27     4     4     2    -1    -0.00000000
   0.020    85    28     4     2     1     1    -0.00000000
   0.020    85    29     4     2     2    -1     0.00000000
   0.020    85    30     4     4     2     1    -0.00000000
   0.020    85    31     4     4     3    -1    -0.00000000
   0.020    85    32     4     2     2     1    -0.00000000
   0.020    85    33     4     4     3     1    -0.00000000
   0.020    85    34     4     4     4    -1    -0.00000000
   0.020    85    35     4     4     4     1     0.00000000
   0.020    85    36     5     5     0     1    -0.00000000
   0.020    85    37     5     5     1    -1     0.00000000
   0.020    85    38     5     3     0     1     0.00000000
   0.020    85    39     5     3     1    -1    -0.00000000
   0.020    85    40     5     1     0     1    -0.00000000
   0.020    85    41     5     1     1    -1     0.00000000
   0.020    85    42     5     5     1     1     0.00000000
   0.020    85    43     5     5     2    -1    -0.00000000
   0.020    85    44     5     3     1     1     0.00000000
   0.020    85    45     5     3     2    -1    -0.00000000
   0.020    85    46     5     1     1     1     0.00000000
   0.020    85    47     5     5     2     1    -0.00000000
   0.020    85    48     5     5     3    -1     0.00000000
   0.020    85    49     5     3     2     1    -0.00000000
   0.020    85    50     5     3     3    -1    -0.00000000
   0.020    85    51     5     5     3     1    -0.00000000
   0.020    85    52     5     5     4    -1     0.00000000
   0.020    85    53     5     3     3     1     0.00000000
   0.020    85    54     5     5     4     1     0.00000000
   0.020    85    55     5     5     5    -1    -0.00000000
   0.020    85    56     5     5     5     1    -0.00000000
   0.020    85    57     6     6     0     1     0.00005868
   0.020    85    58     6     6     1    -1    -0.00006053
   0.020    85    59     6     4     0     1     0.66345266
   0.020    85    60     6     4     1    -1    -0.74816681
   0.020    85    61     6     2     0     1     0.00052796
   0.020    85    62     6     2     1    -1     0.00092130
   0.020    85    63     6     0     0     1    -0.00035279
   0.020    85    64     6     6     1     1    -0.00000000
   0.020    85    65     6     6     2    -1     0.00000000
   0.020    85    66     6     4     1     1    -0.00000000
   0.020    85    67     6     4     2    -1     0.00000000
   0.020    85    68     6     2     1     1    -0.00000000
   0.020    85    69     6     2     2    -1    -0.00000000
   0.020    85    70     6     6     2     1    -0.00000000
   0.020    85    71     6     6     3    -1    -0.00000000
   0.020    85    72     6     4     2     1    -0.00000000
   0.020    85    73     6     4     3    -1     0.00000000
   0.020    85    74     6     2     2     1    -0.00000000
   0.020    85    75     6     6     3     1     0.00000000
   0.020    85    76     6     6     4    -1    -0.00000000
   0.020    85    77     6     4     3     1     0.00000000
   0.020    85    78     6     4     4    -1    -0.00000000
   0.020    85    79     6     6     4     1    -0.00000000
   0.020    85    80     6     6     5    -1     0.00000000
   0.020    85    81     6     4     4     1    -0.00000000
   0.020    85    82     6     6     5     1     0.00000000
   0.020    85    83     6     6     6    -1    -0.00000000
   0.020    85    84     6     6     6     1    -0.00000000
   0.020    85    85     7     7     0     1     0.00000000
   0.020    85    86     7     7     1    -1     0.00000000
   0.020    85    87     7     5     0     1     0.00000000
   0.020    85    88     7     5     1    -1     0.00000000
   0.020    85    89     7     3     0     1     0.00000000
   0.020    85    90     7     3     1    -1    -0.00000000
   0.020    85    91     7     1     0     1     0.00000000
   0.020    85    92     7     1     1    -1    -0.00000000
   0.020    85    93     7     7     1     1     0.00000000
   0.020    85    94     7     7     2    -1    -0.00000000
   0.020    85    95     7     5     1     1     0.00000000
   0.020    85    96     7     5     2    -1    -0.00000000
   0.020    85    97     7     3     1     1     0.00000000
   0.020    85    98     7     3     2    -1    -0.00000000
   0.020    85    99     7     1     1     1    -0.00000000
   0.020    85   100     7     7     2     1    -0.00000000
   0.020    85   101     7     7     3    -1    -0.00000000
   0.020    85   102     7     5     2     1    -0.00000000
   0.020    85   103     7     5     3    -1    -0.00000000
   0.020    85   104     7     3     2     1     0.00000000
   0.020    85   105     7     3     3    -1     0.00000000
   0.020    85   106     7     7     3     1     0.00000000
   0.020    85   107     7     7     4    -1    -0.00000000
   0.020    85   108     7     5     3     1    -0.00000000
   0.020    85   109     7     5     4    -1    -0.00000000
   0.020    85   110     7     3     3     1    -0.00000000
   0.020    85   111     7     7     4     1    -0.00000000
   0.020    85   112     7     7     5    -1     0.00000000
   0.020    85   113     7     5     4     1    -0.00000000
   0.020    85   114     7     5     5    -1     0.00000000
   0.020    85   115     7     7     5     1     0.00000000
   0.020    85   116     7     7     6    -1    -0.00000000
   0.020    85   117     7     5     5     1     0.00000000
   0.020    85   118     7     7     6     1     0.00000000
   0.020    85   119     7     7     7    -1     0.00000000
   0.020    85   120     7     7     7     1     0.00000000
   0.020    86     1     0     0     0     1    -0.00000000
   0.020    86     2     1     1     0     1     0.00000000
   0.020    86     3     1     1     1    -1     0.00000000
   0.020    86     4     1     1     1     1     0.00000000
   0.020    86     5     2     2     0     1     0.00000000
   0.020    86     6     2     2     1    -1     0.00000000
   0.020    86     7     2     0     0     1     0.00000000
   0.020    86     8     2     2     1     1     0.00000695
   0.020    86     9     2     2     2    -1     0.00000674
   0.020    86    10     2     2     2     1     0.00000000
   0.020    86    11     3     3     0     1    -0.00000000
   0.020    86    12     3     3     1    -1    -0.00000000
   0.020    86    13     3     1     0     1    -0.00000000
   0.020    86    14     3     1     1    -1     0.00000000
   0.020    86    15     3     3     1     1     0.00000000
   0.020    86    16     3     3     2    -1    -0.00000000
   0.020    86    17     3     1     1     1    -0.00000000
   0.020    86    18     3     3     2     1    -0.00000000
   0.020    86    19     3     3     3    -1    -0.00000000
   0.020    86    20     3     3     3     1    -0.00000000
   0.020    86    21     4     4     0     1     0.00000000
   0.020    86    22     4     4     1    -1     0.00000000
   0.020    86    23     4     2     0     1    -0.00000000
   0.020    86    24     4     2     1    -1     0.00000000
   0.020    86    25     4     0     0     1     0.00000000
   0.020    86    26     4     4     1     1    -0.00183827
   0.020    86    27     4     4     2    -1     0.00142856
   0.020    86    28     4     2     1     1    -0.00407297
   0.020    86    29     4     2     2    -1     0.00456468
   0.020    86    30     4     4     2     1     0.00000000
   0.020    86    31     4     4     3    -1    -0.00000000
   0.020    86    32     4     2     2     1     0.00000000
   0.020    86    33     4     4     3     1    -0.00000000
   0.020    86    34     4     4     4    -1    -0.00000000
   0.020    86    35     4     4     4     1     0.00000000
   0.020    86    36     5     5     0     1     0.00000000
   0.020    86    37     5     5     1    -1     0.00000000
   0.020    86    38     5     3     0     1    -0.00000000
   0.020    86    39     5     3     1    -1     0.00000000
   0.020    86    40     5     1     0     1     0.00000000
   0.020    86    41     5     1     1    -1    -0.00000000
   0.020    86    42     5     5     1     1    -0.00000000
   0.020    86    43     5     5     2    -1     0.00000000
   0.020    86    44     5     3     1     1    -0.00000000
   0.020    86    45     5     3     2    -1    -0.00000000
   0.020    86    46     5     1     1     1    -0.00000000
   0.020    86    47     5     5     2     1     0.00000000
   0.020    86    48     5     5     3    -1    -0.00000000
   0.020    86    49     5     3     2     1     0.00000000
   0.020    86    50     5     3     3    -1     0.00000000
   0.020    86    51     5     5     3     1     0.00000000
   0.020    86    52     5     5     4    -1     0.00000000
   0.020    86    53     5     3     3     1    -0.00000000
   0.020    86    54     5     5     4     1    -0.00000000
   0.020    86    55     5     5     5    -1     0.00000000
   0.020    86    56     5     5     5     1     0.00000000
   0.020    86    57     6     6     0     1     0.00000000
   0.020    86    58     6     6     1    -1    -0.00000000
   0.020    86    59     6     4     0     1     0.00000000
   0.020    86    60     6     4     1    -1    -0.00000000
   0.020    86    61     6     2     0     1    -0.00000000
   0.020    86    62     6     2     1    -1    -0.00000000
   0.020    86    63     6     0     0     1     0.00000000
   0.020    86    64     6     6     1     1     0.00003323
   0.020    86    65     6     6     2    -1    -0.00003348
   0.020    86    66     6     4     1     1     0.56743641
   0.020    86    67     6     4     2    -1    -0.82338918
   0.020    86    68     6     2     1     1     0.00172165
   0.020    86    69     6     2     2    -1     0.00060980
   0.020    86    70     6     6     2     1     0.00000000
   0.020    86    71     6     6     3    -1    -0.00000000
   0.020    86    72     6     4     2     1    -0.00000000
   0.020    86    73     6     4     3    -1     0.00000000
   0.020    86    74     6     2     2     1    -0.00000000
   0.020    86    75     6     6     3     1    -0.00000000
   0.020    86    76     6     6     4    -1    -0.00000000
   0.020    86    77     6     4     3     1    -0.00000000
   0.020    86    78     6     4     4    -1    -0.00000000
   0.020    86    79     6     6     4     1     0.00000000
   0.020    86    80     6     6     5    -1    -0.00000000
   0.020    86    81     6     4     4     1     0.00000000
   0.020    86    82     6     6     5     1    -0.00000000
   0.020    86    83     6     6     6    -1     0.00000000
   0.020    86    84     6     6     6     1    -0.00000000
   0.020    86    85     7     7     0     1    -0.00000000
   0.020    86    86     7     7     1    -1     0.00000000
   0.020    86    87     7     5     0     1     0.00000000
   0.020    86    88     7     5     1    -1     0.00000000
   0.020    86    89     7     3     0     1    -0.00000000
   0.020    86    90     7     3     1    -1    -0.00000000
   0.020    86    91     7     1     0     1     0.00000000
   0.020    86    92     7     1     1    -1     0.00000000
   0.020    86    93     7     7     1     1     0.00000000
   0.020    86    94     7     7     2    -1    -0.00000000
   0.020    86    95     7     5     1     1     0.00000000
   0.020    86    96     7     5     2    -1    -0.00000000
   0.020    86    97     7     3     1     1    -0.00000000
   0.020    86    98     7     3     2    -1    -0.00000000
   0.020    86    99     7     1     1     1     0.00000000
   0.020    86   100     7     7     2     1     0.00000000
   0.020    86   101     7     7     3    -1    -0.00000000
   0.020    86   102     7     5     2     1     0.00000000
   0.020    86   103     7     5     3    -1     0.00000000
   0.020    86   104     7     3     2     1    -0.00000000
   0.020    86   105     7     3     3    -1    -0.00000000
   0.020    86   106     7     7     3     1    -0.00000000
   0.020    86   107     7     7     4    -1     0.00000000
   0.020    86   108     7     5     3     1     0.00000000
   0.020    86   109     7     5     4    -1     0.00000000
   0.020    86   110     7     3     3     1     0.00000000
   0.020    86   111     7     7     4     1     0.00000000
   0.020    86   112     7     7     5    -1    -0.00000000
   0.020    86   113     7     5     4     1     0.00000000
   0.020    86   114     7     5     5    -1    -0.00000000
   0.020    86   115     7     7     5     1    -0.00000000
   0.020    86   116     7     7     6    -1     0.00000000
   0.020    86   117     7     5     5     1    -0.00000000
   0.020    86   118     7     7     6     1     0.00000000
   0.020    86   119     7     7     7    -1     0.00000000
   0.020    86   120     7     7     7     1     0.00000000
   0.020    87     1     0     0     0     1     0.00000000
   0.020    87     2     1     1     0     1     0.00000000
   0.020    87     3     1     1     1    -1    -0.00000000
   0.020    87     4     1     1     1     1    -0.00000000
   0.020    87     5     2     2     0     1     0.00000000
   0.020    87     6     2     2     1    -1    -0.00000000
   0.020    87     7     2     0     0     1    -0.00000000
   0.020    87     8     2     2     1     1     0.00000000
   0.020    87     9     2     2     2    -1    -0.00000000
   0.020    87    10     2     2     2     1     0.00001300
   0.020    87    11     3     3     0     1     0.00000000
   0.020    87    12     3     3     1    -1    -0.00000000
   0.020    87    13     3     1     0     1     0.00000000
   0.020    87    14     3     1     1    -1    -0.00000000
   0.020    87    15     3     3     1     1    -0.00000000
   0.020    87    16     3     3     2    -1     0.00000000
   0.020    87    17     3     1     1     1    -0.00000000
   0.020    87    18     3     3     2     1    -0.00000000
   0.020    87    19     3     3     3    -1    -0.00000000
   0.020    87    20     3     3     3     1    -0.00000000
   0.020    87    21     4     4     0     1    -0.00000000
   0.020    87    22     4     4     1    -1     0.00000000
   0.020    87    23     4     2     0     1    -0.00000000
   0.020    87    24     4     2     1    -1     0.00000000
   0.020    87    25     4     0     0     1    -0.00000000
   0.020    87    26     4     4     1     1     0.00000000
   0.020    87    27     4     4     2    -1    -0.00000000
   0.020    87    28     4     2     1     1     0.00000000
   0.020    87    29     4     2     2    -1     0.00000000
   0.020    87    30     4     4     2     1    -0.00199943
   0.020    87    31     4     4     3    -1     0.00017683
   0.020    87    32     4     2     2     1     0.00568799
   0.020    87    33     4     4     3     1    -0.00000000
   0.020    87    34     4     4     4    -1    -0.00000000
   0.020    87    35     4     4     4     1     0.00000000
   0.020    87    36     5     5     0     1     0.00000000
   0.020    87    37     5     5     1    -1    -0.00000000
   0.020    87    38     5     3     0     1     0.00000000
   0.020    87    39     5     3     1    -1    -0.00000000
   0.020    87    40     5     1     0     1    -0.00000000
   0.020    87    41     5     1     1    -1    -0.00000000
   0.020    87    42     5     5     1     1     0.00000000
   0.020    87    43     5     5     2    -1    -0.00000000
   0.020    87    44     5     3     1     1    -0.00000000
   0.020    87    45     5     3     2    -1     0.00000000
   0.020    87    46     5     1     1     1    -0.00000000
   0.020    87    47     5     5     2     1    -0.00000000
   0.020    87    48     5     5     3    -1     0.00000000
   0.020    87    49     5     3     2     1    -0.00000000
   0.020    87    50     5     3     3    -1    -0.00000000
   0.020    87    51     5     5     3     1     0.00000000
   0.020    87    52     5     5     4    -1    -0.00000000
   0.020    87    53     5     3     3     1    -0.00000000
   0.020    87    54     5     5     4     1    -0.00000000
   0.020    87    55     5     5     5    -1     0.00000000
   0.020    87    56     5     5     5     1     0.00000000
   0.020    87    57     6     6     0     1     0.00000000
   0.020    87    58     6     6     1    -1    -0.00000000
   0.020    87    59     6     4     0     1     0.00000000
   0.020    87    60     6     4     1    -1    -0.00000000
   0.020    87    61     6     2     0     1     0.00000000
   0.020    87    62     6     2     1    -1     0.00000000
   0.020    87    63     6     0     0     1     0.00000000
   0.020    87    64     6     6     1     1    -0.00000000
   0.020    87    65     6     6     2    -1     0.00000000
   0.020    87    66     6     4     1     1     0.00000000
   0.020    87    67     6     4     2    -1    -0.00000000
   0.020    87    68     6     2     1     1    -0.00000000
   0.020    87    69     6     2     2    -1    -0.00000000
   0.020    87    70     6     6     2     1     0.00002303
   0.020    87    71     6     6     3    -1    -0.00001342
   0.020    87    72     6     4     2     1     0.00080999
   0.020    87    73     6     4     3    -1    -0.00178622
   0.020    87    74     6     2     2     1     0.99997988
   0.020    87    75     6     6     3     1     0.00000000
   0.020    87    76     6     6     4    -1    -0.00000000
   0.020    87    77     6     4     3     1     0.00000000
   0.020    87    78     6     4     4    -1    -0.00000000
   0.020    87    79     6     6     4     1     0.00000000
   0.020    87    80     6     6     5    -1    -0.00000000
   0.020    87    81     6     4     4     1     0.00000000
   0.020    87    82     6     6     5     1     0.00000000
   0.020    87    83     6     6     6    -1    -0.00000000
   0.020    87    84     6     6     6     1     0.00000000
   0.020    87    85     7     7     0     1     0.00000000
   0.020    87    86     7     7     1    -1     0.00000000
   0.020    87    87     7     5     0     1    -0.00000000
   0.020    87    88     7     5     1    -1     0.00000000
   0.020    87    89     7     3     0     1    -0.00000000
   0.020    87    90     7     3     1    -1    -0.00000000
   0.020    87    91     7     1     0     1    -0.00000000
   0.020    87    92     7     1     1    -1     0.00000000
   0.020    87    93     7     7     1     1     0.00000000
   0.020    87    94     7     7     2    -1     0.00000000
   0.020    87    95     7     5     1     1     0.00000000
   0.020    87    96     7     5     2    -1     0.00000000
   0.020    87    97     7     3     1     1     0.00000000
   0.020    87    98     7     3     2    -1     0.00000000
   0.020    87    99     7     1     1     1     0.00000000
   0.020    87   100     7     7     2     1     0.00000000
   0.020    87   101     7     7     3    -1     0.00000000
   0.020    87   102     7     5     2     1     0.00000000
   0.020    87   103     7     5     3    -1    -0.00000000
   0.020    87   104     7     3     2     1    -0.00000000
   0.020    87   105     7     3     3    -1    -0.00000000
   0.020    87   106     7     7     3     1    -0.00000000
   0.020    87   107     7     7     4    -1     0.00000000
   0.020    87   108     7     5     3     1    -0.00000000
   0.020    87   109     7     5     4    -1    -0.00000000
   0.020    87   110     7     3     3     1     0.00000000
   0.020    87   111     7     7     4     1     0.00000000
   0.020    87   112     7     7     5    -1    -0.00000000
   0.020    87   113     7     5     4     1     0.00000000
   0.020    87   114     7     5     5    -1    -0.00000000
   0.020    87   115     7     7     5     1    -0.00000000
   0.020    87   116     7     7     6    -1     0.00000000
   0.020    87   117     7     5     5     1    -0.00000000
   0.020    87   118     7     7     6     1     0.00000000
   0.020    87   119     7     7     7    -1     0.00000000
   0.020    87   120     7     7     7     1     0.00000000
   0.020    88     1     0     0     0     1    -0.00000000
   0.020    88     2     1     1     0     1     0.00000000
   0.020    88     3     1     1     1    -1     0.00000000
   0.020    88     4     1     1     1     1     0.00000000
   0.020    88     5     2     2     0     1     0.00000000
   0.020    88     6     2     2     1    -1     0.00000000
   0.020    88     7     2     0     0     1     0.00000000
   0.020    88     8     2     2     1     1     0.00000000
   0.020    88     9     2     2     2    -1    -0.00000000
   0.020    88    10     2     2     2     1    -0.00000326
   0.020    88    11     3     3     0     1    -0.00000000
   0.020    88    12     3     3     1    -1     0.00000000
   0.020    88    13     3     1     0     1     0.00000000
   0.020    88    14     3     1     1    -1     0.00000000
   0.020    88    15     3     3     1     1    -0.00000000
   0.020    88    16     3     3     2    -1     0.00000000
   0.020    88    17     3     1     1     1    -0.00000000
   0.020    88    18     3     3     2     1    -0.00000000
   0.020    88    19     3     3     3    -1     0.00000000
   0.020    88    20     3     3     3     1     0.00000000
   0.020    88    21     4     4     0     1    -0.00000000
   0.020    88    22     4     4     1    -1     0.00000000
   0.020    88    23     4     2     0     1     0.00000000
   0.020    88    24     4     2     1    -1     0.00000000
   0.020    88    25     4     0     0     1    -0.00000000
   0.020    88    26     4     4     1     1     0.00000000
   0.020    88    27     4     4     2    -1    -0.00000000
   0.020    88    28     4     2     1     1    -0.00000000
   0.020    88    29     4     2     2    -1    -0.00000000
   0.020    88    30     4     4     2     1    -0.00053126
   0.020    88    31     4     4     3    -1    -0.00115838
   0.020    88    32     4     2     2     1    -0.00215050
   0.020    88    33     4     4     3     1     0.00000000
   0.020    88    34     4     4     4    -1     0.00000000
   0.020    88    35     4     4     4     1    -0.00000000
   0.020    88    36     5     5     0     1    -0.00000000
   0.020    88    37     5     5     1    -1     0.00000000
   0.020    88    38     5     3     0     1     0.00000000
   0.020    88    39     5     3     1    -1    -0.00000000
   0.020    88    40     5     1     0     1     0.00000000
   0.020    88    41     5     1     1    -1     0.00000000
   0.020    88    42     5     5     1     1     0.00000000
   0.020    88    43     5     5     2    -1    -0.00000000
   0.020    88    44     5     3     1     1    -0.00000000
   0.020    88    45     5     3     2    -1    -0.00000000
   0.020    88    46     5     1     1     1    -0.00000000
   0.020    88    47     5     5     2     1     0.00000000
   0.020    88    48     5     5     3    -1    -0.00000000
   0.020    88    49     5     3     2     1     0.00000000
   0.020    88    50     5     3     3    -1     0.00000000
   0.020    88    51     5     5     3     1    -0.00000000
   0.020    88    52     5     5     4    -1     0.00000000
   0.020    88    53     5     3     3     1    -0.00000000
   0.020    88    54     5     5     4     1     0.00000000
   0.020    88    55     5     5     5    -1    -0.00000000
   0.020    88    56     5     5     5     1    -0.00000000
   0.020    88    57     6     6     0     1    -0.00000000
   0.020    88    58     6     6     1    -1     0.00000000
   0.020    88    59     6     4     0     1     0.00000000
   0.020    88    60     6     4     1    -1    -0.00000000
   0.020    88    61     6     2     0     1     0.00000000
   0.020    88    62     6     2     1    -1    -0.00000000
   0.020    88    63     6     0     0     1     0.00000000
   0.020    88    64     6     6     1     1     0.00000000
   0.020    88    65     6     6     2    -1    -0.00000000
   0.020    88    66     6     4     1     1     0.00000000
   0.020    88    67     6     4     2    -1    -0.00000000
   0.020    88    68     6     2     1     1     0.00000000
   0.020    88    69     6     2     2    -1     0.00000000
   0.020    88    70     6     6     2     1     0.00000080
   0.020    88    71     6     6     3    -1     0.00001158
   0.020    88    72     6     4     2     1     0.45587230
   0.020    88    73     6     4     3    -1    -0.89003955
   0.020    88    74     6     2     2     1    -0.00194772
   0.020    88    75     6     6     3     1    -0.00000000
   0.020    88    76     6     6     4    -1    -0.00000000
   0.020    88    77     6     4     3     1    -0.00000000
   0.020    88    78     6     4     4    -1     0.00000000
   0.020    88    79     6     6     4     1     0.00000000
   0.020    88    80     6     6     5    -1    -0.00000000
   0.020    88    81     6     4     4     1    -0.00000000
   0.020    88    82     6     6     5     1     0.00000000
   0.020    88    83     6     6     6    -1     0.00000000
   0.020    88    84     6     6     6     1    -0.00000000
   0.020    88    85     7     7     0     1    -0.00000000
   0.020    88    86     7     7     1    -1    -0.00000000
   0.020    88    87     7     5     0     1     0.00000000
   0.020    88    88     7     5     1    -1    -0.00000000
   0.020    88    89     7     3     0     1     0.00000000
   0.020    88    90     7     3     1    -1    -0.00000000
   0.020    88    91     7     1     0     1     0.00000000
   0.020    88    92     7     1     1    -1    -0.00000000
   0.020    88    93     7     7     1     1     0.00000000
   0.020    88    94     7     7     2    -1     0.00000000
   0.020    88    95     7     5     1     1     0.00000000
   0.020    88    96     7     5     2    -1    -0.00000000
   0.020    88    97     7     3     1     1    -0.00000000
   0.020    88    98     7     3     2    -1    -0.00000000
   0.020    88    99     7     1     1     1     0.00000000
   0.020    88   100     7     7     2     1     0.00000000
   0.020    88   101     7     7     3    -1    -0.00000000
   0.020    88   102     7     5     2     1     0.00000000
   0.020    88   103     7     5     3    -1     0.00000000
   0.020    88   104     7     3     2     1     0.00000000
   0.020    88   105     7     3     3    -1    -0.00000000
   0.020    88   106     7     7     3     1     0.00000000
   0.020    88   107     7     7     4    -1    -0.00000000
   0.020    88   108     7     5     3     1     0.00000000
   0.020    88   109     7     5     4    -1     0.00000000
   0.020    88   110     7     3     3     1    -0.00000000
   0.020    88   111     7     7     4     1    -0.00000000
   0.020    88   112     7     7     5    -1     0.00000000
   0.020    88   113     7     5     4     1    -0.00000000
   0.020    88   114     7     5     5    -1     0.00000000
   0.020    88   115     7     7     5     1     0.00000000
   0.020    88   116     7     7     6    -1    -0.00000000
   0.020    88   117     7     5     5     1     0.00000000
   0.020    88   118     7     7     6     1     0.00000000
   0.020    88   119     7     7     7    -1     0.00000000
   0.020    88   120     7     7     7     1     0.00000000
   0.020    89     1     0     0     0     1     0.00000000
   0.020    89     2     1     1     0     1    -0.00000000
   0.020    89     3     1     1     1    -1    -0.00000000
   0.020    89     4     1     1     1     1     0.00000000
   0.020    89     5     2     2     0     1    -0.00000000
   0.020    89     6     2     2     1    -1     0.00000000
   0.020    89     7     2     0     0     1    -0.00000000
   0.020    89     8     2     2     1     1    -0.00000000
   0.020    89     9     2     2     2    -1     0.00000000
   0.020    89    10     2     2     2     1     0.00000000
   0.020    89    11     3     3     0     1    -0.00000000
   0.020    89    12     3     3     1    -1     0.00000000
   0.020    89    13     3     1     0     1     0.00000000
   0.020    89    14     3     1     1    -1    -0.00000000
   0.020    89    15     3     3     1     1    -0.00000000
   0.020    89    16     3     3     2    -1     0.00000000
   0.020    89    17     3     1     1     1    -0.00000000
   0.020    89    18     3     3     2     1     0.00000000
   0.020    89    19     3     3     3    -1     0.00000000
   0.020    89    20     3     3     3     1    -0.00000000
   0.020    89    21     4     4     0     1     0.00000000
   0.020    89    22     4     4     1    -1    -0.00000000
   0.020    89    23     4     2     0     1     0.00000000
   0.020    89    24     4     2     1    -1     0.00000000
   0.020    89    25     4     0     0     1    -0.00000000
   0.020    89    26     4     4     1     1    -0.00000000
   0.020    89    27     4     4     2    -1     0.00000000
   0.020    89    28     4     2     1     1    -0.00000000
   0.020    89    29     4     2     2    -1     0.00000000
   0.020    89    30     4     4     2     1    -0.00000000
   0.020    89    31     4     4     3    -1     0.00000000
   0.020    89    32     4     2     2     1    -0.00000000
   0.020    89    33     4     4     3     1    -0.00067857
   0.020    89    34     4     4     4    -1     0.00529089
   0.020    89    35     4     4     4     1     0.00000000
   0.020    89    36     5     5     0     1     0.00000000
   0.020    89    37     5     5     1    -1    -0.00000000
   0.020    89    38     5     3     0     1    -0.00000000
   0.020    89    39     5     3     1    -1     0.00000000
   0.020    89    40     5     1     0     1     0.00000000
   0.020    89    41     5     1     1    -1    -0.00000000
   0.020    89    42     5     5     1     1     0.00000000
   0.020    89    43     5     5     2    -1     0.00000000
   0.020    89    44     5     3     1     1    -0.00000000
   0.020    89    45     5     3     2    -1     0.00000000
   0.020    89    46     5     1     1     1    -0.00000000
   0.020    89    47     5     5     2     1     0.00000000
   0.020    89    48     5     5     3    -1    -0.00000000
   0.020    89    49     5     3     2     1     0.00000000
   0.020    89    50     5     3     3    -1     0.00000000
   0.020    89    51     5     5     3     1    -0.00000000
   0.020    89    52     5     5     4    -1     0.00000000
   0.020    89    53     5     3     3     1    -0.00000000
   0.020    89    54     5     5     4     1     0.00000000
   0.020    89    55     5     5     5    -1    -0.00000000
   0.020    89    56     5     5     5     1     0.00000000
   0.020    89    57     6     6     0     1    -0.00000000
   0.020    89    58     6     6     1    -1     0.00000000
   0.020    89    59     6     4     0     1     0.00000000
   0.020    89    60     6     4     1    -1    -0.00000000
   0.020    89    61     6     2     0     1     0.00000000
   0.020    89    62     6     2     1    -1    -0.00000000
   0.020    89    63     6     0     0     1    -0.00000000
   0.020    89    64     6     6     1     1    -0.00000000
   0.020    89    65     6     6     2    -1     0.00000000
   0.020    89    66     6     4     1     1     0.00000000
   0.020    89    67     6     4     2    -1    -0.00000000
   0.020    89    68     6     2     1     1     0.00000000
   0.020    89    69     6     2     2    -1     0.00000000
   0.020    89    70     6     6     2     1     0.00000000
   0.020    89    71     6     6     3    -1    -0.00000000
   0.020    89    72     6     4     2     1    -0.00000000
   0.020    89    73     6     4     3    -1     0.00000000
   0.020    89    74     6     2     2     1     0.00000000
   0.020    89    75     6     6     3     1     0.00001799
   0.020    89    76     6     6     4    -1    -0.00004598
   0.020    89    77     6     4     3     1    -0.31609868
   0.020    89    78     6     4     4    -1     0.94871132
   0.020    89    79     6     6     4     1    -0.00000000
   0.020    89    80     6     6     5    -1     0.00000000
   0.020    89    81     6     4     4     1    -0.00000000
   0.020    89    82     6     6     5     1    -0.00000000
   0.020    89    83     6     6     6    -1     0.00000000
   0.020    89    84     6     6     6     1     0.00000000
   0.020    89    85     7     7     0     1     0.00000000
   0.020    89    86     7     7     1    -1     0.00000000
   0.020    89    87     7     5     0     1    -0.00000000
   0.020    89    88     7     5     1    -1    -0.00000000
   0.020    89    89     7     3     0     1     0.00000000
   0.020    89    90     7     3     1    -1    -0.00000000
   0.020    89    91     7     1     0     1    -0.00000000
   0.020    89    92     7     1     1    -1    -0.00000000
   0.020    89    93     7     7     1     1    -0.00000000
   0.020    89    94     7     7     2    -1    -0.00000000
   0.020    89    95     7     5     1     1    -0.00000000
   0.020    89    96     7     5     2    -1     0.00000000
   0.020    89    97     7     3     1     1    -0.00000000
   0.020    89    98     7     3     2    -1    -0.00000000
   0.020    89    99     7     1     1     1     0.00000000
   0.020    89   100     7     7     2     1     0.00000000
   0.020    89   101     7     7     3    -1     0.00000000
   0.020    89   102     7     5     2     1     0.00000000
   0.020    89   103     7     5     3    -1    -0.00000000
   0.020    89   104     7     3     2     1    -0.00000000
   0.020    89   105     7     3     3    -1    -0.00000000
   0.020    89   106     7     7     3     1     0.00000000
   0.020    89   107     7     7     4    -1    -0.00000000
   0.020    89   108     7     5     3     1    -0.00000000
   0.020    89   109     7     5     4    -1    -0.00000000
   0.020    89   110     7     3     3     1    -0.00000000
   0.020    89   111     7     7     4     1    -0.00000000
   0.020    89   112     7     7     5    -1     0.00000000
   0.020    89   113     7     5     4     1    -0.00000000
   0.020    89   114     7     5     5    -1    -0.00000000
   0.020    89   115     7     7     5     1    -0.00000000
   0.020    89   116     7     7     6    -1     0.00000000
   0.020    89   117     7     5     5     1    -0.00000000
   0.020    89   118     7     7     6     1     0.00000000
   0.020    89   119     7     7     7    -1     0.00000000
   0.020    89   120     7     7     7     1     0.00000000
   0.020    90     1     0     0     0     1    -0.00000003
   0.020    90     2     1     1     0     1    -0.00000000
   0.020    90     3     1     1     1    -1     0.00000000
   0.020    90     4     1     1     1     1     0.00000000
   0.020    90     5     2     2     0     1     0.00002282
   0.020    90     6     2     2     1    -1    -0.00000700
   0.020    90     7     2     0     0     1     0.00001133
   0.020    90     8     2     2     1     1    -0.00000000
   0.020    90     9     2     2     2    -1    -0.00000000
   0.020    90    10     2     2     2     1    -0.00000000
   0.020    90    11     3     3     0     1    -0.00000000
   0.020    90    12     3     3     1    -1    -0.00000000
   0.020    90    13     3     1     0     1    -0.00000000
   0.020    90    14     3     1     1    -1    -0.00000000
   0.020    90    15     3     3     1     1    -0.00000000
   0.020    90    16     3     3     2    -1     0.00000000
   0.020    90    17     3     1     1     1    -0.00000000
   0.020    90    18     3     3     2     1    -0.00000000
   0.020    90    19     3     3     3    -1     0.00000000
   0.020    90    20     3     3     3     1     0.00000000
   0.020    90    21     4     4     0     1    -0.00200676
   0.020    90    22     4     4     1    -1     0.00235224
   0.020    90    23     4     2     0     1    -0.00331224
   0.020    90    24     4     2     1    -1     0.00235847
   0.020    90    25     4     0     0     1    -0.00612511
   0.020    90    26     4     4     1     1    -0.00000000
   0.020    90    27     4     4     2    -1     0.00000000
   0.020    90    28     4     2     1     1    -0.00000000
   0.020    90    29     4     2     2    -1    -0.00000000
   0.020    90    30     4     4     2     1    -0.00000000
   0.020    90    31     4     4     3    -1    -0.00000000
   0.020    90    32     4     2     2     1     0.00000000
   0.020    90    33     4     4     3     1    -0.00000000
   0.020    90    34     4     4     4    -1     0.00000000
   0.020    90    35     4     4     4     1    -0.00000000
   0.020    90    36     5     5     0     1     0.00000000
   0.020    90    37     5     5     1    -1    -0.00000000
   0.020    90    38     5     3     0     1    -0.00000000
   0.020    90    39     5     3     1    -1     0.00000000
   0.020    90    40     5     1     0     1    -0.00000000
   0.020    90    41     5     1     1    -1     0.00000000
   0.020    90    42     5     5     1     1     0.00000000
   0.020    90    43     5     5     2    -1    -0.00000000
   0.020    90    44     5     3     1     1    -0.00000000
   0.020    90    45     5     3     2    -1    -0.00000000
   0.020    90    46     5     1     1     1     0.00000000
   0.020    90    47     5     5     2     1     0.00000000
   0.020    90    48     5     5     3    -1    -0.00000000
   0.020    90    49     5     3     2     1     0.00000000
   0.020    90    50     5     3     3    -1     0.00000000
   0.020    90    51     5     5     3     1    -0.00000000
   0.020    90    52     5     5     4    -1     0.00000000
   0.020    90    53     5     3     3     1    -0.00000000
   0.020    90    54     5     5     4     1    -0.00000000
   0.020    90    55     5     5     5    -1    -0.00000000
   0.020    90    56     5     5     5     1     0.00000000
   0.020    90    57     6     6     0     1     0.00003005
   0.020    90    58     6     6     1    -1    -0.00003326
   0.020    90    59     6     4     0     1     0.00025762
   0.020    90    60     6     4     1    -1    -0.00025264
   0.020    90    61     6     2     0     1     0.61112430
   0.020    90    62     6     2     1    -1    -0.79142677
   0.020    90    63     6     0     0     1    -0.01034463
   0.020    90    64     6     6     1     1     0.00000000
   0.020    90    65     6     6     2    -1     0.00000000
   0.020    90    66     6     4     1     1     0.00000000
   0.020    90    67     6     4     2    -1     0.00000000
   0.020    90    68     6     2     1     1     0.00000000
   0.020    90    69     6     2     2    -1    -0.00000000
   0.020    90    70     6     6     2     1    -0.00000000
   0.020    90    71     6     6     3    -1     0.00000000
   0.020    90    72     6     4     2     1    -0.00000000
   0.020    90    73     6     4     3    -1     0.00000000
   0.020    90    74     6     2     2     1     0.00000000
   0.020    90    75     6     6     3     1    -0.00000000
   0.020    90    76     6     6     4    -1    -0.00000000
   0.020    90    77     6     4     3     1     0.00000000
   0.020    90    78     6     4     4    -1    -0.00000000
   0.020    90    79     6     6     4     1     0.00000000
   0.020    90    80     6     6     5    -1     0.00000000
   0.020    90    81     6     4     4     1     0.00000000
   0.020    90    82     6     6     5     1    -0.00000000
   0.020    90    83     6     6     6    -1    -0.00000000
   0.020    90    84     6     6     6     1     0.00000000
   0.020    90    85     7     7     0     1    -0.00000000
   0.020    90    86     7     7     1    -1     0.00000000
   0.020    90    87     7     5     0     1    -0.00000000
   0.020    90    88     7     5     1    -1    -0.00000000
   0.020    90    89     7     3     0     1     0.00000000
   0.020    90    90     7     3     1    -1     0.00000000
   0.020    90    91     7     1     0     1     0.00000000
   0.020    90    92     7     1     1    -1     0.00000000
   0.020    90    93     7     7     1     1     0.00000000
   0.020    90    94     7     7     2    -1     0.00000000
   0.020    90    95     7     5     1     1     0.00000000
   0.020    90    96     7     5     2    -1    -0.00000000
   0.020    90    97     7     3     1     1    -0.00000000
   0.020    90    98     7     3     2    -1    -0.00000000
   0.020    90    99     7     1     1     1    -0.00000000
   0.020    90   100     7     7     2     1     0.00000000
   0.020    90   101     7     7     3    -1     0.00000000
   0.020    90   102     7     5     2     1     0.00000000
   0.020    90   103     7     5     3    -1     0.00000000
   0.020    90   104     7     3     2     1    -0.00000000
   0.020    90   105     7     3     3    -1    -0.00000000
   0.020    90   106     7     7     3     1    -0.00000000
   0.020    90   107     7     7     4    -1    -0.00000000
   0.020    90   108     7     5     3     1    -0.00000000
   0.020    90   109     7     5     4    -1    -0.00000000
   0.020    90   110     7     3     3     1     0.00000000
   0.020    90   111     7     7     4     1     0.00000000
   0.020    90   112     7     7     5    -1     0.00000000
   0.020    90   113     7     5     4     1     0.00000000
   0.020    90   114     7     5     5    -1     0.00000000
   0.020    90   115     7     7     5     1    -0.00000000
   0.020    90   116     7     7     6    -1    -0.00000000
   0.020    90   117     7     5     5     1    -0.00000000
   0.020    90   118     7     7     6     1     0.00000000
   0.020    90   119     7     7     7    -1     0.00000000
   0.020    90   120     7     7     7     1     0.00000000
   0.020    91     1     0     0     0     1     0.00000001
   0.020    91     2     1     1     0     1    -0.00000000
   0.020    91     3     1     1     1    -1     0.00000000
   0.020    91     4     1     1     1     1    -0.00000000
   0.020    91     5     2     2     0     1    -0.00001234
   0.020    91     6     2     2     1    -1     0.00000081
   0.020    91     7     2     0     0     1    -0.00002334
   0.020    91     8     2     2     1     1     0.00000000
   0.020    91     9     2     2     2    -1    -0.00000000
   0.020    91    10     2     2     2     1    -0.00000000
   0.020    91    11     3     3     0     1     0.00000000
   0.020    91    12     3     3     1    -1    -0.00000000
   0.020    91    13     3     1     0     1     0.00000000
   0.020    91    14     3     1     1    -1     0.00000000
   0.020    91    15     3     3     1     1     0.00000000
   0.020    91    16     3     3     2    -1    -0.00000000
   0.020    91    17     3     1     1     1     0.00000000
   0.020    91    18     3     3     2     1     0.00000000
   0.020    91    19     3     3     3    -1    -0.00000000
   0.020    91    20     3     3     3     1    -0.00000000
   0.020    91    21     4     4     0     1     0.00002221
   0.020    91    22     4     4     1    -1    -0.00002445
   0.020    91    23     4     2     0     1     0.00683386
   0.020    91    24     4     2     1    -1    -0.00042232
   0.020    91    25     4     0     0     1     0.00006496
   0.020    91    26     4     4     1     1    -0.00000000
   0.020    91    27     4     4     2    -1    -0.00000000
   0.020    91    28     4     2     1     1     0.00000000
   0.020    91    29     4     2     2    -1     0.00000000
   0.020    91    30     4     4     2     1     0.00000000
   0.020    91    31     4     4     3    -1     0.00000000
   0.020    91    32     4     2     2     1    -0.00000000
   0.020    91    33     4     4     3     1     0.00000000
   0.020    91    34     4     4     4    -1     0.00000000
   0.020    91    35     4     4     4     1     0.00000000
   0.020    91    36     5     5     0     1    -0.00000000
   0.020    91    37     5     5     1    -1     0.00000000
   0.020    91    38     5     3     0     1    -0.00000000
   0.020    91    39     5     3     1    -1     0.00000000
   0.020    91    40     5     1     0     1     0.00000000
   0.020    91    41     5     1     1    -1    -0.00000000
   0.020    91    42     5     5     1     1     0.00000000
   0.020    91    43     5     5     2    -1    -0.00000000
   0.020    91    44     5     3     1     1     0.00000000
   0.020    91    45     5     3     2    -1     0.00000000
   0.020    91    46     5     1     1     1     0.00000000
   0.020    91    47     5     5     2     1    -0.00000000
   0.020    91    48     5     5     3    -1     0.00000000
   0.020    91    49     5     3     2     1    -0.00000000
   0.020    91    50     5     3     3    -1    -0.00000000
   0.020    91    51     5     5     3     1    -0.00000000
   0.020    91    52     5     5     4    -1    -0.00000000
   0.020    91    53     5     3     3     1     0.00000000
   0.020    91    54     5     5     4     1     0.00000000
   0.020    91    55     5     5     5    -1     0.00000000
   0.020    91    56     5     5     5     1    -0.00000000
   0.020    91    57     6     6     0     1    -0.00000032
   0.020    91    58     6     6     1    -1     0.00000035
   0.020    91    59     6     4     0     1    -0.00028965
   0.020    91    60     6     4     1    -1     0.00016722
   0.020    91    61     6     2     0     1    -0.00649205
   0.020    91    62     6     2     1    -1     0.00802617
   0.020    91    63     6     0     0     1    -0.99992321
   0.020    91    64     6     6     1     1     0.00000000
   0.020    91    65     6     6     2    -1    -0.00000000
   0.020    91    66     6     4     1     1    -0.00000000
   0.020    91    67     6     4     2    -1     0.00000000
   0.020    91    68     6     2     1     1    -0.00000000
   0.020    91    69     6     2     2    -1     0.00000000
   0.020    91    70     6     6     2     1    -0.00000000
   0.020    91    71     6     6     3    -1     0.00000000
   0.020    91    72     6     4     2     1    -0.00000000
   0.020    91    73     6     4     3    -1    -0.00000000
   0.020    91    74     6     2     2     1     0.00000000
   0.020    91    75     6     6     3     1     0.00000000
   0.020    91    76     6     6     4    -1    -0.00000000
   0.020    91    77     6     4     3     1     0.00000000
   0.020    91    78     6     4     4    -1    -0.00000000
   0.020    91    79     6     6     4     1    -0.00000000
   0.020    91    80     6     6     5    -1    -0.00000000
   0.020    91    81     6     4     4     1     0.00000000
   0.020    91    82     6     6     5     1     0.00000000
   0.020    91    83     6     6     6    -1     0.00000000
   0.020    91    84     6     6     6     1    -0.00000000
   0.020    91    85     7     7     0     1     0.00000000
   0.020    91    86     7     7     1    -1     0.00000000
   0.020    91    87     7     5     0     1    -0.00000000
   0.020    91    88     7     5     1    -1     0.00000000
   0.020    91    89     7     3     0     1    -0.00000000
   0.020    91    90     7     3     1    -1    -0.00000000
   0.020    91    91     7     1     0     1     0.00000000
   0.020    91    92     7     1     1    -1     0.00000000
   0.020    91    93     7     7     1     1     0.00000000
   0.020    91    94     7     7     2    -1     0.00000000
   0.020    91    95     7     5     1     1    -0.00000000
   0.020    91    96     7     5     2    -1     0.00000000
   0.020    91    97     7     3     1     1     0.00000000
   0.020    91    98     7     3     2    -1     0.00000000
   0.020    91    99     7     1     1     1     0.00000000
   0.020    91   100     7     7     2     1    -0.00000000
   0.020    91   101     7     7     3    -1    -0.00000000
   0.020    91   102     7     5     2     1    -0.00000000
   0.020    91   103     7     5     3    -1    -0.00000000
   0.020    91   104     7     3     2     1     0.00000000
   0.020    91   105     7     3     3    -1     0.00000000
   0.020    91   106     7     7     3     1     0.00000000
   0.020    91   107     7     7     4    -1     0.00000000
   0.020    91   108     7     5     3     1     0.00000000
   0.020    91   109     7     5     4    -1     0.00000000
   0.020    91   110     7     3     3     1    -0.00000000
   0.020    91   111     7     7     4     1    -0.00000000
   0.020    91   112     7     7     5    -1    -0.00000000
   0.020    91   113     7     5     4     1    -0.00000000
   0.020    91   114     7     5     5    -1    -0.00000000
   0.020    91   115     7     7     5     1     0.00000000
   0.020    91   116     7     7     6    -1     0.00000000
   0.020    91   117     7     5     5     1     0.00000000
   0.020    91   118     7     7     6     1     0.00000000
   0.020    91   119     7     7     7    -1     0.00000000
   0.020    91   120     7     7     7     1     0.00000000
   0.020    92     1     0     0     0     1     0.00000000
   0.020    92     2     1     1     0     1    -0.00000000
   0.020    92     3     1     1     1    -1    -0.00000000
   0.020    92     4     1     1     1     1     0.00000000
   0.020    92     5     2     2     0     1    -0.00000000
   0.020    92     6     2     2     1    -1     0.00000000
   0.020    92     7     2     0     0     1    -0.00000000
   0.020    92     8     2     2     1     1     0.00000296
   0.020    92     9     2     2     2    -1    -0.00001172
   0.020    92    10     2     2     2     1    -0.00000000
   0.020    92    11     3     3     0     1    -0.00000000
   0.020    92    12     3     3     1    -1     0.00000000
   0.020    92    13     3     1     0     1     0.00000000
   0.020    92    14     3     1     1    -1    -0.00000000
   0.020    92    15     3     3     1     1    -0.00000000
   0.020    92    16     3     3     2    -1     0.00000000
   0.020    92    17     3     1     1     1     0.00000000
   0.020    92    18     3     3     2     1    -0.00000000
   0.020    92    19     3     3     3    -1    -0.00000000
   0.020    92    20     3     3     3     1    -0.00000000
   0.020    92    21     4     4     0     1     0.00000000
   0.020    92    22     4     4     1    -1    -0.00000000
   0.020    92    23     4     2     0     1     0.00000000
   0.020    92    24     4     2     1    -1    -0.00000000
   0.020    92    25     4     0     0     1     0.00000000
   0.020    92    26     4     4     1     1    -0.00116849
   0.020    92    27     4     4     2    -1     0.00189726
   0.020    92    28     4     2     1     1    -0.00077289
   0.020    92    29     4     2     2    -1    -0.00509295
   0.020    92    30     4     4     2     1     0.00000000
   0.020    92    31     4     4     3    -1    -0.00000000
   0.020    92    32     4     2     2     1     0.00000000
   0.020    92    33     4     4     3     1    -0.00000000
   0.020    92    34     4     4     4    -1    -0.00000000
   0.020    92    35     4     4     4     1     0.00000000
   0.020    92    36     5     5     0     1     0.00000000
   0.020    92    37     5     5     1    -1    -0.00000000
   0.020    92    38     5     3     0     1     0.00000000
   0.020    92    39     5     3     1    -1    -0.00000000
   0.020    92    40     5     1     0     1     0.00000000
   0.020    92    41     5     1     1    -1    -0.00000000
   0.020    92    42     5     5     1     1    -0.00000000
   0.020    92    43     5     5     2    -1     0.00000000
   0.020    92    44     5     3     1     1     0.00000000
   0.020    92    45     5     3     2    -1    -0.00000000
   0.020    92    46     5     1     1     1     0.00000000
   0.020    92    47     5     5     2     1     0.00000000
   0.020    92    48     5     5     3    -1     0.00000000
   0.020    92    49     5     3     2     1    -0.00000000
   0.020    92    50     5     3     3    -1     0.00000000
   0.020    92    51     5     5     3     1    -0.00000000
   0.020    92    52     5     5     4    -1    -0.00000000
   0.020    92    53     5     3     3     1     0.00000000
   0.020    92    54     5     5     4     1     0.00000000
   0.020    92    55     5     5     5    -1    -0.00000000
   0.020    92    56     5     5     5     1    -0.00000000
   0.020    92    57     6     6     0     1    -0.00000000
   0.020    92    58     6     6     1    -1     0.00000000
   0.020    92    59     6     4     0     1    -0.00000000
   0.020    92    60     6     4     1    -1     0.00000000
   0.020    92    61     6     2     0     1    -0.00000000
   0.020    92    62     6     2     1    -1     0.00000000
   0.020    92    63     6     0     0     1    -0.00000000
   0.020    92    64     6     6     1     1     0.00001643
   0.020    92    65     6     6     2    -1    -0.00002235
   0.020    92    66     6     4     1     1    -0.00000921
   0.020    92    67     6     4     2    -1     0.00011110
   0.020    92    68     6     2     1     1     0.39100944
   0.020    92    69     6     2     2    -1    -0.92036955
   0.020    92    70     6     6     2     1    -0.00000000
   0.020    92    71     6     6     3    -1    -0.00000000
   0.020    92    72     6     4     2     1    -0.00000000
   0.020    92    73     6     4     3    -1     0.00000000
   0.020    92    74     6     2     2     1     0.00000000
   0.020    92    75     6     6     3     1     0.00000000
   0.020    92    76     6     6     4    -1     0.00000000
   0.020    92    77     6     4     3     1    -0.00000000
   0.020    92    78     6     4     4    -1    -0.00000000
   0.020    92    79     6     6     4     1     0.00000000
   0.020    92    80     6     6     5    -1     0.00000000
   0.020    92    81     6     4     4     1     0.00000000
   0.020    92    82     6     6     5     1     0.00000000
   0.020    92    83     6     6     6    -1    -0.00000000
   0.020    92    84     6     6     6     1    -0.00000000
   0.020    92    85     7     7     0     1     0.00000000
   0.020    92    86     7     7     1    -1     0.00000000
   0.020    92    87     7     5     0     1     0.00000000
   0.020    92    88     7     5     1    -1     0.00000000
   0.020    92    89     7     3     0     1    -0.00000000
   0.020    92    90     7     3     1    -1    -0.00000000
   0.020    92    91     7     1     0     1     0.00000000
   0.020    92    92     7     1     1    -1     0.00000000
   0.020    92    93     7     7     1     1     0.00000000
   0.020    92    94     7     7     2    -1    -0.00000000
   0.020    92    95     7     5     1     1    -0.00000000
   0.020    92    96     7     5     2    -1     0.00000000
   0.020    92    97     7     3     1     1     0.00000000
   0.020    92    98     7     3     2    -1     0.00000000
   0.020    92    99     7     1     1     1    -0.00000000
   0.020    92   100     7     7     2     1    -0.00000000
   0.020    92   101     7     7     3    -1    -0.00000000
   0.020    92   102     7     5     2     1     0.00000000
   0.020    92   103     7     5     3    -1     0.00000000
   0.020    92   104     7     3     2     1     0.00000000
   0.020    92   105     7     3     3    -1     0.00000000
   0.020    92   106     7     7     3     1     0.00000000
   0.020    92   107     7     7     4    -1     0.00000000
   0.020    92   108     7     5     3     1     0.00000000
   0.020    92   109     7     5     4    -1     0.00000000
   0.020    92   110     7     3     3     1    -0.00000000
   0.020    92   111     7     7     4     1    -0.00000000
   0.020    92   112     7     7     5    -1    -0.00000000
   0.020    92   113     7     5     4     1    -0.00000000
   0.020    92   114     7     5     5    -1    -0.00000000
   0.020    92   115     7     7     5     1     0.00000000
   0.020    92   116     7     7     6    -1     0.00000000
   0.020    92   117     7     5     5     1     0.00000000
   0.020    92   118     7     7     6     1     0.00000000
   0.020    92   119     7     7     7    -1     0.00000000
   0.020    92   120     7     7     7     1     0.00000000
   0.020    93     1     0     0     0     1     0.00000000
   0.020    93     2     1     1     0     1     0.00000008
   0.020    93     3     1     1     1    -1    -0.00000000
   0.020    93     4     1     1     1     1    -0.00000000
   0.020    93     5     2     2     0     1    -0.00000000
   0.020    93     6     2     2     1    -1    -0.00000000
   0.020    93     7     2     0     0     1    -0.00000000
   0.020    93     8     2     2     1     1     0.00000000
   0.020    93     9     2     2     2    -1    -0.00000000
   0.020    93    10     2     2     2     1     0.00000000
   0.020    93    11     3     3     0     1    -0.00002396
   0.020    93    12     3     3     1    -1    -0.00001586
   0.020    93    13     3     1     0     1    -0.00003145
   0.020    93    14     3     1     1    -1    -0.00002248
   0.020    93    15     3     3     1     1     0.00000000
   0.020    93    16     3     3     2    -1     0.00000000
   0.020    93    17     3     1     1     1    -0.00000000
   0.020    93    18     3     3     2     1     0.00000000
   0.020    93    19     3     3     3    -1    -0.00000000
   0.020    93    20     3     3     3     1    -0.00000000
   0.020    93    21     4     4     0     1     0.00000000
   0.020    93    22     4     4     1    -1     0.00000000
   0.020    93    23     4     2     0     1     0.00000000
   0.020    93    24     4     2     1    -1    -0.00000000
   0.020    93    25     4     0     0     1     0.00000000
   0.020    93    26     4     4     1     1    -0.00000000
   0.020    93    27     4     4     2    -1    -0.00000000
   0.020    93    28     4     2     1     1    -0.00000000
   0.020    93    29     4     2     2    -1     0.00000000
   0.020    93    30     4     4     2     1     0.00000000
   0.020    93    31     4     4     3    -1    -0.00000000
   0.020    93    32     4     2     2     1     0.00000000
   0.020    93    33     4     4     3     1    -0.00000000
   0.020    93    34     4     4     4    -1     0.00000000
   0.020    93    35     4     4     4     1    -0.00000000
   0.020    93    36     5     5     0     1     0.00316987
   0.020    93    37     5     5     1    -1     0.00249199
   0.020    93    38     5     3     0     1     0.00747616
   0.020    93    39     5     3     1    -1     0.00646267
   0.020    93    40     5     1     0     1    -0.00000523
   0.020    93    41     5     1     1    -1    -0.00000144
   0.020    93    42     5     5     1     1     0.00000000
   0.020    93    43     5     5     2    -1    -0.00000000
   0.020    93    44     5     3     1     1     0.00000000
   0.020    93    45     5     3     2    -1    -0.00000000
   0.020    93    46     5     1     1     1    -0.00000000
   0.020    93    47     5     5     2     1    -0.00000000
   0.020    93    48     5     5     3    -1     0.00000000
   0.020    93    49     5     3     2     1     0.00000000
   0.020    93    50     5     3     3    -1    -0.00000000
   0.020    93    51     5     5     3     1    -0.00000000
   0.020    93    52     5     5     4    -1     0.00000000
   0.020    93    53     5     3     3     1    -0.00000000
   0.020    93    54     5     5     4     1    -0.00000000
   0.020    93    55     5     5     5    -1     0.00000000
   0.020    93    56     5     5     5     1    -0.00000000
   0.020    93    57     6     6     0     1     0.00000000
   0.020    93    58     6     6     1    -1    -0.00000000
   0.020    93    59     6     4     0     1     0.00000000
   0.020    93    60     6     4     1    -1     0.00000000
   0.020    93    61     6     2     0     1    -0.00000000
   0.020    93    62     6     2     1    -1     0.00000000
   0.020    93    63     6     0     0     1     0.00000000
   0.020    93    64     6     6     1     1     0.00000000
   0.020    93    65     6     6     2    -1     0.00000000
   0.020    93    66     6     4     1     1     0.00000000
   0.020    93    67     6     4     2    -1    -0.00000000
   0.020    93    68     6     2     1     1     0.00000000
   0.020    93    69     6     2     2    -1    -0.00000000
   0.020    93    70     6     6     2     1     0.00000000
   0.020    93    71     6     6     3    -1    -0.00000000
   0.020    93    72     6     4     2     1     0.00000000
   0.020    93    73     6     4     3    -1     0.00000000
   0.020    93    74     6     2     2     1     0.00000000
   0.020    93    75     6     6     3     1    -0.00000000
   0.020    93    76     6     6     4    -1     0.00000000
   0.020    93    77     6     4     3     1    -0.00000000
   0.020    93    78     6     4     4    -1    -0.00000000
   0.020    93    79     6     6     4     1    -0.00000000
   0.020    93    80     6     6     5    -1     0.00000000
   0.020    93    81     6     4     4     1    -0.00000000
   0.020    93    82     6     6     5     1     0.00000000
   0.020    93    83     6     6     6    -1    -0.00000000
   0.020    93    84     6     6     6     1     0.00000000
   0.020    93    85     7     7     0     1    -0.00002588
   0.020    93    86     7     7     1    -1    -0.00006377
   0.020    93    87     7     5     0     1    -0.74026261
   0.020    93    88     7     5     1    -1    -0.67223302
   0.020    93    89     7     3     0     1     0.00023134
   0.020    93    90     7     3     1    -1     0.00017166
   0.020    93    91     7     1     0     1     0.00012846
   0.020    93    92     7     1     1    -1     0.00008436
   0.020    93    93     7     7     1     1    -0.00000000
   0.020    93    94     7     7     2    -1     0.00000000
   0.020    93    95     7     5     1     1    -0.00000000
   0.020    93    96     7     5     2    -1    -0.00000000
   0.020    93    97     7     3     1     1    -0.00000000
   0.020    93    98     7     3     2    -1     0.00000000
   0.020    93    99     7     1     1     1    -0.00000000
   0.020    93   100     7     7     2     1     0.00000000
   0.020    93   101     7     7     3    -1    -0.00000000
   0.020    93   102     7     5     2     1    -0.00000000
   0.020    93   103     7     5     3    -1    -0.00000000
   0.020    93   104     7     3     2     1     0.00000000
   0.020    93   105     7     3     3    -1     0.00000000
   0.020    93   106     7     7     3     1    -0.00000000
   0.020    93   107     7     7     4    -1    -0.00000000
   0.020    93   108     7     5     3     1    -0.00000000
   0.020    93   109     7     5     4    -1    -0.00000000
   0.020    93   110     7     3     3     1     0.00000000
   0.020    93   111     7     7     4     1    -0.00000000
   0.020    93   112     7     7     5    -1     0.00000000
   0.020    93   113     7     5     4     1     0.00000000
   0.020    93   114     7     5     5    -1    -0.00000000
   0.020    93   115     7     7     5     1     0.00000000
   0.020    93   116     7     7     6    -1     0.00000000
   0.020    93   117     7     5     5     1     0.00000000
   0.020    93   118     7     7     6     1     0.00000000
   0.020    93   119     7     7     7    -1     0.00000000
   0.020    93   120     7     7     7     1     0.00000000
   0.020    94     1     0     0     0     1    -0.00000000
   0.020    94     2     1     1     0     1    -0.00000000
   0.020    94     3     1     1     1    -1     0.00000000
   0.020    94     4     1     1     1     1    -0.00000000
   0.020    94     5     2     2     0     1     0.00000000
   0.020    94     6     2     2     1    -1     0.00000000
   0.020    94     7     2     0     0     1     0.00000000
   0.020    94     8     2     2     1     1     0.00000000
   0.020    94     9     2     2     2    -1     0.00000000
   0.020    94    10     2     2     2     1     0.00000000
   0.020    94    11     3     3     0     1     0.00000000
   0.020    94    12     3     3     1    -1    -0.00000000
   0.020    94    13     3     1     0     1    -0.00000000
   0.020    94    14     3     1     1    -1     0.00000000
   0.020    94    15     3     3     1     1     0.00002015
   0.020    94    16     3     3     2    -1     0.00000176
   0.020    94    17     3     1     1     1     0.00002671
   0.020    94    18     3     3     2     1    -0.00000000
   0.020    94    19     3     3     3    -1    -0.00000000
   0.020    94    20     3     3     3     1     0.00000000
   0.020    94    21     4     4     0     1     0.00000000
   0.020    94    22     4     4     1    -1     0.00000000
   0.020    94    23     4     2     0     1     0.00000000
   0.020    94    24     4     2     1    -1     0.00000000
   0.020    94    25     4     0     0     1    -0.00000000
   0.020    94    26     4     4     1     1     0.00000000
   0.020    94    27     4     4     2    -1     0.00000000
   0.020    94    28     4     2     1     1    -0.00000000
   0.020    94    29     4     2     2    -1    -0.00000000
   0.020    94    30     4     4     2     1    -0.00000000
   0.020    94    31     4     4     3    -1    -0.00000000
   0.020    94    32     4     2     2     1     0.00000000
   0.020    94    33     4     4     3     1    -0.00000000
   0.020    94    34     4     4     4    -1     0.00000000
   0.020    94    35     4     4     4     1    -0.00000000
   0.020    94    36     5     5     0     1    -0.00000000
   0.020    94    37     5     5     1    -1    -0.00000000
   0.020    94    38     5     3     0     1     0.00000000
   0.020    94    39     5     3     1    -1     0.00000000
   0.020    94    40     5     1     0     1     0.00000000
   0.020    94    41     5     1     1    -1     0.00000000
   0.020    94    42     5     5     1     1    -0.00317245
   0.020    94    43     5     5     2    -1    -0.00133079
   0.020    94    44     5     3     1     1    -0.00769386
   0.020    94    45     5     3     2    -1    -0.00483855
   0.020    94    46     5     1     1     1     0.00000152
   0.020    94    47     5     5     2     1     0.00000000
   0.020    94    48     5     5     3    -1    -0.00000000
   0.020    94    49     5     3     2     1    -0.00000000
   0.020    94    50     5     3     3    -1    -0.00000000
   0.020    94    51     5     5     3     1    -0.00000000
   0.020    94    52     5     5     4    -1     0.00000000
   0.020    94    53     5     3     3     1     0.00000000
   0.020    94    54     5     5     4     1    -0.00000000
   0.020    94    55     5     5     5    -1     0.00000000
   0.020    94    56     5     5     5     1    -0.00000000
   0.020    94    57     6     6     0     1    -0.00000000
   0.020    94    58     6     6     1    -1     0.00000000
   0.020    94    59     6     4     0     1     0.00000000
   0.020    94    60     6     4     1    -1     0.00000000
   0.020    94    61     6     2     0     1     0.00000000
   0.020    94    62     6     2     1    -1     0.00000000
   0.020    94    63     6     0     0     1     0.00000000
   0.020    94    64     6     6     1     1     0.00000000
   0.020    94    65     6     6     2    -1     0.00000000
   0.020    94    66     6     4     1     1     0.00000000
   0.020    94    67     6     4     2    -1     0.00000000
   0.020    94    68     6     2     1     1    -0.00000000
   0.020    94    69     6     2     2    -1     0.00000000
   0.020    94    70     6     6     2     1    -0.00000000
   0.020    94    71     6     6     3    -1     0.00000000
   0.020    94    72     6     4     2     1     0.00000000
   0.020    94    73     6     4     3    -1     0.00000000
   0.020    94    74     6     2     2     1    -0.00000000
   0.020    94    75     6     6     3     1     0.00000000
   0.020    94    76     6     6     4    -1    -0.00000000
   0.020    94    77     6     4     3     1     0.00000000
   0.020    94    78     6     4     4    -1     0.00000000
   0.020    94    79     6     6     4     1    -0.00000000
   0.020    94    80     6     6     5    -1     0.00000000
   0.020    94    81     6     4     4     1    -0.00000000
   0.020    94    82     6     6     5     1     0.00000000
   0.020    94    83     6     6     6    -1     0.00000000
   0.020    94    84     6     6     6     1    -0.00000000
   0.020    94    85     7     7     0     1     0.00000000
   0.020    94    86     7     7     1    -1    -0.00000000
   0.020    94    87     7     5     0     1    -0.00000000
   0.020    94    88     7     5     1    -1    -0.00000000
   0.020    94    89     7     3     0     1    -0.00000000
   0.020    94    90     7     3     1    -1    -0.00000000
   0.020    94    91     7     1     0     1     0.00000000
   0.020    94    92     7     1     1    -1    -0.00000000
   0.020    94    93     7     7     1     1    -0.00001019
   0.020    94    94     7     7     2    -1     0.00009107
   0.020    94    95     7     5     1     1     0.80220915
   0.020    94    96     7     5     2    -1     0.59696398
   0.020    94    97     7     3     1     1    -0.00017338
   0.020    94    98     7     3     2    -1    -0.00004773
   0.020    94    99     7     1     1     1    -0.00010006
   0.020    94   100     7     7     2     1    -0.00000000
   0.020    94   101     7     7     3    -1     0.00000000
   0.020    94   102     7     5     2     1     0.00000000
   0.020    94   103     7     5     3    -1     0.00000000
   0.020    94   104     7     3     2     1     0.00000000
   0.020    94   105     7     3     3    -1     0.00000000
   0.020    94   106     7     7     3     1    -0.00000000
   0.020    94   107     7     7     4    -1    -0.00000000
   0.020    94   108     7     5     3     1     0.00000000
   0.020    94   109     7     5     4    -1    -0.00000000
   0.020    94   110     7     3     3     1    -0.00000000
   0.020    94   111     7     7     4     1     0.00000000
   0.020    94   112     7     7     5    -1     0.00000000
   0.020    94   113     7     5     4     1     0.00000000
   0.020    94   114     7     5     5    -1    -0.00000000
   0.020    94   115     7     7     5     1     0.00000000
   0.020    94   116     7     7     6    -1     0.00000000
   0.020    94   117     7     5     5     1     0.00000000
   0.020    94   118     7     7     6     1     0.00000000
   0.020    94   119     7     7     7    -1     0.00000000
   0.020    94   120     7     7     7     1     0.00000000
   0.020    95     1     0     0     0     1    -0.00000000
   0.020    95     2     1     1     0     1    -0.00000000
   0.020    95     3     1     1     1    -1    -0.00000000
   0.020    95     4     1     1     1     1    -0.00000000
   0.020    95     5     2     2     0     1    -0.00000000
   0.020    95     6     2     2     1    -1    -0.00000000
   0.020    95     7     2     0     0     1     0.00000000
   0.020    95     8     2     2     1     1     0.00000000
   0.020    95     9     2     2     2    -1    -0.00000000
   0.020    95    10     2     2     2     1     0.00000000
   0.020    95    11     3     3     0     1    -0.00000000
   0.020    95    12     3     3     1    -1     0.00000000
   0.020    95    13     3     1     0     1     0.00000000
   0.020    95    14     3     1     1    -1    -0.00000000
   0.020    95    15     3     3     1     1     0.00000000
   0.020    95    16     3     3     2    -1    -0.00000000
   0.020    95    17     3     1     1     1    -0.00000000
   0.020    95    18     3     3     2     1     0.00000484
   0.020    95    19     3     3     3    -1    -0.00000860
   0.020    95    20     3     3     3     1     0.00000000
   0.020    95    21     4     4     0     1    -0.00000000
   0.020    95    22     4     4     1    -1    -0.00000000
   0.020    95    23     4     2     0     1     0.00000000
   0.020    95    24     4     2     1    -1    -0.00000000
   0.020    95    25     4     0     0     1    -0.00000000
   0.020    95    26     4     4     1     1     0.00000000
   0.020    95    27     4     4     2    -1    -0.00000000
   0.020    95    28     4     2     1     1     0.00000000
   0.020    95    29     4     2     2    -1     0.00000000
   0.020    95    30     4     4     2     1    -0.00000000
   0.020    95    31     4     4     3    -1    -0.00000000
   0.020    95    32     4     2     2     1     0.00000000
   0.020    95    33     4     4     3     1     0.00000000
   0.020    95    34     4     4     4    -1     0.00000000
   0.020    95    35     4     4     4     1     0.00000000
   0.020    95    36     5     5     0     1    -0.00000000
   0.020    95    37     5     5     1    -1     0.00000000
   0.020    95    38     5     3     0     1    -0.00000000
   0.020    95    39     5     3     1    -1     0.00000000
   0.020    95    40     5     1     0     1    -0.00000000
   0.020    95    41     5     1     1    -1    -0.00000000
   0.020    95    42     5     5     1     1     0.00000000
   0.020    95    43     5     5     2    -1     0.00000000
   0.020    95    44     5     3     1     1     0.00000000
   0.020    95    45     5     3     2    -1     0.00000000
   0.020    95    46     5     1     1     1     0.00000000
   0.020    95    47     5     5     2     1    -0.00234245
   0.020    95    48     5     5     3    -1     0.00007594
   0.020    95    49     5     3     2     1    -0.00692692
   0.020    95    50     5     3     3    -1    -0.00280034
   0.020    95    51     5     5     3     1    -0.00000000
   0.020    95    52     5     5     4    -1    -0.00000000
   0.020    95    53     5     3     3     1    -0.00000000
   0.020    95    54     5     5     4     1     0.00000000
   0.020    95    55     5     5     5    -1    -0.00000000
   0.020    95    56     5     5     5     1    -0.00000000
   0.020    95    57     6     6     0     1    -0.00000000
   0.020    95    58     6     6     1    -1    -0.00000000
   0.020    95    59     6     4     0     1    -0.00000000
   0.020    95    60     6     4     1    -1    -0.00000000
   0.020    95    61     6     2     0     1     0.00000000
   0.020    95    62     6     2     1    -1    -0.00000000
   0.020    95    63     6     0     0     1     0.00000000
   0.020    95    64     6     6     1     1     0.00000000
   0.020    95    65     6     6     2    -1    -0.00000000
   0.020    95    66     6     4     1     1     0.00000000
   0.020    95    67     6     4     2    -1     0.00000000
   0.020    95    68     6     2     1     1     0.00000000
   0.020    95    69     6     2     2    -1    -0.00000000
   0.020    95    70     6     6     2     1    -0.00000000
   0.020    95    71     6     6     3    -1    -0.00000000
   0.020    95    72     6     4     2     1    -0.00000000
   0.020    95    73     6     4     3    -1     0.00000000
   0.020    95    74     6     2     2     1    -0.00000000
   0.020    95    75     6     6     3     1     0.00000000
   0.020    95    76     6     6     4    -1     0.00000000
   0.020    95    77     6     4     3     1    -0.00000000
   0.020    95    78     6     4     4    -1    -0.00000000
   0.020    95    79     6     6     4     1     0.00000000
   0.020    95    80     6     6     5    -1     0.00000000
   0.020    95    81     6     4     4     1     0.00000000
   0.020    95    82     6     6     5     1     0.00000000
   0.020    95    83     6     6     6    -1    -0.00000000
   0.020    95    84     6     6     6     1    -0.00000000
   0.020    95    85     7     7     0     1    -0.00000000
   0.020    95    86     7     7     1    -1     0.00000000
   0.020    95    87     7     5     0     1     0.00000000
   0.020    95    88     7     5     1    -1    -0.00000000
   0.020    95    89     7     3     0     1     0.00000000
   0.020    95    90     7     3     1    -1     0.00000000
   0.020    95    91     7     1     0     1    -0.00000000
   0.020    95    92     7     1     1    -1    -0.00000000
   0.020    95    93     7     7     1     1    -0.00000000
   0.020    95    94     7     7     2    -1     0.00000000
   0.020    95    95     7     5     1     1    -0.00000000
   0.020    95    96     7     5     2    -1    -0.00000000
   0.020    95    97     7     3     1     1    -0.00000000
   0.020    95    98     7     3     2    -1    -0.00000000
   0.020    95    99     7     1     1     1     0.00000000
   0.020    95   100     7     7     2     1    -0.00003429
   0.020    95   101     7     7     3    -1     0.00009508
   0.020    95   102     7     5     2     1     0.85876085
   0.020    95   103     7     5     3    -1     0.51231677
   0.020    95   104     7     3     2     1    -0.00001395
   0.020    95   105     7     3     3    -1     0.00004913
   0.020    95   106     7     7     3     1     0.00000000
   0.020    95   107     7     7     4    -1    -0.00000000
   0.020    95   108     7     5     3     1     0.00000000
   0.020    95   109     7     5     4    -1     0.00000000
   0.020    95   110     7     3     3     1    -0.00000000
   0.020    95   111     7     7     4     1     0.00000000
   0.020    95   112     7     7     5    -1     0.00000000
   0.020    95   113     7     5     4     1    -0.00000000
   0.020    95   114     7     5     5    -1     0.00000000
   0.020    95   115     7     7     5     1     0.00000000
   0.020    95   116     7     7     6    -1     0.00000000
   0.020    95   117     7     5     5     1     0.00000000
   0.020    95   118     7     7     6     1     0.00000000
   0.020    95   119     7     7     7    -1     0.00000000
   0.020    95   120     7     7     7     1     0.00000000
   0.020    96     1     0     0     0     1    -0.00000000
   0.020    96     2     1     1     0     1     0.00000000
   0.020    96     3     1     1     1    -1    -0.00000000
   0.020    96     4     1     1     1     1    -0.00000000
   0.020    96     5     2     2     0     1    -0.00000000
   0.020    96     6     2     2     1    -1     0.00000000
   0.020    96     7     2     0     0     1     0.00000000
   0.020    96     8     2     2     1     1     0.00000000
   0.020    96     9     2     2     2    -1    -0.00000000
   0.020    96    10     2     2     2     1    -0.00000000
   0.020    96    11     3     3     0     1    -0.00000000
   0.020    96    12     3     3     1    -1    -0.00000000
   0.020    96    13     3     1     0     1    -0.00000000
   0.020    96    14     3     1     1    -1    -0.00000000
   0.020    96    15     3     3     1     1    -0.00000000
   0.020    96    16     3     3     2    -1     0.00000000
   0.020    96    17     3     1     1     1     0.00000000
   0.020    96    18     3     3     2     1    -0.00000000
   0.020    96    19     3     3     3    -1     0.00000000
   0.020    96    20     3     3     3     1    -0.00001264
   0.020    96    21     4     4     0     1    -0.00000000
   0.020    96    22     4     4     1    -1     0.00000000
   0.020    96    23     4     2     0     1    -0.00000000
   0.020    96    24     4     2     1    -1     0.00000000
   0.020    96    25     4     0     0     1    -0.00000000
   0.020    96    26     4     4     1     1     0.00000000
   0.020    96    27     4     4     2    -1    -0.00000000
   0.020    96    28     4     2     1     1     0.00000000
   0.020    96    29     4     2     2    -1     0.00000000
   0.020    96    30     4     4     2     1    -0.00000000
   0.020    96    31     4     4     3    -1    -0.00000000
   0.020    96    32     4     2     2     1     0.00000000
   0.020    96    33     4     4     3     1     0.00000000
   0.020    96    34     4     4     4    -1     0.00000000
   0.020    96    35     4     4     4     1     0.00000000
   0.020    96    36     5     5     0     1     0.00000000
   0.020    96    37     5     5     1    -1    -0.00000000
   0.020    96    38     5     3     0     1     0.00000000
   0.020    96    39     5     3     1    -1    -0.00000000
   0.020    96    40     5     1     0     1     0.00000000
   0.020    96    41     5     1     1    -1    -0.00000000
   0.020    96    42     5     5     1     1     0.00000000
   0.020    96    43     5     5     2    -1     0.00000000
   0.020    96    44     5     3     1     1     0.00000000
   0.020    96    45     5     3     2    -1    -0.00000000
   0.020    96    46     5     1     1     1     0.00000000
   0.020    96    47     5     5     2     1     0.00000000
   0.020    96    48     5     5     3    -1     0.00000000
   0.020    96    49     5     3     2     1     0.00000000
   0.020    96    50     5     3     3    -1     0.00000000
   0.020    96    51     5     5     3     1    -0.00055291
   0.020    96    52     5     5     4    -1     0.00141440
   0.020    96    53     5     3     3     1    -0.00493934
   0.020    96    54     5     5     4     1     0.00000000
   0.020    96    55     5     5     5    -1    -0.00000000
   0.020    96    56     5     5     5     1     0.00000000
   0.020    96    57     6     6     0     1    -0.00000000
   0.020    96    58     6     6     1    -1    -0.00000000
   0.020    96    59     6     4     0     1    -0.00000000
   0.020    96    60     6     4     1    -1     0.00000000
   0.020    96    61     6     2     0     1    -0.00000000
   0.020    96    62     6     2     1    -1     0.00000000
   0.020    96    63     6     0     0     1    -0.00000000
   0.020    96    64     6     6     1     1     0.00000000
   0.020    96    65     6     6     2    -1    -0.00000000
   0.020    96    66     6     4     1     1     0.00000000
   0.020    96    67     6     4     2    -1     0.00000000
   0.020    96    68     6     2     1     1     0.00000000
   0.020    96    69     6     2     2    -1     0.00000000
   0.020    96    70     6     6     2     1    -0.00000000
   0.020    96    71     6     6     3    -1    -0.00000000
   0.020    96    72     6     4     2     1     0.00000000
   0.020    96    73     6     4     3    -1     0.00000000
   0.020    96    74     6     2     2     1    -0.00000000
   0.020    96    75     6     6     3     1     0.00000000
   0.020    96    76     6     6     4    -1    -0.00000000
   0.020    96    77     6     4     3     1     0.00000000
   0.020    96    78     6     4     4    -1    -0.00000000
   0.020    96    79     6     6     4     1     0.00000000
   0.020    96    80     6     6     5    -1     0.00000000
   0.020    96    81     6     4     4     1    -0.00000000
   0.020    96    82     6     6     5     1     0.00000000
   0.020    96    83     6     6     6    -1    -0.00000000
   0.020    96    84     6     6     6     1    -0.00000000
   0.020    96    85     7     7     0     1    -0.00000000
   0.020    96    86     7     7     1    -1     0.00000000
   0.020    96    87     7     5     0     1    -0.00000000
   0.020    96    88     7     5     1    -1     0.00000000
   0.020    96    89     7     3     0     1    -0.00000000
   0.020    96    90     7     3     1    -1     0.00000000
   0.020    96    91     7     1     0     1    -0.00000000
   0.020    96    92     7     1     1    -1    -0.00000000
   0.020    96    93     7     7     1     1    -0.00000000
   0.020    96    94     7     7     2    -1     0.00000000
   0.020    96    95     7     5     1     1    -0.00000000
   0.020    96    96     7     5     2    -1     0.00000000
   0.020    96    97     7     3     1     1    -0.00000000
   0.020    96    98     7     3     2    -1    -0.00000000
   0.020    96    99     7     1     1     1     0.00000000
   0.020    96   100     7     7     2     1     0.00000000
   0.020    96   101     7     7     3    -1    -0.00000000
   0.020    96   102     7     5     2     1    -0.00000000
   0.020    96   103     7     5     3    -1    -0.00000000
   0.020    96   104     7     3     2     1    -0.00000000
   0.020    96   105     7     3     3    -1    -0.00000000
   0.020    96   106     7     7     3     1    -0.00004018
   0.020    96   107     7     7     4    -1     0.00006548
   0.020    96   108     7     5     3     1     0.91036732
   0.020    96   109     7     5     4    -1     0.41376879
   0.020    96   110     7     3     3     1     0.00014226
   0.020    96   111     7     7     4     1     0.00000000
   0.020    96   112     7     7     5    -1    -0.00000000
   0.020    96   113     7     5     4     1     0.00000000
   0.020    96   114     7     5     5    -1     0.00000000
   0.020    96   115     7     7     5     1    -0.00000000
   0.020    96   116     7     7     6    -1    -0.00000000
   0.020    96   117     7     5     5     1    -0.00000000
   0.020    96   118     7     7     6     1     0.00000000
   0.020    96   119     7     7     7    -1     0.00000000
   0.020    96   120     7     7     7     1     0.00000000
   0.020    97     1     0     0     0     1     0.00000000
   0.020    97     2     1     1     0     1    -0.00000000
   0.020    97     3     1     1     1    -1    -0.00000000
   0.020    97     4     1     1     1     1     0.00000000
   0.020    97     5     2     2     0     1    -0.00000000
   0.020    97     6     2     2     1    -1    -0.00000000
   0.020    97     7     2     0     0     1    -0.00000000
   0.020    97     8     2     2     1     1     0.00000000
   0.020    97     9     2     2     2    -1     0.00000000
   0.020    97    10     2     2     2     1     0.00000000
   0.020    97    11     3     3     0     1     0.00000000
   0.020    97    12     3     3     1    -1     0.00000000
   0.020    97    13     3     1     0     1    -0.00000000
   0.020    97    14     3     1     1    -1     0.00000000
   0.020    97    15     3     3     1     1    -0.00000000
   0.020    97    16     3     3     2    -1     0.00000000
   0.020    97    17     3     1     1     1     0.00000000
   0.020    97    18     3     3     2     1    -0.00000000
   0.020    97    19     3     3     3    -1     0.00000000
   0.020    97    20     3     3     3     1    -0.00000000
   0.020    97    21     4     4     0     1    -0.00000000
   0.020    97    22     4     4     1    -1    -0.00000000
   0.020    97    23     4     2     0     1    -0.00000000
   0.020    97    24     4     2     1    -1    -0.00000000
   0.020    97    25     4     0     0     1    -0.00000000
   0.020    97    26     4     4     1     1     0.00000000
   0.020    97    27     4     4     2    -1     0.00000000
   0.020    97    28     4     2     1     1     0.00000000
   0.020    97    29     4     2     2    -1    -0.00000000
   0.020    97    30     4     4     2     1     0.00000000
   0.020    97    31     4     4     3    -1     0.00000000
   0.020    97    32     4     2     2     1    -0.00000000
   0.020    97    33     4     4     3     1     0.00000000
   0.020    97    34     4     4     4    -1     0.00000000
   0.020    97    35     4     4     4     1    -0.00000000
   0.020    97    36     5     5     0     1     0.00000000
   0.020    97    37     5     5     1    -1     0.00000000
   0.020    97    38     5     3     0     1    -0.00000000
   0.020    97    39     5     3     1    -1     0.00000000
   0.020    97    40     5     1     0     1    -0.00000000
   0.020    97    41     5     1     1    -1    -0.00000000
   0.020    97    42     5     5     1     1    -0.00000000
   0.020    97    43     5     5     2    -1    -0.00000000
   0.020    97    44     5     3     1     1     0.00000000
   0.020    97    45     5     3     2    -1    -0.00000000
   0.020    97    46     5     1     1     1    -0.00000000
   0.020    97    47     5     5     2     1    -0.00000000
   0.020    97    48     5     5     3    -1     0.00000000
   0.020    97    49     5     3     2     1    -0.00000000
   0.020    97    50     5     3     3    -1     0.00000000
   0.020    97    51     5     5     3     1    -0.00000000
   0.020    97    52     5     5     4    -1     0.00000000
   0.020    97    53     5     3     3     1    -0.00000000
   0.020    97    54     5     5     4     1     0.00229436
   0.020    97    55     5     5     5    -1     0.00218653
   0.020    97    56     5     5     5     1    -0.00000000
   0.020    97    57     6     6     0     1    -0.00000000
   0.020    97    58     6     6     1    -1    -0.00000000
   0.020    97    59     6     4     0     1    -0.00000000
   0.020    97    60     6     4     1    -1    -0.00000000
   0.020    97    61     6     2     0     1    -0.00000000
   0.020    97    62     6     2     1    -1    -0.00000000
   0.020    97    63     6     0     0     1    -0.00000000
   0.020    97    64     6     6     1     1     0.00000000
   0.020    97    65     6     6     2    -1     0.00000000
   0.020    97    66     6     4     1     1     0.00000000
   0.020    97    67     6     4     2    -1    -0.00000000
   0.020    97    68     6     2     1     1     0.00000000
   0.020    97    69     6     2     2    -1     0.00000000
   0.020    97    70     6     6     2     1     0.00000000
   0.020    97    71     6     6     3    -1     0.00000000
   0.020    97    72     6     4     2     1    -0.00000000
   0.020    97    73     6     4     3    -1    -0.00000000
   0.020    97    74     6     2     2     1     0.00000000
   0.020    97    75     6     6     3     1     0.00000000
   0.020    97    76     6     6     4    -1     0.00000000
   0.020    97    77     6     4     3     1    -0.00000000
   0.020    97    78     6     4     4    -1     0.00000000
   0.020    97    79     6     6     4     1    -0.00000000
   0.020    97    80     6     6     5    -1    -0.00000000
   0.020    97    81     6     4     4     1    -0.00000000
   0.020    97    82     6     6     5     1    -0.00000000
   0.020    97    83     6     6     6    -1     0.00000000
   0.020    97    84     6     6     6     1    -0.00000000
   0.020    97    85     7     7     0     1     0.00000000
   0.020    97    86     7     7     1    -1     0.00000000
   0.020    97    87     7     5     0     1     0.00000000
   0.020    97    88     7     5     1    -1    -0.00000000
   0.020    97    89     7     3     0     1    -0.00000000
   0.020    97    90     7     3     1    -1     0.00000000
   0.020    97    91     7     1     0     1     0.00000000
   0.020    97    92     7     1     1    -1    -0.00000000
   0.020    97    93     7     7     1     1    -0.00000000
   0.020    97    94     7     7     2    -1     0.00000000
   0.020    97    95     7     5     1     1    -0.00000000
   0.020    97    96     7     5     2    -1     0.00000000
   0.020    97    97     7     3     1     1    -0.00000000
   0.020    97    98     7     3     2    -1     0.00000000
   0.020    97    99     7     1     1     1    -0.00000000
   0.020    97   100     7     7     2     1     0.00000000
   0.020    97   101     7     7     3    -1    -0.00000000
   0.020    97   102     7     5     2     1     0.00000000
   0.020    97   103     7     5     3    -1    -0.00000000
   0.020    97   104     7     3     2     1    -0.00000000
   0.020    97   105     7     3     3    -1     0.00000000
   0.020    97   106     7     7     3     1    -0.00000000
   0.020    97   107     7     7     4    -1    -0.00000000
   0.020    97   108     7     5     3     1     0.00000000
   0.020    97   109     7     5     4    -1    -0.00000000
   0.020    97   110     7     3     3     1    -0.00000000
   0.020    97   111     7     7     4     1    -0.00002742
   0.020    97   112     7     7     5    -1    -0.00000043
   0.020    97   113     7     5     4     1     0.95735374
   0.020    97   114     7     5     5    -1     0.28890097
   0.020    97   115     7     7     5     1     0.00000000
   0.020    97   116     7     7     6    -1    -0.00000000
   0.020    97   117     7     5     5     1     0.00000000
   0.020    97   118     7     7     6     1     0.00000000
   0.020    97   119     7     7     7    -1     0.00000000
   0.020    97   120     7     7     7     1     0.00000000
   0.020    98     1     0     0     0     1    -0.00000000
   0.020    98     2     1     1     0     1     0.00000000
   0.020    98     3     1     1     1    -1     0.00000000
   0.020    98     4     1     1     1     1     0.00000000
   0.020    98     5     2     2     0     1    -0.00000000
   0.020    98     6     2     2     1    -1    -0.00000000
   0.020    98     7     2     0     0     1    -0.00000000
   0.020    98     8     2     2     1     1     0.00000000
   0.020    98     9     2     2     2    -1     0.00000000
   0.020    98    10     2     2     2     1     0.00000000
   0.020    98    11     3     3     0     1     0.00000000
   0.020    98    12     3     3     1    -1     0.00000000
   0.020    98    13     3     1     0     1    -0.00000000
   0.020    98    14     3     1     1    -1    -0.00000000
   0.020    98    15     3     3     1     1     0.00000000
   0.020    98    16     3     3     2    -1     0.00000000
   0.020    98    17     3     1     1     1    -0.00000000
   0.020    98    18     3     3     2     1    -0.00000000
   0.020    98    19     3     3     3    -1     0.00000000
   0.020    98    20     3     3     3     1     0.00000000
   0.020    98    21     4     4     0     1    -0.00000000
   0.020    98    22     4     4     1    -1    -0.00000000
   0.020    98    23     4     2     0     1    -0.00000000
   0.020    98    24     4     2     1    -1    -0.00000000
   0.020    98    25     4     0     0     1    -0.00000000
   0.020    98    26     4     4     1     1     0.00000000
   0.020    98    27     4     4     2    -1     0.00000000
   0.020    98    28     4     2     1     1     0.00000000
   0.020    98    29     4     2     2    -1     0.00000000
   0.020    98    30     4     4     2     1    -0.00000000
   0.020    98    31     4     4     3    -1    -0.00000000
   0.020    98    32     4     2     2     1    -0.00000000
   0.020    98    33     4     4     3     1     0.00000000
   0.020    98    34     4     4     4    -1     0.00000000
   0.020    98    35     4     4     4     1     0.00000000
   0.020    98    36     5     5     0     1     0.00000000
   0.020    98    37     5     5     1    -1     0.00000000
   0.020    98    38     5     3     0     1     0.00000000
   0.020    98    39     5     3     1    -1     0.00000000
   0.020    98    40     5     1     0     1    -0.00000000
   0.020    98    41     5     1     1    -1     0.00000000
   0.020    98    42     5     5     1     1     0.00000000
   0.020    98    43     5     5     2    -1     0.00000000
   0.020    98    44     5     3     1     1    -0.00000000
   0.020    98    45     5     3     2    -1    -0.00000000
   0.020    98    46     5     1     1     1     0.00000000
   0.020    98    47     5     5     2     1     0.00000000
   0.020    98    48     5     5     3    -1     0.00000000
   0.020    98    49     5     3     2     1    -0.00000000
   0.020    98    50     5     3     3    -1     0.00000000
   0.020    98    51     5     5     3     1     0.00000000
   0.020    98    52     5     5     4    -1    -0.00000000
   0.020    98    53     5     3     3     1    -0.00000000
   0.020    98    54     5     5     4     1    -0.00000000
   0.020    98    55     5     5     5    -1     0.00000000
   0.020    98    56     5     5     5     1     0.00626903
   0.020    98    57     6     6     0     1    -0.00000000
   0.020    98    58     6     6     1    -1    -0.00000000
   0.020    98    59     6     4     0     1    -0.00000000
   0.020    98    60     6     4     1    -1    -0.00000000
   0.020    98    61     6     2     0     1     0.00000000
   0.020    98    62     6     2     1    -1    -0.00000000
   0.020    98    63     6     0     0     1    -0.00000000
   0.020    98    64     6     6     1     1    -0.00000000
   0.020    98    65     6     6     2    -1     0.00000000
   0.020    98    66     6     4     1     1     0.00000000
   0.020    98    67     6     4     2    -1     0.00000000
   0.020    98    68     6     2     1     1     0.00000000
   0.020    98    69     6     2     2    -1    -0.00000000
   0.020    98    70     6     6     2     1    -0.00000000
   0.020    98    71     6     6     3    -1     0.00000000
   0.020    98    72     6     4     2     1    -0.00000000
   0.020    98    73     6     4     3    -1     0.00000000
   0.020    98    74     6     2     2     1     0.00000000
   0.020    98    75     6     6     3     1     0.00000000
   0.020    98    76     6     6     4    -1     0.00000000
   0.020    98    77     6     4     3     1     0.00000000
   0.020    98    78     6     4     4    -1    -0.00000000
   0.020    98    79     6     6     4     1     0.00000000
   0.020    98    80     6     6     5    -1    -0.00000000
   0.020    98    81     6     4     4     1    -0.00000000
   0.020    98    82     6     6     5     1    -0.00000000
   0.020    98    83     6     6     6    -1    -0.00000000
   0.020    98    84     6     6     6     1     0.00000000
   0.020    98    85     7     7     0     1     0.00000000
   0.020    98    86     7     7     1    -1     0.00000000
   0.020    98    87     7     5     0     1     0.00000000
   0.020    98    88     7     5     1    -1     0.00000000
   0.020    98    89     7     3     0     1    -0.00000000
   0.020    98    90     7     3     1    -1     0.00000000
   0.020    98    91     7     1     0     1     0.00000000
   0.020    98    92     7     1     1    -1    -0.00000000
   0.020    98    93     7     7     1     1     0.00000000
   0.020    98    94     7     7     2    -1     0.00000000
   0.020    98    95     7     5     1     1     0.00000000
   0.020    98    96     7     5     2    -1    -0.00000000
   0.020    98    97     7     3     1     1     0.00000000
   0.020    98    98     7     3     2    -1    -0.00000000
   0.020    98    99     7     1     1     1     0.00000000
   0.020    98   100     7     7     2     1    -0.00000000
   0.020    98   101     7     7     3    -1    -0.00000000
   0.020    98   102     7     5     2     1     0.00000000
   0.020    98   103     7     5     3    -1     0.00000000
   0.020    98   104     7     3     2     1     0.00000000
   0.020    98   105     7     3     3    -1     0.00000000
   0.020    98   106     7     7     3     1    -0.00000000
   0.020    98   107     7     7     4    -1     0.00000000
   0.020    98   108     7     5     3     1     0.00000000
   0.020    98   109     7     5     4    -1    -0.00000000
   0.020    98   110     7     3     3     1    -0.00000000
   0.020    98   111     7     7     4     1     0.00000000
   0.020    98   112     7     7     5    -1    -0.00000000
   0.020    98   113     7     5     4     1    -0.00000000
   0.020    98   114     7     5     5    -1     0.00000000
   0.020    98   115     7     7     5     1    -0.00000425
   0.020    98   116     7     7     6    -1    -0.00008342
   0.020    98   117     7     5     5     1     0.99998035
   0.020    98   118     7     7     6     1     0.00000000
   0.020    98   119     7     7     7    -1     0.00000000
   0.020    98   120     7     7     7     1     0.00000000
   0.020    99     1     0     0     0     1    -0.00000000
   0.020    99     2     1     1     0     1    -0.00000001
   0.020    99     3     1     1     1    -1     0.00000001
   0.020    99     4     1     1     1     1    -0.00000000
   0.020    99     5     2     2     0     1     0.00000000
   0.020    99     6     2     2     1    -1    -0.00000000
   0.020    99     7     2     0     0     1    -0.00000000
   0.020    99     8     2     2     1     1    -0.00000000
   0.020    99     9     2     2     2    -1     0.00000000
   0.020    99    10     2     2     2     1     0.00000000
   0.020    99    11     3     3     0     1     0.00001018
   0.020    99    12     3     3     1    -1    -0.00001038
   0.020    99    13     3     1     0     1    -0.00000001
   0.020    99    14     3     1     1    -1     0.00000000
   0.020    99    15     3     3     1     1    -0.00000000
   0.020    99    16     3     3     2    -1    -0.00000000
   0.020    99    17     3     1     1     1     0.00000000
   0.020    99    18     3     3     2     1    -0.00000000
   0.020    99    19     3     3     3    -1     0.00000000
   0.020    99    20     3     3     3     1    -0.00000000
   0.020    99    21     4     4     0     1     0.00000000
   0.020    99    22     4     4     1    -1    -0.00000000
   0.020    99    23     4     2     0     1    -0.00000000
   0.020    99    24     4     2     1    -1     0.00000000
   0.020    99    25     4     0     0     1    -0.00000000
   0.020    99    26     4     4     1     1     0.00000000
   0.020    99    27     4     4     2    -1    -0.00000000
   0.020    99    28     4     2     1     1    -0.00000000
   0.020    99    29     4     2     2    -1    -0.00000000
   0.020    99    30     4     4     2     1    -0.00000000
   0.020    99    31     4     4     3    -1    -0.00000000
   0.020    99    32     4     2     2     1    -0.00000000
   0.020    99    33     4     4     3     1    -0.00000000
   0.020    99    34     4     4     4    -1     0.00000000
   0.020    99    35     4     4     4     1    -0.00000000
   0.020    99    36     5     5     0     1    -0.00400475
   0.020    99    37     5     5     1    -1     0.00424002
   0.020    99    38     5     3     0     1     0.00000103
   0.020    99    39     5     3     1    -1    -0.00000135
   0.020    99    40     5     1     0     1     0.00000064
   0.020    99    41     5     1     1    -1    -0.00000049
   0.020    99    42     5     5     1     1     0.00000000
   0.020    99    43     5     5     2    -1    -0.00000000
   0.020    99    44     5     3     1     1     0.00000000
   0.020    99    45     5     3     2    -1    -0.00000000
   0.020    99    46     5     1     1     1     0.00000000
   0.020    99    47     5     5     2     1     0.00000000
   0.020    99    48     5     5     3    -1    -0.00000000
   0.020    99    49     5     3     2     1     0.00000000
   0.020    99    50     5     3     3    -1     0.00000000
   0.020    99    51     5     5     3     1    -0.00000000
   0.020    99    52     5     5     4    -1     0.00000000
   0.020    99    53     5     3     3     1    -0.00000000
   0.020    99    54     5     5     4     1    -0.00000000
   0.020    99    55     5     5     5    -1     0.00000000
   0.020    99    56     5     5     5     1    -0.00000000
   0.020    99    57     6     6     0     1    -0.00000000
   0.020    99    58     6     6     1    -1     0.00000000
   0.020    99    59     6     4     0     1     0.00000000
   0.020    99    60     6     4     1    -1    -0.00000000
   0.020    99    61     6     2     0     1     0.00000000
   0.020    99    62     6     2     1    -1    -0.00000000
   0.020    99    63     6     0     0     1     0.00000000
   0.020    99    64     6     6     1     1    -0.00000000
   0.020    99    65     6     6     2    -1     0.00000000
   0.020    99    66     6     4     1     1     0.00000000
   0.020    99    67     6     4     2    -1    -0.00000000
   0.020    99    68     6     2     1     1     0.00000000
   0.020    99    69     6     2     2    -1    -0.00000000
   0.020    99    70     6     6     2     1     0.00000000
   0.020    99    71     6     6     3    -1    -0.00000000
   0.020    99    72     6     4     2     1     0.00000000
   0.020    99    73     6     4     3    -1    -0.00000000
   0.020    99    74     6     2     2     1    -0.00000000
   0.020    99    75     6     6     3     1     0.00000000
   0.020    99    76     6     6     4    -1    -0.00000000
   0.020    99    77     6     4     3     1     0.00000000
   0.020    99    78     6     4     4    -1    -0.00000000
   0.020    99    79     6     6     4     1     0.00000000
   0.020    99    80     6     6     5    -1     0.00000000
   0.020    99    81     6     4     4     1    -0.00000000
   0.020    99    82     6     6     5     1     0.00000000
   0.020    99    83     6     6     6    -1    -0.00000000
   0.020    99    84     6     6     6     1     0.00000000
   0.020    99    85     7     7     0     1     0.68237181
   0.020    99    86     7     7     1    -1    -0.73098199
   0.020    99    87     7     5     0     1    -0.00005701
   0.020    99    88     7     5     1    -1     0.00010267
   0.020    99    89     7     3     0     1    -0.00004588
   0.020    99    90     7     3     1    -1     0.00003895
   0.020    99    91     7     1     0     1     0.00000004
   0.020    99    92     7     1     1    -1    -0.00000001
   0.020    99    93     7     7     1     1     0.00000000
   0.020    99    94     7     7     2    -1     0.00000000
   0.020    99    95     7     5     1     1    -0.00000000
   0.020    99    96     7     5     2    -1     0.00000000
   0.020    99    97     7     3     1     1     0.00000000
   0.020    99    98     7     3     2    -1    -0.00000000
   0.020    99    99     7     1     1     1    -0.00000000
   0.020    99   100     7     7     2     1     0.00000000
   0.020    99   101     7     7     3    -1    -0.00000000
   0.020    99   102     7     5     2     1     0.00000000
   0.020    99   103     7     5     3    -1     0.00000000
   0.020    99   104     7     3     2     1     0.00000000
   0.020    99   105     7     3     3    -1    -0.00000000
   0.020    99   106     7     7     3     1     0.00000000
   0.020    99   107     7     7     4    -1     0.00000000
   0.020    99   108     7     5     3     1    -0.00000000
   0.020    99   109     7     5     4    -1    -0.00000000
   0.020    99   110     7     3     3     1     0.00000000
   0.020    99   111     7     7     4     1    -0.00000000
   0.020    99   112     7     7     5    -1     0.00000000
   0.020    99   113     7     5     4     1     0.00000000
   0.020    99   114     7     5     5    -1    -0.00000000
   0.020    99   115     7     7     5     1     0.00000000
   0.020    99   116     7     7     6    -1     0.00000000
   0.020    99   117     7     5     5     1     0.00000000
   0.020    99   118     7     7     6     1     0.00000000
   0.020    99   119     7     7     7    -1     0.00000000
   0.020    99   120     7     7     7     1     0.00000000
   0.020   100     1     0     0     0     1    -0.00000000
   0.020   100     2     1     1     0     1    -0.00000000
   0.020   100     3     1     1     1    -1    -0.00000000
   0.020   100     4     1     1     1     1     0.00000001
   0.020   100     5     2     2     0     1     0.00000000
   0.020   100     6     2     2     1    -1     0.00000000
   0.020   100     7     2     0     0     1     0.00000000
   0.020   100     8     2     2     1     1    -0.00000000
   0.020   100     9     2     2     2    -1     0.00000000
   0.020   100    10     2     2     2     1     0.00000000
   0.020   100    11     3     3     0     1     0.00000000
   0.020   100    12     3     3     1    -1     0.00000000
   0.020   100    13     3     1     0     1    -0.00000000
   0.020   100    14     3     1     1    -1    -0.00000000
   0.020   100    15     3     3     1     1    -0.00000841
   0.020   100    16     3     3     2    -1     0.00000874
   0.020   100    17     3     1     1     1    -0.00000000
   0.020   100    18     3     3     2     1    -0.00000000
   0.020   100    19     3     3     3    -1     0.00000000
   0.020   100    20     3     3     3     1     0.00000000
   0.020   100    21     4     4     0     1     0.00000000
   0.020   100    22     4     4     1    -1     0.00000000
   0.020   100    23     4     2     0     1     0.00000000
   0.020   100    24     4     2     1    -1     0.00000000
   0.020   100    25     4     0     0     1    -0.00000000
   0.020   100    26     4     4     1     1    -0.00000000
   0.020   100    27     4     4     2    -1     0.00000000
   0.020   100    28     4     2     1     1    -0.00000000
   0.020   100    29     4     2     2    -1    -0.00000000
   0.020   100    30     4     4     2     1     0.00000000
   0.020   100    31     4     4     3    -1     0.00000000
   0.020   100    32     4     2     2     1    -0.00000000
   0.020   100    33     4     4     3     1    -0.00000000
   0.020   100    34     4     4     4    -1     0.00000000
   0.020   100    35     4     4     4     1     0.00000000
   0.020   100    36     5     5     0     1    -0.00000000
   0.020   100    37     5     5     1    -1    -0.00000000
   0.020   100    38     5     3     0     1    -0.00000000
   0.020   100    39     5     3     1    -1    -0.00000000
   0.020   100    40     5     1     0     1    -0.00000000
   0.020   100    41     5     1     1    -1    -0.00000000
   0.020   100    42     5     5     1     1     0.00355107
   0.020   100    43     5     5     2    -1    -0.00421484
   0.020   100    44     5     3     1     1    -0.00000024
   0.020   100    45     5     3     2    -1     0.00000097
   0.020   100    46     5     1     1     1    -0.00000051
   0.020   100    47     5     5     2     1    -0.00000000
   0.020   100    48     5     5     3    -1     0.00000000
   0.020   100    49     5     3     2     1     0.00000000
   0.020   100    50     5     3     3    -1     0.00000000
   0.020   100    51     5     5     3     1    -0.00000000
   0.020   100    52     5     5     4    -1    -0.00000000
   0.020   100    53     5     3     3     1     0.00000000
   0.020   100    54     5     5     4     1     0.00000000
   0.020   100    55     5     5     5    -1    -0.00000000
   0.020   100    56     5     5     5     1    -0.00000000
   0.020   100    57     6     6     0     1     0.00000000
   0.020   100    58     6     6     1    -1    -0.00000000
   0.020   100    59     6     4     0     1     0.00000000
   0.020   100    60     6     4     1    -1     0.00000000
   0.020   100    61     6     2     0     1    -0.00000000
   0.020   100    62     6     2     1    -1    -0.00000000
   0.020   100    63     6     0     0     1     0.00000000
   0.020   100    64     6     6     1     1     0.00000000
   0.020   100    65     6     6     2    -1     0.00000000
   0.020   100    66     6     4     1     1     0.00000000
   0.020   100    67     6     4     2    -1    -0.00000000
   0.020   100    68     6     2     1     1     0.00000000
   0.020   100    69     6     2     2    -1    -0.00000000
   0.020   100    70     6     6     2     1     0.00000000
   0.020   100    71     6     6     3    -1     0.00000000
   0.020   100    72     6     4     2     1    -0.00000000
   0.020   100    73     6     4     3    -1     0.00000000
   0.020   100    74     6     2     2     1    -0.00000000
   0.020   100    75     6     6     3     1    -0.00000000
   0.020   100    76     6     6     4    -1    -0.00000000
   0.020   100    77     6     4     3     1    -0.00000000
   0.020   100    78     6     4     4    -1     0.00000000
   0.020   100    79     6     6     4     1     0.00000000
   0.020   100    80     6     6     5    -1    -0.00000000
   0.020   100    81     6     4     4     1     0.00000000
   0.020   100    82     6     6     5     1    -0.00000000
   0.020   100    83     6     6     6    -1     0.00000000
   0.020   100    84     6     6     6     1    -0.00000000
   0.020   100    85     7     7     0     1     0.00000000
   0.020   100    86     7     7     1    -1    -0.00000000
   0.020   100    87     7     5     0     1     0.00000000
   0.020   100    88     7     5     1    -1     0.00000000
   0.020   100    89     7     3     0     1     0.00000000
   0.020   100    90     7     3     1    -1     0.00000000
   0.020   100    91     7     1     0     1     0.00000000
   0.020   100    92     7     1     1    -1     0.00000000
   0.020   100    93     7     7     1     1    -0.63011371
   0.020   100    94     7     7     2    -1     0.77648331
   0.020   100    95     7     5     1     1    -0.00000902
   0.020   100    96     7     5     2    -1    -0.00010760
   0.020   100    97     7     3     1     1     0.00004573
   0.020   100    98     7     3     2    -1    -0.00002769
   0.020   100    99     7     1     1     1     0.00000000
   0.020   100   100     7     7     2     1     0.00000000
   0.020   100   101     7     7     3    -1    -0.00000000
   0.020   100   102     7     5     2     1    -0.00000000
   0.020   100   103     7     5     3    -1     0.00000000
   0.020   100   104     7     3     2     1     0.00000000
   0.020   100   105     7     3     3    -1     0.00000000
   0.020   100   106     7     7     3     1     0.00000000
   0.020   100   107     7     7     4    -1    -0.00000000
   0.020   100   108     7     5     3     1     0.00000000
   0.020   100   109     7     5     4    -1     0.00000000
   0.020   100   110     7     3     3     1    -0.00000000
   0.020   100   111     7     7     4     1     0.00000000
   0.020   100   112     7     7     5    -1     0.00000000
   0.020   100   113     7     5     4     1    -0.00000000
   0.020   100   114     7     5     5    -1     0.00000000
   0.020   100   115     7     7     5     1     0.00000000
   0.020   100   116     7     7     6    -1     0.00000000
   0.020   100   117     7     5     5     1     0.00000000
   0.020   100   118     7     7     6     1     0.00000000
   0.020   100   119     7     7     7    -1     0.00000000
   0.020   100   120     7     7     7     1     0.00000000
   0.020   101     1     0     0     0     1     0.00000000
   0.020   101     2     1     1     0     1    -0.00000000
   0.020   101     3     1     1     1    -1     0.00000000
   0.020   101     4     1     1     1     1    -0.00000000
   0.020   101     5     2     2     0     1     0.00000000
   0.020   101     6     2     2     1    -1    -0.00000000
   0.020   101     7     2     0     0     1    -0.00000000
   0.020   101     8     2     2     1     1    -0.00000000
   0.020   101     9     2     2     2    -1     0.00000000
   0.020   101    10     2     2     2     1     0.00000000
   0.020   101    11     3     3     0     1     0.00000000
   0.020   101    12     3     3     1    -1    -0.00000000
   0.020   101    13     3     1     0     1     0.00000000
   0.020   101    14     3     1     1    -1    -0.00000000
   0.020   101    15     3     3     1     1     0.00000000
   0.020   101    16     3     3     2    -1    -0.00000000
   0.020   101    17     3     1     1     1    -0.00000000
   0.020   101    18     3     3     2     1     0.00000564
   0.020   101    19     3     3     3    -1    -0.00000544
   0.020   101    20     3     3     3     1    -0.00000000
   0.020   101    21     4     4     0     1     0.00000000
   0.020   101    22     4     4     1    -1    -0.00000000
   0.020   101    23     4     2     0     1    -0.00000000
   0.020   101    24     4     2     1    -1    -0.00000000
   0.020   101    25     4     0     0     1     0.00000000
   0.020   101    26     4     4     1     1    -0.00000000
   0.020   101    27     4     4     2    -1     0.00000000
   0.020   101    28     4     2     1     1    -0.00000000
   0.020   101    29     4     2     2    -1    -0.00000000
   0.020   101    30     4     4     2     1    -0.00000000
   0.020   101    31     4     4     3    -1     0.00000000
   0.020   101    32     4     2     2     1     0.00000000
   0.020   101    33     4     4     3     1     0.00000000
   0.020   101    34     4     4     4    -1     0.00000000
   0.020   101    35     4     4     4     1     0.00000000
   0.020   101    36     5     5     0     1    -0.00000000
   0.020   101    37     5     5     1    -1    -0.00000000
   0.020   101    38     5     3     0     1    -0.00000000
   0.020   101    39     5     3     1    -1    -0.00000000
   0.020   101    40     5     1     0     1     0.00000000
   0.020   101    41     5     1     1    -1     0.00000000
   0.020   101    42     5     5     1     1     0.00000000
   0.020   101    43     5     5     2    -1     0.00000000
   0.020   101    44     5     3     1     1     0.00000000
   0.020   101    45     5     3     2    -1    -0.00000000
   0.020   101    46     5     1     1     1     0.00000000
   0.020   101    47     5     5     2     1    -0.00292490
   0.020   101    48     5     5     3    -1     0.00388865
   0.020   101    49     5     3     2     1    -0.00000048
   0.020   101    50     5     3     3    -1    -0.00000025
   0.020   101    51     5     5     3     1     0.00000000
   0.020   101    52     5     5     4    -1    -0.00000000
   0.020   101    53     5     3     3     1    -0.00000000
   0.020   101    54     5     5     4     1    -0.00000000
   0.020   101    55     5     5     5    -1     0.00000000
   0.020   101    56     5     5     5     1    -0.00000000
   0.020   101    57     6     6     0     1     0.00000000
   0.020   101    58     6     6     1    -1    -0.00000000
   0.020   101    59     6     4     0     1    -0.00000000
   0.020   101    60     6     4     1    -1    -0.00000000
   0.020   101    61     6     2     0     1    -0.00000000
   0.020   101    62     6     2     1    -1    -0.00000000
   0.020   101    63     6     0     0     1    -0.00000000
   0.020   101    64     6     6     1     1    -0.00000000
   0.020   101    65     6     6     2    -1     0.00000000
   0.020   101    66     6     4     1     1     0.00000000
   0.020   101    67     6     4     2    -1    -0.00000000
   0.020   101    68     6     2     1     1    -0.00000000
   0.020   101    69     6     2     2    -1     0.00000000
   0.020   101    70     6     6     2     1     0.00000000
   0.020   101    71     6     6     3    -1     0.00000000
   0.020   101    72     6     4     2     1    -0.00000000
   0.020   101    73     6     4     3    -1     0.00000000
   0.020   101    74     6     2     2     1     0.00000000
   0.020   101    75     6     6     3     1     0.00000000
   0.020   101    76     6     6     4    -1     0.00000000
   0.020   101    77     6     4     3     1    -0.00000000
   0.020   101    78     6     4     4    -1    -0.00000000
   0.020   101    79     6     6     4     1     0.00000000
   0.020   101    80     6     6     5    -1     0.00000000
   0.020   101    81     6     4     4     1    -0.00000000
   0.020   101    82     6     6     5     1    -0.00000000
   0.020   101    83     6     6     6    -1     0.00000000
   0.020   101    84     6     6     6     1     0.00000000
   0.020   101    85     7     7     0     1    -0.00000000
   0.020   101    86     7     7     1    -1     0.00000000
   0.020   101    87     7     5     0     1     0.00000000
   0.020   101    88     7     5     1    -1     0.00000000
   0.020   101    89     7     3     0     1    -0.00000000
   0.020   101    90     7     3     1    -1    -0.00000000
   0.020   101    91     7     1     0     1     0.00000000
   0.020   101    92     7     1     1    -1    -0.00000000
   0.020   101    93     7     7     1     1     0.00000000
   0.020   101    94     7     7     2    -1    -0.00000000
   0.020   101    95     7     5     1     1    -0.00000000
   0.020   101    96     7     5     2    -1     0.00000000
   0.020   101    97     7     3     1     1    -0.00000000
   0.020   101    98     7     3     2    -1     0.00000000
   0.020   101    99     7     1     1     1    -0.00000000
   0.020   101   100     7     7     2     1     0.57340713
   0.020   101   101     7     7     3    -1    -0.81925611
   0.020   101   102     7     5     2     1     0.00006486
   0.020   101   103     7     5     3    -1     0.00006775
   0.020   101   104     7     3     2     1    -0.00003727
   0.020   101   105     7     3     3    -1     0.00001486
   0.020   101   106     7     7     3     1     0.00000000
   0.020   101   107     7     7     4    -1    -0.00000000
   0.020   101   108     7     5     3     1    -0.00000000
   0.020   101   109     7     5     4    -1    -0.00000000
   0.020   101   110     7     3     3     1    -0.00000000
   0.020   101   111     7     7     4     1    -0.00000000
   0.020   101   112     7     7     5    -1    -0.00000000
   0.020   101   113     7     5     4     1    -0.00000000
   0.020   101   114     7     5     5    -1    -0.00000000
   0.020   101   115     7     7     5     1     0.00000000
   0.020   101   116     7     7     6    -1     0.00000000
   0.020   101   117     7     5     5     1     0.00000000
   0.020   101   118     7     7     6     1     0.00000000
   0.020   101   119     7     7     7    -1     0.00000000
   0.020   101   120     7     7     7     1     0.00000000
   0.020   102     1     0     0     0     1     0.00000000
   0.020   102     2     1     1     0     1    -0.00000000
   0.020   102     3     1     1     1    -1    -0.00000000
   0.020   102     4     1     1     1     1    -0.00000000
   0.020   102     5     2     2     0     1     0.00000000
   0.020   102     6     2     2     1    -1     0.00000000
   0.020   102     7     2     0     0     1    -0.00000000
   0.020   102     8     2     2     1     1     0.00000000
   0.020   102     9     2     2     2    -1    -0.00000000
   0.020   102    10     2     2     2     1     0.00000000
   0.020   102    11     3     3     0     1     0.00000000
   0.020   102    12     3     3     1    -1     0.00000000
   0.020   102    13     3     1     0     1    -0.00000000
   0.020   102    14     3     1     1    -1    -0.00000000
   0.020   102    15     3     3     1     1     0.00000000
   0.020   102    16     3     3     2    -1     0.00000000
   0.020   102    17     3     1     1     1     0.00000000
   0.020   102    18     3     3     2     1    -0.00000000
   0.020   102    19     3     3     3    -1    -0.00000000
   0.020   102    20     3     3     3     1     0.00000268
   0.020   102    21     4     4     0     1     0.00000000
   0.020   102    22     4     4     1    -1     0.00000000
   0.020   102    23     4     2     0     1    -0.00000000
   0.020   102    24     4     2     1    -1     0.00000000
   0.020   102    25     4     0     0     1     0.00000000
   0.020   102    26     4     4     1     1    -0.00000000
   0.020   102    27     4     4     2    -1    -0.00000000
   0.020   102    28     4     2     1     1    -0.00000000
   0.020   102    29     4     2     2    -1    -0.00000000
   0.020   102    30     4     4     2     1     0.00000000
   0.020   102    31     4     4     3    -1     0.00000000
   0.020   102    32     4     2     2     1    -0.00000000
   0.020   102    33     4     4     3     1     0.00000000
   0.020   102    34     4     4     4    -1     0.00000000
   0.020   102    35     4     4     4     1     0.00000000
   0.020   102    36     5     5     0     1     0.00000000
   0.020   102    37     5     5     1    -1     0.00000000
   0.020   102    38     5     3     0     1    -0.00000000
   0.020   102    39     5     3     1    -1    -0.00000000
   0.020   102    40     5     1     0     1    -0.00000000
   0.020   102    41     5     1     1    -1     0.00000000
   0.020   102    42     5     5     1     1    -0.00000000
   0.020   102    43     5     5     2    -1     0.00000000
   0.020   102    44     5     3     1     1    -0.00000000
   0.020   102    45     5     3     2    -1     0.00000000
   0.020   102    46     5     1     1     1    -0.00000000
   0.020   102    47     5     5     2     1     0.00000000
   0.020   102    48     5     5     3    -1     0.00000000
   0.020   102    49     5     3     2     1     0.00000000
   0.020   102    50     5     3     3    -1     0.00000000
   0.020   102    51     5     5     3     1    -0.00217928
   0.020   102    52     5     5     4    -1     0.00321860
   0.020   102    53     5     3     3     1    -0.00000057
   0.020   102    54     5     5     4     1     0.00000000
   0.020   102    55     5     5     5    -1     0.00000000
   0.020   102    56     5     5     5     1    -0.00000000
   0.020   102    57     6     6     0     1     0.00000000
   0.020   102    58     6     6     1    -1     0.00000000
   0.020   102    59     6     4     0     1    -0.00000000
   0.020   102    60     6     4     1    -1     0.00000000
   0.020   102    61     6     2     0     1    -0.00000000
   0.020   102    62     6     2     1    -1     0.00000000
   0.020   102    63     6     0     0     1    -0.00000000
   0.020   102    64     6     6     1     1     0.00000000
   0.020   102    65     6     6     2    -1    -0.00000000
   0.020   102    66     6     4     1     1     0.00000000
   0.020   102    67     6     4     2    -1    -0.00000000
   0.020   102    68     6     2     1     1    -0.00000000
   0.020   102    69     6     2     2    -1    -0.00000000
   0.020   102    70     6     6     2     1    -0.00000000
   0.020   102    71     6     6     3    -1     0.00000000
   0.020   102    72     6     4     2     1    -0.00000000
   0.020   102    73     6     4     3    -1    -0.00000000
   0.020   102    74     6     2     2     1     0.00000000
   0.020   102    75     6     6     3     1    -0.00000000
   0.020   102    76     6     6     4    -1    -0.00000000
   0.020   102    77     6     4     3     1     0.00000000
   0.020   102    78     6     4     4    -1     0.00000000
   0.020   102    79     6     6     4     1     0.00000000
   0.020   102    80     6     6     5    -1    -0.00000000
   0.020   102    81     6     4     4     1     0.00000000
   0.020   102    82     6     6     5     1    -0.00000000
   0.020   102    83     6     6     6    -1     0.00000000
   0.020   102    84     6     6     6     1     0.00000000
   0.020   102    85     7     7     0     1     0.00000000
   0.020   102    86     7     7     1    -1    -0.00000000
   0.020   102    87     7     5     0     1    -0.00000000
   0.020   102    88     7     5     1    -1     0.00000000
   0.020   102    89     7     3     0     1     0.00000000
   0.020   102    90     7     3     1    -1    -0.00000000
   0.020   102    91     7     1     0     1     0.00000000
   0.020   102    92     7     1     1    -1     0.00000000
   0.020   102    93     7     7     1     1     0.00000000
   0.020   102    94     7     7     2    -1    -0.00000000
   0.020   102    95     7     5     1     1     0.00000000
   0.020   102    96     7     5     2    -1    -0.00000000
   0.020   102    97     7     3     1     1     0.00000000
   0.020   102    98     7     3     2    -1    -0.00000000
   0.020   102    99     7     1     1     1    -0.00000000
   0.020   102   100     7     7     2     1    -0.00000000
   0.020   102   101     7     7     3    -1     0.00000000
   0.020   102   102     7     5     2     1    -0.00000000
   0.020   102   103     7     5     3    -1    -0.00000000
   0.020   102   104     7     3     2     1     0.00000000
   0.020   102   105     7     3     3    -1     0.00000000
   0.020   102   106     7     7     3     1     0.51098764
   0.020   102   107     7     7     4    -1    -0.85957927
   0.020   102   108     7     5     3     1     0.00007834
   0.020   102   109     7     5     4    -1    -0.00000062
   0.020   102   110     7     3     3     1    -0.00002202
   0.020   102   111     7     7     4     1     0.00000000
   0.020   102   112     7     7     5    -1     0.00000000
   0.020   102   113     7     5     4     1    -0.00000000
   0.020   102   114     7     5     5    -1    -0.00000000
   0.020   102   115     7     7     5     1     0.00000000
   0.020   102   116     7     7     6    -1     0.00000000
   0.020   102   117     7     5     5     1     0.00000000
   0.020   102   118     7     7     6     1     0.00000000
   0.020   102   119     7     7     7    -1     0.00000000
   0.020   102   120     7     7     7     1     0.00000000
   0.020   103     1     0     0     0     1    -0.00000000
   0.020   103     2     1     1     0     1    -0.00000000
   0.020   103     3     1     1     1    -1     0.00000000
   0.020   103     4     1     1     1     1    -0.00000000
   0.020   103     5     2     2     0     1    -0.00000000
   0.020   103     6     2     2     1    -1     0.00000000
   0.020   103     7     2     0     0     1    -0.00000000
   0.020   103     8     2     2     1     1     0.00000000
   0.020   103     9     2     2     2    -1    -0.00000000
   0.020   103    10     2     2     2     1     0.00000000
   0.020   103    11     3     3     0     1    -0.00000000
   0.020   103    12     3     3     1    -1     0.00000000
   0.020   103    13     3     1     0     1    -0.00000000
   0.020   103    14     3     1     1    -1     0.00000000
   0.020   103    15     3     3     1     1    -0.00000000
   0.020   103    16     3     3     2    -1     0.00000000
   0.020   103    17     3     1     1     1     0.00000000
   0.020   103    18     3     3     2     1    -0.00000000
   0.020   103    19     3     3     3    -1    -0.00000000
   0.020   103    20     3     3     3     1     0.00000000
   0.020   103    21     4     4     0     1     0.00000000
   0.020   103    22     4     4     1    -1    -0.00000000
   0.020   103    23     4     2     0     1    -0.00000000
   0.020   103    24     4     2     1    -1     0.00000000
   0.020   103    25     4     0     0     1    -0.00000000
   0.020   103    26     4     4     1     1     0.00000000
   0.020   103    27     4     4     2    -1    -0.00000000
   0.020   103    28     4     2     1     1     0.00000000
   0.020   103    29     4     2     2    -1    -0.00000000
   0.020   103    30     4     4     2     1    -0.00000000
   0.020   103    31     4     4     3    -1     0.00000000
   0.020   103    32     4     2     2     1    -0.00000000
   0.020   103    33     4     4     3     1     0.00000000
   0.020   103    34     4     4     4    -1     0.00000000
   0.020   103    35     4     4     4     1    -0.00000000
   0.020   103    36     5     5     0     1    -0.00000000
   0.020   103    37     5     5     1    -1    -0.00000000
   0.020   103    38     5     3     0     1    -0.00000000
   0.020   103    39     5     3     1    -1     0.00000000
   0.020   103    40     5     1     0     1    -0.00000000
   0.020   103    41     5     1     1    -1    -0.00000000
   0.020   103    42     5     5     1     1    -0.00000000
   0.020   103    43     5     5     2    -1     0.00000000
   0.020   103    44     5     3     1     1    -0.00000000
   0.020   103    45     5     3     2    -1     0.00000000
   0.020   103    46     5     1     1     1     0.00000000
   0.020   103    47     5     5     2     1    -0.00000000
   0.020   103    48     5     5     3    -1    -0.00000000
   0.020   103    49     5     3     2     1     0.00000000
   0.020   103    50     5     3     3    -1     0.00000000
   0.020   103    51     5     5     3     1    -0.00000000
   0.020   103    52     5     5     4    -1    -0.00000000
   0.020   103    53     5     3     3     1     0.00000000
   0.020   103    54     5     5     4     1     0.00137962
   0.020   103    55     5     5     5    -1    -0.00214440
   0.020   103    56     5     5     5     1     0.00000000
   0.020   103    57     6     6     0     1    -0.00000000
   0.020   103    58     6     6     1    -1    -0.00000000
   0.020   103    59     6     4     0     1    -0.00000000
   0.020   103    60     6     4     1    -1    -0.00000000
   0.020   103    61     6     2     0     1    -0.00000000
   0.020   103    62     6     2     1    -1     0.00000000
   0.020   103    63     6     0     0     1    -0.00000000
   0.020   103    64     6     6     1     1    -0.00000000
   0.020   103    65     6     6     2    -1    -0.00000000
   0.020   103    66     6     4     1     1    -0.00000000
   0.020   103    67     6     4     2    -1     0.00000000
   0.020   103    68     6     2     1     1     0.00000000
   0.020   103    69     6     2     2    -1    -0.00000000
   0.020   103    70     6     6     2     1     0.00000000
   0.020   103    71     6     6     3    -1     0.00000000
   0.020   103    72     6     4     2     1    -0.00000000
   0.020   103    73     6     4     3    -1    -0.00000000
   0.020   103    74     6     2     2     1     0.00000000
   0.020   103    75     6     6     3     1     0.00000000
   0.020   103    76     6     6     4    -1    -0.00000000
   0.020   103    77     6     4     3     1    -0.00000000
   0.020   103    78     6     4     4    -1    -0.00000000
   0.020   103    79     6     6     4     1    -0.00000000
   0.020   103    80     6     6     5    -1     0.00000000
   0.020   103    81     6     4     4     1    -0.00000000
   0.020   103    82     6     6     5     1     0.00000000
   0.020   103    83     6     6     6    -1    -0.00000000
   0.020   103    84     6     6     6     1    -0.00000000
   0.020   103    85     7     7     0     1    -0.00000000
   0.020   103    86     7     7     1    -1    -0.00000000
   0.020   103    87     7     5     0     1     0.00000000
   0.020   103    88     7     5     1    -1    -0.00000000
   0.020   103    89     7     3     0     1     0.00000000
   0.020   103    90     7     3     1    -1     0.00000000
   0.020   103    91     7     1     0     1     0.00000000
   0.020   103    92     7     1     1    -1    -0.00000000
   0.020   103    93     7     7     1     1     0.00000000
   0.020   103    94     7     7     2    -1    -0.00000000
   0.020   103    95     7     5     1     1     0.00000000
   0.020   103    96     7     5     2    -1    -0.00000000
   0.020   103    97     7     3     1     1     0.00000000
   0.020   103    98     7     3     2    -1    -0.00000000
   0.020   103    99     7     1     1     1     0.00000000
   0.020   103   100     7     7     2     1    -0.00000000
   0.020   103   101     7     7     3    -1     0.00000000
   0.020   103   102     7     5     2     1    -0.00000000
   0.020   103   103     7     5     3    -1     0.00000000
   0.020   103   104     7     3     2     1    -0.00000000
   0.020   103   105     7     3     3    -1     0.00000000
   0.020   103   106     7     7     3     1     0.00000000
   0.020   103   107     7     7     4    -1    -0.00000000
   0.020   103   108     7     5     3     1     0.00000000
   0.020   103   109     7     5     4    -1    -0.00000000
   0.020   103   110     7     3     3     1     0.00000000
   0.020   103   111     7     7     4     1    -0.44067264
   0.020   103   112     7     7     5    -1     0.89766426
   0.020   103   113     7     5     4     1    -0.00002814
   0.020   103   114     7     5     5    -1     0.00005802
   0.020   103   115     7     7     5     1    -0.00000000
   0.020   103   116     7     7     6    -1    -0.00000000
   0.020   103   117     7     5     5     1    -0.00000000
   0.020   103   118     7     7     6     1     0.00000000
   0.020   103   119     7     7     7    -1     0.00000000
   0.020   103   120     7     7     7     1     0.00000000
   0.020   104     1     0     0     0     1    -0.00000000
   0.020   104     2     1     1     0     1    -0.00000000
   0.020   104     3     1     1     1    -1    -0.00000000
   0.020   104     4     1     1     1     1     0.00000000
   0.020   104     5     2     2     0     1    -0.00000000
   0.020   104     6     2     2     1    -1    -0.00000000
   0.020   104     7     2     0     0     1    -0.00000000
   0.020   104     8     2     2     1     1     0.00000000
   0.020   104     9     2     2     2    -1     0.00000000
   0.020   104    10     2     2     2     1    -0.00000000
   0.020   104    11     3     3     0     1    -0.00000000
   0.020   104    12     3     3     1    -1    -0.00000000
   0.020   104    13     3     1     0     1    -0.00000000
   0.020   104    14     3     1     1    -1    -0.00000000
   0.020   104    15     3     3     1     1     0.00000000
   0.020   104    16     3     3     2    -1     0.00000000
   0.020   104    17     3     1     1     1    -0.00000000
   0.020   104    18     3     3     2     1     0.00000000
   0.020   104    19     3     3     3    -1    -0.00000000
   0.020   104    20     3     3     3     1    -0.00000000
   0.020   104    21     4     4     0     1    -0.00000000
   0.020   104    22     4     4     1    -1    -0.00000000
   0.020   104    23     4     2     0     1    -0.00000000
   0.020   104    24     4     2     1    -1    -0.00000000
   0.020   104    25     4     0     0     1    -0.00000000
   0.020   104    26     4     4     1     1     0.00000000
   0.020   104    27     4     4     2    -1    -0.00000000
   0.020   104    28     4     2     1     1     0.00000000
   0.020   104    29     4     2     2    -1    -0.00000000
   0.020   104    30     4     4     2     1    -0.00000000
   0.020   104    31     4     4     3    -1    -0.00000000
   0.020   104    32     4     2     2     1     0.00000000
   0.020   104    33     4     4     3     1     0.00000000
   0.020   104    34     4     4     4    -1     0.00000000
   0.020   104    35     4     4     4     1     0.00000000
   0.020   104    36     5     5     0     1    -0.00000000
   0.020   104    37     5     5     1    -1     0.00000000
   0.020   104    38     5     3     0     1    -0.00000000
   0.020   104    39     5     3     1    -1    -0.00000000
   0.020   104    40     5     1     0     1    -0.00000000
   0.020   104    41     5     1     1    -1     0.00000000
   0.020   104    42     5     5     1     1     0.00000000
   0.020   104    43     5     5     2    -1     0.00000000
   0.020   104    44     5     3     1     1    -0.00000000
   0.020   104    45     5     3     2    -1    -0.00000000
   0.020   104    46     5     1     1     1     0.00000000
   0.020   104    47     5     5     2     1     0.00000000
   0.020   104    48     5     5     3    -1    -0.00000000
   0.020   104    49     5     3     2     1    -0.00000000
   0.020   104    50     5     3     3    -1     0.00000000
   0.020   104    51     5     5     3     1    -0.00000000
   0.020   104    52     5     5     4    -1    -0.00000000
   0.020   104    53     5     3     3     1     0.00000000
   0.020   104    54     5     5     4     1    -0.00000000
   0.020   104    55     5     5     5    -1    -0.00000000
   0.020   104    56     5     5     5     1    -0.00061489
   0.020   104    57     6     6     0     1    -0.00000000
   0.020   104    58     6     6     1    -1    -0.00000000
   0.020   104    59     6     4     0     1    -0.00000000
   0.020   104    60     6     4     1    -1    -0.00000000
   0.020   104    61     6     2     0     1    -0.00000000
   0.020   104    62     6     2     1    -1    -0.00000000
   0.020   104    63     6     0     0     1    -0.00000000
   0.020   104    64     6     6     1     1    -0.00000000
   0.020   104    65     6     6     2    -1     0.00000000
   0.020   104    66     6     4     1     1    -0.00000000
   0.020   104    67     6     4     2    -1    -0.00000000
   0.020   104    68     6     2     1     1     0.00000000
   0.020   104    69     6     2     2    -1     0.00000000
   0.020   104    70     6     6     2     1     0.00000000
   0.020   104    71     6     6     3    -1     0.00000000
   0.020   104    72     6     4     2     1     0.00000000
   0.020   104    73     6     4     3    -1     0.00000000
   0.020   104    74     6     2     2     1     0.00000000
   0.020   104    75     6     6     3     1     0.00000000
   0.020   104    76     6     6     4    -1     0.00000000
   0.020   104    77     6     4     3     1     0.00000000
   0.020   104    78     6     4     4    -1    -0.00000000
   0.020   104    79     6     6     4     1     0.00000000
   0.020   104    80     6     6     5    -1     0.00000000
   0.020   104    81     6     4     4     1    -0.00000000
   0.020   104    82     6     6     5     1    -0.00000000
   0.020   104    83     6     6     6    -1    -0.00000000
   0.020   104    84     6     6     6     1     0.00000000
   0.020   104    85     7     7     0     1    -0.00000000
   0.020   104    86     7     7     1    -1    -0.00000000
   0.020   104    87     7     5     0     1    -0.00000000
   0.020   104    88     7     5     1    -1    -0.00000000
   0.020   104    89     7     3     0     1    -0.00000000
   0.020   104    90     7     3     1    -1     0.00000000
   0.020   104    91     7     1     0     1    -0.00000000
   0.020   104    92     7     1     1    -1    -0.00000000
   0.020   104    93     7     7     1     1     0.00000000
   0.020   104    94     7     7     2    -1     0.00000000
   0.020   104    95     7     5     1     1     0.00000000
   0.020   104    96     7     5     2    -1     0.00000000
   0.020   104    97     7     3     1     1     0.00000000
   0.020   104    98     7     3     2    -1     0.00000000
   0.020   104    99     7     1     1     1    -0.00000000
   0.020   104   100     7     7     2     1    -0.00000000
   0.020   104   101     7     7     3    -1     0.00000000
   0.020   104   102     7     5     2     1     0.00000000
   0.020   104   103     7     5     3    -1    -0.00000000
   0.020   104   104     7     3     2     1    -0.00000000
   0.020   104   105     7     3     3    -1     0.00000000
   0.020   104   106     7     7     3     1    -0.00000000
   0.020   104   107     7     7     4    -1    -0.00000000
   0.020   104   108     7     5     3     1    -0.00000000
   0.020   104   109     7     5     4    -1     0.00000000
   0.020   104   110     7     3     3     1    -0.00000000
   0.020   104   111     7     7     4     1     0.00000000
   0.020   104   112     7     7     5    -1    -0.00000000
   0.020   104   113     7     5     4     1    -0.00000000
   0.020   104   114     7     5     5    -1    -0.00000000
   0.020   104   115     7     7     5     1     0.35811671
   0.020   104   116     7     7     6    -1    -0.93367662
   0.020   104   117     7     5     5     1    -0.00007252
   0.020   104   118     7     7     6     1     0.00000000
   0.020   104   119     7     7     7    -1     0.00000000
   0.020   104   120     7     7     7     1     0.00000000
   0.020   105     1     0     0     0     1     0.00000000
   0.020   105     2     1     1     0     1     0.00000000
   0.020   105     3     1     1     1    -1     0.00000000
   0.020   105     4     1     1     1     1     0.00000000
   0.020   105     5     2     2     0     1     0.00000000
   0.020   105     6     2     2     1    -1     0.00000000
   0.020   105     7     2     0     0     1     0.00000000
   0.020   105     8     2     2     1     1     0.00000000
   0.020   105     9     2     2     2    -1     0.00000000
   0.020   105    10     2     2     2     1     0.00000000
   0.020   105    11     3     3     0     1     0.00000000
   0.020   105    12     3     3     1    -1     0.00000000
   0.020   105    13     3     1     0     1     0.00000000
   0.020   105    14     3     1     1    -1     0.00000000
   0.020   105    15     3     3     1     1     0.00000000
   0.020   105    16     3     3     2    -1     0.00000000
   0.020   105    17     3     1     1     1     0.00000000
   0.020   105    18     3     3     2     1     0.00000000
   0.020   105    19     3     3     3    -1     0.00000000
   0.020   105    20     3     3     3     1     0.00000000
   0.020   105    21     4     4     0     1     0.00000000
   0.020   105    22     4     4     1    -1     0.00000000
   0.020   105    23     4     2     0     1     0.00000000
   0.020   105    24     4     2     1    -1     0.00000000
   0.020   105    25     4     0     0     1     0.00000000
   0.020   105    26     4     4     1     1     0.00000000
   0.020   105    27     4     4     2    -1     0.00000000
   0.020   105    28     4     2     1     1     0.00000000
   0.020   105    29     4     2     2    -1     0.00000000
   0.020   105    30     4     4     2     1     0.00000000
   0.020   105    31     4     4     3    -1     0.00000000
   0.020   105    32     4     2     2     1     0.00000000
   0.020   105    33     4     4     3     1     0.00000000
   0.020   105    34     4     4     4    -1     0.00000000
   0.020   105    35     4     4     4     1     0.00000000
   0.020   105    36     5     5     0     1     0.00000000
   0.020   105    37     5     5     1    -1     0.00000000
   0.020   105    38     5     3     0     1     0.00000000
   0.020   105    39     5     3     1    -1     0.00000000
   0.020   105    40     5     1     0     1     0.00000000
   0.020   105    41     5     1     1    -1     0.00000000
   0.020   105    42     5     5     1     1     0.00000000
   0.020   105    43     5     5     2    -1     0.00000000
   0.020   105    44     5     3     1     1     0.00000000
   0.020   105    45     5     3     2    -1     0.00000000
   0.020   105    46     5     1     1     1     0.00000000
   0.020   105    47     5     5     2     1     0.00000000
   0.020   105    48     5     5     3    -1     0.00000000
   0.020   105    49     5     3     2     1     0.00000000
   0.020   105    50     5     3     3    -1     0.00000000
   0.020   105    51     5     5     3     1     0.00000000
   0.020   105    52     5     5     4    -1     0.00000000
   0.020   105    53     5     3     3     1     0.00000000
   0.020   105    54     5     5     4     1     0.00000000
   0.020   105    55     5     5     5    -1     0.00000000
   0.020   105    56     5     5     5     1     0.00000000
   0.020   105    57     6     6     0     1     0.00000000
   0.020   105    58     6     6     1    -1     0.00000000
   0.020   105    59     6     4     0     1     0.00000000
   0.020   105    60     6     4     1    -1     0.00000000
   0.020   105    61     6     2     0     1     0.00000000
   0.020   105    62     6     2     1    -1     0.00000000
   0.020   105    63     6     0     0     1     0.00000000
   0.020   105    64     6     6     1     1     0.00000000
   0.020   105    65     6     6     2    -1     0.00000000
   0.020   105    66     6     4     1     1     0.00000000
   0.020   105    67     6     4     2    -1     0.00000000
   0.020   105    68     6     2     1     1     0.00000000
   0.020   105    69     6     2     2    -1     0.00000000
   0.020   105    70     6     6     2     1     0.00000000
   0.020   105    71     6     6     3    -1     0.00000000
   0.020   105    72     6     4     2     1     0.00000000
   0.020   105    73     6     4     3    -1     0.00000000
   0.020   105    74     6     2     2     1     0.00000000
   0.020   105    75     6     6     3     1     0.00000000
   0.020   105    76     6     6     4    -1     0.00000000
   0.020   105    77     6     4     3     1     0.00000000
   0.020   105    78     6     4     4    -1     0.00000000
   0.020   105    79     6     6     4     1     0.00000000
   0.020   105    80     6     6     5    -1     0.00000000
   0.020   105    81     6     4     4     1     0.00000000
   0.020   105    82     6     6     5     1     0.00000000
   0.020   105    83     6     6     6    -1     0.00000000
   0.020   105    84     6     6     6     1     0.00000000
   0.020   105    85     7     7     0     1     0.00000000
   0.020   105    86     7     7     1    -1     0.00000000
   0.020   105    87     7     5     0     1     0.00000000
   0.020   105    88     7     5     1    -1     0.00000000
   0.020   105    89     7     3     0     1     0.00000000
   0.020   105    90     7     3     1    -1     0.00000000
   0.020   105    91     7     1     0     1     0.00000000
   0.020   105    92     7     1     1    -1     0.00000000
   0.020   105    93     7     7     1     1     0.00000000
   0.020   105    94     7     7     2    -1     0.00000000
   0.020   105    95     7     5     1     1     0.00000000
   0.020   105    96     7     5     2    -1     0.00000000
   0.020   105    97     7     3     1     1     0.00000000
   0.020   105    98     7     3     2    -1     0.00000000
   0.020   105    99     7     1     1     1     0.00000000
   0.020   105   100     7     7     2     1     0.00000000
   0.020   105   101     7     7     3    -1     0.00000000
   0.020   105   102     7     5     2     1     0.00000000
   0.020   105   103     7     5     3    -1     0.00000000
   0.020   105   104     7     3     2     1     0.00000000
   0.020   105   105     7     3     3    -1     0.00000000
   0.020   105   106     7     7     3     1     0.00000000
   0.020   105   107     7     7     4    -1     0.00000000
   0.020   105   108     7     5     3     1     0.00000000
   0.020   105   109     7     5     4    -1     0.00000000
   0.020   105   110     7     3     3     1     0.00000000
   0.020   105   111     7     7     4     1     0.00000000
   0.020   105   112     7     7     5    -1     0.00000000
   0.020   105   113     7     5     4     1     0.00000000
   0.020   105   114     7     5     5    -1     0.00000000
   0.020   105   115     7     7     5     1     0.00000000
   0.020   105   116     7     7     6    -1     0.00000000
   0.020   105   117     7     5     5     1     0.00000000
   0.020   105   118     7     7     6     1    -0.25191271
   0.020   105   119     7     7     7    -1     0.96774996
   0.020   105   120     7     7     7     1     0.00000000
   0.020   106     1     0     0     0     1    -0.00000000
   0.020   106     2     1     1     0     1    -0.00000011
   0.020   106     3     1     1     1    -1    -0.00000002
   0.020   106     4     1     1     1     1    -0.00000000
   0.020   106     5     2     2     0     1     0.00000000
   0.020   106     6     2     2     1    -1     0.00000000
   0.020   106     7     2     0     0     1    -0.00000000
   0.020   106     8     2     2     1     1     0.00000000
   0.020   106     9     2     2     2    -1    -0.00000000
   0.020   106    10     2     2     2     1    -0.00000000
   0.020   106    11     3     3     0     1     0.00002987
   0.020   106    12     3     3     1    -1     0.00001627
   0.020   106    13     3     1     0     1     0.00005050
   0.020   106    14     3     1     1    -1    -0.00000479
   0.020   106    15     3     3     1     1     0.00000000
   0.020   106    16     3     3     2    -1    -0.00000000
   0.020   106    17     3     1     1     1     0.00000000
   0.020   106    18     3     3     2     1    -0.00000000
   0.020   106    19     3     3     3    -1     0.00000000
   0.020   106    20     3     3     3     1     0.00000000
   0.020   106    21     4     4     0     1     0.00000000
   0.020   106    22     4     4     1    -1    -0.00000000
   0.020   106    23     4     2     0     1     0.00000000
   0.020   106    24     4     2     1    -1    -0.00000000
   0.020   106    25     4     0     0     1    -0.00000000
   0.020   106    26     4     4     1     1     0.00000000
   0.020   106    27     4     4     2    -1    -0.00000000
   0.020   106    28     4     2     1     1    -0.00000000
   0.020   106    29     4     2     2    -1    -0.00000000
   0.020   106    30     4     4     2     1    -0.00000000
   0.020   106    31     4     4     3    -1    -0.00000000
   0.020   106    32     4     2     2     1     0.00000000
   0.020   106    33     4     4     3     1     0.00000000
   0.020   106    34     4     4     4    -1     0.00000000
   0.020   106    35     4     4     4     1     0.00000000
   0.020   106    36     5     5     0     1    -0.00219109
   0.020   106    37     5     5     1    -1    -0.00170380
   0.020   106    38     5     3     0     1    -0.00453847
   0.020   106    39     5     3     1    -1    -0.00271176
   0.020   106    40     5     1     0     1    -0.00863598
   0.020   106    41     5     1     1    -1    -0.00617719
   0.020   106    42     5     5     1     1    -0.00000000
   0.020   106    43     5     5     2    -1     0.00000000
   0.020   106    44     5     3     1     1    -0.00000000
   0.020   106    45     5     3     2    -1     0.00000000
   0.020   106    46     5     1     1     1     0.00000000
   0.020   106    47     5     5     2     1     0.00000000
   0.020   106    48     5     5     3    -1    -0.00000000
   0.020   106    49     5     3     2     1    -0.00000000
   0.020   106    50     5     3     3    -1     0.00000000
   0.020   106    51     5     5     3     1    -0.00000000
   0.020   106    52     5     5     4    -1    -0.00000000
   0.020   106    53     5     3     3     1    -0.00000000
   0.020   106    54     5     5     4     1    -0.00000000
   0.020   106    55     5     5     5    -1     0.00000000
   0.020   106    56     5     5     5     1     0.00000000
   0.020   106    57     6     6     0     1    -0.00000000
   0.020   106    58     6     6     1    -1     0.00000000
   0.020   106    59     6     4     0     1    -0.00000000
   0.020   106    60     6     4     1    -1     0.00000000
   0.020   106    61     6     2     0     1     0.00000000
   0.020   106    62     6     2     1    -1     0.00000000
   0.020   106    63     6     0     0     1    -0.00000000
   0.020   106    64     6     6     1     1    -0.00000000
   0.020   106    65     6     6     2    -1     0.00000000
   0.020   106    66     6     4     1     1     0.00000000
   0.020   106    67     6     4     2    -1    -0.00000000
   0.020   106    68     6     2     1     1     0.00000000
   0.020   106    69     6     2     2    -1    -0.00000000
   0.020   106    70     6     6     2     1     0.00000000
   0.020   106    71     6     6     3    -1     0.00000000
   0.020   106    72     6     4     2     1     0.00000000
   0.020   106    73     6     4     3    -1     0.00000000
   0.020   106    74     6     2     2     1     0.00000000
   0.020   106    75     6     6     3     1    -0.00000000
   0.020   106    76     6     6     4    -1     0.00000000
   0.020   106    77     6     4     3     1     0.00000000
   0.020   106    78     6     4     4    -1    -0.00000000
   0.020   106    79     6     6     4     1     0.00000000
   0.020   106    80     6     6     5    -1    -0.00000000
   0.020   106    81     6     4     4     1     0.00000000
   0.020   106    82     6     6     5     1    -0.00000000
   0.020   106    83     6     6     6    -1     0.00000000
   0.020   106    84     6     6     6     1    -0.00000000
   0.020   106    85     7     7     0     1     0.00002364
   0.020   106    86     7     7     1    -1     0.00001081
   0.020   106    87     7     5     0     1     0.00000771
   0.020   106    88     7     5     1    -1     0.00032585
   0.020   106    89     7     3     0     1     0.76270559
   0.020   106    90     7     3     1    -1     0.64663065
   0.020   106    91     7     1     0     1    -0.00069435
   0.020   106    92     7     1     1    -1    -0.00003778
   0.020   106    93     7     7     1     1     0.00000000
   0.020   106    94     7     7     2    -1    -0.00000000
   0.020   106    95     7     5     1     1     0.00000000
   0.020   106    96     7     5     2    -1    -0.00000000
   0.020   106    97     7     3     1     1     0.00000000
   0.020   106    98     7     3     2    -1     0.00000000
   0.020   106    99     7     1     1     1     0.00000000
   0.020   106   100     7     7     2     1     0.00000000
   0.020   106   101     7     7     3    -1    -0.00000000
   0.020   106   102     7     5     2     1    -0.00000000
   0.020   106   103     7     5     3    -1    -0.00000000
   0.020   106   104     7     3     2     1     0.00000000
   0.020   106   105     7     3     3    -1     0.00000000
   0.020   106   106     7     7     3     1    -0.00000000
   0.020   106   107     7     7     4    -1     0.00000000
   0.020   106   108     7     5     3     1    -0.00000000
   0.020   106   109     7     5     4    -1    -0.00000000
   0.020   106   110     7     3     3     1    -0.00000000
   0.020   106   111     7     7     4     1     0.00000000
   0.020   106   112     7     7     5    -1     0.00000000
   0.020   106   113     7     5     4     1     0.00000000
   0.020   106   114     7     5     5    -1    -0.00000000
   0.020   106   115     7     7     5     1    -0.00000000
   0.020   106   116     7     7     6    -1    -0.00000000
   0.020   106   117     7     5     5     1    -0.00000000
   0.020   106   118     7     7     6     1     0.00000000
   0.020   106   119     7     7     7    -1     0.00000000
   0.020   106   120     7     7     7     1     0.00000000
   0.020   107     1     0     0     0     1    -0.00000000
   0.020   107     2     1     1     0     1     0.00000000
   0.020   107     3     1     1     1    -1    -0.00000000
   0.020   107     4     1     1     1     1     0.00000003
   0.020   107     5     2     2     0     1     0.00000000
   0.020   107     6     2     2     1    -1     0.00000000
   0.020   107     7     2     0     0     1    -0.00000000
   0.020   107     8     2     2     1     1     0.00000000
   0.020   107     9     2     2     2    -1     0.00000000
   0.020   107    10     2     2     2     1     0.00000000
   0.020   107    11     3     3     0     1    -0.00000000
   0.020   107    12     3     3     1    -1    -0.00000000
   0.020   107    13     3     1     0     1    -0.00000000
   0.020   107    14     3     1     1    -1     0.00000000
   0.020   107    15     3     3     1     1    -0.00002343
   0.020   107    16     3     3     2    -1    -0.00000088
   0.020   107    17     3     1     1     1     0.00000368
   0.020   107    18     3     3     2     1    -0.00000000
   0.020   107    19     3     3     3    -1     0.00000000
   0.020   107    20     3     3     3     1     0.00000000
   0.020   107    21     4     4     0     1     0.00000000
   0.020   107    22     4     4     1    -1     0.00000000
   0.020   107    23     4     2     0     1    -0.00000000
   0.020   107    24     4     2     1    -1     0.00000000
   0.020   107    25     4     0     0     1     0.00000000
   0.020   107    26     4     4     1     1     0.00000000
   0.020   107    27     4     4     2    -1     0.00000000
   0.020   107    28     4     2     1     1     0.00000000
   0.020   107    29     4     2     2    -1    -0.00000000
   0.020   107    30     4     4     2     1    -0.00000000
   0.020   107    31     4     4     3    -1     0.00000000
   0.020   107    32     4     2     2     1     0.00000000
   0.020   107    33     4     4     3     1     0.00000000
   0.020   107    34     4     4     4    -1    -0.00000000
   0.020   107    35     4     4     4     1     0.00000000
   0.020   107    36     5     5     0     1    -0.00000000
   0.020   107    37     5     5     1    -1    -0.00000000
   0.020   107    38     5     3     0     1    -0.00000000
   0.020   107    39     5     3     1    -1    -0.00000000
   0.020   107    40     5     1     0     1    -0.00000000
   0.020   107    41     5     1     1    -1    -0.00000000
   0.020   107    42     5     5     1     1     0.00237975
   0.020   107    43     5     5     2    -1     0.00104261
   0.020   107    44     5     3     1     1     0.00396571
   0.020   107    45     5     3     2    -1    -0.00035186
   0.020   107    46     5     1     1     1     0.00815618
   0.020   107    47     5     5     2     1    -0.00000000
   0.020   107    48     5     5     3    -1     0.00000000
   0.020   107    49     5     3     2     1     0.00000000
   0.020   107    50     5     3     3    -1    -0.00000000
   0.020   107    51     5     5     3     1     0.00000000
   0.020   107    52     5     5     4    -1     0.00000000
   0.020   107    53     5     3     3     1     0.00000000
   0.020   107    54     5     5     4     1    -0.00000000
   0.020   107    55     5     5     5    -1    -0.00000000
   0.020   107    56     5     5     5     1     0.00000000
   0.020   107    57     6     6     0     1     0.00000000
   0.020   107    58     6     6     1    -1     0.00000000
   0.020   107    59     6     4     0     1     0.00000000
   0.020   107    60     6     4     1    -1     0.00000000
   0.020   107    61     6     2     0     1     0.00000000
   0.020   107    62     6     2     1    -1     0.00000000
   0.020   107    63     6     0     0     1    -0.00000000
   0.020   107    64     6     6     1     1     0.00000000
   0.020   107    65     6     6     2    -1     0.00000000
   0.020   107    66     6     4     1     1     0.00000000
   0.020   107    67     6     4     2    -1     0.00000000
   0.020   107    68     6     2     1     1    -0.00000000
   0.020   107    69     6     2     2    -1     0.00000000
   0.020   107    70     6     6     2     1    -0.00000000
   0.020   107    71     6     6     3    -1     0.00000000
   0.020   107    72     6     4     2     1    -0.00000000
   0.020   107    73     6     4     3    -1    -0.00000000
   0.020   107    74     6     2     2     1     0.00000000
   0.020   107    75     6     6     3     1    -0.00000000
   0.020   107    76     6     6     4    -1     0.00000000
   0.020   107    77     6     4     3     1    -0.00000000
   0.020   107    78     6     4     4    -1    -0.00000000
   0.020   107    79     6     6     4     1    -0.00000000
   0.020   107    80     6     6     5    -1     0.00000000
   0.020   107    81     6     4     4     1    -0.00000000
   0.020   107    82     6     6     5     1     0.00000000
   0.020   107    83     6     6     6    -1     0.00000000
   0.020   107    84     6     6     6     1    -0.00000000
   0.020   107    85     7     7     0     1    -0.00000000
   0.020   107    86     7     7     1    -1     0.00000000
   0.020   107    87     7     5     0     1     0.00000000
   0.020   107    88     7     5     1    -1    -0.00000000
   0.020   107    89     7     3     0     1     0.00000000
   0.020   107    90     7     3     1    -1     0.00000000
   0.020   107    91     7     1     0     1    -0.00000000
   0.020   107    92     7     1     1    -1     0.00000000
   0.020   107    93     7     7     1     1    -0.00002994
   0.020   107    94     7     7     2    -1     0.00000287
   0.020   107    95     7     5     1     1     0.00021019
   0.020   107    96     7     5     2    -1    -0.00050981
   0.020   107    97     7     3     1     1    -0.85984822
   0.020   107    98     7     3     2    -1    -0.51046214
   0.020   107    99     7     1     1     1    -0.00011320
   0.020   107   100     7     7     2     1     0.00000000
   0.020   107   101     7     7     3    -1    -0.00000000
   0.020   107   102     7     5     2     1    -0.00000000
   0.020   107   103     7     5     3    -1     0.00000000
   0.020   107   104     7     3     2     1    -0.00000000
   0.020   107   105     7     3     3    -1    -0.00000000
   0.020   107   106     7     7     3     1     0.00000000
   0.020   107   107     7     7     4    -1    -0.00000000
   0.020   107   108     7     5     3     1    -0.00000000
   0.020   107   109     7     5     4    -1    -0.00000000
   0.020   107   110     7     3     3     1    -0.00000000
   0.020   107   111     7     7     4     1    -0.00000000
   0.020   107   112     7     7     5    -1    -0.00000000
   0.020   107   113     7     5     4     1     0.00000000
   0.020   107   114     7     5     5    -1     0.00000000
   0.020   107   115     7     7     5     1    -0.00000000
   0.020   107   116     7     7     6    -1    -0.00000000
   0.020   107   117     7     5     5     1    -0.00000000
   0.020   107   118     7     7     6     1     0.00000000
   0.020   107   119     7     7     7    -1     0.00000000
   0.020   107   120     7     7     7     1     0.00000000
   0.020   108     1     0     0     0     1     0.00000000
   0.020   108     2     1     1     0     1     0.00000000
   0.020   108     3     1     1     1    -1    -0.00000000
   0.020   108     4     1     1     1     1    -0.00000000
   0.020   108     5     2     2     0     1     0.00000000
   0.020   108     6     2     2     1    -1     0.00000000
   0.020   108     7     2     0     0     1    -0.00000000
   0.020   108     8     2     2     1     1    -0.00000000
   0.020   108     9     2     2     2    -1    -0.00000000
   0.020   108    10     2     2     2     1     0.00000000
   0.020   108    11     3     3     0     1     0.00000000
   0.020   108    12     3     3     1    -1     0.00000000
   0.020   108    13     3     1     0     1     0.00000000
   0.020   108    14     3     1     1    -1    -0.00000000
   0.020   108    15     3     3     1     1     0.00000000
   0.020   108    16     3     3     2    -1     0.00000000
   0.020   108    17     3     1     1     1     0.00000000
   0.020   108    18     3     3     2     1     0.00000346
   0.020   108    19     3     3     3    -1     0.00000805
   0.020   108    20     3     3     3     1     0.00000000
   0.020   108    21     4     4     0     1     0.00000000
   0.020   108    22     4     4     1    -1     0.00000000
   0.020   108    23     4     2     0     1     0.00000000
   0.020   108    24     4     2     1    -1     0.00000000
   0.020   108    25     4     0     0     1     0.00000000
   0.020   108    26     4     4     1     1    -0.00000000
   0.020   108    27     4     4     2    -1    -0.00000000
   0.020   108    28     4     2     1     1    -0.00000000
   0.020   108    29     4     2     2    -1     0.00000000
   0.020   108    30     4     4     2     1     0.00000000
   0.020   108    31     4     4     3    -1     0.00000000
   0.020   108    32     4     2     2     1    -0.00000000
   0.020   108    33     4     4     3     1    -0.00000000
   0.020   108    34     4     4     4    -1     0.00000000
   0.020   108    35     4     4     4     1     0.00000000
   0.020   108    36     5     5     0     1     0.00000000
   0.020   108    37     5     5     1    -1    -0.00000000
   0.020   108    38     5     3     0     1    -0.00000000
   0.020   108    39     5     3     1    -1    -0.00000000
   0.020   108    40     5     1     0     1     0.00000000
   0.020   108    41     5     1     1    -1    -0.00000000
   0.020   108    42     5     5     1     1     0.00000000
   0.020   108    43     5     5     2    -1     0.00000000
   0.020   108    44     5     3     1     1     0.00000000
   0.020   108    45     5     3     2    -1     0.00000000
   0.020   108    46     5     1     1     1     0.00000000
   0.020   108    47     5     5     2     1    -0.00218290
   0.020   108    48     5     5     3    -1    -0.00036129
   0.020   108    49     5     3     2     1    -0.00018355
   0.020   108    50     5     3     3    -1     0.00299419
   0.020   108    51     5     5     3     1     0.00000000
   0.020   108    52     5     5     4    -1     0.00000000
   0.020   108    53     5     3     3     1    -0.00000000
   0.020   108    54     5     5     4     1     0.00000000
   0.020   108    55     5     5     5    -1    -0.00000000
   0.020   108    56     5     5     5     1    -0.00000000
   0.020   108    57     6     6     0     1     0.00000000
   0.020   108    58     6     6     1    -1     0.00000000
   0.020   108    59     6     4     0     1     0.00000000
   0.020   108    60     6     4     1    -1     0.00000000
   0.020   108    61     6     2     0     1     0.00000000
   0.020   108    62     6     2     1    -1     0.00000000
   0.020   108    63     6     0     0     1    -0.00000000
   0.020   108    64     6     6     1     1     0.00000000
   0.020   108    65     6     6     2    -1    -0.00000000
   0.020   108    66     6     4     1     1    -0.00000000
   0.020   108    67     6     4     2    -1     0.00000000
   0.020   108    68     6     2     1     1     0.00000000
   0.020   108    69     6     2     2    -1    -0.00000000
   0.020   108    70     6     6     2     1     0.00000000
   0.020   108    71     6     6     3    -1     0.00000000
   0.020   108    72     6     4     2     1    -0.00000000
   0.020   108    73     6     4     3    -1    -0.00000000
   0.020   108    74     6     2     2     1     0.00000000
   0.020   108    75     6     6     3     1     0.00000000
   0.020   108    76     6     6     4    -1    -0.00000000
   0.020   108    77     6     4     3     1     0.00000000
   0.020   108    78     6     4     4    -1     0.00000000
   0.020   108    79     6     6     4     1     0.00000000
   0.020   108    80     6     6     5    -1    -0.00000000
   0.020   108    81     6     4     4     1     0.00000000
   0.020   108    82     6     6     5     1    -0.00000000
   0.020   108    83     6     6     6    -1     0.00000000
   0.020   108    84     6     6     6     1     0.00000000
   0.020   108    85     7     7     0     1    -0.00000000
   0.020   108    86     7     7     1    -1     0.00000000
   0.020   108    87     7     5     0     1     0.00000000
   0.020   108    88     7     5     1    -1    -0.00000000
   0.020   108    89     7     3     0     1    -0.00000000
   0.020   108    90     7     3     1    -1     0.00000000
   0.020   108    91     7     1     0     1     0.00000000
   0.020   108    92     7     1     1    -1    -0.00000000
   0.020   108    93     7     7     1     1     0.00000000
   0.020   108    94     7     7     2    -1    -0.00000000
   0.020   108    95     7     5     1     1     0.00000000
   0.020   108    96     7     5     2    -1    -0.00000000
   0.020   108    97     7     3     1     1    -0.00000000
   0.020   108    98     7     3     2    -1    -0.00000000
   0.020   108    99     7     1     1     1     0.00000000
   0.020   108   100     7     7     2     1     0.00002710
   0.020   108   101     7     7     3    -1    -0.00001138
   0.020   108   102     7     5     2     1    -0.00018674
   0.020   108   103     7     5     3    -1     0.00030942
   0.020   108   104     7     3     2     1     0.93851080
   0.020   108   105     7     3     3    -1     0.34522957
   0.020   108   106     7     7     3     1    -0.00000000
   0.020   108   107     7     7     4    -1     0.00000000
   0.020   108   108     7     5     3     1     0.00000000
   0.020   108   109     7     5     4    -1     0.00000000
   0.020   108   110     7     3     3     1    -0.00000000
   0.020   108   111     7     7     4     1     0.00000000
   0.020   108   112     7     7     5    -1     0.00000000
   0.020   108   113     7     5     4     1     0.00000000
   0.020   108   114     7     5     5    -1     0.00000000
   0.020   108   115     7     7     5     1     0.00000000
   0.020   108   116     7     7     6    -1     0.00000000
   0.020   108   117     7     5     5     1     0.00000000
   0.020   108   118     7     7     6     1     0.00000000
   0.020   108   119     7     7     7    -1     0.00000000
   0.020   108   120     7     7     7     1     0.00000000
   0.020   109     1     0     0     0     1     0.00000000
   0.020   109     2     1     1     0     1     0.00000000
   0.020   109     3     1     1     1    -1     0.00000000
   0.020   109     4     1     1     1     1     0.00000000
   0.020   109     5     2     2     0     1     0.00000000
   0.020   109     6     2     2     1    -1     0.00000000
   0.020   109     7     2     0     0     1     0.00000000
   0.020   109     8     2     2     1     1    -0.00000000
   0.020   109     9     2     2     2    -1    -0.00000000
   0.020   109    10     2     2     2     1    -0.00000000
   0.020   109    11     3     3     0     1     0.00000000
   0.020   109    12     3     3     1    -1     0.00000000
   0.020   109    13     3     1     0     1     0.00000000
   0.020   109    14     3     1     1    -1    -0.00000000
   0.020   109    15     3     3     1     1     0.00000000
   0.020   109    16     3     3     2    -1     0.00000000
   0.020   109    17     3     1     1     1    -0.00000000
   0.020   109    18     3     3     2     1     0.00000000
   0.020   109    19     3     3     3    -1    -0.00000000
   0.020   109    20     3     3     3     1     0.00001881
   0.020   109    21     4     4     0     1     0.00000000
   0.020   109    22     4     4     1    -1     0.00000000
   0.020   109    23     4     2     0     1     0.00000000
   0.020   109    24     4     2     1    -1     0.00000000
   0.020   109    25     4     0     0     1     0.00000000
   0.020   109    26     4     4     1     1    -0.00000000
   0.020   109    27     4     4     2    -1     0.00000000
   0.020   109    28     4     2     1     1     0.00000000
   0.020   109    29     4     2     2    -1     0.00000000
   0.020   109    30     4     4     2     1    -0.00000000
   0.020   109    31     4     4     3    -1    -0.00000000
   0.020   109    32     4     2     2     1     0.00000000
   0.020   109    33     4     4     3     1    -0.00000000
   0.020   109    34     4     4     4    -1    -0.00000000
   0.020   109    35     4     4     4     1    -0.00000000
   0.020   109    36     5     5     0     1    -0.00000000
   0.020   109    37     5     5     1    -1     0.00000000
   0.020   109    38     5     3     0     1    -0.00000000
   0.020   109    39     5     3     1    -1     0.00000000
   0.020   109    40     5     1     0     1    -0.00000000
   0.020   109    41     5     1     1    -1    -0.00000000
   0.020   109    42     5     5     1     1     0.00000000
   0.020   109    43     5     5     2    -1     0.00000000
   0.020   109    44     5     3     1     1    -0.00000000
   0.020   109    45     5     3     2    -1     0.00000000
   0.020   109    46     5     1     1     1     0.00000000
   0.020   109    47     5     5     2     1    -0.00000000
   0.020   109    48     5     5     3    -1     0.00000000
   0.020   109    49     5     3     2     1     0.00000000
   0.020   109    50     5     3     3    -1    -0.00000000
   0.020   109    51     5     5     3     1    -0.00154452
   0.020   109    52     5     5     4    -1     0.00015436
   0.020   109    53     5     3     3     1     0.00722831
   0.020   109    54     5     5     4     1    -0.00000000
   0.020   109    55     5     5     5    -1     0.00000000
   0.020   109    56     5     5     5     1    -0.00000000
   0.020   109    57     6     6     0     1     0.00000000
   0.020   109    58     6     6     1    -1     0.00000000
   0.020   109    59     6     4     0     1     0.00000000
   0.020   109    60     6     4     1    -1     0.00000000
   0.020   109    61     6     2     0     1     0.00000000
   0.020   109    62     6     2     1    -1    -0.00000000
   0.020   109    63     6     0     0     1     0.00000000
   0.020   109    64     6     6     1     1    -0.00000000
   0.020   109    65     6     6     2    -1    -0.00000000
   0.020   109    66     6     4     1     1     0.00000000
   0.020   109    67     6     4     2    -1     0.00000000
   0.020   109    68     6     2     1     1    -0.00000000
   0.020   109    69     6     2     2    -1     0.00000000
   0.020   109    70     6     6     2     1    -0.00000000
   0.020   109    71     6     6     3    -1    -0.00000000
   0.020   109    72     6     4     2     1     0.00000000
   0.020   109    73     6     4     3    -1     0.00000000
   0.020   109    74     6     2     2     1    -0.00000000
   0.020   109    75     6     6     3     1     0.00000000
   0.020   109    76     6     6     4    -1    -0.00000000
   0.020   109    77     6     4     3     1    -0.00000000
   0.020   109    78     6     4     4    -1    -0.00000000
   0.020   109    79     6     6     4     1    -0.00000000
   0.020   109    80     6     6     5    -1     0.00000000
   0.020   109    81     6     4     4     1    -0.00000000
   0.020   109    82     6     6     5     1    -0.00000000
   0.020   109    83     6     6     6    -1    -0.00000000
   0.020   109    84     6     6     6     1    -0.00000000
   0.020   109    85     7     7     0     1     0.00000000
   0.020   109    86     7     7     1    -1    -0.00000000
   0.020   109    87     7     5     0     1     0.00000000
   0.020   109    88     7     5     1    -1    -0.00000000
   0.020   109    89     7     3     0     1     0.00000000
   0.020   109    90     7     3     1    -1    -0.00000000
   0.020   109    91     7     1     0     1     0.00000000
   0.020   109    92     7     1     1    -1    -0.00000000
   0.020   109    93     7     7     1     1     0.00000000
   0.020   109    94     7     7     2    -1    -0.00000000
   0.020   109    95     7     5     1     1     0.00000000
   0.020   109    96     7     5     2    -1    -0.00000000
   0.020   109    97     7     3     1     1    -0.00000000
   0.020   109    98     7     3     2    -1     0.00000000
   0.020   109    99     7     1     1     1     0.00000000
   0.020   109   100     7     7     2     1     0.00000000
   0.020   109   101     7     7     3    -1    -0.00000000
   0.020   109   102     7     5     2     1    -0.00000000
   0.020   109   103     7     5     3    -1     0.00000000
   0.020   109   104     7     3     2     1     0.00000000
   0.020   109   105     7     3     3    -1    -0.00000000
   0.020   109   106     7     7     3     1     0.00001662
   0.020   109   107     7     7     4    -1    -0.00001124
   0.020   109   108     7     5     3     1     0.00006015
   0.020   109   109     7     5     4    -1    -0.00039245
   0.020   109   110     7     3     3     1     0.99997259
   0.020   109   111     7     7     4     1     0.00000000
   0.020   109   112     7     7     5    -1    -0.00000000
   0.020   109   113     7     5     4     1     0.00000000
   0.020   109   114     7     5     5    -1     0.00000000
   0.020   109   115     7     7     5     1    -0.00000000
   0.020   109   116     7     7     6    -1    -0.00000000
   0.020   109   117     7     5     5     1     0.00000000
   0.020   109   118     7     7     6     1     0.00000000
   0.020   109   119     7     7     7    -1     0.00000000
   0.020   109   120     7     7     7     1     0.00000000
   0.020   110     1     0     0     0     1     0.00000000
   0.020   110     2     1     1     0     1    -0.00000006
   0.020   110     3     1     1     1    -1     0.00000000
   0.020   110     4     1     1     1     1    -0.00000000
   0.020   110     5     2     2     0     1     0.00000000
   0.020   110     6     2     2     1    -1    -0.00000000
   0.020   110     7     2     0     0     1    -0.00000000
   0.020   110     8     2     2     1     1     0.00000000
   0.020   110     9     2     2     2    -1    -0.00000000
   0.020   110    10     2     2     2     1    -0.00000000
   0.020   110    11     3     3     0     1     0.00001827
   0.020   110    12     3     3     1    -1    -0.00001604
   0.020   110    13     3     1     0     1     0.00002211
   0.020   110    14     3     1     1    -1    -0.00001979
   0.020   110    15     3     3     1     1    -0.00000000
   0.020   110    16     3     3     2    -1     0.00000000
   0.020   110    17     3     1     1     1    -0.00000000
   0.020   110    18     3     3     2     1    -0.00000000
   0.020   110    19     3     3     3    -1    -0.00000000
   0.020   110    20     3     3     3     1     0.00000000
   0.020   110    21     4     4     0     1     0.00000000
   0.020   110    22     4     4     1    -1    -0.00000000
   0.020   110    23     4     2     0     1    -0.00000000
   0.020   110    24     4     2     1    -1     0.00000000
   0.020   110    25     4     0     0     1     0.00000000
   0.020   110    26     4     4     1     1    -0.00000000
   0.020   110    27     4     4     2    -1     0.00000000
   0.020   110    28     4     2     1     1     0.00000000
   0.020   110    29     4     2     2    -1     0.00000000
   0.020   110    30     4     4     2     1    -0.00000000
   0.020   110    31     4     4     3    -1    -0.00000000
   0.020   110    32     4     2     2     1     0.00000000
   0.020   110    33     4     4     3     1    -0.00000000
   0.020   110    34     4     4     4    -1    -0.00000000
   0.020   110    35     4     4     4     1    -0.00000000
   0.020   110    36     5     5     0     1    -0.00279978
   0.020   110    37     5     5     1    -1     0.00283510
   0.020   110    38     5     3     0     1    -0.00596512
   0.020   110    39     5     3     1    -1     0.00635252
   0.020   110    40     5     1     0     1     0.00000429
   0.020   110    41     5     1     1    -1    -0.00000408
   0.020   110    42     5     5     1     1    -0.00000000
   0.020   110    43     5     5     2    -1     0.00000000
   0.020   110    44     5     3     1     1    -0.00000000
   0.020   110    45     5     3     2    -1     0.00000000
   0.020   110    46     5     1     1     1     0.00000000
   0.020   110    47     5     5     2     1     0.00000000
   0.020   110    48     5     5     3    -1     0.00000000
   0.020   110    49     5     3     2     1    -0.00000000
   0.020   110    50     5     3     3    -1    -0.00000000
   0.020   110    51     5     5     3     1     0.00000000
   0.020   110    52     5     5     4    -1     0.00000000
   0.020   110    53     5     3     3     1     0.00000000
   0.020   110    54     5     5     4     1    -0.00000000
   0.020   110    55     5     5     5    -1     0.00000000
   0.020   110    56     5     5     5     1    -0.00000000
   0.020   110    57     6     6     0     1    -0.00000000
   0.020   110    58     6     6     1    -1     0.00000000
   0.020   110    59     6     4     0     1     0.00000000
   0.020   110    60     6     4     1    -1    -0.00000000
   0.020   110    61     6     2     0     1    -0.00000000
   0.020   110    62     6     2     1    -1    -0.00000000
   0.020   110    63     6     0     0     1    -0.00000000
   0.020   110    64     6     6     1     1     0.00000000
   0.020   110    65     6     6     2    -1    -0.00000000
   0.020   110    66     6     4     1     1     0.00000000
   0.020   110    67     6     4     2    -1    -0.00000000
   0.020   110    68     6     2     1     1    -0.00000000
   0.020   110    69     6     2     2    -1    -0.00000000
   0.020   110    70     6     6     2     1    -0.00000000
   0.020   110    71     6     6     3    -1     0.00000000
   0.020   110    72     6     4     2     1    -0.00000000
   0.020   110    73     6     4     3    -1     0.00000000
   0.020   110    74     6     2     2     1     0.00000000
   0.020   110    75     6     6     3     1    -0.00000000
   0.020   110    76     6     6     4    -1     0.00000000
   0.020   110    77     6     4     3     1    -0.00000000
   0.020   110    78     6     4     4    -1    -0.00000000
   0.020   110    79     6     6     4     1     0.00000000
   0.020   110    80     6     6     5    -1    -0.00000000
   0.020   110    81     6     4     4     1    -0.00000000
   0.020   110    82     6     6     5     1     0.00000000
   0.020   110    83     6     6     6    -1    -0.00000000
   0.020   110    84     6     6     6     1     0.00000000
   0.020   110    85     7     7     0     1     0.00006312
   0.020   110    86     7     7     1    -1    -0.00006569
   0.020   110    87     7     5     0     1     0.67223643
   0.020   110    88     7     5     1    -1    -0.74027428
   0.020   110    89     7     3     0     1    -0.00011526
   0.020   110    90     7     3     1    -1     0.00048345
   0.020   110    91     7     1     0     1    -0.00027780
   0.020   110    92     7     1     1    -1     0.00013039
   0.020   110    93     7     7     1     1    -0.00000000
   0.020   110    94     7     7     2    -1    -0.00000000
   0.020   110    95     7     5     1     1     0.00000000
   0.020   110    96     7     5     2    -1    -0.00000000
   0.020   110    97     7     3     1     1     0.00000000
   0.020   110    98     7     3     2    -1     0.00000000
   0.020   110    99     7     1     1     1     0.00000000
   0.020   110   100     7     7     2     1     0.00000000
   0.020   110   101     7     7     3    -1    -0.00000000
   0.020   110   102     7     5     2     1    -0.00000000
   0.020   110   103     7     5     3    -1    -0.00000000
   0.020   110   104     7     3     2     1    -0.00000000
   0.020   110   105     7     3     3    -1    -0.00000000
   0.020   110   106     7     7     3     1     0.00000000
   0.020   110   107     7     7     4    -1    -0.00000000
   0.020   110   108     7     5     3     1     0.00000000
   0.020   110   109     7     5     4    -1     0.00000000
   0.020   110   110     7     3     3     1    -0.00000000
   0.020   110   111     7     7     4     1    -0.00000000
   0.020   110   112     7     7     5    -1    -0.00000000
   0.020   110   113     7     5     4     1    -0.00000000
   0.020   110   114     7     5     5    -1    -0.00000000
   0.020   110   115     7     7     5     1     0.00000000
   0.020   110   116     7     7     6    -1     0.00000000
   0.020   110   117     7     5     5     1     0.00000000
   0.020   110   118     7     7     6     1     0.00000000
   0.020   110   119     7     7     7    -1     0.00000000
   0.020   110   120     7     7     7     1     0.00000000
   0.020   111     1     0     0     0     1     0.00000000
   0.020   111     2     1     1     0     1     0.00000000
   0.020   111     3     1     1     1    -1    -0.00000000
   0.020   111     4     1     1     1     1     0.00000000
   0.020   111     5     2     2     0     1    -0.00000000
   0.020   111     6     2     2     1    -1    -0.00000000
   0.020   111     7     2     0     0     1    -0.00000000
   0.020   111     8     2     2     1     1     0.00000000
   0.020   111     9     2     2     2    -1     0.00000000
   0.020   111    10     2     2     2     1    -0.00000000
   0.020   111    11     3     3     0     1    -0.00000000
   0.020   111    12     3     3     1    -1     0.00000000
   0.020   111    13     3     1     0     1     0.00000000
   0.020   111    14     3     1     1    -1    -0.00000000
   0.020   111    15     3     3     1     1    -0.00001155
   0.020   111    16     3     3     2    -1     0.00000418
   0.020   111    17     3     1     1     1    -0.00001450
   0.020   111    18     3     3     2     1     0.00000000
   0.020   111    19     3     3     3    -1    -0.00000000
   0.020   111    20     3     3     3     1    -0.00000000
   0.020   111    21     4     4     0     1    -0.00000000
   0.020   111    22     4     4     1    -1    -0.00000000
   0.020   111    23     4     2     0     1    -0.00000000
   0.020   111    24     4     2     1    -1     0.00000000
   0.020   111    25     4     0     0     1    -0.00000000
   0.020   111    26     4     4     1     1     0.00000000
   0.020   111    27     4     4     2    -1     0.00000000
   0.020   111    28     4     2     1     1    -0.00000000
   0.020   111    29     4     2     2    -1    -0.00000000
   0.020   111    30     4     4     2     1    -0.00000000
   0.020   111    31     4     4     3    -1    -0.00000000
   0.020   111    32     4     2     2     1     0.00000000
   0.020   111    33     4     4     3     1    -0.00000000
   0.020   111    34     4     4     4    -1    -0.00000000
   0.020   111    35     4     4     4     1    -0.00000000
   0.020   111    36     5     5     0     1    -0.00000000
   0.020   111    37     5     5     1    -1     0.00000000
   0.020   111    38     5     3     0     1    -0.00000000
   0.020   111    39     5     3     1    -1     0.00000000
   0.020   111    40     5     1     0     1    -0.00000000
   0.020   111    41     5     1     1    -1     0.00000000
   0.020   111    42     5     5     1     1     0.00216183
   0.020   111    43     5     5     2    -1    -0.00210122
   0.020   111    44     5     3     1     1     0.00490067
   0.020   111    45     5     3     2    -1    -0.00586312
   0.020   111    46     5     1     1     1     0.00000440
   0.020   111    47     5     5     2     1    -0.00000000
   0.020   111    48     5     5     3    -1    -0.00000000
   0.020   111    49     5     3     2     1     0.00000000
   0.020   111    50     5     3     3    -1     0.00000000
   0.020   111    51     5     5     3     1     0.00000000
   0.020   111    52     5     5     4    -1    -0.00000000
   0.020   111    53     5     3     3     1     0.00000000
   0.020   111    54     5     5     4     1    -0.00000000
   0.020   111    55     5     5     5    -1     0.00000000
   0.020   111    56     5     5     5     1     0.00000000
   0.020   111    57     6     6     0     1    -0.00000000
   0.020   111    58     6     6     1    -1     0.00000000
   0.020   111    59     6     4     0     1    -0.00000000
   0.020   111    60     6     4     1    -1     0.00000000
   0.020   111    61     6     2     0     1    -0.00000000
   0.020   111    62     6     2     1    -1     0.00000000
   0.020   111    63     6     0     0     1    -0.00000000
   0.020   111    64     6     6     1     1     0.00000000
   0.020   111    65     6     6     2    -1     0.00000000
   0.020   111    66     6     4     1     1     0.00000000
   0.020   111    67     6     4     2    -1    -0.00000000
   0.020   111    68     6     2     1     1     0.00000000
   0.020   111    69     6     2     2    -1    -0.00000000
   0.020   111    70     6     6     2     1    -0.00000000
   0.020   111    71     6     6     3    -1    -0.00000000
   0.020   111    72     6     4     2     1     0.00000000
   0.020   111    73     6     4     3    -1     0.00000000
   0.020   111    74     6     2     2     1    -0.00000000
   0.020   111    75     6     6     3     1     0.00000000
   0.020   111    76     6     6     4    -1    -0.00000000
   0.020   111    77     6     4     3     1     0.00000000
   0.020   111    78     6     4     4    -1    -0.00000000
   0.020   111    79     6     6     4     1    -0.00000000
   0.020   111    80     6     6     5    -1     0.00000000
   0.020   111    81     6     4     4     1    -0.00000000
   0.020   111    82     6     6     5     1     0.00000000
   0.020   111    83     6     6     6    -1    -0.00000000
   0.020   111    84     6     6     6     1     0.00000000
   0.020   111    85     7     7     0     1    -0.00000000
   0.020   111    86     7     7     1    -1     0.00000000
   0.020   111    87     7     5     0     1     0.00000000
   0.020   111    88     7     5     1    -1    -0.00000000
   0.020   111    89     7     3     0     1     0.00000000
   0.020   111    90     7     3     1    -1     0.00000000
   0.020   111    91     7     1     0     1    -0.00000000
   0.020   111    92     7     1     1    -1     0.00000000
   0.020   111    93     7     7     1     1    -0.00004344
   0.020   111    94     7     7     2    -1     0.00004771
   0.020   111    95     7     5     1     1    -0.59696125
   0.020   111    96     7     5     2    -1     0.80222781
   0.020   111    97     7     3     1     1    -0.00036431
   0.020   111    98     7     3     2    -1    -0.00038542
   0.020   111    99     7     1     1     1     0.00020263
   0.020   111   100     7     7     2     1    -0.00000000
   0.020   111   101     7     7     3    -1     0.00000000
   0.020   111   102     7     5     2     1     0.00000000
   0.020   111   103     7     5     3    -1    -0.00000000
   0.020   111   104     7     3     2     1     0.00000000
   0.020   111   105     7     3     3    -1     0.00000000
   0.020   111   106     7     7     3     1    -0.00000000
   0.020   111   107     7     7     4    -1    -0.00000000
   0.020   111   108     7     5     3     1    -0.00000000
   0.020   111   109     7     5     4    -1    -0.00000000
   0.020   111   110     7     3     3     1    -0.00000000
   0.020   111   111     7     7     4     1     0.00000000
   0.020   111   112     7     7     5    -1     0.00000000
   0.020   111   113     7     5     4     1     0.00000000
   0.020   111   114     7     5     5    -1     0.00000000
   0.020   111   115     7     7     5     1     0.00000000
   0.020   111   116     7     7     6    -1     0.00000000
   0.020   111   117     7     5     5     1    -0.00000000
   0.020   111   118     7     7     6     1     0.00000000
   0.020   111   119     7     7     7    -1     0.00000000
   0.020   111   120     7     7     7     1     0.00000000
   0.020   112     1     0     0     0     1     0.00000000
   0.020   112     2     1     1     0     1    -0.00000000
   0.020   112     3     1     1     1    -1    -0.00000000
   0.020   112     4     1     1     1     1    -0.00000000
   0.020   112     5     2     2     0     1    -0.00000000
   0.020   112     6     2     2     1    -1    -0.00000000
   0.020   112     7     2     0     0     1    -0.00000000
   0.020   112     8     2     2     1     1     0.00000000
   0.020   112     9     2     2     2    -1     0.00000000
   0.020   112    10     2     2     2     1    -0.00000000
   0.020   112    11     3     3     0     1    -0.00000000
   0.020   112    12     3     3     1    -1    -0.00000000
   0.020   112    13     3     1     0     1    -0.00000000
   0.020   112    14     3     1     1    -1     0.00000000
   0.020   112    15     3     3     1     1     0.00000000
   0.020   112    16     3     3     2    -1     0.00000000
   0.020   112    17     3     1     1     1    -0.00000000
   0.020   112    18     3     3     2     1     0.00000156
   0.020   112    19     3     3     3    -1     0.00001015
   0.020   112    20     3     3     3     1     0.00000000
   0.020   112    21     4     4     0     1    -0.00000000
   0.020   112    22     4     4     1    -1    -0.00000000
   0.020   112    23     4     2     0     1    -0.00000000
   0.020   112    24     4     2     1    -1     0.00000000
   0.020   112    25     4     0     0     1     0.00000000
   0.020   112    26     4     4     1     1     0.00000000
   0.020   112    27     4     4     2    -1    -0.00000000
   0.020   112    28     4     2     1     1    -0.00000000
   0.020   112    29     4     2     2    -1    -0.00000000
   0.020   112    30     4     4     2     1    -0.00000000
   0.020   112    31     4     4     3    -1    -0.00000000
   0.020   112    32     4     2     2     1     0.00000000
   0.020   112    33     4     4     3     1    -0.00000000
   0.020   112    34     4     4     4    -1    -0.00000000
   0.020   112    35     4     4     4     1    -0.00000000
   0.020   112    36     5     5     0     1     0.00000000
   0.020   112    37     5     5     1    -1    -0.00000000
   0.020   112    38     5     3     0     1    -0.00000000
   0.020   112    39     5     3     1    -1    -0.00000000
   0.020   112    40     5     1     0     1    -0.00000000
   0.020   112    41     5     1     1    -1     0.00000000
   0.020   112    42     5     5     1     1     0.00000000
   0.020   112    43     5     5     2    -1     0.00000000
   0.020   112    44     5     3     1     1     0.00000000
   0.020   112    45     5     3     2    -1     0.00000000
   0.020   112    46     5     1     1     1     0.00000000
   0.020   112    47     5     5     2     1    -0.00112607
   0.020   112    48     5     5     3    -1     0.00046140
   0.020   112    49     5     3     2     1    -0.00336938
   0.020   112    50     5     3     3    -1     0.00425809
   0.020   112    51     5     5     3     1     0.00000000
   0.020   112    52     5     5     4    -1    -0.00000000
   0.020   112    53     5     3     3     1    -0.00000000
   0.020   112    54     5     5     4     1     0.00000000
   0.020   112    55     5     5     5    -1    -0.00000000
   0.020   112    56     5     5     5     1     0.00000000
   0.020   112    57     6     6     0     1     0.00000000
   0.020   112    58     6     6     1    -1    -0.00000000
   0.020   112    59     6     4     0     1     0.00000000
   0.020   112    60     6     4     1    -1     0.00000000
   0.020   112    61     6     2     0     1    -0.00000000
   0.020   112    62     6     2     1    -1    -0.00000000
   0.020   112    63     6     0     0     1    -0.00000000
   0.020   112    64     6     6     1     1     0.00000000
   0.020   112    65     6     6     2    -1     0.00000000
   0.020   112    66     6     4     1     1     0.00000000
   0.020   112    67     6     4     2    -1    -0.00000000
   0.020   112    68     6     2     1     1     0.00000000
   0.020   112    69     6     2     2    -1     0.00000000
   0.020   112    70     6     6     2     1    -0.00000000
   0.020   112    71     6     6     3    -1    -0.00000000
   0.020   112    72     6     4     2     1     0.00000000
   0.020   112    73     6     4     3    -1     0.00000000
   0.020   112    74     6     2     2     1    -0.00000000
   0.020   112    75     6     6     3     1     0.00000000
   0.020   112    76     6     6     4    -1    -0.00000000
   0.020   112    77     6     4     3     1     0.00000000
   0.020   112    78     6     4     4    -1    -0.00000000
   0.020   112    79     6     6     4     1    -0.00000000
   0.020   112    80     6     6     5    -1     0.00000000
   0.020   112    81     6     4     4     1    -0.00000000
   0.020   112    82     6     6     5     1     0.00000000
   0.020   112    83     6     6     6    -1    -0.00000000
   0.020   112    84     6     6     6     1    -0.00000000
   0.020   112    85     7     7     0     1     0.00000000
   0.020   112    86     7     7     1    -1    -0.00000000
   0.020   112    87     7     5     0     1     0.00000000
   0.020   112    88     7     5     1    -1    -0.00000000
   0.020   112    89     7     3     0     1    -0.00000000
   0.020   112    90     7     3     1    -1     0.00000000
   0.020   112    91     7     1     0     1     0.00000000
   0.020   112    92     7     1     1    -1     0.00000000
   0.020   112    93     7     7     1     1    -0.00000000
   0.020   112    94     7     7     2    -1     0.00000000
   0.020   112    95     7     5     1     1     0.00000000
   0.020   112    96     7     5     2    -1    -0.00000000
   0.020   112    97     7     3     1     1    -0.00000000
   0.020   112    98     7     3     2    -1    -0.00000000
   0.020   112    99     7     1     1     1     0.00000000
   0.020   112   100     7     7     2     1     0.00001563
   0.020   112   101     7     7     3    -1    -0.00001333
   0.020   112   102     7     5     2     1     0.51231242
   0.020   112   103     7     5     3    -1    -0.85878104
   0.020   112   104     7     3     2     1     0.00038791
   0.020   112   105     7     3     3    -1    -0.00005308
   0.020   112   106     7     7     3     1    -0.00000000
   0.020   112   107     7     7     4    -1     0.00000000
   0.020   112   108     7     5     3     1    -0.00000000
   0.020   112   109     7     5     4    -1     0.00000000
   0.020   112   110     7     3     3     1     0.00000000
   0.020   112   111     7     7     4     1    -0.00000000
   0.020   112   112     7     7     5    -1     0.00000000
   0.020   112   113     7     5     4     1    -0.00000000
   0.020   112   114     7     5     5    -1    -0.00000000
   0.020   112   115     7     7     5     1    -0.00000000
   0.020   112   116     7     7     6    -1    -0.00000000
   0.020   112   117     7     5     5     1    -0.00000000
   0.020   112   118     7     7     6     1     0.00000000
   0.020   112   119     7     7     7    -1     0.00000000
   0.020   112   120     7     7     7     1     0.00000000
   0.020   113     1     0     0     0     1    -0.00000000
   0.020   113     2     1     1     0     1     0.00000000
   0.020   113     3     1     1     1    -1    -0.00000000
   0.020   113     4     1     1     1     1     0.00000000
   0.020   113     5     2     2     0     1    -0.00000000
   0.020   113     6     2     2     1    -1    -0.00000000
   0.020   113     7     2     0     0     1    -0.00000000
   0.020   113     8     2     2     1     1     0.00000000
   0.020   113     9     2     2     2    -1     0.00000000
   0.020   113    10     2     2     2     1     0.00000000
   0.020   113    11     3     3     0     1     0.00000000
   0.020   113    12     3     3     1    -1     0.00000000
   0.020   113    13     3     1     0     1     0.00000000
   0.020   113    14     3     1     1    -1     0.00000000
   0.020   113    15     3     3     1     1    -0.00000000
   0.020   113    16     3     3     2    -1    -0.00000000
   0.020   113    17     3     1     1     1    -0.00000000
   0.020   113    18     3     3     2     1     0.00000000
   0.020   113    19     3     3     3    -1     0.00000000
   0.020   113    20     3     3     3     1    -0.00000388
   0.020   113    21     4     4     0     1     0.00000000
   0.020   113    22     4     4     1    -1    -0.00000000
   0.020   113    23     4     2     0     1     0.00000000
   0.020   113    24     4     2     1    -1    -0.00000000
   0.020   113    25     4     0     0     1     0.00000000
   0.020   113    26     4     4     1     1     0.00000000
   0.020   113    27     4     4     2    -1    -0.00000000
   0.020   113    28     4     2     1     1     0.00000000
   0.020   113    29     4     2     2    -1    -0.00000000
   0.020   113    30     4     4     2     1     0.00000000
   0.020   113    31     4     4     3    -1     0.00000000
   0.020   113    32     4     2     2     1    -0.00000000
   0.020   113    33     4     4     3     1     0.00000000
   0.020   113    34     4     4     4    -1     0.00000000
   0.020   113    35     4     4     4     1     0.00000000
   0.020   113    36     5     5     0     1     0.00000000
   0.020   113    37     5     5     1    -1    -0.00000000
   0.020   113    38     5     3     0     1     0.00000000
   0.020   113    39     5     3     1    -1    -0.00000000
   0.020   113    40     5     1     0     1     0.00000000
   0.020   113    41     5     1     1    -1     0.00000000
   0.020   113    42     5     5     1     1     0.00000000
   0.020   113    43     5     5     2    -1     0.00000000
   0.020   113    44     5     3     1     1     0.00000000
   0.020   113    45     5     3     2    -1    -0.00000000
   0.020   113    46     5     1     1     1    -0.00000000
   0.020   113    47     5     5     2     1    -0.00000000
   0.020   113    48     5     5     3    -1    -0.00000000
   0.020   113    49     5     3     2     1    -0.00000000
   0.020   113    50     5     3     3    -1     0.00000000
   0.020   113    51     5     5     3     1     0.00004168
   0.020   113    52     5     5     4    -1    -0.00219241
   0.020   113    53     5     3     3     1    -0.00164746
   0.020   113    54     5     5     4     1    -0.00000000
   0.020   113    55     5     5     5    -1    -0.00000000
   0.020   113    56     5     5     5     1     0.00000000
   0.020   113    57     6     6     0     1    -0.00000000
   0.020   113    58     6     6     1    -1    -0.00000000
   0.020   113    59     6     4     0     1    -0.00000000
   0.020   113    60     6     4     1    -1    -0.00000000
   0.020   113    61     6     2     0     1    -0.00000000
   0.020   113    62     6     2     1    -1    -0.00000000
   0.020   113    63     6     0     0     1    -0.00000000
   0.020   113    64     6     6     1     1     0.00000000
   0.020   113    65     6     6     2    -1     0.00000000
   0.020   113    66     6     4     1     1     0.00000000
   0.020   113    67     6     4     2    -1     0.00000000
   0.020   113    68     6     2     1     1    -0.00000000
   0.020   113    69     6     2     2    -1    -0.00000000
   0.020   113    70     6     6     2     1     0.00000000
   0.020   113    71     6     6     3    -1     0.00000000
   0.020   113    72     6     4     2     1    -0.00000000
   0.020   113    73     6     4     3    -1    -0.00000000
   0.020   113    74     6     2     2     1     0.00000000
   0.020   113    75     6     6     3     1     0.00000000
   0.020   113    76     6     6     4    -1     0.00000000
   0.020   113    77     6     4     3     1    -0.00000000
   0.020   113    78     6     4     4    -1     0.00000000
   0.020   113    79     6     6     4     1     0.00000000
   0.020   113    80     6     6     5    -1     0.00000000
   0.020   113    81     6     4     4     1    -0.00000000
   0.020   113    82     6     6     5     1    -0.00000000
   0.020   113    83     6     6     6    -1    -0.00000000
   0.020   113    84     6     6     6     1    -0.00000000
   0.020   113    85     7     7     0     1     0.00000000
   0.020   113    86     7     7     1    -1    -0.00000000
   0.020   113    87     7     5     0     1    -0.00000000
   0.020   113    88     7     5     1    -1     0.00000000
   0.020   113    89     7     3     0     1    -0.00000000
   0.020   113    90     7     3     1    -1     0.00000000
   0.020   113    91     7     1     0     1    -0.00000000
   0.020   113    92     7     1     1    -1     0.00000000
   0.020   113    93     7     7     1     1     0.00000000
   0.020   113    94     7     7     2    -1     0.00000000
   0.020   113    95     7     5     1     1    -0.00000000
   0.020   113    96     7     5     2    -1     0.00000000
   0.020   113    97     7     3     1     1     0.00000000
   0.020   113    98     7     3     2    -1    -0.00000000
   0.020   113    99     7     1     1     1    -0.00000000
   0.020   113   100     7     7     2     1     0.00000000
   0.020   113   101     7     7     3    -1    -0.00000000
   0.020   113   102     7     5     2     1     0.00000000
   0.020   113   103     7     5     3    -1    -0.00000000
   0.020   113   104     7     3     2     1     0.00000000
   0.020   113   105     7     3     3    -1     0.00000000
   0.020   113   106     7     7     3     1    -0.00000860
   0.020   113   107     7     7     4    -1     0.00002495
   0.020   113   108     7     5     3     1     0.41376822
   0.020   113   109     7     5     4    -1    -0.91037805
   0.020   113   110     7     3     3     1    -0.00036986
   0.020   113   111     7     7     4     1     0.00000000
   0.020   113   112     7     7     5    -1    -0.00000000
   0.020   113   113     7     5     4     1    -0.00000000
   0.020   113   114     7     5     5    -1    -0.00000000
   0.020   113   115     7     7     5     1     0.00000000
   0.020   113   116     7     7     6    -1     0.00000000
   0.020   113   117     7     5     5     1    -0.00000000
   0.020   113   118     7     7     6     1     0.00000000
   0.020   113   119     7     7     7    -1     0.00000000
   0.020   113   120     7     7     7     1     0.00000000
   0.020   114     1     0     0     0     1     0.00000000
   0.020   114     2     1     1     0     1    -0.00000000
   0.020   114     3     1     1     1    -1    -0.00000000
   0.020   114     4     1     1     1     1     0.00000000
   0.020   114     5     2     2     0     1     0.00000000
   0.020   114     6     2     2     1    -1     0.00000000
   0.020   114     7     2     0     0     1     0.00000000
   0.020   114     8     2     2     1     1    -0.00000000
   0.020   114     9     2     2     2    -1    -0.00000000
   0.020   114    10     2     2     2     1     0.00000000
   0.020   114    11     3     3     0     1    -0.00000000
   0.020   114    12     3     3     1    -1     0.00000000
   0.020   114    13     3     1     0     1    -0.00000000
   0.020   114    14     3     1     1    -1     0.00000000
   0.020   114    15     3     3     1     1    -0.00000000
   0.020   114    16     3     3     2    -1     0.00000000
   0.020   114    17     3     1     1     1     0.00000000
   0.020   114    18     3     3     2     1     0.00000000
   0.020   114    19     3     3     3    -1    -0.00000000
   0.020   114    20     3     3     3     1     0.00000000
   0.020   114    21     4     4     0     1     0.00000000
   0.020   114    22     4     4     1    -1     0.00000000
   0.020   114    23     4     2     0     1     0.00000000
   0.020   114    24     4     2     1    -1     0.00000000
   0.020   114    25     4     0     0     1     0.00000000
   0.020   114    26     4     4     1     1    -0.00000000
   0.020   114    27     4     4     2    -1    -0.00000000
   0.020   114    28     4     2     1     1     0.00000000
   0.020   114    29     4     2     2    -1     0.00000000
   0.020   114    30     4     4     2     1     0.00000000
   0.020   114    31     4     4     3    -1     0.00000000
   0.020   114    32     4     2     2     1    -0.00000000
   0.020   114    33     4     4     3     1    -0.00000000
   0.020   114    34     4     4     4    -1    -0.00000000
   0.020   114    35     4     4     4     1    -0.00000000
   0.020   114    36     5     5     0     1    -0.00000000
   0.020   114    37     5     5     1    -1    -0.00000000
   0.020   114    38     5     3     0     1    -0.00000000
   0.020   114    39     5     3     1    -1    -0.00000000
   0.020   114    40     5     1     0     1    -0.00000000
   0.020   114    41     5     1     1    -1     0.00000000
   0.020   114    42     5     5     1     1     0.00000000
   0.020   114    43     5     5     2    -1    -0.00000000
   0.020   114    44     5     3     1     1     0.00000000
   0.020   114    45     5     3     2    -1    -0.00000000
   0.020   114    46     5     1     1     1    -0.00000000
   0.020   114    47     5     5     2     1     0.00000000
   0.020   114    48     5     5     3    -1     0.00000000
   0.020   114    49     5     3     2     1    -0.00000000
   0.020   114    50     5     3     3    -1     0.00000000
   0.020   114    51     5     5     3     1     0.00000000
   0.020   114    52     5     5     4    -1     0.00000000
   0.020   114    53     5     3     3     1    -0.00000000
   0.020   114    54     5     5     4     1     0.00094106
   0.020   114    55     5     5     5    -1    -0.00593728
   0.020   114    56     5     5     5     1     0.00000000
   0.020   114    57     6     6     0     1     0.00000000
   0.020   114    58     6     6     1    -1     0.00000000
   0.020   114    59     6     4     0     1     0.00000000
   0.020   114    60     6     4     1    -1     0.00000000
   0.020   114    61     6     2     0     1     0.00000000
   0.020   114    62     6     2     1    -1     0.00000000
   0.020   114    63     6     0     0     1     0.00000000
   0.020   114    64     6     6     1     1     0.00000000
   0.020   114    65     6     6     2    -1    -0.00000000
   0.020   114    66     6     4     1     1    -0.00000000
   0.020   114    67     6     4     2    -1    -0.00000000
   0.020   114    68     6     2     1     1     0.00000000
   0.020   114    69     6     2     2    -1     0.00000000
   0.020   114    70     6     6     2     1     0.00000000
   0.020   114    71     6     6     3    -1    -0.00000000
   0.020   114    72     6     4     2     1    -0.00000000
   0.020   114    73     6     4     3    -1    -0.00000000
   0.020   114    74     6     2     2     1    -0.00000000
   0.020   114    75     6     6     3     1    -0.00000000
   0.020   114    76     6     6     4    -1    -0.00000000
   0.020   114    77     6     4     3     1    -0.00000000
   0.020   114    78     6     4     4    -1     0.00000000
   0.020   114    79     6     6     4     1    -0.00000000
   0.020   114    80     6     6     5    -1    -0.00000000
   0.020   114    81     6     4     4     1     0.00000000
   0.020   114    82     6     6     5     1     0.00000000
   0.020   114    83     6     6     6    -1     0.00000000
   0.020   114    84     6     6     6     1    -0.00000000
   0.020   114    85     7     7     0     1     0.00000000
   0.020   114    86     7     7     1    -1    -0.00000000
   0.020   114    87     7     5     0     1    -0.00000000
   0.020   114    88     7     5     1    -1    -0.00000000
   0.020   114    89     7     3     0     1    -0.00000000
   0.020   114    90     7     3     1    -1    -0.00000000
   0.020   114    91     7     1     0     1    -0.00000000
   0.020   114    92     7     1     1    -1    -0.00000000
   0.020   114    93     7     7     1     1    -0.00000000
   0.020   114    94     7     7     2    -1     0.00000000
   0.020   114    95     7     5     1     1    -0.00000000
   0.020   114    96     7     5     2    -1    -0.00000000
   0.020   114    97     7     3     1     1     0.00000000
   0.020   114    98     7     3     2    -1     0.00000000
   0.020   114    99     7     1     1     1    -0.00000000
   0.020   114   100     7     7     2     1     0.00000000
   0.020   114   101     7     7     3    -1     0.00000000
   0.020   114   102     7     5     2     1    -0.00000000
   0.020   114   103     7     5     3    -1     0.00000000
   0.020   114   104     7     3     2     1    -0.00000000
   0.020   114   105     7     3     3    -1     0.00000000
   0.020   114   106     7     7     3     1    -0.00000000
   0.020   114   107     7     7     4    -1     0.00000000
   0.020   114   108     7     5     3     1    -0.00000000
   0.020   114   109     7     5     4    -1     0.00000000
   0.020   114   110     7     3     3     1     0.00000000
   0.020   114   111     7     7     4     1    -0.00001830
   0.020   114   112     7     7     5    -1     0.00004632
   0.020   114   113     7     5     4     1     0.28890756
   0.020   114   114     7     5     5    -1    -0.95733812
   0.020   114   115     7     7     5     1    -0.00000000
   0.020   114   116     7     7     6    -1    -0.00000000
   0.020   114   117     7     5     5     1     0.00000000
   0.020   114   118     7     7     6     1     0.00000000
   0.020   114   119     7     7     7    -1     0.00000000
   0.020   114   120     7     7     7     1     0.00000000
   0.020   115     1     0     0     0     1     0.00000000
   0.020   115     2     1     1     0     1    -0.00000010
   0.020   115     3     1     1     1    -1     0.00000001
   0.020   115     4     1     1     1     1    -0.00000000
   0.020   115     5     2     2     0     1     0.00000000
   0.020   115     6     2     2     1    -1     0.00000000
   0.020   115     7     2     0     0     1    -0.00000000
   0.020   115     8     2     2     1     1     0.00000000
   0.020   115     9     2     2     2    -1     0.00000000
   0.020   115    10     2     2     2     1     0.00000000
   0.020   115    11     3     3     0     1     0.00002609
   0.020   115    12     3     3     1    -1    -0.00000256
   0.020   115    13     3     1     0     1     0.00005045
   0.020   115    14     3     1     1    -1     0.00000860
   0.020   115    15     3     3     1     1    -0.00000000
   0.020   115    16     3     3     2    -1    -0.00000000
   0.020   115    17     3     1     1     1    -0.00000000
   0.020   115    18     3     3     2     1    -0.00000000
   0.020   115    19     3     3     3    -1     0.00000000
   0.020   115    20     3     3     3     1     0.00000000
   0.020   115    21     4     4     0     1     0.00000000
   0.020   115    22     4     4     1    -1    -0.00000000
   0.020   115    23     4     2     0     1     0.00000000
   0.020   115    24     4     2     1    -1     0.00000000
   0.020   115    25     4     0     0     1     0.00000000
   0.020   115    26     4     4     1     1     0.00000000
   0.020   115    27     4     4     2    -1    -0.00000000
   0.020   115    28     4     2     1     1     0.00000000
   0.020   115    29     4     2     2    -1    -0.00000000
   0.020   115    30     4     4     2     1     0.00000000
   0.020   115    31     4     4     3    -1    -0.00000000
   0.020   115    32     4     2     2     1    -0.00000000
   0.020   115    33     4     4     3     1    -0.00000000
   0.020   115    34     4     4     4    -1     0.00000000
   0.020   115    35     4     4     4     1    -0.00000000
   0.020   115    36     5     5     0     1     0.00000491
   0.020   115    37     5     5     1    -1    -0.00000811
   0.020   115    38     5     3     0     1    -0.00519904
   0.020   115    39     5     3     1    -1    -0.00168316
   0.020   115    40     5     1     0     1    -0.00912112
   0.020   115    41     5     1     1    -1     0.00255702
   0.020   115    42     5     5     1     1     0.00000000
   0.020   115    43     5     5     2    -1     0.00000000
   0.020   115    44     5     3     1     1     0.00000000
   0.020   115    45     5     3     2    -1     0.00000000
   0.020   115    46     5     1     1     1     0.00000000
   0.020   115    47     5     5     2     1     0.00000000
   0.020   115    48     5     5     3    -1     0.00000000
   0.020   115    49     5     3     2     1    -0.00000000
   0.020   115    50     5     3     3    -1     0.00000000
   0.020   115    51     5     5     3     1     0.00000000
   0.020   115    52     5     5     4    -1    -0.00000000
   0.020   115    53     5     3     3     1     0.00000000
   0.020   115    54     5     5     4     1    -0.00000000
   0.020   115    55     5     5     5    -1    -0.00000000
   0.020   115    56     5     5     5     1     0.00000000
   0.020   115    57     6     6     0     1    -0.00000000
   0.020   115    58     6     6     1    -1     0.00000000
   0.020   115    59     6     4     0     1     0.00000000
   0.020   115    60     6     4     1    -1    -0.00000000
   0.020   115    61     6     2     0     1     0.00000000
   0.020   115    62     6     2     1    -1    -0.00000000
   0.020   115    63     6     0     0     1     0.00000000
   0.020   115    64     6     6     1     1     0.00000000
   0.020   115    65     6     6     2    -1    -0.00000000
   0.020   115    66     6     4     1     1    -0.00000000
   0.020   115    67     6     4     2    -1     0.00000000
   0.020   115    68     6     2     1     1    -0.00000000
   0.020   115    69     6     2     2    -1    -0.00000000
   0.020   115    70     6     6     2     1    -0.00000000
   0.020   115    71     6     6     3    -1     0.00000000
   0.020   115    72     6     4     2     1    -0.00000000
   0.020   115    73     6     4     3    -1     0.00000000
   0.020   115    74     6     2     2     1    -0.00000000
   0.020   115    75     6     6     3     1    -0.00000000
   0.020   115    76     6     6     4    -1    -0.00000000
   0.020   115    77     6     4     3     1    -0.00000000
   0.020   115    78     6     4     4    -1     0.00000000
   0.020   115    79     6     6     4     1     0.00000000
   0.020   115    80     6     6     5    -1    -0.00000000
   0.020   115    81     6     4     4     1     0.00000000
   0.020   115    82     6     6     5     1    -0.00000000
   0.020   115    83     6     6     6    -1     0.00000000
   0.020   115    84     6     6     6     1     0.00000000
   0.020   115    85     7     7     0     1    -0.00000009
   0.020   115    86     7     7     1    -1     0.00000011
   0.020   115    87     7     5     0     1     0.00019314
   0.020   115    88     7     5     1    -1    -0.00006022
   0.020   115    89     7     3     0     1    -0.00172429
   0.020   115    90     7     3     1    -1     0.00289000
   0.020   115    91     7     1     0     1     0.90551105
   0.020   115    92     7     1     1    -1     0.42416833
   0.020   115    93     7     7     1     1     0.00000000
   0.020   115    94     7     7     2    -1    -0.00000000
   0.020   115    95     7     5     1     1    -0.00000000
   0.020   115    96     7     5     2    -1     0.00000000
   0.020   115    97     7     3     1     1     0.00000000
   0.020   115    98     7     3     2    -1    -0.00000000
   0.020   115    99     7     1     1     1    -0.00000000
   0.020   115   100     7     7     2     1    -0.00000000
   0.020   115   101     7     7     3    -1     0.00000000
   0.020   115   102     7     5     2     1    -0.00000000
   0.020   115   103     7     5     3    -1     0.00000000
   0.020   115   104     7     3     2     1    -0.00000000
   0.020   115   105     7     3     3    -1    -0.00000000
   0.020   115   106     7     7     3     1    -0.00000000
   0.020   115   107     7     7     4    -1     0.00000000
   0.020   115   108     7     5     3     1     0.00000000
   0.020   115   109     7     5     4    -1     0.00000000
   0.020   115   110     7     3     3     1    -0.00000000
   0.020   115   111     7     7     4     1     0.00000000
   0.020   115   112     7     7     5    -1     0.00000000
   0.020   115   113     7     5     4     1     0.00000000
   0.020   115   114     7     5     5    -1     0.00000000
   0.020   115   115     7     7     5     1    -0.00000000
   0.020   115   116     7     7     6    -1    -0.00000000
   0.020   115   117     7     5     5     1    -0.00000000
   0.020   115   118     7     7     6     1     0.00000000
   0.020   115   119     7     7     7    -1     0.00000000
   0.020   115   120     7     7     7     1     0.00000000
   0.020   116     1     0     0     0     1    -0.00000000
   0.020   116     2     1     1     0     1     0.00000000
   0.020   116     3     1     1     1    -1     0.00000000
   0.020   116     4     1     1     1     1     0.00000002
   0.020   116     5     2     2     0     1    -0.00000000
   0.020   116     6     2     2     1    -1    -0.00000000
   0.020   116     7     2     0     0     1    -0.00000000
   0.020   116     8     2     2     1     1     0.00000000
   0.020   116     9     2     2     2    -1     0.00000000
   0.020   116    10     2     2     2     1     0.00000000
   0.020   116    11     3     3     0     1     0.00000000
   0.020   116    12     3     3     1    -1    -0.00000000
   0.020   116    13     3     1     0     1     0.00000000
   0.020   116    14     3     1     1    -1     0.00000000
   0.020   116    15     3     3     1     1    -0.00000076
   0.020   116    16     3     3     2    -1     0.00000003
   0.020   116    17     3     1     1     1     0.00002145
   0.020   116    18     3     3     2     1    -0.00000000
   0.020   116    19     3     3     3    -1     0.00000000
   0.020   116    20     3     3     3     1    -0.00000000
   0.020   116    21     4     4     0     1    -0.00000000
   0.020   116    22     4     4     1    -1    -0.00000000
   0.020   116    23     4     2     0     1     0.00000000
   0.020   116    24     4     2     1    -1    -0.00000000
   0.020   116    25     4     0     0     1    -0.00000000
   0.020   116    26     4     4     1     1     0.00000000
   0.020   116    27     4     4     2    -1     0.00000000
   0.020   116    28     4     2     1     1     0.00000000
   0.020   116    29     4     2     2    -1    -0.00000000
   0.020   116    30     4     4     2     1     0.00000000
   0.020   116    31     4     4     3    -1     0.00000000
   0.020   116    32     4     2     2     1    -0.00000000
   0.020   116    33     4     4     3     1    -0.00000000
   0.020   116    34     4     4     4    -1    -0.00000000
   0.020   116    35     4     4     4     1    -0.00000000
   0.020   116    36     5     5     0     1    -0.00000000
   0.020   116    37     5     5     1    -1     0.00000000
   0.020   116    38     5     3     0     1    -0.00000000
   0.020   116    39     5     3     1    -1     0.00000000
   0.020   116    40     5     1     0     1    -0.00000000
   0.020   116    41     5     1     1    -1     0.00000000
   0.020   116    42     5     5     1     1    -0.00000162
   0.020   116    43     5     5     2    -1     0.00000219
   0.020   116    44     5     3     1     1    -0.00464057
   0.020   116    45     5     3     2    -1     0.00034953
   0.020   116    46     5     1     1     1     0.00487019
   0.020   116    47     5     5     2     1    -0.00000000
   0.020   116    48     5     5     3    -1     0.00000000
   0.020   116    49     5     3     2     1     0.00000000
   0.020   116    50     5     3     3    -1     0.00000000
   0.020   116    51     5     5     3     1    -0.00000000
   0.020   116    52     5     5     4    -1     0.00000000
   0.020   116    53     5     3     3     1    -0.00000000
   0.020   116    54     5     5     4     1    -0.00000000
   0.020   116    55     5     5     5    -1    -0.00000000
   0.020   116    56     5     5     5     1     0.00000000
   0.020   116    57     6     6     0     1    -0.00000000
   0.020   116    58     6     6     1    -1     0.00000000
   0.020   116    59     6     4     0     1    -0.00000000
   0.020   116    60     6     4     1    -1    -0.00000000
   0.020   116    61     6     2     0     1    -0.00000000
   0.020   116    62     6     2     1    -1    -0.00000000
   0.020   116    63     6     0     0     1    -0.00000000
   0.020   116    64     6     6     1     1     0.00000000
   0.020   116    65     6     6     2    -1     0.00000000
   0.020   116    66     6     4     1     1    -0.00000000
   0.020   116    67     6     4     2    -1     0.00000000
   0.020   116    68     6     2     1     1    -0.00000000
   0.020   116    69     6     2     2    -1    -0.00000000
   0.020   116    70     6     6     2     1     0.00000000
   0.020   116    71     6     6     3    -1     0.00000000
   0.020   116    72     6     4     2     1    -0.00000000
   0.020   116    73     6     4     3    -1    -0.00000000
   0.020   116    74     6     2     2     1    -0.00000000
   0.020   116    75     6     6     3     1     0.00000000
   0.020   116    76     6     6     4    -1     0.00000000
   0.020   116    77     6     4     3     1    -0.00000000
   0.020   116    78     6     4     4    -1    -0.00000000
   0.020   116    79     6     6     4     1    -0.00000000
   0.020   116    80     6     6     5    -1     0.00000000
   0.020   116    81     6     4     4     1    -0.00000000
   0.020   116    82     6     6     5     1     0.00000000
   0.020   116    83     6     6     6    -1    -0.00000000
   0.020   116    84     6     6     6     1    -0.00000000
   0.020   116    85     7     7     0     1     0.00000000
   0.020   116    86     7     7     1    -1    -0.00000000
   0.020   116    87     7     5     0     1    -0.00000000
   0.020   116    88     7     5     1    -1     0.00000000
   0.020   116    89     7     3     0     1     0.00000000
   0.020   116    90     7     3     1    -1    -0.00000000
   0.020   116    91     7     1     0     1     0.00000000
   0.020   116    92     7     1     1    -1    -0.00000000
   0.020   116    93     7     7     1     1     0.00000002
   0.020   116    94     7     7     2    -1    -0.00000003
   0.020   116    95     7     5     1     1     0.00015928
   0.020   116    96     7     5     2    -1    -0.00010338
   0.020   116    97     7     3     1     1     0.00036824
   0.020   116    98     7     3     2    -1    -0.00080036
   0.020   116    99     7     1     1     1     0.99997691
   0.020   116   100     7     7     2     1     0.00000000
   0.020   116   101     7     7     3    -1    -0.00000000
   0.020   116   102     7     5     2     1    -0.00000000
   0.020   116   103     7     5     3    -1     0.00000000
   0.020   116   104     7     3     2     1    -0.00000000
   0.020   116   105     7     3     3    -1     0.00000000
   0.020   116   106     7     7     3     1     0.00000000
   0.020   116   107     7     7     4    -1    -0.00000000
   0.020   116   108     7     5     3     1    -0.00000000
   0.020   116   109     7     5     4    -1    -0.00000000
   0.020   116   110     7     3     3     1    -0.00000000
   0.020   116   111     7     7     4     1     0.00000000
   0.020   116   112     7     7     5    -1    -0.00000000
   0.020   116   113     7     5     4     1     0.00000000
   0.020   116   114     7     5     5    -1     0.00000000
   0.020   116   115     7     7     5     1     0.00000000
   0.020   116   116     7     7     6    -1     0.00000000
   0.020   116   117     7     5     5     1     0.00000000
   0.020   116   118     7     7     6     1     0.00000000
   0.020   116   119     7     7     7    -1     0.00000000
   0.020   116   120     7     7     7     1     0.00000000
   0.020   117     1     0     0     0     1    -0.00000000
   0.020   117     2     1     1     0     1    -0.00000008
   0.020   117     3     1     1     1    -1     0.00000002
   0.020   117     4     1     1     1     1    -0.00000000
   0.020   117     5     2     2     0     1    -0.00000000
   0.020   117     6     2     2     1    -1    -0.00000000
   0.020   117     7     2     0     0     1     0.00000000
   0.020   117     8     2     2     1     1     0.00000000
   0.020   117     9     2     2     2    -1    -0.00000000
   0.020   117    10     2     2     2     1     0.00000000
   0.020   117    11     3     3     0     1     0.00002311
   0.020   117    12     3     3     1    -1    -0.00001964
   0.020   117    13     3     1     0     1     0.00003554
   0.020   117    14     3     1     1    -1     0.00000157
   0.020   117    15     3     3     1     1    -0.00000000
   0.020   117    16     3     3     2    -1     0.00000000
   0.020   117    17     3     1     1     1    -0.00000000
   0.020   117    18     3     3     2     1    -0.00000000
   0.020   117    19     3     3     3    -1    -0.00000000
   0.020   117    20     3     3     3     1    -0.00000000
   0.020   117    21     4     4     0     1     0.00000000
   0.020   117    22     4     4     1    -1    -0.00000000
   0.020   117    23     4     2     0     1     0.00000000
   0.020   117    24     4     2     1    -1    -0.00000000
   0.020   117    25     4     0     0     1     0.00000000
   0.020   117    26     4     4     1     1    -0.00000000
   0.020   117    27     4     4     2    -1    -0.00000000
   0.020   117    28     4     2     1     1     0.00000000
   0.020   117    29     4     2     2    -1     0.00000000
   0.020   117    30     4     4     2     1     0.00000000
   0.020   117    31     4     4     3    -1     0.00000000
   0.020   117    32     4     2     2     1     0.00000000
   0.020   117    33     4     4     3     1     0.00000000
   0.020   117    34     4     4     4    -1     0.00000000
   0.020   117    35     4     4     4     1     0.00000000
   0.020   117    36     5     5     0     1    -0.00199217
   0.020   117    37     5     5     1    -1     0.00222177
   0.020   117    38     5     3     0     1    -0.00370514
   0.020   117    39     5     3     1    -1     0.00339523
   0.020   117    40     5     1     0     1    -0.00649249
   0.020   117    41     5     1     1    -1     0.00657356
   0.020   117    42     5     5     1     1     0.00000000
   0.020   117    43     5     5     2    -1    -0.00000000
   0.020   117    44     5     3     1     1     0.00000000
   0.020   117    45     5     3     2    -1     0.00000000
   0.020   117    46     5     1     1     1    -0.00000000
   0.020   117    47     5     5     2     1    -0.00000000
   0.020   117    48     5     5     3    -1     0.00000000
   0.020   117    49     5     3     2     1     0.00000000
   0.020   117    50     5     3     3    -1    -0.00000000
   0.020   117    51     5     5     3     1     0.00000000
   0.020   117    52     5     5     4    -1     0.00000000
   0.020   117    53     5     3     3     1     0.00000000
   0.020   117    54     5     5     4     1    -0.00000000
   0.020   117    55     5     5     5    -1     0.00000000
   0.020   117    56     5     5     5     1    -0.00000000
   0.020   117    57     6     6     0     1     0.00000000
   0.020   117    58     6     6     1    -1    -0.00000000
   0.020   117    59     6     4     0     1    -0.00000000
   0.020   117    60     6     4     1    -1     0.00000000
   0.020   117    61     6     2     0     1    -0.00000000
   0.020   117    62     6     2     1    -1    -0.00000000
   0.020   117    63     6     0     0     1     0.00000000
   0.020   117    64     6     6     1     1     0.00000000
   0.020   117    65     6     6     2    -1    -0.00000000
   0.020   117    66     6     4     1     1    -0.00000000
   0.020   117    67     6     4     2    -1    -0.00000000
   0.020   117    68     6     2     1     1     0.00000000
   0.020   117    69     6     2     2    -1    -0.00000000
   0.020   117    70     6     6     2     1    -0.00000000
   0.020   117    71     6     6     3    -1     0.00000000
   0.020   117    72     6     4     2     1    -0.00000000
   0.020   117    73     6     4     3    -1     0.00000000
   0.020   117    74     6     2     2     1     0.00000000
   0.020   117    75     6     6     3     1    -0.00000000
   0.020   117    76     6     6     4    -1     0.00000000
   0.020   117    77     6     4     3     1    -0.00000000
   0.020   117    78     6     4     4    -1    -0.00000000
   0.020   117    79     6     6     4     1     0.00000000
   0.020   117    80     6     6     5    -1    -0.00000000
   0.020   117    81     6     4     4     1     0.00000000
   0.020   117    82     6     6     5     1    -0.00000000
   0.020   117    83     6     6     6    -1     0.00000000
   0.020   117    84     6     6     6     1    -0.00000000
   0.020   117    85     7     7     0     1     0.00002857
   0.020   117    86     7     7     1    -1    -0.00003084
   0.020   117    87     7     5     0     1     0.00027043
   0.020   117    88     7     5     1    -1    -0.00027899
   0.020   117    89     7     3     0     1     0.64662025
   0.020   117    90     7     3     1    -1    -0.76272669
   0.020   117    91     7     1     0     1     0.00277052
   0.020   117    92     7     1     1    -1     0.00169953
   0.020   117    93     7     7     1     1    -0.00000000
   0.020   117    94     7     7     2    -1     0.00000000
   0.020   117    95     7     5     1     1     0.00000000
   0.020   117    96     7     5     2    -1    -0.00000000
   0.020   117    97     7     3     1     1    -0.00000000
   0.020   117    98     7     3     2    -1     0.00000000
   0.020   117    99     7     1     1     1    -0.00000000
   0.020   117   100     7     7     2     1    -0.00000000
   0.020   117   101     7     7     3    -1     0.00000000
   0.020   117   102     7     5     2     1    -0.00000000
   0.020   117   103     7     5     3    -1    -0.00000000
   0.020   117   104     7     3     2     1     0.00000000
   0.020   117   105     7     3     3    -1     0.00000000
   0.020   117   106     7     7     3     1    -0.00000000
   0.020   117   107     7     7     4    -1     0.00000000
   0.020   117   108     7     5     3     1     0.00000000
   0.020   117   109     7     5     4    -1     0.00000000
   0.020   117   110     7     3     3     1     0.00000000
   0.020   117   111     7     7     4     1     0.00000000
   0.020   117   112     7     7     5    -1     0.00000000
   0.020   117   113     7     5     4     1     0.00000000
   0.020   117   114     7     5     5    -1     0.00000000
   0.020   117   115     7     7     5     1     0.00000000
   0.020   117   116     7     7     6    -1     0.00000000
   0.020   117   117     7     5     5     1     0.00000000
   0.020   117   118     7     7     6     1     0.00000000
   0.020   117   119     7     7     7    -1     0.00000000
   0.020   117   120     7     7     7     1     0.00000000
   0.020   118     1     0     0     0     1    -0.00000000
   0.020   118     2     1     1     0     1     0.00000000
   0.020   118     3     1     1     1    -1     0.00000000
   0.020   118     4     1     1     1     1     0.00000001
   0.020   118     5     2     2     0     1     0.00000000
   0.020   118     6     2     2     1    -1    -0.00000000
   0.020   118     7     2     0     0     1     0.00000000
   0.020   118     8     2     2     1     1    -0.00000000
   0.020   118     9     2     2     2    -1    -0.00000000
   0.020   118    10     2     2     2     1    -0.00000000
   0.020   118    11     3     3     0     1     0.00000000
   0.020   118    12     3     3     1    -1     0.00000000
   0.020   118    13     3     1     0     1    -0.00000000
   0.020   118    14     3     1     1    -1    -0.00000000
   0.020   118    15     3     3     1     1    -0.00001130
   0.020   118    16     3     3     2    -1     0.00000385
   0.020   118    17     3     1     1     1     0.00000153
   0.020   118    18     3     3     2     1    -0.00000000
   0.020   118    19     3     3     3    -1     0.00000000
   0.020   118    20     3     3     3     1    -0.00000000
   0.020   118    21     4     4     0     1    -0.00000000
   0.020   118    22     4     4     1    -1     0.00000000
   0.020   118    23     4     2     0     1    -0.00000000
   0.020   118    24     4     2     1    -1     0.00000000
   0.020   118    25     4     0     0     1    -0.00000000
   0.020   118    26     4     4     1     1    -0.00000000
   0.020   118    27     4     4     2    -1    -0.00000000
   0.020   118    28     4     2     1     1    -0.00000000
   0.020   118    29     4     2     2    -1     0.00000000
   0.020   118    30     4     4     2     1     0.00000000
   0.020   118    31     4     4     3    -1    -0.00000000
   0.020   118    32     4     2     2     1    -0.00000000
   0.020   118    33     4     4     3     1     0.00000000
   0.020   118    34     4     4     4    -1     0.00000000
   0.020   118    35     4     4     4     1     0.00000000
   0.020   118    36     5     5     0     1     0.00000000
   0.020   118    37     5     5     1    -1    -0.00000000
   0.020   118    38     5     3     0     1     0.00000000
   0.020   118    39     5     3     1    -1    -0.00000000
   0.020   118    40     5     1     0     1     0.00000000
   0.020   118    41     5     1     1    -1    -0.00000000
   0.020   118    42     5     5     1     1     0.00148923
   0.020   118    43     5     5     2    -1    -0.00207817
   0.020   118    44     5     3     1     1     0.00197713
   0.020   118    45     5     3     2    -1    -0.00014767
   0.020   118    46     5     1     1     1     0.00398795
   0.020   118    47     5     5     2     1     0.00000000
   0.020   118    48     5     5     3    -1    -0.00000000
   0.020   118    49     5     3     2     1     0.00000000
   0.020   118    50     5     3     3    -1     0.00000000
   0.020   118    51     5     5     3     1     0.00000000
   0.020   118    52     5     5     4    -1     0.00000000
   0.020   118    53     5     3     3     1     0.00000000
   0.020   118    54     5     5     4     1    -0.00000000
   0.020   118    55     5     5     5    -1     0.00000000
   0.020   118    56     5     5     5     1    -0.00000000
   0.020   118    57     6     6     0     1    -0.00000000
   0.020   118    58     6     6     1    -1     0.00000000
   0.020   118    59     6     4     0     1    -0.00000000
   0.020   118    60     6     4     1    -1    -0.00000000
   0.020   118    61     6     2     0     1    -0.00000000
   0.020   118    62     6     2     1    -1    -0.00000000
   0.020   118    63     6     0     0     1    -0.00000000
   0.020   118    64     6     6     1     1    -0.00000000
   0.020   118    65     6     6     2    -1    -0.00000000
   0.020   118    66     6     4     1     1     0.00000000
   0.020   118    67     6     4     2    -1    -0.00000000
   0.020   118    68     6     2     1     1     0.00000000
   0.020   118    69     6     2     2    -1     0.00000000
   0.020   118    70     6     6     2     1    -0.00000000
   0.020   118    71     6     6     3    -1     0.00000000
   0.020   118    72     6     4     2     1    -0.00000000
   0.020   118    73     6     4     3    -1    -0.00000000
   0.020   118    74     6     2     2     1     0.00000000
   0.020   118    75     6     6     3     1    -0.00000000
   0.020   118    76     6     6     4    -1    -0.00000000
   0.020   118    77     6     4     3     1     0.00000000
   0.020   118    78     6     4     4    -1     0.00000000
   0.020   118    79     6     6     4     1     0.00000000
   0.020   118    80     6     6     5    -1    -0.00000000
   0.020   118    81     6     4     4     1     0.00000000
   0.020   118    82     6     6     5     1    -0.00000000
   0.020   118    83     6     6     6    -1     0.00000000
   0.020   118    84     6     6     6     1    -0.00000000
   0.020   118    85     7     7     0     1     0.00000000
   0.020   118    86     7     7     1    -1    -0.00000000
   0.020   118    87     7     5     0     1    -0.00000000
   0.020   118    88     7     5     1    -1     0.00000000
   0.020   118    89     7     3     0     1    -0.00000000
   0.020   118    90     7     3     1    -1     0.00000000
   0.020   118    91     7     1     0     1     0.00000000
   0.020   118    92     7     1     1    -1    -0.00000000
   0.020   118    93     7     7     1     1    -0.00002058
   0.020   118    94     7     7     2    -1     0.00002594
   0.020   118    95     7     5     1     1    -0.00010070
   0.020   118    96     7     5     2    -1     0.00008352
   0.020   118    97     7     3     1     1    -0.51044224
   0.020   118    98     7     3     2    -1     0.85989626
   0.020   118    99     7     1     1     1     0.00086605
   0.020   118   100     7     7     2     1    -0.00000000
   0.020   118   101     7     7     3    -1     0.00000000
   0.020   118   102     7     5     2     1     0.00000000
   0.020   118   103     7     5     3    -1    -0.00000000
   0.020   118   104     7     3     2     1    -0.00000000
   0.020   118   105     7     3     3    -1     0.00000000
   0.020   118   106     7     7     3     1     0.00000000
   0.020   118   107     7     7     4    -1    -0.00000000
   0.020   118   108     7     5     3     1     0.00000000
   0.020   118   109     7     5     4    -1     0.00000000
   0.020   118   110     7     3     3     1     0.00000000
   0.020   118   111     7     7     4     1     0.00000000
   0.020   118   112     7     7     5    -1     0.00000000
   0.020   118   113     7     5     4     1    -0.00000000
   0.020   118   114     7     5     5    -1    -0.00000000
   0.020   118   115     7     7     5     1     0.00000000
   0.020   118   116     7     7     6    -1     0.00000000
   0.020   118   117     7     5     5     1     0.00000000
   0.020   118   118     7     7     6     1     0.00000000
   0.020   118   119     7     7     7    -1     0.00000000
   0.020   118   120     7     7     7     1     0.00000000
   0.020   119     1     0     0     0     1     0.00000000
   0.020   119     2     1     1     0     1    -0.00000000
   0.020   119     3     1     1     1    -1    -0.00000000
   0.020   119     4     1     1     1     1    -0.00000000
   0.020   119     5     2     2     0     1     0.00000000
   0.020   119     6     2     2     1    -1     0.00000000
   0.020   119     7     2     0     0     1     0.00000000
   0.020   119     8     2     2     1     1     0.00000000
   0.020   119     9     2     2     2    -1     0.00000000
   0.020   119    10     2     2     2     1    -0.00000000
   0.020   119    11     3     3     0     1    -0.00000000
   0.020   119    12     3     3     1    -1    -0.00000000
   0.020   119    13     3     1     0     1    -0.00000000
   0.020   119    14     3     1     1    -1     0.00000000
   0.020   119    15     3     3     1     1    -0.00000000
   0.020   119    16     3     3     2    -1    -0.00000000
   0.020   119    17     3     1     1     1     0.00000000
   0.020   119    18     3     3     2     1     0.00000179
   0.020   119    19     3     3     3    -1    -0.00001726
   0.020   119    20     3     3     3     1     0.00000000
   0.020   119    21     4     4     0     1     0.00000000
   0.020   119    22     4     4     1    -1     0.00000000
   0.020   119    23     4     2     0     1     0.00000000
   0.020   119    24     4     2     1    -1     0.00000000
   0.020   119    25     4     0     0     1     0.00000000
   0.020   119    26     4     4     1     1     0.00000000
   0.020   119    27     4     4     2    -1     0.00000000
   0.020   119    28     4     2     1     1     0.00000000
   0.020   119    29     4     2     2    -1    -0.00000000
   0.020   119    30     4     4     2     1    -0.00000000
   0.020   119    31     4     4     3    -1    -0.00000000
   0.020   119    32     4     2     2     1     0.00000000
   0.020   119    33     4     4     3     1     0.00000000
   0.020   119    34     4     4     4    -1    -0.00000000
   0.020   119    35     4     4     4     1    -0.00000000
   0.020   119    36     5     5     0     1     0.00000000
   0.020   119    37     5     5     1    -1    -0.00000000
   0.020   119    38     5     3     0     1    -0.00000000
   0.020   119    39     5     3     1    -1     0.00000000
   0.020   119    40     5     1     0     1    -0.00000000
   0.020   119    41     5     1     1    -1    -0.00000000
   0.020   119    42     5     5     1     1     0.00000000
   0.020   119    43     5     5     2    -1    -0.00000000
   0.020   119    44     5     3     1     1     0.00000000
   0.020   119    45     5     3     2    -1    -0.00000000
   0.020   119    46     5     1     1     1     0.00000000
   0.020   119    47     5     5     2     1    -0.00083708
   0.020   119    48     5     5     3    -1     0.00149273
   0.020   119    49     5     3     2     1     0.00034536
   0.020   119    50     5     3     3    -1    -0.00665835
   0.020   119    51     5     5     3     1     0.00000000
   0.020   119    52     5     5     4    -1     0.00000000
   0.020   119    53     5     3     3     1     0.00000000
   0.020   119    54     5     5     4     1     0.00000000
   0.020   119    55     5     5     5    -1    -0.00000000
   0.020   119    56     5     5     5     1     0.00000000
   0.020   119    57     6     6     0     1     0.00000000
   0.020   119    58     6     6     1    -1     0.00000000
   0.020   119    59     6     4     0     1     0.00000000
   0.020   119    60     6     4     1    -1     0.00000000
   0.020   119    61     6     2     0     1     0.00000000
   0.020   119    62     6     2     1    -1     0.00000000
   0.020   119    63     6     0     0     1     0.00000000
   0.020   119    64     6     6     1     1     0.00000000
   0.020   119    65     6     6     2    -1    -0.00000000
   0.020   119    66     6     4     1     1    -0.00000000
   0.020   119    67     6     4     2    -1     0.00000000
   0.020   119    68     6     2     1     1    -0.00000000
   0.020   119    69     6     2     2    -1    -0.00000000
   0.020   119    70     6     6     2     1    -0.00000000
   0.020   119    71     6     6     3    -1    -0.00000000
   0.020   119    72     6     4     2     1     0.00000000
   0.020   119    73     6     4     3    -1     0.00000000
   0.020   119    74     6     2     2     1    -0.00000000
   0.020   119    75     6     6     3     1     0.00000000
   0.020   119    76     6     6     4    -1     0.00000000
   0.020   119    77     6     4     3     1    -0.00000000
   0.020   119    78     6     4     4    -1    -0.00000000
   0.020   119    79     6     6     4     1    -0.00000000
   0.020   119    80     6     6     5    -1     0.00000000
   0.020   119    81     6     4     4     1    -0.00000000
   0.020   119    82     6     6     5     1     0.00000000
   0.020   119    83     6     6     6    -1    -0.00000000
   0.020   119    84     6     6     6     1     0.00000000
   0.020   119    85     7     7     0     1    -0.00000000
   0.020   119    86     7     7     1    -1     0.00000000
   0.020   119    87     7     5     0     1     0.00000000
   0.020   119    88     7     5     1    -1    -0.00000000
   0.020   119    89     7     3     0     1    -0.00000000
   0.020   119    90     7     3     1    -1     0.00000000
   0.020   119    91     7     1     0     1     0.00000000
   0.020   119    92     7     1     1    -1    -0.00000000
   0.020   119    93     7     7     1     1    -0.00000000
   0.020   119    94     7     7     2    -1     0.00000000
   0.020   119    95     7     5     1     1    -0.00000000
   0.020   119    96     7     5     2    -1    -0.00000000
   0.020   119    97     7     3     1     1    -0.00000000
   0.020   119    98     7     3     2    -1     0.00000000
   0.020   119    99     7     1     1     1     0.00000000
   0.020   119   100     7     7     2     1     0.00001037
   0.020   119   101     7     7     3    -1    -0.00001538
   0.020   119   102     7     5     2     1    -0.00005185
   0.020   119   103     7     5     3    -1     0.00015055
   0.020   119   104     7     3     2     1     0.34524131
   0.020   119   105     7     3     3    -1    -0.93848869
   0.020   119   106     7     7     3     1     0.00000000
   0.020   119   107     7     7     4    -1    -0.00000000
   0.020   119   108     7     5     3     1     0.00000000
   0.020   119   109     7     5     4    -1    -0.00000000
   0.020   119   110     7     3     3     1    -0.00000000
   0.020   119   111     7     7     4     1    -0.00000000
   0.020   119   112     7     7     5    -1     0.00000000
   0.020   119   113     7     5     4     1     0.00000000
   0.020   119   114     7     5     5    -1     0.00000000
   0.020   119   115     7     7     5     1     0.00000000
   0.020   119   116     7     7     6    -1     0.00000000
   0.020   119   117     7     5     5     1    -0.00000000
   0.020   119   118     7     7     6     1     0.00000000
   0.020   119   119     7     7     7    -1     0.00000000
   0.020   119   120     7     7     7     1     0.00000000
   0.020   120     1     0     0     0     1     0.00000000
   0.020   120     2     1     1     0     1     0.00000004
   0.020   120     3     1     1     1    -1     0.00000001
   0.020   120     4     1     1     1     1    -0.00000000
   0.020   120     5     2     2     0     1     0.00000000
   0.020   120     6     2     2     1    -1    -0.00000000
   0.020   120     7     2     0     0     1     0.00000000
   0.020   120     8     2     2     1     1    -0.00000000
   0.020   120     9     2     2     2    -1    -0.00000000
   0.020   120    10     2     2     2     1    -0.00000000
   0.020   120    11     3     3     0     1    -0.00001108
   0.020   120    12     3     3     1    -1     0.00000021
   0.020   120    13     3     1     0     1    -0.00002179
   0.020   120    14     3     1     1    -1     0.00001961
   0.020   120    15     3     3     1     1     0.00000000
   0.020   120    16     3     3     2    -1     0.00000000
   0.020   120    17     3     1     1     1     0.00000000
   0.020   120    18     3     3     2     1     0.00000000
   0.020   120    19     3     3     3    -1     0.00000000
   0.020   120    20     3     3     3     1     0.00000000
   0.020   120    21     4     4     0     1     0.00000000
   0.020   120    22     4     4     1    -1     0.00000000
   0.020   120    23     4     2     0     1    -0.00000000
   0.020   120    24     4     2     1    -1     0.00000000
   0.020   120    25     4     0     0     1     0.00000000
   0.020   120    26     4     4     1     1    -0.00000000
   0.020   120    27     4     4     2    -1    -0.00000000
   0.020   120    28     4     2     1     1    -0.00000000
   0.020   120    29     4     2     2    -1     0.00000000
   0.020   120    30     4     4     2     1    -0.00000000
   0.020   120    31     4     4     3    -1    -0.00000000
   0.020   120    32     4     2     2     1     0.00000000
   0.020   120    33     4     4     3     1     0.00000000
   0.020   120    34     4     4     4    -1    -0.00000000
   0.020   120    35     4     4     4     1    -0.00000000
   0.020   120    36     5     5     0     1     0.00000148
   0.020   120    37     5     5     1    -1    -0.00000092
   0.020   120    38     5     3     0     1     0.00262624
   0.020   120    39     5     3     1    -1    -0.00431700
   0.020   120    40     5     1     0     1     0.00373844
   0.020   120    41     5     1     1    -1     0.00421109
   0.020   120    42     5     5     1     1     0.00000000
   0.020   120    43     5     5     2    -1    -0.00000000
   0.020   120    44     5     3     1     1     0.00000000
   0.020   120    45     5     3     2    -1    -0.00000000
   0.020   120    46     5     1     1     1    -0.00000000
   0.020   120    47     5     5     2     1     0.00000000
   0.020   120    48     5     5     3    -1    -0.00000000
   0.020   120    49     5     3     2     1     0.00000000
   0.020   120    50     5     3     3    -1     0.00000000
   0.020   120    51     5     5     3     1     0.00000000
   0.020   120    52     5     5     4    -1    -0.00000000
   0.020   120    53     5     3     3     1     0.00000000
   0.020   120    54     5     5     4     1    -0.00000000
   0.020   120    55     5     5     5    -1     0.00000000
   0.020   120    56     5     5     5     1     0.00000000
   0.020   120    57     6     6     0     1    -0.00000000
   0.020   120    58     6     6     1    -1     0.00000000
   0.020   120    59     6     4     0     1     0.00000000
   0.020   120    60     6     4     1    -1    -0.00000000
   0.020   120    61     6     2     0     1     0.00000000
   0.020   120    62     6     2     1    -1     0.00000000
   0.020   120    63     6     0     0     1    -0.00000000
   0.020   120    64     6     6     1     1    -0.00000000
   0.020   120    65     6     6     2    -1     0.00000000
   0.020   120    66     6     4     1     1     0.00000000
   0.020   120    67     6     4     2    -1    -0.00000000
   0.020   120    68     6     2     1     1     0.00000000
   0.020   120    69     6     2     2    -1     0.00000000
   0.020   120    70     6     6     2     1     0.00000000
   0.020   120    71     6     6     3    -1     0.00000000
   0.020   120    72     6     4     2     1    -0.00000000
   0.020   120    73     6     4     3    -1    -0.00000000
   0.020   120    74     6     2     2     1    -0.00000000
   0.020   120    75     6     6     3     1    -0.00000000
   0.020   120    76     6     6     4    -1     0.00000000
   0.020   120    77     6     4     3     1     0.00000000
   0.020   120    78     6     4     4    -1     0.00000000
   0.020   120    79     6     6     4     1     0.00000000
   0.020   120    80     6     6     5    -1     0.00000000
   0.020   120    81     6     4     4     1     0.00000000
   0.020   120    82     6     6     5     1     0.00000000
   0.020   120    83     6     6     6    -1     0.00000000
   0.020   120    84     6     6     6     1    -0.00000000
   0.020   120    85     7     7     0     1    -0.00000002
   0.020   120    86     7     7     1    -1     0.00000001
   0.020   120    87     7     5     0     1    -0.00011966
   0.020   120    88     7     5     1    -1     0.00015193
   0.020   120    89     7     3     0     1    -0.00037568
   0.020   120    90     7     3     1    -1     0.00013098
   0.020   120    91     7     1     0     1    -0.42415791
   0.020   120    92     7     1     1    -1     0.90555653
   0.020   120    93     7     7     1     1     0.00000000
   0.020   120    94     7     7     2    -1    -0.00000000
   0.020   120    95     7     5     1     1     0.00000000
   0.020   120    96     7     5     2    -1    -0.00000000
   0.020   120    97     7     3     1     1    -0.00000000
   0.020   120    98     7     3     2    -1     0.00000000
   0.020   120    99     7     1     1     1     0.00000000
   0.020   120   100     7     7     2     1    -0.00000000
   0.020   120   101     7     7     3    -1    -0.00000000
   0.020   120   102     7     5     2     1    -0.00000000
   0.020   120   103     7     5     3    -1     0.00000000
   0.020   120   104     7     3     2     1     0.00000000
   0.020   120   105     7     3     3    -1     0.00000000
   0.020   120   106     7     7     3     1     0.00000000
   0.020   120   107     7     7     4    -1    -0.00000000
   0.020   120   108     7     5     3     1     0.00000000
   0.020   120   109     7     5     4    -1     0.00000000
   0.020   120   110     7     3     3     1     0.00000000
   0.020   120   111     7     7     4     1    -0.00000000
   0.020   120   112     7     7     5    -1     0.00000000
   0.020   120   113     7     5     4     1     0.00000000
   0.020   120   114     7     5     5    -1     0.00000000
   0.020   120   115     7     7     5     1     0.00000000
   0.020   120   116     7     7     6    -1     0.00000000
   0.020   120   117     7     5     5     1    -0.00000000
   0.020   120   118     7     7     6     1     0.00000000
   0.020   120   119     7     7     7    -1     0.00000000
   0.020   120   120     7     7     7     1     0.00000000
